# Blender 5.1.0
# www.blender.org
mtllib ball.mtl
o Sphere
v 0.000000 1.000000 0.000000
v 0.000000 0.980785 -0.195090
v 0.000000 0.956940 -0.290285
v 0.000000 0.803208 -0.595699
v 0.000000 0.740951 -0.671559
v 0.000000 0.707107 -0.707107
v 0.000000 0.671559 -0.740951
v 0.000000 0.595699 -0.803208
v 0.000000 0.555570 -0.831470
v 0.000000 0.514103 -0.857729
v 0.000000 0.471397 -0.881921
v 0.000000 0.427555 -0.903989
v 0.000000 0.382683 -0.923880
v 0.000000 0.336890 -0.941544
v 0.000000 0.290285 -0.956940
v 0.000000 0.242980 -0.970031
v 0.000000 0.146730 -0.989177
v 0.000000 0.098017 -0.995185
v 0.000000 0.049068 -0.998795
v 0.000000 0.000000 -1.000000
v 0.000000 -0.098017 -0.995185
v 0.000000 -0.146730 -0.989177
v 0.000000 -0.242980 -0.970031
v 0.000000 -0.290285 -0.956940
v 0.000000 -0.382683 -0.923880
v 0.000000 -0.427555 -0.903989
v 0.000000 -0.471397 -0.881921
v 0.000000 -0.514103 -0.857729
v 0.000000 -0.555570 -0.831470
v 0.000000 -0.595699 -0.803208
v 0.000000 -0.671559 -0.740951
v 0.000000 -0.707107 -0.707107
v 0.000000 -0.740951 -0.671559
v 0.000000 -0.773010 -0.634393
v 0.000000 -0.803208 -0.595699
v 0.000000 -0.857729 -0.514103
v 0.000000 -0.881921 -0.471397
v 0.000000 -0.903989 -0.427555
v 0.000000 -0.923880 -0.382683
v 0.000000 -0.941544 -0.336890
v 0.000000 -0.956940 -0.290285
v 0.000000 -0.980785 -0.195090
v 0.000000 -1.000000 0.000000
v 0.004809 0.998795 -0.048831
v 0.009607 0.995185 -0.097545
v 0.014382 0.989177 -0.146024
v 0.019122 0.980785 -0.194151
v 0.023816 0.970031 -0.241810
v 0.028453 0.956940 -0.288887
v 0.033021 0.941544 -0.335268
v 0.037510 0.923880 -0.380841
v 0.041908 0.903989 -0.425496
v 0.046205 0.881921 -0.469127
v 0.050391 0.857729 -0.511627
v 0.054455 0.831470 -0.552895
v 0.058389 0.803208 -0.592831
v 0.062181 0.773010 -0.631339
v 0.065824 0.740951 -0.668325
v 0.069309 0.707107 -0.703702
v 0.072626 0.671559 -0.737383
v 0.075768 0.634393 -0.769288
v 0.078728 0.595699 -0.799340
v 0.081498 0.555570 -0.827466
v 0.084072 0.514103 -0.853598
v 0.086443 0.471397 -0.877675
v 0.088606 0.427555 -0.899636
v 0.090556 0.382683 -0.919431
v 0.092287 0.336890 -0.937010
v 0.093797 0.290285 -0.952332
v 0.095080 0.242980 -0.965360
v 0.096134 0.195090 -0.976062
v 0.096956 0.146730 -0.984413
v 0.097545 0.098017 -0.990393
v 0.097899 0.049068 -0.993986
v 0.098017 0.000000 -0.995185
v 0.097899 -0.049068 -0.993986
v 0.097545 -0.098017 -0.990393
v 0.096956 -0.146730 -0.984413
v 0.096134 -0.195090 -0.976062
v 0.095080 -0.242980 -0.965360
v 0.093797 -0.290285 -0.952332
v 0.092287 -0.336890 -0.937010
v 0.090556 -0.382683 -0.919431
v 0.088606 -0.427555 -0.899636
v 0.086443 -0.471397 -0.877675
v 0.084072 -0.514103 -0.853598
v 0.081498 -0.555570 -0.827466
v 0.078728 -0.595699 -0.799340
v 0.075768 -0.634393 -0.769288
v 0.072626 -0.671559 -0.737383
v 0.069309 -0.707107 -0.703702
v 0.065824 -0.740951 -0.668325
v 0.062181 -0.773010 -0.631339
v 0.058389 -0.803208 -0.592831
v 0.054455 -0.831470 -0.552895
v 0.050391 -0.857729 -0.511627
v 0.046205 -0.881921 -0.469127
v 0.041908 -0.903989 -0.425496
v 0.037510 -0.923880 -0.380841
v 0.033021 -0.941544 -0.335268
v 0.028453 -0.956940 -0.288887
v 0.023816 -0.970031 -0.241810
v 0.019122 -0.980785 -0.194151
v 0.014382 -0.989177 -0.146024
v 0.009607 -0.995185 -0.097545
v 0.004809 -0.998795 -0.048831
v 0.009573 0.998795 -0.048125
v 0.019122 0.995185 -0.096134
v 0.028626 0.989177 -0.143911
v 0.038060 0.980785 -0.191342
v 0.047403 0.970031 -0.238311
v 0.056632 0.956940 -0.284707
v 0.065724 0.941544 -0.330417
v 0.074658 0.923880 -0.375330
v 0.083412 0.903989 -0.419340
v 0.091965 0.881921 -0.462339
v 0.100296 0.857729 -0.504224
v 0.108386 0.831470 -0.544895
v 0.116215 0.803208 -0.584253
v 0.123764 0.773010 -0.622204
v 0.131015 0.740951 -0.658655
v 0.137950 0.707107 -0.693520
v 0.144552 0.671559 -0.726714
v 0.150807 0.634393 -0.758157
v 0.156698 0.595699 -0.787774
v 0.162212 0.555570 -0.815493
v 0.167335 0.514103 -0.841248
v 0.172054 0.471397 -0.864975
v 0.176360 0.427555 -0.886619
v 0.180240 0.382683 -0.906127
v 0.183686 0.336890 -0.923452
v 0.186690 0.290285 -0.938553
v 0.189244 0.242980 -0.951392
v 0.191342 0.195090 -0.961940
v 0.192979 0.146730 -0.970170
v 0.194151 0.098017 -0.976062
v 0.194855 0.049068 -0.979604
v 0.195090 0.000000 -0.980785
v 0.194855 -0.049068 -0.979604
v 0.194151 -0.098017 -0.976062
v 0.192979 -0.146730 -0.970170
v 0.191342 -0.195090 -0.961940
v 0.189244 -0.242980 -0.951392
v 0.186690 -0.290285 -0.938553
v 0.183686 -0.336890 -0.923452
v 0.180240 -0.382683 -0.906127
v 0.176360 -0.427555 -0.886619
v 0.172054 -0.471397 -0.864975
v 0.167335 -0.514103 -0.841248
v 0.162212 -0.555570 -0.815493
v 0.156698 -0.595699 -0.787774
v 0.150807 -0.634393 -0.758157
v 0.144552 -0.671559 -0.726714
v 0.137950 -0.707107 -0.693520
v 0.131015 -0.740951 -0.658655
v 0.123764 -0.773010 -0.622204
v 0.116215 -0.803208 -0.584253
v 0.108386 -0.831470 -0.544895
v 0.100296 -0.857729 -0.504224
v 0.091965 -0.881921 -0.462339
v 0.083412 -0.903989 -0.419340
v 0.074658 -0.923880 -0.375330
v 0.065724 -0.941544 -0.330417
v 0.056632 -0.956940 -0.284707
v 0.047403 -0.970031 -0.238311
v 0.038060 -0.980785 -0.191342
v 0.028626 -0.989177 -0.143911
v 0.019122 -0.995185 -0.096134
v 0.009573 -0.998795 -0.048125
v 0.014244 0.998795 -0.046955
v 0.028453 0.995185 -0.093797
v 0.042594 0.989177 -0.140412
v 0.056632 0.980785 -0.186690
v 0.070533 0.970031 -0.232518
v 0.084265 0.956940 -0.277785
v 0.097794 0.941544 -0.322383
v 0.111087 0.923880 -0.366205
v 0.124113 0.903989 -0.409145
v 0.136839 0.881921 -0.451099
v 0.149236 0.857729 -0.491966
v 0.161274 0.831470 -0.531648
v 0.172922 0.803208 -0.570049
v 0.184155 0.773010 -0.607077
v 0.194943 0.740951 -0.642642
v 0.205262 0.707107 -0.676659
v 0.215087 0.671559 -0.709046
v 0.224393 0.634393 -0.739725
v 0.233159 0.595699 -0.768622
v 0.241363 0.555570 -0.795667
v 0.248985 0.514103 -0.820795
v 0.256008 0.471397 -0.843946
v 0.262414 0.427555 -0.865064
v 0.268188 0.382683 -0.884098
v 0.273316 0.336890 -0.901001
v 0.277785 0.290285 -0.915735
v 0.281585 0.242980 -0.928262
v 0.284707 0.195090 -0.938553
v 0.287143 0.146730 -0.946583
v 0.288887 0.098017 -0.952332
v 0.289935 0.049068 -0.955788
v 0.290285 0.000000 -0.956940
v 0.289935 -0.049068 -0.955788
v 0.288887 -0.098017 -0.952332
v 0.287143 -0.146730 -0.946583
v 0.284707 -0.195090 -0.938553
v 0.281585 -0.242980 -0.928262
v 0.277785 -0.290285 -0.915735
v 0.273316 -0.336890 -0.901001
v 0.268188 -0.382683 -0.884098
v 0.262414 -0.427555 -0.865064
v 0.256008 -0.471397 -0.843946
v 0.248985 -0.514103 -0.820795
v 0.241363 -0.555570 -0.795667
v 0.233159 -0.595699 -0.768622
v 0.224393 -0.634393 -0.739725
v 0.215087 -0.671559 -0.709046
v 0.205262 -0.707107 -0.676659
v 0.194943 -0.740951 -0.642642
v 0.184155 -0.773010 -0.607077
v 0.172922 -0.803208 -0.570049
v 0.161274 -0.831470 -0.531648
v 0.149236 -0.857729 -0.491966
v 0.136839 -0.881921 -0.451099
v 0.124113 -0.903989 -0.409145
v 0.111087 -0.923880 -0.366205
v 0.097794 -0.941544 -0.322383
v 0.084265 -0.956940 -0.277785
v 0.070533 -0.970031 -0.232518
v 0.056632 -0.980785 -0.186690
v 0.042594 -0.989177 -0.140412
v 0.028453 -0.995185 -0.093797
v 0.014244 -0.998795 -0.046955
v 0.018777 0.998795 -0.045333
v 0.037510 0.995185 -0.090556
v 0.056151 0.989177 -0.135561
v 0.074658 0.980785 -0.180240
v 0.092984 0.970031 -0.224484
v 0.111087 0.956940 -0.268188
v 0.128922 0.941544 -0.311246
v 0.146447 0.923880 -0.353553
v 0.163618 0.903989 -0.395009
v 0.180396 0.881921 -0.435514
v 0.196739 0.857729 -0.474969
v 0.212608 0.831470 -0.513280
v 0.227964 0.803208 -0.550354
v 0.242772 0.773010 -0.586103
v 0.256994 0.740951 -0.620440
v 0.270598 0.707107 -0.653281
v 0.283550 0.671559 -0.684550
v 0.295818 0.634393 -0.714169
v 0.307374 0.595699 -0.742067
v 0.318190 0.555570 -0.768178
v 0.328239 0.514103 -0.792438
v 0.337497 0.471397 -0.814789
v 0.345942 0.427555 -0.835177
v 0.353553 0.382683 -0.853553
v 0.360313 0.336890 -0.869873
v 0.366205 0.290285 -0.884098
v 0.371215 0.242980 -0.896192
v 0.375330 0.195090 -0.906127
v 0.378541 0.146730 -0.913880
v 0.380841 0.098017 -0.919431
v 0.382222 0.049068 -0.922767
v 0.382683 0.000000 -0.923880
v 0.382222 -0.049068 -0.922767
v 0.380841 -0.098017 -0.919431
v 0.378541 -0.146730 -0.913880
v 0.375330 -0.195090 -0.906127
v 0.371215 -0.242980 -0.896192
v 0.366205 -0.290285 -0.884098
v 0.360313 -0.336890 -0.869873
v 0.353553 -0.382683 -0.853553
v 0.345942 -0.427555 -0.835177
v 0.337497 -0.471397 -0.814789
v 0.328239 -0.514103 -0.792438
v 0.318190 -0.555570 -0.768178
v 0.307374 -0.595699 -0.742067
v 0.295818 -0.634393 -0.714169
v 0.283550 -0.671559 -0.684550
v 0.270598 -0.707107 -0.653281
v 0.256994 -0.740951 -0.620440
v 0.242772 -0.773010 -0.586103
v 0.227964 -0.803208 -0.550354
v 0.212608 -0.831470 -0.513280
v 0.196739 -0.857729 -0.474969
v 0.180396 -0.881921 -0.435514
v 0.163618 -0.903989 -0.395009
v 0.146447 -0.923880 -0.353553
v 0.128922 -0.941544 -0.311246
v 0.111087 -0.956940 -0.268188
v 0.092984 -0.970031 -0.224484
v 0.074658 -0.980785 -0.180240
v 0.056151 -0.989177 -0.135561
v 0.037510 -0.995185 -0.090556
v 0.018777 -0.998795 -0.045333
v 0.023130 0.998795 -0.043274
v 0.046205 0.995185 -0.086443
v 0.069168 0.989177 -0.129405
v 0.091965 0.980785 -0.172054
v 0.114540 0.970031 -0.214289
v 0.136839 0.956940 -0.256008
v 0.158809 0.941544 -0.297110
v 0.180396 0.923880 -0.337497
v 0.201548 0.903989 -0.377070
v 0.222215 0.881921 -0.415735
v 0.242346 0.857729 -0.453398
v 0.261894 0.831470 -0.489969
v 0.280811 0.803208 -0.525360
v 0.299051 0.773010 -0.559485
v 0.316571 0.740951 -0.592262
v 0.333328 0.707107 -0.623612
v 0.349282 0.671559 -0.653461
v 0.364395 0.634393 -0.681734
v 0.378629 0.595699 -0.708366
v 0.391952 0.555570 -0.733291
v 0.404330 0.514103 -0.756449
v 0.415735 0.471397 -0.777785
v 0.426138 0.427555 -0.797247
v 0.435514 0.382683 -0.814789
v 0.443841 0.336890 -0.830368
v 0.451099 0.290285 -0.843946
v 0.457270 0.242980 -0.855491
v 0.462339 0.195090 -0.864975
v 0.466295 0.146730 -0.872376
v 0.469127 0.098017 -0.877675
v 0.470829 0.049068 -0.880859
v 0.471397 0.000000 -0.881921
v 0.470829 -0.049068 -0.880859
v 0.469127 -0.098017 -0.877675
v 0.466295 -0.146730 -0.872376
v 0.462339 -0.195090 -0.864975
v 0.457270 -0.242980 -0.855491
v 0.451099 -0.290285 -0.843946
v 0.443841 -0.336890 -0.830368
v 0.435514 -0.382683 -0.814789
v 0.426138 -0.427555 -0.797247
v 0.415735 -0.471397 -0.777785
v 0.404330 -0.514103 -0.756449
v 0.391952 -0.555570 -0.733291
v 0.378629 -0.595699 -0.708366
v 0.364395 -0.634393 -0.681734
v 0.349282 -0.671559 -0.653461
v 0.333328 -0.707107 -0.623612
v 0.316571 -0.740951 -0.592262
v 0.299051 -0.773010 -0.559485
v 0.280811 -0.803208 -0.525360
v 0.261894 -0.831470 -0.489969
v 0.242346 -0.857729 -0.453398
v 0.222215 -0.881921 -0.415735
v 0.201548 -0.903989 -0.377070
v 0.180396 -0.923880 -0.337497
v 0.158809 -0.941544 -0.297110
v 0.136839 -0.956940 -0.256008
v 0.114540 -0.970031 -0.214289
v 0.091965 -0.980785 -0.172054
v 0.069168 -0.989177 -0.129405
v 0.046205 -0.995185 -0.086443
v 0.023130 -0.998795 -0.043274
v 0.027261 0.998795 -0.040798
v 0.054455 0.995185 -0.081498
v 0.081519 0.989177 -0.122002
v 0.108386 0.980785 -0.162212
v 0.134993 0.970031 -0.202031
v 0.161274 0.956940 -0.241363
v 0.187166 0.941544 -0.280114
v 0.212608 0.923880 -0.318190
v 0.237537 0.903989 -0.355499
v 0.261894 0.881921 -0.391952
v 0.285620 0.857729 -0.427461
v 0.308658 0.831470 -0.461940
v 0.330953 0.803208 -0.495306
v 0.352450 0.773010 -0.527479
v 0.373098 0.740951 -0.558381
v 0.392847 0.707107 -0.587938
v 0.411650 0.671559 -0.616078
v 0.429462 0.634393 -0.642735
v 0.446238 0.595699 -0.667843
v 0.461940 0.555570 -0.691342
v 0.476528 0.514103 -0.713175
v 0.489969 0.471397 -0.733291
v 0.502230 0.427555 -0.751640
v 0.513280 0.382683 -0.768178
v 0.523094 0.336890 -0.782865
v 0.531648 0.290285 -0.795667
v 0.538920 0.242980 -0.806551
v 0.544895 0.195090 -0.815493
v 0.549557 0.146730 -0.822470
v 0.552895 0.098017 -0.827466
v 0.554901 0.049068 -0.830468
v 0.555570 0.000000 -0.831470
v 0.554901 -0.049068 -0.830468
v 0.552895 -0.098017 -0.827466
v 0.549557 -0.146730 -0.822470
v 0.544895 -0.195090 -0.815493
v 0.538920 -0.242980 -0.806551
v 0.531648 -0.290285 -0.795667
v 0.523094 -0.336890 -0.782865
v 0.513280 -0.382683 -0.768178
v 0.502230 -0.427555 -0.751640
v 0.489969 -0.471397 -0.733291
v 0.476528 -0.514103 -0.713175
v 0.461940 -0.555570 -0.691342
v 0.446238 -0.595699 -0.667843
v 0.429462 -0.634393 -0.642735
v 0.411650 -0.671559 -0.616078
v 0.392847 -0.707107 -0.587938
v 0.373098 -0.740951 -0.558381
v 0.352450 -0.773010 -0.527479
v 0.330953 -0.803208 -0.495306
v 0.308658 -0.831470 -0.461940
v 0.285620 -0.857729 -0.427461
v 0.261894 -0.881921 -0.391952
v 0.237537 -0.903989 -0.355499
v 0.212608 -0.923880 -0.318190
v 0.187166 -0.941544 -0.280114
v 0.161274 -0.956940 -0.241363
v 0.134993 -0.970031 -0.202031
v 0.108386 -0.980785 -0.162212
v 0.081519 -0.989177 -0.122002
v 0.054455 -0.995185 -0.081498
v 0.027261 -0.998795 -0.040798
v 0.031128 0.998795 -0.037930
v 0.062181 0.995185 -0.075768
v 0.093085 0.989177 -0.113424
v 0.123764 0.980785 -0.150807
v 0.154145 0.970031 -0.187826
v 0.184155 0.956940 -0.224393
v 0.213721 0.941544 -0.260419
v 0.242772 0.923880 -0.295818
v 0.271238 0.903989 -0.330505
v 0.299051 0.881921 -0.364395
v 0.326143 0.857729 -0.397407
v 0.352450 0.831470 -0.429462
v 0.377908 0.803208 -0.460482
v 0.402455 0.773010 -0.490393
v 0.426032 0.740951 -0.519122
v 0.448584 0.707107 -0.546601
v 0.470054 0.671559 -0.572763
v 0.490393 0.634393 -0.597545
v 0.509549 0.595699 -0.620888
v 0.527479 0.555570 -0.642735
v 0.544137 0.514103 -0.663033
v 0.559485 0.471397 -0.681734
v 0.573485 0.427555 -0.698793
v 0.586103 0.382683 -0.714168
v 0.597309 0.336890 -0.727823
v 0.607077 0.290285 -0.739725
v 0.615381 0.242980 -0.749844
v 0.622204 0.195090 -0.758157
v 0.627527 0.146730 -0.764644
v 0.631338 0.098017 -0.769288
v 0.633629 0.049068 -0.772079
v 0.634393 0.000000 -0.773010
v 0.633629 -0.049068 -0.772079
v 0.631338 -0.098017 -0.769288
v 0.627527 -0.146730 -0.764644
v 0.622204 -0.195090 -0.758157
v 0.615381 -0.242980 -0.749844
v 0.607077 -0.290285 -0.739725
v 0.597309 -0.336890 -0.727823
v 0.586103 -0.382683 -0.714168
v 0.573485 -0.427555 -0.698793
v 0.559485 -0.471397 -0.681734
v 0.544137 -0.514103 -0.663033
v 0.527479 -0.555570 -0.642735
v 0.509549 -0.595699 -0.620888
v 0.490393 -0.634393 -0.597545
v 0.470054 -0.671559 -0.572763
v 0.448584 -0.707107 -0.546601
v 0.426032 -0.740951 -0.519122
v 0.402455 -0.773010 -0.490393
v 0.377908 -0.803208 -0.460482
v 0.352450 -0.831470 -0.429462
v 0.326143 -0.857729 -0.397407
v 0.299051 -0.881921 -0.364395
v 0.271238 -0.903989 -0.330505
v 0.242772 -0.923880 -0.295818
v 0.213721 -0.941544 -0.260419
v 0.184155 -0.956940 -0.224393
v 0.154145 -0.970031 -0.187826
v 0.123764 -0.980785 -0.150807
v 0.093085 -0.989177 -0.113424
v 0.062181 -0.995185 -0.075768
v 0.031128 -0.998795 -0.037930
v 0.034696 0.998795 -0.034696
v 0.069309 0.995185 -0.069309
v 0.103754 0.989177 -0.103754
v 0.137950 0.980785 -0.137950
v 0.171813 0.970031 -0.171813
v 0.205262 0.956940 -0.205262
v 0.238217 0.941544 -0.238217
v 0.270598 0.923880 -0.270598
v 0.302327 0.903989 -0.302327
v 0.333328 0.881921 -0.333328
v 0.363526 0.857729 -0.363525
v 0.392848 0.831470 -0.392848
v 0.421223 0.803208 -0.421223
v 0.448584 0.773010 -0.448584
v 0.474864 0.740951 -0.474864
v 0.500000 0.707107 -0.500000
v 0.523932 0.671559 -0.523932
v 0.546601 0.634393 -0.546601
v 0.567953 0.595699 -0.567953
v 0.587938 0.555570 -0.587938
v 0.606506 0.514103 -0.606506
v 0.623612 0.471397 -0.623612
v 0.639217 0.427555 -0.639217
v 0.653281 0.382683 -0.653281
v 0.665772 0.336890 -0.665772
v 0.676659 0.290285 -0.676659
v 0.685916 0.242980 -0.685916
v 0.693520 0.195090 -0.693520
v 0.699453 0.146730 -0.699453
v 0.703702 0.098017 -0.703702
v 0.706255 0.049068 -0.706255
v 0.707107 0.000000 -0.707107
v 0.706255 -0.049068 -0.706255
v 0.703702 -0.098017 -0.703702
v 0.699453 -0.146730 -0.699453
v 0.693520 -0.195090 -0.693520
v 0.685916 -0.242980 -0.685916
v 0.676659 -0.290285 -0.676659
v 0.665772 -0.336890 -0.665772
v 0.653281 -0.382683 -0.653281
v 0.639217 -0.427555 -0.639217
v 0.623612 -0.471397 -0.623612
v 0.606506 -0.514103 -0.606506
v 0.587938 -0.555570 -0.587938
v 0.567953 -0.595699 -0.567953
v 0.546601 -0.634393 -0.546601
v 0.523932 -0.671559 -0.523932
v 0.500000 -0.707107 -0.500000
v 0.474864 -0.740951 -0.474864
v 0.448584 -0.773010 -0.448584
v 0.421223 -0.803208 -0.421223
v 0.392848 -0.831470 -0.392848
v 0.363526 -0.857729 -0.363525
v 0.333328 -0.881921 -0.333328
v 0.302327 -0.903989 -0.302327
v 0.270598 -0.923880 -0.270598
v 0.238217 -0.941544 -0.238217
v 0.205262 -0.956940 -0.205262
v 0.171813 -0.970031 -0.171813
v 0.137950 -0.980785 -0.137950
v 0.103754 -0.989177 -0.103754
v 0.069309 -0.995185 -0.069309
v 0.034696 -0.998795 -0.034696
v 0.037930 0.998795 -0.031128
v 0.075768 0.995185 -0.062181
v 0.113424 0.989177 -0.093085
v 0.150807 0.980785 -0.123764
v 0.187826 0.970031 -0.154145
v 0.224393 0.956940 -0.184155
v 0.260419 0.941544 -0.213721
v 0.295818 0.923880 -0.242772
v 0.330505 0.903989 -0.271238
v 0.364395 0.881921 -0.299051
v 0.397407 0.857729 -0.326143
v 0.429462 0.831470 -0.352450
v 0.460482 0.803208 -0.377908
v 0.490393 0.773010 -0.402455
v 0.519122 0.740951 -0.426033
v 0.546601 0.707107 -0.448584
v 0.572763 0.671559 -0.470054
v 0.597545 0.634393 -0.490393
v 0.620888 0.595699 -0.509549
v 0.642735 0.555570 -0.527479
v 0.663033 0.514103 -0.544137
v 0.681734 0.471397 -0.559485
v 0.698793 0.427555 -0.573485
v 0.714168 0.382683 -0.586103
v 0.727823 0.336890 -0.597309
v 0.739725 0.290285 -0.607077
v 0.749844 0.242980 -0.615381
v 0.758157 0.195090 -0.622203
v 0.764644 0.146730 -0.627527
v 0.769288 0.098017 -0.631338
v 0.772079 0.049068 -0.633629
v 0.773010 0.000000 -0.634393
v 0.772079 -0.049068 -0.633629
v 0.769288 -0.098017 -0.631338
v 0.764644 -0.146730 -0.627527
v 0.758157 -0.195090 -0.622203
v 0.749844 -0.242980 -0.615381
v 0.739725 -0.290285 -0.607077
v 0.727823 -0.336890 -0.597309
v 0.714168 -0.382683 -0.586103
v 0.698793 -0.427555 -0.573485
v 0.681734 -0.471397 -0.559485
v 0.663033 -0.514103 -0.544137
v 0.642735 -0.555570 -0.527479
v 0.620888 -0.595699 -0.509549
v 0.597545 -0.634393 -0.490393
v 0.572763 -0.671559 -0.470054
v 0.546601 -0.707107 -0.448584
v 0.519122 -0.740951 -0.426033
v 0.490393 -0.773010 -0.402455
v 0.460482 -0.803208 -0.377908
v 0.429462 -0.831470 -0.352450
v 0.397407 -0.857729 -0.326143
v 0.364395 -0.881921 -0.299051
v 0.330505 -0.903989 -0.271238
v 0.295818 -0.923880 -0.242772
v 0.260419 -0.941544 -0.213721
v 0.224393 -0.956940 -0.184155
v 0.187826 -0.970031 -0.154145
v 0.150807 -0.980785 -0.123764
v 0.113424 -0.989177 -0.093085
v 0.075768 -0.995185 -0.062181
v 0.037930 -0.998795 -0.031128
v 0.040798 0.998795 -0.027261
v 0.081498 0.995185 -0.054455
v 0.122002 0.989177 -0.081519
v 0.162212 0.980785 -0.108386
v 0.202031 0.970031 -0.134993
v 0.241363 0.956940 -0.161274
v 0.280114 0.941544 -0.187166
v 0.318190 0.923880 -0.212607
v 0.355499 0.903989 -0.237537
v 0.391952 0.881921 -0.261894
v 0.427461 0.857729 -0.285620
v 0.461940 0.831470 -0.308658
v 0.495306 0.803208 -0.330953
v 0.527479 0.773010 -0.352450
v 0.558381 0.740951 -0.373098
v 0.587938 0.707107 -0.392847
v 0.616078 0.671559 -0.411650
v 0.642735 0.634393 -0.429462
v 0.667843 0.595699 -0.446238
v 0.691342 0.555570 -0.461940
v 0.713175 0.514103 -0.476528
v 0.733291 0.471397 -0.489969
v 0.751640 0.427555 -0.502230
v 0.768178 0.382683 -0.513280
v 0.782865 0.336890 -0.523094
v 0.795667 0.290285 -0.531648
v 0.806551 0.242980 -0.538920
v 0.815493 0.195090 -0.544895
v 0.822470 0.146730 -0.549557
v 0.827466 0.098017 -0.552895
v 0.830468 0.049068 -0.554901
v 0.831470 0.000000 -0.555570
v 0.830468 -0.049068 -0.554901
v 0.827466 -0.098017 -0.552895
v 0.822470 -0.146730 -0.549557
v 0.815493 -0.195090 -0.544895
v 0.806551 -0.242980 -0.538920
v 0.795667 -0.290285 -0.531648
v 0.782865 -0.336890 -0.523094
v 0.768178 -0.382683 -0.513280
v 0.751640 -0.427555 -0.502230
v 0.733291 -0.471397 -0.489969
v 0.713175 -0.514103 -0.476528
v 0.691342 -0.555570 -0.461940
v 0.667843 -0.595699 -0.446238
v 0.642735 -0.634393 -0.429462
v 0.616078 -0.671559 -0.411650
v 0.587938 -0.707107 -0.392847
v 0.558381 -0.740951 -0.373098
v 0.527479 -0.773010 -0.352450
v 0.495306 -0.803208 -0.330953
v 0.461940 -0.831470 -0.308658
v 0.427461 -0.857729 -0.285620
v 0.391952 -0.881921 -0.261894
v 0.355499 -0.903989 -0.237537
v 0.318190 -0.923880 -0.212607
v 0.280114 -0.941544 -0.187166
v 0.241363 -0.956940 -0.161274
v 0.202031 -0.970031 -0.134993
v 0.162212 -0.980785 -0.108386
v 0.122002 -0.989177 -0.081519
v 0.081498 -0.995185 -0.054455
v 0.040798 -0.998795 -0.027261
v 0.043274 0.998795 -0.023130
v 0.086443 0.995185 -0.046205
v 0.129405 0.989177 -0.069168
v 0.172054 0.980785 -0.091965
v 0.214289 0.970031 -0.114540
v 0.256008 0.956940 -0.136839
v 0.297110 0.941544 -0.158809
v 0.337497 0.923880 -0.180396
v 0.377070 0.903989 -0.201548
v 0.415735 0.881921 -0.222215
v 0.453398 0.857729 -0.242346
v 0.489969 0.831470 -0.261894
v 0.525360 0.803208 -0.280811
v 0.559485 0.773010 -0.299051
v 0.592262 0.740951 -0.316571
v 0.623613 0.707107 -0.333328
v 0.653461 0.671559 -0.349282
v 0.681734 0.634393 -0.364395
v 0.708366 0.595699 -0.378629
v 0.733291 0.555570 -0.391952
v 0.756449 0.514103 -0.404330
v 0.777785 0.471397 -0.415735
v 0.797247 0.427555 -0.426138
v 0.814789 0.382683 -0.435514
v 0.830368 0.336890 -0.443841
v 0.843946 0.290285 -0.451099
v 0.855491 0.242980 -0.457269
v 0.864975 0.195090 -0.462339
v 0.872376 0.146730 -0.466294
v 0.877675 0.098017 -0.469127
v 0.880859 0.049068 -0.470829
v 0.881921 0.000000 -0.471397
v 0.880859 -0.049068 -0.470829
v 0.877675 -0.098017 -0.469127
v 0.872376 -0.146730 -0.466294
v 0.864975 -0.195090 -0.462339
v 0.855491 -0.242980 -0.457269
v 0.843946 -0.290285 -0.451099
v 0.830368 -0.336890 -0.443841
v 0.814789 -0.382683 -0.435514
v 0.797247 -0.427555 -0.426138
v 0.777785 -0.471397 -0.415735
v 0.756449 -0.514103 -0.404330
v 0.733291 -0.555570 -0.391952
v 0.708366 -0.595699 -0.378629
v 0.681734 -0.634393 -0.364395
v 0.653461 -0.671559 -0.349282
v 0.623613 -0.707107 -0.333328
v 0.592262 -0.740951 -0.316571
v 0.559485 -0.773010 -0.299051
v 0.525360 -0.803208 -0.280811
v 0.489969 -0.831470 -0.261894
v 0.453398 -0.857729 -0.242346
v 0.415735 -0.881921 -0.222215
v 0.377070 -0.903989 -0.201548
v 0.337497 -0.923880 -0.180396
v 0.297110 -0.941544 -0.158809
v 0.256008 -0.956940 -0.136839
v 0.214289 -0.970031 -0.114540
v 0.172054 -0.980785 -0.091965
v 0.129405 -0.989177 -0.069168
v 0.086443 -0.995185 -0.046205
v 0.043274 -0.998795 -0.023130
v 0.045333 0.998795 -0.018777
v 0.090556 0.995185 -0.037510
v 0.135561 0.989177 -0.056151
v 0.180240 0.980785 -0.074658
v 0.224484 0.970031 -0.092984
v 0.268188 0.956940 -0.111087
v 0.311246 0.941544 -0.128922
v 0.353553 0.923880 -0.146447
v 0.395009 0.903989 -0.163618
v 0.435514 0.881921 -0.180396
v 0.474969 0.857729 -0.196739
v 0.513280 0.831470 -0.212608
v 0.550354 0.803208 -0.227964
v 0.586103 0.773010 -0.242772
v 0.620440 0.740951 -0.256995
v 0.653281 0.707107 -0.270598
v 0.684550 0.671559 -0.283550
v 0.714168 0.634393 -0.295818
v 0.742067 0.595699 -0.307374
v 0.768178 0.555570 -0.318190
v 0.792438 0.514103 -0.328238
v 0.814789 0.471397 -0.337497
v 0.835177 0.427555 -0.345942
v 0.853553 0.382683 -0.353553
v 0.869873 0.336890 -0.360313
v 0.884098 0.290285 -0.366205
v 0.896192 0.242980 -0.371215
v 0.906127 0.195090 -0.375330
v 0.913880 0.146730 -0.378541
v 0.919431 0.098017 -0.380841
v 0.922767 0.049068 -0.382222
v 0.923879 0.000000 -0.382683
v 0.922767 -0.049068 -0.382222
v 0.919431 -0.098017 -0.380841
v 0.913880 -0.146730 -0.378541
v 0.906127 -0.195090 -0.375330
v 0.896192 -0.242980 -0.371215
v 0.884098 -0.290285 -0.366205
v 0.869873 -0.336890 -0.360313
v 0.853553 -0.382683 -0.353553
v 0.835177 -0.427555 -0.345942
v 0.814789 -0.471397 -0.337497
v 0.792438 -0.514103 -0.328238
v 0.768178 -0.555570 -0.318190
v 0.742067 -0.595699 -0.307374
v 0.714168 -0.634393 -0.295818
v 0.684550 -0.671559 -0.283550
v 0.653281 -0.707107 -0.270598
v 0.620440 -0.740951 -0.256995
v 0.586103 -0.773010 -0.242772
v 0.550354 -0.803208 -0.227964
v 0.513280 -0.831470 -0.212608
v 0.474969 -0.857729 -0.196739
v 0.435514 -0.881921 -0.180396
v 0.395009 -0.903989 -0.163618
v 0.353553 -0.923880 -0.146447
v 0.311246 -0.941544 -0.128922
v 0.268188 -0.956940 -0.111087
v 0.224484 -0.970031 -0.092984
v 0.180240 -0.980785 -0.074658
v 0.135561 -0.989177 -0.056151
v 0.090556 -0.995185 -0.037510
v 0.045333 -0.998795 -0.018777
v 0.046955 0.998795 -0.014244
v 0.093797 0.995185 -0.028453
v 0.140412 0.989177 -0.042594
v 0.186690 0.980785 -0.056632
v 0.232517 0.970031 -0.070533
v 0.277785 0.956940 -0.084265
v 0.322383 0.941544 -0.097794
v 0.366205 0.923880 -0.111087
v 0.409145 0.903989 -0.124113
v 0.451099 0.881921 -0.136839
v 0.491966 0.857729 -0.149236
v 0.531648 0.831470 -0.161274
v 0.570049 0.803208 -0.172922
v 0.607076 0.773010 -0.184155
v 0.642642 0.740951 -0.194943
v 0.676659 0.707107 -0.205262
v 0.709046 0.671559 -0.215087
v 0.739725 0.634393 -0.224393
v 0.768622 0.595699 -0.233159
v 0.795667 0.555570 -0.241363
v 0.820795 0.514103 -0.248985
v 0.843946 0.471397 -0.256008
v 0.865064 0.427555 -0.262414
v 0.884098 0.382683 -0.268188
v 0.901001 0.336890 -0.273316
v 0.915735 0.290285 -0.277785
v 0.928262 0.242980 -0.281585
v 0.938553 0.195090 -0.284707
v 0.946583 0.146730 -0.287143
v 0.952332 0.098017 -0.288887
v 0.955788 0.049068 -0.289935
v 0.956940 0.000000 -0.290285
v 0.955788 -0.049068 -0.289935
v 0.952332 -0.098017 -0.288887
v 0.946583 -0.146730 -0.287143
v 0.938553 -0.195090 -0.284707
v 0.928262 -0.242980 -0.281585
v 0.915735 -0.290285 -0.277785
v 0.901001 -0.336890 -0.273316
v 0.884098 -0.382683 -0.268188
v 0.865064 -0.427555 -0.262414
v 0.843946 -0.471397 -0.256008
v 0.820795 -0.514103 -0.248985
v 0.795667 -0.555570 -0.241363
v 0.768622 -0.595699 -0.233159
v 0.739725 -0.634393 -0.224393
v 0.709046 -0.671559 -0.215087
v 0.676659 -0.707107 -0.205262
v 0.642642 -0.740951 -0.194943
v 0.607076 -0.773010 -0.184155
v 0.570049 -0.803208 -0.172922
v 0.531648 -0.831470 -0.161274
v 0.491966 -0.857729 -0.149236
v 0.451099 -0.881921 -0.136839
v 0.409145 -0.903989 -0.124113
v 0.366205 -0.923880 -0.111087
v 0.322383 -0.941544 -0.097794
v 0.277785 -0.956940 -0.084265
v 0.232517 -0.970031 -0.070533
v 0.186690 -0.980785 -0.056632
v 0.140412 -0.989177 -0.042594
v 0.093797 -0.995185 -0.028453
v 0.046955 -0.998795 -0.014244
v 0.048125 0.998795 -0.009573
v 0.096134 0.995185 -0.019122
v 0.143911 0.989177 -0.028626
v 0.191342 0.980785 -0.038060
v 0.238311 0.970031 -0.047403
v 0.284707 0.956940 -0.056632
v 0.330417 0.941544 -0.065724
v 0.375330 0.923880 -0.074658
v 0.419340 0.903989 -0.083412
v 0.462339 0.881921 -0.091965
v 0.504224 0.857729 -0.100296
v 0.544895 0.831470 -0.108386
v 0.584253 0.803208 -0.116215
v 0.622204 0.773010 -0.123764
v 0.658655 0.740951 -0.131015
v 0.693520 0.707107 -0.137950
v 0.726714 0.671559 -0.144552
v 0.758157 0.634393 -0.150807
v 0.787774 0.595699 -0.156698
v 0.815493 0.555570 -0.162212
v 0.841247 0.514103 -0.167334
v 0.864975 0.471397 -0.172054
v 0.886619 0.427555 -0.176360
v 0.906127 0.382683 -0.180240
v 0.923452 0.336890 -0.183686
v 0.938553 0.290285 -0.186690
v 0.951392 0.242980 -0.189244
v 0.961940 0.195090 -0.191342
v 0.970169 0.146730 -0.192979
v 0.976063 0.098017 -0.194151
v 0.979604 0.049068 -0.194855
v 0.980785 0.000000 -0.195090
v 0.979604 -0.049068 -0.194855
v 0.976063 -0.098017 -0.194151
v 0.970169 -0.146730 -0.192979
v 0.961940 -0.195090 -0.191342
v 0.951392 -0.242980 -0.189244
v 0.938553 -0.290285 -0.186690
v 0.923452 -0.336890 -0.183686
v 0.906127 -0.382683 -0.180240
v 0.886619 -0.427555 -0.176360
v 0.864975 -0.471397 -0.172054
v 0.841247 -0.514103 -0.167334
v 0.815493 -0.555570 -0.162212
v 0.787774 -0.595699 -0.156698
v 0.758157 -0.634393 -0.150807
v 0.726714 -0.671559 -0.144552
v 0.693520 -0.707107 -0.137950
v 0.658655 -0.740951 -0.131015
v 0.622204 -0.773010 -0.123764
v 0.584253 -0.803208 -0.116215
v 0.544895 -0.831470 -0.108386
v 0.504224 -0.857729 -0.100296
v 0.462339 -0.881921 -0.091965
v 0.419340 -0.903989 -0.083412
v 0.375330 -0.923880 -0.074658
v 0.330417 -0.941544 -0.065724
v 0.284707 -0.956940 -0.056632
v 0.238311 -0.970031 -0.047403
v 0.191342 -0.980785 -0.038060
v 0.143911 -0.989177 -0.028626
v 0.096134 -0.995185 -0.019122
v 0.048125 -0.998795 -0.009573
v 0.048831 0.998795 -0.004809
v 0.097545 0.995185 -0.009607
v 0.146024 0.989177 -0.014382
v 0.194151 0.980785 -0.019122
v 0.241810 0.970031 -0.023816
v 0.288887 0.956940 -0.028453
v 0.335268 0.941544 -0.033021
v 0.380841 0.923880 -0.037510
v 0.425496 0.903989 -0.041908
v 0.469127 0.881921 -0.046205
v 0.511627 0.857729 -0.050391
v 0.552895 0.831470 -0.054455
v 0.592831 0.803208 -0.058389
v 0.631338 0.773010 -0.062181
v 0.668325 0.740951 -0.065824
v 0.703702 0.707107 -0.069308
v 0.737383 0.671559 -0.072626
v 0.769288 0.634393 -0.075768
v 0.799340 0.595699 -0.078728
v 0.827466 0.555570 -0.081498
v 0.853598 0.514103 -0.084072
v 0.877674 0.471397 -0.086443
v 0.899636 0.427555 -0.088606
v 0.919431 0.382683 -0.090556
v 0.937010 0.336890 -0.092287
v 0.952332 0.290285 -0.093797
v 0.965360 0.242980 -0.095080
v 0.976062 0.195090 -0.096134
v 0.984413 0.146730 -0.096956
v 0.990393 0.098017 -0.097545
v 0.993986 0.049068 -0.097899
v 0.995185 0.000000 -0.098017
v 0.993986 -0.049068 -0.097899
v 0.990393 -0.098017 -0.097545
v 0.984413 -0.146730 -0.096956
v 0.976062 -0.195090 -0.096134
v 0.965360 -0.242980 -0.095080
v 0.952332 -0.290285 -0.093797
v 0.937010 -0.336890 -0.092287
v 0.919431 -0.382683 -0.090556
v 0.899636 -0.427555 -0.088606
v 0.877674 -0.471397 -0.086443
v 0.853598 -0.514103 -0.084072
v 0.827466 -0.555570 -0.081498
v 0.799340 -0.595699 -0.078728
v 0.769288 -0.634393 -0.075768
v 0.737383 -0.671559 -0.072626
v 0.703702 -0.707107 -0.069308
v 0.668325 -0.740951 -0.065824
v 0.631338 -0.773010 -0.062181
v 0.592831 -0.803208 -0.058389
v 0.552895 -0.831470 -0.054455
v 0.511627 -0.857729 -0.050391
v 0.469127 -0.881921 -0.046205
v 0.425496 -0.903989 -0.041908
v 0.380841 -0.923880 -0.037510
v 0.335268 -0.941544 -0.033021
v 0.288887 -0.956940 -0.028453
v 0.241810 -0.970031 -0.023816
v 0.194151 -0.980785 -0.019122
v 0.146024 -0.989177 -0.014382
v 0.097545 -0.995185 -0.009607
v 0.048831 -0.998795 -0.004809
v 0.049068 0.998795 0.000000
v 0.098017 0.995185 0.000000
v 0.146730 0.989177 -0.000000
v 0.195090 0.980785 -0.000000
v 0.242980 0.970031 0.000000
v 0.290285 0.956940 0.000000
v 0.336890 0.941544 0.000000
v 0.382683 0.923880 0.000000
v 0.427555 0.903989 -0.000000
v 0.471397 0.881921 0.000000
v 0.514103 0.857729 0.000000
v 0.555570 0.831470 -0.000000
v 0.595699 0.803208 0.000000
v 0.634393 0.773010 -0.000000
v 0.671559 0.740951 -0.000000
v 0.707107 0.707107 0.000000
v 0.740951 0.671559 0.000000
v 0.773010 0.634393 -0.000000
v 0.803207 0.595699 0.000000
v 0.831470 0.555570 -0.000000
v 0.857728 0.514103 0.000000
v 0.881921 0.471397 0.000000
v 0.903989 0.427555 0.000000
v 0.923879 0.382683 0.000000
v 0.941544 0.336890 -0.000000
v 0.956940 0.290285 -0.000000
v 0.970031 0.242980 0.000000
v 0.980785 0.195090 0.000000
v 0.989176 0.146730 0.000000
v 0.995185 0.098017 0.000000
v 0.998795 0.049068 0.000000
v 1.000000 0.000000 0.000000
v 0.998795 -0.049068 0.000000
v 0.995185 -0.098017 0.000000
v 0.989176 -0.146730 0.000000
v 0.980785 -0.195090 0.000000
v 0.970031 -0.242980 0.000000
v 0.956940 -0.290285 -0.000000
v 0.941544 -0.336890 -0.000000
v 0.923879 -0.382683 0.000000
v 0.903989 -0.427555 0.000000
v 0.881921 -0.471397 0.000000
v 0.857728 -0.514103 0.000000
v 0.831470 -0.555570 -0.000000
v 0.803207 -0.595699 0.000000
v 0.773010 -0.634393 -0.000000
v 0.740951 -0.671559 0.000000
v 0.707107 -0.707107 0.000000
v 0.671559 -0.740951 -0.000000
v 0.634393 -0.773010 -0.000000
v 0.595699 -0.803208 0.000000
v 0.555570 -0.831470 -0.000000
v 0.514103 -0.857729 0.000000
v 0.471397 -0.881921 0.000000
v 0.427555 -0.903989 -0.000000
v 0.382683 -0.923880 0.000000
v 0.336890 -0.941544 0.000000
v 0.290285 -0.956940 0.000000
v 0.242980 -0.970031 0.000000
v 0.195090 -0.980785 -0.000000
v 0.146730 -0.989177 -0.000000
v 0.098017 -0.995185 0.000000
v 0.049068 -0.998795 0.000000
v 0.048831 0.998795 0.004809
v 0.097545 0.995185 0.009607
v 0.146024 0.989177 0.014382
v 0.194151 0.980785 0.019122
v 0.241810 0.970031 0.023816
v 0.288887 0.956940 0.028453
v 0.335268 0.941544 0.033021
v 0.380841 0.923880 0.037510
v 0.425496 0.903989 0.041908
v 0.469127 0.881921 0.046205
v 0.511627 0.857729 0.050391
v 0.552895 0.831470 0.054455
v 0.592831 0.803208 0.058389
v 0.631338 0.773010 0.062181
v 0.668325 0.740951 0.065824
v 0.703702 0.707107 0.069309
v 0.737383 0.671559 0.072626
v 0.769288 0.634393 0.075768
v 0.799340 0.595699 0.078728
v 0.827466 0.555570 0.081498
v 0.853598 0.514103 0.084072
v 0.877674 0.471397 0.086443
v 0.899636 0.427555 0.088606
v 0.919431 0.382683 0.090556
v 0.937010 0.336890 0.092287
v 0.952332 0.290285 0.093797
v 0.965360 0.242980 0.095080
v 0.976062 0.195090 0.096134
v 0.984413 0.146730 0.096956
v 0.990393 0.098017 0.097545
v 0.993986 0.049068 0.097899
v 0.995185 0.000000 0.098017
v 0.993986 -0.049068 0.097899
v 0.990393 -0.098017 0.097545
v 0.984413 -0.146730 0.096956
v 0.976062 -0.195090 0.096134
v 0.965360 -0.242980 0.095080
v 0.952332 -0.290285 0.093797
v 0.937010 -0.336890 0.092287
v 0.919431 -0.382683 0.090556
v 0.899636 -0.427555 0.088606
v 0.877674 -0.471397 0.086443
v 0.853598 -0.514103 0.084072
v 0.827466 -0.555570 0.081498
v 0.799340 -0.595699 0.078728
v 0.769288 -0.634393 0.075768
v 0.737383 -0.671559 0.072626
v 0.703702 -0.707107 0.069309
v 0.668325 -0.740951 0.065824
v 0.631338 -0.773010 0.062181
v 0.592831 -0.803208 0.058389
v 0.552895 -0.831470 0.054455
v 0.511627 -0.857729 0.050391
v 0.469127 -0.881921 0.046205
v 0.425496 -0.903989 0.041908
v 0.380841 -0.923880 0.037510
v 0.335268 -0.941544 0.033021
v 0.288887 -0.956940 0.028453
v 0.241810 -0.970031 0.023816
v 0.194151 -0.980785 0.019122
v 0.146024 -0.989177 0.014382
v 0.097545 -0.995185 0.009607
v 0.048831 -0.998795 0.004809
v 0.048125 0.998795 0.009573
v 0.096134 0.995185 0.019122
v 0.143911 0.989177 0.028626
v 0.191342 0.980785 0.038060
v 0.238311 0.970031 0.047403
v 0.284707 0.956940 0.056632
v 0.330417 0.941544 0.065724
v 0.375330 0.923880 0.074658
v 0.419340 0.903989 0.083412
v 0.462339 0.881921 0.091965
v 0.504224 0.857729 0.100296
v 0.544895 0.831470 0.108386
v 0.584253 0.803208 0.116215
v 0.622204 0.773010 0.123764
v 0.658655 0.740951 0.131015
v 0.693520 0.707107 0.137950
v 0.726714 0.671559 0.144552
v 0.758157 0.634393 0.150807
v 0.787774 0.595699 0.156698
v 0.815493 0.555570 0.162212
v 0.841247 0.514103 0.167335
v 0.864975 0.471397 0.172054
v 0.886619 0.427555 0.176360
v 0.906127 0.382683 0.180240
v 0.923452 0.336890 0.183686
v 0.938553 0.290285 0.186690
v 0.951392 0.242980 0.189244
v 0.961940 0.195090 0.191342
v 0.970169 0.146730 0.192979
v 0.976062 0.098017 0.194151
v 0.979604 0.049068 0.194855
v 0.980785 0.000000 0.195090
v 0.979604 -0.049068 0.194855
v 0.976062 -0.098017 0.194151
v 0.970169 -0.146730 0.192979
v 0.961940 -0.195090 0.191342
v 0.951392 -0.242980 0.189244
v 0.938553 -0.290285 0.186690
v 0.923452 -0.336890 0.183686
v 0.906127 -0.382683 0.180240
v 0.886619 -0.427555 0.176360
v 0.864975 -0.471397 0.172054
v 0.841247 -0.514103 0.167335
v 0.815493 -0.555570 0.162212
v 0.787774 -0.595699 0.156698
v 0.758157 -0.634393 0.150807
v 0.726714 -0.671559 0.144552
v 0.693520 -0.707107 0.137950
v 0.658655 -0.740951 0.131015
v 0.622204 -0.773010 0.123764
v 0.584253 -0.803208 0.116215
v 0.544895 -0.831470 0.108386
v 0.504224 -0.857729 0.100296
v 0.462339 -0.881921 0.091965
v 0.419340 -0.903989 0.083412
v 0.375330 -0.923880 0.074658
v 0.330417 -0.941544 0.065724
v 0.284707 -0.956940 0.056632
v 0.238311 -0.970031 0.047403
v 0.191342 -0.980785 0.038060
v 0.143911 -0.989177 0.028626
v 0.096134 -0.995185 0.019122
v 0.048125 -0.998795 0.009573
v 0.046955 0.998795 0.014244
v 0.093797 0.995185 0.028453
v 0.140412 0.989177 0.042594
v 0.186690 0.980785 0.056632
v 0.232517 0.970031 0.070533
v 0.277785 0.956940 0.084265
v 0.322383 0.941544 0.097794
v 0.366205 0.923880 0.111087
v 0.409145 0.903989 0.124113
v 0.451098 0.881921 0.136839
v 0.491965 0.857729 0.149236
v 0.531648 0.831470 0.161274
v 0.570049 0.803208 0.172922
v 0.607076 0.773010 0.184155
v 0.642642 0.740951 0.194943
v 0.676659 0.707107 0.205262
v 0.709046 0.671559 0.215087
v 0.739725 0.634393 0.224393
v 0.768622 0.595699 0.233159
v 0.795667 0.555570 0.241363
v 0.820795 0.514103 0.248985
v 0.843946 0.471397 0.256008
v 0.865064 0.427555 0.262414
v 0.884097 0.382683 0.268188
v 0.901001 0.336890 0.273316
v 0.915735 0.290285 0.277785
v 0.928262 0.242980 0.281585
v 0.938553 0.195090 0.284707
v 0.946582 0.146730 0.287143
v 0.952332 0.098017 0.288887
v 0.955788 0.049068 0.289935
v 0.956940 0.000000 0.290285
v 0.955788 -0.049068 0.289935
v 0.952332 -0.098017 0.288887
v 0.946582 -0.146730 0.287143
v 0.938553 -0.195090 0.284707
v 0.928262 -0.242980 0.281585
v 0.915735 -0.290285 0.277785
v 0.901001 -0.336890 0.273316
v 0.884097 -0.382683 0.268188
v 0.865064 -0.427555 0.262414
v 0.843946 -0.471397 0.256008
v 0.820795 -0.514103 0.248985
v 0.795667 -0.555570 0.241363
v 0.768622 -0.595699 0.233159
v 0.739725 -0.634393 0.224393
v 0.709046 -0.671559 0.215087
v 0.676659 -0.707107 0.205262
v 0.642642 -0.740951 0.194943
v 0.607076 -0.773010 0.184155
v 0.570049 -0.803208 0.172922
v 0.531648 -0.831470 0.161274
v 0.491965 -0.857729 0.149236
v 0.451098 -0.881921 0.136839
v 0.409145 -0.903989 0.124113
v 0.366205 -0.923880 0.111087
v 0.322383 -0.941544 0.097794
v 0.277785 -0.956940 0.084265
v 0.232517 -0.970031 0.070533
v 0.186690 -0.980785 0.056632
v 0.140412 -0.989177 0.042594
v 0.093797 -0.995185 0.028453
v 0.046955 -0.998795 0.014244
v 0.045333 0.998795 0.018777
v 0.090556 0.995185 0.037510
v 0.135561 0.989177 0.056151
v 0.180240 0.980785 0.074658
v 0.224484 0.970031 0.092984
v 0.268188 0.956940 0.111087
v 0.311246 0.941544 0.128922
v 0.353553 0.923880 0.146447
v 0.395009 0.903989 0.163618
v 0.435514 0.881921 0.180396
v 0.474969 0.857729 0.196739
v 0.513280 0.831470 0.212608
v 0.550354 0.803208 0.227964
v 0.586103 0.773010 0.242772
v 0.620440 0.740951 0.256994
v 0.653281 0.707107 0.270598
v 0.684549 0.671559 0.283550
v 0.714169 0.634393 0.295818
v 0.742067 0.595699 0.307374
v 0.768178 0.555570 0.318190
v 0.792438 0.514103 0.328239
v 0.814789 0.471397 0.337497
v 0.835177 0.427555 0.345942
v 0.853553 0.382683 0.353553
v 0.869873 0.336890 0.360313
v 0.884098 0.290285 0.366205
v 0.896192 0.242980 0.371215
v 0.906127 0.195090 0.375330
v 0.913880 0.146730 0.378541
v 0.919431 0.098017 0.380841
v 0.922767 0.049068 0.382222
v 0.923879 0.000000 0.382683
v 0.922767 -0.049068 0.382222
v 0.919431 -0.098017 0.380841
v 0.913880 -0.146730 0.378541
v 0.906127 -0.195090 0.375330
v 0.896192 -0.242980 0.371215
v 0.884098 -0.290285 0.366205
v 0.869873 -0.336890 0.360313
v 0.853553 -0.382683 0.353553
v 0.835177 -0.427555 0.345942
v 0.814789 -0.471397 0.337497
v 0.792438 -0.514103 0.328239
v 0.768178 -0.555570 0.318190
v 0.742067 -0.595699 0.307374
v 0.714169 -0.634393 0.295818
v 0.684549 -0.671559 0.283550
v 0.653281 -0.707107 0.270598
v 0.620440 -0.740951 0.256994
v 0.586103 -0.773010 0.242772
v 0.550354 -0.803208 0.227964
v 0.513280 -0.831470 0.212608
v 0.474969 -0.857729 0.196739
v 0.435514 -0.881921 0.180396
v 0.395009 -0.903989 0.163618
v 0.353553 -0.923880 0.146447
v 0.311246 -0.941544 0.128922
v 0.268188 -0.956940 0.111087
v 0.224484 -0.970031 0.092984
v 0.180240 -0.980785 0.074658
v 0.135561 -0.989177 0.056151
v 0.090556 -0.995185 0.037510
v 0.045333 -0.998795 0.018777
v 0.043274 0.998795 0.023130
v 0.086443 0.995185 0.046205
v 0.129405 0.989177 0.069168
v 0.172054 0.980785 0.091965
v 0.214289 0.970031 0.114540
v 0.256008 0.956940 0.136839
v 0.297110 0.941544 0.158809
v 0.337497 0.923880 0.180396
v 0.377070 0.903989 0.201548
v 0.415735 0.881921 0.222215
v 0.453398 0.857729 0.242346
v 0.489969 0.831470 0.261894
v 0.525360 0.803208 0.280811
v 0.559485 0.773010 0.299051
v 0.592262 0.740951 0.316571
v 0.623612 0.707107 0.333328
v 0.653460 0.671559 0.349282
v 0.681734 0.634393 0.364395
v 0.708366 0.595699 0.378629
v 0.733291 0.555570 0.391952
v 0.756449 0.514103 0.404330
v 0.777785 0.471397 0.415735
v 0.797247 0.427555 0.426138
v 0.814789 0.382683 0.435514
v 0.830368 0.336890 0.443841
v 0.843946 0.290285 0.451099
v 0.855491 0.242980 0.457269
v 0.864975 0.195090 0.462339
v 0.872375 0.146730 0.466294
v 0.877674 0.098017 0.469127
v 0.880859 0.049068 0.470829
v 0.881921 0.000000 0.471397
v 0.880859 -0.049068 0.470829
v 0.877674 -0.098017 0.469127
v 0.872375 -0.146730 0.466294
v 0.864975 -0.195090 0.462339
v 0.855491 -0.242980 0.457269
v 0.843946 -0.290285 0.451099
v 0.830368 -0.336890 0.443841
v 0.814789 -0.382683 0.435514
v 0.797247 -0.427555 0.426138
v 0.777785 -0.471397 0.415735
v 0.756449 -0.514103 0.404330
v 0.733291 -0.555570 0.391952
v 0.708366 -0.595699 0.378629
v 0.681734 -0.634393 0.364395
v 0.653460 -0.671559 0.349282
v 0.623612 -0.707107 0.333328
v 0.592262 -0.740951 0.316571
v 0.559485 -0.773010 0.299051
v 0.525360 -0.803208 0.280811
v 0.489969 -0.831470 0.261894
v 0.453398 -0.857729 0.242346
v 0.415735 -0.881921 0.222215
v 0.377070 -0.903989 0.201548
v 0.337497 -0.923880 0.180396
v 0.297110 -0.941544 0.158809
v 0.256008 -0.956940 0.136839
v 0.214289 -0.970031 0.114540
v 0.172054 -0.980785 0.091965
v 0.129405 -0.989177 0.069168
v 0.086443 -0.995185 0.046205
v 0.043274 -0.998795 0.023130
v 0.040798 0.998795 0.027261
v 0.081498 0.995185 0.054455
v 0.122002 0.989177 0.081519
v 0.162212 0.980785 0.108386
v 0.202031 0.970031 0.134993
v 0.241363 0.956940 0.161274
v 0.280114 0.941544 0.187166
v 0.318190 0.923880 0.212607
v 0.355499 0.903989 0.237537
v 0.391952 0.881921 0.261894
v 0.427461 0.857729 0.285620
v 0.461940 0.831470 0.308658
v 0.495306 0.803208 0.330953
v 0.527479 0.773010 0.352450
v 0.558381 0.740951 0.373098
v 0.587938 0.707107 0.392848
v 0.616078 0.671559 0.411650
v 0.642735 0.634393 0.429462
v 0.667842 0.595699 0.446238
v 0.691342 0.555570 0.461940
v 0.713175 0.514103 0.476528
v 0.733290 0.471397 0.489969
v 0.751640 0.427555 0.502230
v 0.768178 0.382683 0.513280
v 0.782865 0.336890 0.523094
v 0.795667 0.290285 0.531648
v 0.806551 0.242980 0.538920
v 0.815493 0.195090 0.544895
v 0.822470 0.146730 0.549557
v 0.827466 0.098017 0.552895
v 0.830468 0.049068 0.554901
v 0.831469 0.000000 0.555570
v 0.830468 -0.049068 0.554901
v 0.827466 -0.098017 0.552895
v 0.822470 -0.146730 0.549557
v 0.815493 -0.195090 0.544895
v 0.806551 -0.242980 0.538920
v 0.795667 -0.290285 0.531648
v 0.782865 -0.336890 0.523094
v 0.768178 -0.382683 0.513280
v 0.751640 -0.427555 0.502230
v 0.733290 -0.471397 0.489969
v 0.713175 -0.514103 0.476528
v 0.691342 -0.555570 0.461940
v 0.667842 -0.595699 0.446238
v 0.642735 -0.634393 0.429462
v 0.616078 -0.671559 0.411650
v 0.587938 -0.707107 0.392848
v 0.558381 -0.740951 0.373098
v 0.527479 -0.773010 0.352450
v 0.495306 -0.803208 0.330953
v 0.461940 -0.831470 0.308658
v 0.427461 -0.857729 0.285620
v 0.391952 -0.881921 0.261894
v 0.355499 -0.903989 0.237537
v 0.318190 -0.923880 0.212607
v 0.280114 -0.941544 0.187166
v 0.241363 -0.956940 0.161274
v 0.202031 -0.970031 0.134993
v 0.162212 -0.980785 0.108386
v 0.122002 -0.989177 0.081519
v 0.081498 -0.995185 0.054455
v 0.040798 -0.998795 0.027261
v 0.037930 0.998795 0.031128
v 0.075768 0.995185 0.062181
v 0.113424 0.989177 0.093085
v 0.150807 0.980785 0.123764
v 0.187826 0.970031 0.154145
v 0.224393 0.956940 0.184155
v 0.260419 0.941544 0.213721
v 0.295818 0.923880 0.242772
v 0.330505 0.903989 0.271238
v 0.364394 0.881921 0.299051
v 0.397407 0.857729 0.326143
v 0.429462 0.831470 0.352450
v 0.460482 0.803208 0.377908
v 0.490393 0.773010 0.402455
v 0.519122 0.740951 0.426032
v 0.546601 0.707107 0.448584
v 0.572763 0.671559 0.470054
v 0.597545 0.634393 0.490393
v 0.620888 0.595699 0.509549
v 0.642735 0.555570 0.527479
v 0.663033 0.514103 0.544137
v 0.681734 0.471397 0.559485
v 0.698793 0.427555 0.573485
v 0.714168 0.382683 0.586103
v 0.727823 0.336890 0.597309
v 0.739725 0.290285 0.607076
v 0.749844 0.242980 0.615381
v 0.758157 0.195090 0.622204
v 0.764643 0.146730 0.627527
v 0.769288 0.098017 0.631338
v 0.772079 0.049068 0.633629
v 0.773010 0.000000 0.634393
v 0.772079 -0.049068 0.633629
v 0.769288 -0.098017 0.631338
v 0.764643 -0.146730 0.627527
v 0.758157 -0.195090 0.622204
v 0.749844 -0.242980 0.615381
v 0.739725 -0.290285 0.607076
v 0.727823 -0.336890 0.597309
v 0.714168 -0.382683 0.586103
v 0.698793 -0.427555 0.573485
v 0.681734 -0.471397 0.559485
v 0.663033 -0.514103 0.544137
v 0.642735 -0.555570 0.527479
v 0.620888 -0.595699 0.509549
v 0.597545 -0.634393 0.490393
v 0.572763 -0.671559 0.470054
v 0.546601 -0.707107 0.448584
v 0.519122 -0.740951 0.426032
v 0.490393 -0.773010 0.402455
v 0.460482 -0.803208 0.377908
v 0.429462 -0.831470 0.352450
v 0.397407 -0.857729 0.326143
v 0.364394 -0.881921 0.299051
v 0.330505 -0.903989 0.271238
v 0.295818 -0.923880 0.242772
v 0.260419 -0.941544 0.213721
v 0.224393 -0.956940 0.184155
v 0.187826 -0.970031 0.154145
v 0.150807 -0.980785 0.123764
v 0.113424 -0.989177 0.093085
v 0.075768 -0.995185 0.062181
v 0.037930 -0.998795 0.031128
v 0.034696 0.998795 0.034696
v 0.069309 0.995185 0.069309
v 0.103754 0.989177 0.103754
v 0.137950 0.980785 0.137950
v 0.171813 0.970031 0.171813
v 0.205262 0.956940 0.205262
v 0.238217 0.941544 0.238217
v 0.270598 0.923880 0.270598
v 0.302327 0.903989 0.302327
v 0.333328 0.881921 0.333328
v 0.363525 0.857729 0.363525
v 0.392848 0.831470 0.392848
v 0.421223 0.803208 0.421223
v 0.448584 0.773010 0.448584
v 0.474864 0.740951 0.474864
v 0.500000 0.707107 0.500000
v 0.523931 0.671559 0.523931
v 0.546601 0.634393 0.546601
v 0.567953 0.595699 0.567953
v 0.587938 0.555570 0.587938
v 0.606506 0.514103 0.606506
v 0.623612 0.471397 0.623612
v 0.639217 0.427555 0.639217
v 0.653281 0.382683 0.653281
v 0.665772 0.336890 0.665772
v 0.676659 0.290285 0.676659
v 0.685915 0.242980 0.685915
v 0.693520 0.195090 0.693520
v 0.699453 0.146730 0.699453
v 0.703702 0.098017 0.703702
v 0.706255 0.049068 0.706255
v 0.707107 0.000000 0.707107
v 0.706255 -0.049068 0.706255
v 0.703702 -0.098017 0.703702
v 0.699453 -0.146730 0.699453
v 0.693520 -0.195090 0.693520
v 0.685915 -0.242980 0.685915
v 0.676659 -0.290285 0.676659
v 0.665772 -0.336890 0.665772
v 0.653281 -0.382683 0.653281
v 0.639217 -0.427555 0.639217
v 0.623612 -0.471397 0.623612
v 0.606506 -0.514103 0.606506
v 0.587938 -0.555570 0.587938
v 0.567953 -0.595699 0.567953
v 0.546601 -0.634393 0.546601
v 0.523931 -0.671559 0.523931
v 0.500000 -0.707107 0.500000
v 0.474864 -0.740951 0.474864
v 0.448584 -0.773010 0.448584
v 0.421223 -0.803208 0.421223
v 0.392848 -0.831470 0.392848
v 0.363525 -0.857729 0.363525
v 0.333328 -0.881921 0.333328
v 0.302327 -0.903989 0.302327
v 0.270598 -0.923880 0.270598
v 0.238217 -0.941544 0.238217
v 0.205262 -0.956940 0.205262
v 0.171813 -0.970031 0.171813
v 0.137950 -0.980785 0.137950
v 0.103754 -0.989177 0.103754
v 0.069309 -0.995185 0.069309
v 0.034696 -0.998795 0.034696
v 0.031128 0.998795 0.037930
v 0.062181 0.995185 0.075768
v 0.093085 0.989177 0.113424
v 0.123764 0.980785 0.150807
v 0.154145 0.970031 0.187826
v 0.184155 0.956940 0.224393
v 0.213721 0.941544 0.260419
v 0.242772 0.923880 0.295818
v 0.271238 0.903989 0.330505
v 0.299051 0.881921 0.364395
v 0.326143 0.857729 0.397407
v 0.352450 0.831470 0.429462
v 0.377907 0.803208 0.460482
v 0.402455 0.773010 0.490393
v 0.426032 0.740951 0.519122
v 0.448584 0.707107 0.546601
v 0.470054 0.671559 0.572763
v 0.490393 0.634393 0.597545
v 0.509549 0.595699 0.620888
v 0.527479 0.555570 0.642735
v 0.544137 0.514103 0.663033
v 0.559485 0.471397 0.681734
v 0.573485 0.427555 0.698793
v 0.586103 0.382683 0.714168
v 0.597309 0.336890 0.727823
v 0.607076 0.290285 0.739725
v 0.615381 0.242980 0.749844
v 0.622203 0.195090 0.758157
v 0.627527 0.146730 0.764643
v 0.631338 0.098017 0.769288
v 0.633629 0.049068 0.772079
v 0.634393 0.000000 0.773010
v 0.633629 -0.049068 0.772079
v 0.631338 -0.098017 0.769288
v 0.627527 -0.146730 0.764643
v 0.622203 -0.195090 0.758157
v 0.615381 -0.242980 0.749844
v 0.607076 -0.290285 0.739725
v 0.597309 -0.336890 0.727823
v 0.586103 -0.382683 0.714168
v 0.573485 -0.427555 0.698793
v 0.559485 -0.471397 0.681734
v 0.544137 -0.514103 0.663033
v 0.527479 -0.555570 0.642735
v 0.509549 -0.595699 0.620888
v 0.490393 -0.634393 0.597545
v 0.470054 -0.671559 0.572763
v 0.448584 -0.707107 0.546601
v 0.426032 -0.740951 0.519122
v 0.402455 -0.773010 0.490393
v 0.377907 -0.803208 0.460482
v 0.352450 -0.831470 0.429462
v 0.326143 -0.857729 0.397407
v 0.299051 -0.881921 0.364395
v 0.271238 -0.903989 0.330505
v 0.242772 -0.923880 0.295818
v 0.213721 -0.941544 0.260419
v 0.184155 -0.956940 0.224393
v 0.154145 -0.970031 0.187826
v 0.123764 -0.980785 0.150807
v 0.093085 -0.989177 0.113424
v 0.062181 -0.995185 0.075768
v 0.031128 -0.998795 0.037930
v 0.027261 0.998795 0.040798
v 0.054455 0.995185 0.081498
v 0.081519 0.989177 0.122002
v 0.108386 0.980785 0.162212
v 0.134992 0.970031 0.202031
v 0.161274 0.956940 0.241363
v 0.187166 0.941544 0.280114
v 0.212607 0.923880 0.318190
v 0.237537 0.903989 0.355499
v 0.261894 0.881921 0.391952
v 0.285620 0.857729 0.427461
v 0.308658 0.831470 0.461940
v 0.330953 0.803208 0.495306
v 0.352450 0.773010 0.527479
v 0.373098 0.740951 0.558381
v 0.392847 0.707107 0.587938
v 0.411650 0.671559 0.616078
v 0.429462 0.634393 0.642735
v 0.446238 0.595699 0.667843
v 0.461940 0.555570 0.691342
v 0.476528 0.514103 0.713175
v 0.489969 0.471397 0.733291
v 0.502230 0.427555 0.751640
v 0.513280 0.382683 0.768178
v 0.523094 0.336890 0.782865
v 0.531647 0.290285 0.795667
v 0.538920 0.242980 0.806551
v 0.544895 0.195090 0.815493
v 0.549557 0.146730 0.822470
v 0.552895 0.098017 0.827466
v 0.554901 0.049068 0.830468
v 0.555570 0.000000 0.831470
v 0.554901 -0.049068 0.830468
v 0.552895 -0.098017 0.827466
v 0.549557 -0.146730 0.822470
v 0.544895 -0.195090 0.815493
v 0.538920 -0.242980 0.806551
v 0.531647 -0.290285 0.795667
v 0.523094 -0.336890 0.782865
v 0.513280 -0.382683 0.768178
v 0.502230 -0.427555 0.751640
v 0.489969 -0.471397 0.733291
v 0.476528 -0.514103 0.713175
v 0.461940 -0.555570 0.691342
v 0.446238 -0.595699 0.667843
v 0.429462 -0.634393 0.642735
v 0.411650 -0.671559 0.616078
v 0.392847 -0.707107 0.587938
v 0.373098 -0.740951 0.558381
v 0.352450 -0.773010 0.527479
v 0.330953 -0.803208 0.495306
v 0.308658 -0.831470 0.461940
v 0.285620 -0.857729 0.427461
v 0.261894 -0.881921 0.391952
v 0.237537 -0.903989 0.355499
v 0.212607 -0.923880 0.318190
v 0.187166 -0.941544 0.280114
v 0.161274 -0.956940 0.241363
v 0.134992 -0.970031 0.202031
v 0.108386 -0.980785 0.162212
v 0.081519 -0.989177 0.122002
v 0.054455 -0.995185 0.081498
v 0.027261 -0.998795 0.040798
v 0.023130 0.998795 0.043274
v 0.046205 0.995185 0.086443
v 0.069168 0.989177 0.129405
v 0.091965 0.980785 0.172054
v 0.114540 0.970031 0.214289
v 0.136839 0.956940 0.256008
v 0.158809 0.941544 0.297110
v 0.180396 0.923880 0.337497
v 0.201548 0.903989 0.377070
v 0.222215 0.881921 0.415735
v 0.242346 0.857729 0.453398
v 0.261894 0.831470 0.489969
v 0.280811 0.803208 0.525360
v 0.299051 0.773010 0.559485
v 0.316571 0.740951 0.592262
v 0.333328 0.707107 0.623612
v 0.349282 0.671559 0.653460
v 0.364395 0.634393 0.681734
v 0.378629 0.595699 0.708366
v 0.391952 0.555570 0.733291
v 0.404330 0.514103 0.756449
v 0.415735 0.471397 0.777785
v 0.426138 0.427555 0.797247
v 0.435514 0.382683 0.814789
v 0.443841 0.336890 0.830367
v 0.451098 0.290285 0.843946
v 0.457269 0.242980 0.855491
v 0.462339 0.195090 0.864975
v 0.466294 0.146730 0.872375
v 0.469127 0.098017 0.877674
v 0.470829 0.049068 0.880859
v 0.471397 0.000000 0.881921
v 0.470829 -0.049068 0.880859
v 0.469127 -0.098017 0.877674
v 0.466294 -0.146730 0.872375
v 0.462339 -0.195090 0.864975
v 0.457269 -0.242980 0.855491
v 0.451098 -0.290285 0.843946
v 0.443841 -0.336890 0.830367
v 0.435514 -0.382683 0.814789
v 0.426138 -0.427555 0.797247
v 0.415735 -0.471397 0.777785
v 0.404330 -0.514103 0.756449
v 0.391952 -0.555570 0.733291
v 0.378629 -0.595699 0.708366
v 0.364395 -0.634393 0.681734
v 0.349282 -0.671559 0.653460
v 0.333328 -0.707107 0.623612
v 0.316571 -0.740951 0.592262
v 0.299051 -0.773010 0.559485
v 0.280811 -0.803208 0.525360
v 0.261894 -0.831470 0.489969
v 0.242346 -0.857729 0.453398
v 0.222215 -0.881921 0.415735
v 0.201548 -0.903989 0.377070
v 0.180396 -0.923880 0.337497
v 0.158809 -0.941544 0.297110
v 0.136839 -0.956940 0.256008
v 0.114540 -0.970031 0.214289
v 0.091965 -0.980785 0.172054
v 0.069168 -0.989177 0.129405
v 0.046205 -0.995185 0.086443
v 0.023130 -0.998795 0.043274
v 0.018777 0.998795 0.045333
v 0.037510 0.995185 0.090556
v 0.056151 0.989177 0.135561
v 0.074658 0.980785 0.180240
v 0.092984 0.970031 0.224484
v 0.111087 0.956940 0.268188
v 0.128922 0.941544 0.311246
v 0.146447 0.923880 0.353553
v 0.163618 0.903989 0.395009
v 0.180396 0.881921 0.435514
v 0.196738 0.857729 0.474969
v 0.212608 0.831470 0.513280
v 0.227964 0.803208 0.550354
v 0.242772 0.773010 0.586103
v 0.256994 0.740951 0.620439
v 0.270598 0.707107 0.653281
v 0.283550 0.671559 0.684549
v 0.295818 0.634393 0.714168
v 0.307374 0.595699 0.742067
v 0.318190 0.555570 0.768178
v 0.328238 0.514103 0.792438
v 0.337497 0.471397 0.814789
v 0.345942 0.427555 0.835177
v 0.353553 0.382683 0.853553
v 0.360313 0.336890 0.869873
v 0.366205 0.290285 0.884097
v 0.371215 0.242980 0.896192
v 0.375330 0.195090 0.906127
v 0.378541 0.146730 0.913879
v 0.380841 0.098017 0.919431
v 0.382222 0.049068 0.922767
v 0.382683 0.000000 0.923879
v 0.382222 -0.049068 0.922767
v 0.380841 -0.098017 0.919431
v 0.378541 -0.146730 0.913879
v 0.375330 -0.195090 0.906127
v 0.371215 -0.242980 0.896192
v 0.366205 -0.290285 0.884097
v 0.360313 -0.336890 0.869873
v 0.353553 -0.382683 0.853553
v 0.345942 -0.427555 0.835177
v 0.337497 -0.471397 0.814789
v 0.328238 -0.514103 0.792438
v 0.318190 -0.555570 0.768178
v 0.307374 -0.595699 0.742067
v 0.295818 -0.634393 0.714168
v 0.283550 -0.671559 0.684549
v 0.270598 -0.707107 0.653281
v 0.256994 -0.740951 0.620439
v 0.242772 -0.773010 0.586103
v 0.227964 -0.803208 0.550354
v 0.212608 -0.831470 0.513280
v 0.196738 -0.857729 0.474969
v 0.180396 -0.881921 0.435514
v 0.163618 -0.903989 0.395009
v 0.146447 -0.923880 0.353553
v 0.128922 -0.941544 0.311246
v 0.111087 -0.956940 0.268188
v 0.092984 -0.970031 0.224484
v 0.074658 -0.980785 0.180240
v 0.056151 -0.989177 0.135561
v 0.037510 -0.995185 0.090556
v 0.018777 -0.998795 0.045333
v 0.014244 0.998795 0.046955
v 0.028453 0.995185 0.093797
v 0.042594 0.989177 0.140412
v 0.056632 0.980785 0.186690
v 0.070533 0.970031 0.232517
v 0.084265 0.956940 0.277785
v 0.097794 0.941544 0.322383
v 0.111087 0.923880 0.366205
v 0.124113 0.903989 0.409145
v 0.136839 0.881921 0.451098
v 0.149236 0.857729 0.491965
v 0.161274 0.831470 0.531648
v 0.172922 0.803208 0.570049
v 0.184155 0.773010 0.607076
v 0.194943 0.740951 0.642642
v 0.205262 0.707107 0.676659
v 0.215087 0.671559 0.709046
v 0.224393 0.634393 0.739725
v 0.233159 0.595699 0.768622
v 0.241363 0.555570 0.795667
v 0.248985 0.514103 0.820795
v 0.256008 0.471397 0.843946
v 0.262414 0.427555 0.865064
v 0.268188 0.382683 0.884097
v 0.273316 0.336890 0.901001
v 0.277785 0.290285 0.915735
v 0.281585 0.242980 0.928262
v 0.284707 0.195090 0.938553
v 0.287143 0.146730 0.946582
v 0.288887 0.098017 0.952332
v 0.289935 0.049068 0.955787
v 0.290284 0.000000 0.956940
v 0.289935 -0.049068 0.955787
v 0.288887 -0.098017 0.952332
v 0.287143 -0.146730 0.946582
v 0.284707 -0.195090 0.938553
v 0.281585 -0.242980 0.928262
v 0.277785 -0.290285 0.915735
v 0.273316 -0.336890 0.901001
v 0.268188 -0.382683 0.884097
v 0.262414 -0.427555 0.865064
v 0.256008 -0.471397 0.843946
v 0.248985 -0.514103 0.820795
v 0.241363 -0.555570 0.795667
v 0.233159 -0.595699 0.768622
v 0.224393 -0.634393 0.739725
v 0.215087 -0.671559 0.709046
v 0.205262 -0.707107 0.676659
v 0.194943 -0.740951 0.642642
v 0.184155 -0.773010 0.607076
v 0.172922 -0.803208 0.570049
v 0.161274 -0.831470 0.531648
v 0.149236 -0.857729 0.491965
v 0.136839 -0.881921 0.451098
v 0.124113 -0.903989 0.409145
v 0.111087 -0.923880 0.366205
v 0.097794 -0.941544 0.322383
v 0.084265 -0.956940 0.277785
v 0.070533 -0.970031 0.232517
v 0.056632 -0.980785 0.186690
v 0.042594 -0.989177 0.140412
v 0.028453 -0.995185 0.093797
v 0.014244 -0.998795 0.046955
v 0.009573 0.998795 0.048125
v 0.019122 0.995185 0.096134
v 0.028626 0.989177 0.143911
v 0.038060 0.980785 0.191342
v 0.047403 0.970031 0.238311
v 0.056632 0.956940 0.284707
v 0.065724 0.941544 0.330417
v 0.074658 0.923880 0.375330
v 0.083412 0.903989 0.419340
v 0.091965 0.881921 0.462339
v 0.100296 0.857729 0.504224
v 0.108386 0.831470 0.544895
v 0.116215 0.803208 0.584253
v 0.123764 0.773010 0.622204
v 0.131015 0.740951 0.658655
v 0.137950 0.707107 0.693520
v 0.144552 0.671559 0.726714
v 0.150807 0.634393 0.758157
v 0.156698 0.595699 0.787774
v 0.162212 0.555570 0.815493
v 0.167334 0.514103 0.841247
v 0.172054 0.471397 0.864975
v 0.176360 0.427555 0.886619
v 0.180240 0.382683 0.906127
v 0.183686 0.336890 0.923452
v 0.186690 0.290285 0.938553
v 0.189243 0.242980 0.951392
v 0.191342 0.195090 0.961940
v 0.192979 0.146730 0.970169
v 0.194151 0.098017 0.976062
v 0.194855 0.049068 0.979604
v 0.195090 0.000000 0.980785
v 0.194855 -0.049068 0.979604
v 0.194151 -0.098017 0.976062
v 0.192979 -0.146730 0.970169
v 0.191342 -0.195090 0.961940
v 0.189243 -0.242980 0.951392
v 0.186690 -0.290285 0.938553
v 0.183686 -0.336890 0.923452
v 0.180240 -0.382683 0.906127
v 0.176360 -0.427555 0.886619
v 0.172054 -0.471397 0.864975
v 0.167334 -0.514103 0.841247
v 0.162212 -0.555570 0.815493
v 0.156698 -0.595699 0.787774
v 0.150807 -0.634393 0.758157
v 0.144552 -0.671559 0.726714
v 0.137950 -0.707107 0.693520
v 0.131015 -0.740951 0.658655
v 0.123764 -0.773010 0.622204
v 0.116215 -0.803208 0.584253
v 0.108386 -0.831470 0.544895
v 0.100296 -0.857729 0.504224
v 0.091965 -0.881921 0.462339
v 0.083412 -0.903989 0.419340
v 0.074658 -0.923880 0.375330
v 0.065724 -0.941544 0.330417
v 0.056632 -0.956940 0.284707
v 0.047403 -0.970031 0.238311
v 0.038060 -0.980785 0.191342
v 0.028626 -0.989177 0.143911
v 0.019122 -0.995185 0.096134
v 0.009573 -0.998795 0.048125
v 0.004809 0.998795 0.048831
v 0.009607 0.995185 0.097545
v 0.014382 0.989177 0.146024
v 0.019122 0.980785 0.194151
v 0.023816 0.970031 0.241810
v 0.028453 0.956940 0.288887
v 0.033021 0.941544 0.335268
v 0.037510 0.923880 0.380841
v 0.041908 0.903989 0.425496
v 0.046205 0.881921 0.469127
v 0.050391 0.857729 0.511627
v 0.054455 0.831470 0.552895
v 0.058389 0.803208 0.592831
v 0.062181 0.773010 0.631338
v 0.065824 0.740951 0.668325
v 0.069308 0.707107 0.703702
v 0.072626 0.671559 0.737383
v 0.075768 0.634393 0.769288
v 0.078728 0.595699 0.799340
v 0.081498 0.555570 0.827466
v 0.084072 0.514103 0.853598
v 0.086443 0.471397 0.877674
v 0.088606 0.427555 0.899636
v 0.090556 0.382683 0.919430
v 0.092288 0.336890 0.937010
v 0.093796 0.290285 0.952332
v 0.095080 0.242980 0.965360
v 0.096134 0.195090 0.976062
v 0.096956 0.146730 0.984413
v 0.097545 0.098017 0.990392
v 0.097899 0.049068 0.993986
v 0.098017 0.000000 0.995185
v 0.097899 -0.049068 0.993986
v 0.097545 -0.098017 0.990392
v 0.096956 -0.146730 0.984413
v 0.096134 -0.195090 0.976062
v 0.095080 -0.242980 0.965360
v 0.093796 -0.290285 0.952332
v 0.092288 -0.336890 0.937010
v 0.090556 -0.382683 0.919430
v 0.088606 -0.427555 0.899636
v 0.086443 -0.471397 0.877674
v 0.084072 -0.514103 0.853598
v 0.081498 -0.555570 0.827466
v 0.078728 -0.595699 0.799340
v 0.075768 -0.634393 0.769288
v 0.072626 -0.671559 0.737383
v 0.069308 -0.707107 0.703702
v 0.065824 -0.740951 0.668325
v 0.062181 -0.773010 0.631338
v 0.058389 -0.803208 0.592831
v 0.054455 -0.831470 0.552895
v 0.050391 -0.857729 0.511627
v 0.046205 -0.881921 0.469127
v 0.041908 -0.903989 0.425496
v 0.037510 -0.923880 0.380841
v 0.033021 -0.941544 0.335268
v 0.028453 -0.956940 0.288887
v 0.023816 -0.970031 0.241810
v 0.019122 -0.980785 0.194151
v 0.014382 -0.989177 0.146024
v 0.009607 -0.995185 0.097545
v 0.004809 -0.998795 0.048831
v -0.000000 0.998795 0.049068
v -0.000000 0.995185 0.098017
v 0.000000 0.989177 0.146730
v 0.000000 0.980785 0.195090
v -0.000000 0.970031 0.242980
v -0.000000 0.956940 0.290285
v -0.000000 0.941544 0.336890
v -0.000000 0.923880 0.382683
v 0.000000 0.903989 0.427555
v -0.000000 0.881921 0.471397
v -0.000000 0.857729 0.514102
v 0.000000 0.831470 0.555571
v -0.000000 0.803208 0.595699
v 0.000000 0.773010 0.634393
v 0.000000 0.740951 0.671559
v -0.000000 0.707107 0.707107
v -0.000000 0.671559 0.740951
v 0.000000 0.634393 0.773010
v -0.000000 0.595699 0.803207
v 0.000000 0.555570 0.831470
v -0.000000 0.514103 0.857728
v -0.000000 0.471397 0.881921
v -0.000000 0.427555 0.903989
v -0.000000 0.382683 0.923879
v 0.000000 0.336890 0.941544
v -0.000000 0.290285 0.956940
v -0.000000 0.242980 0.970031
v -0.000000 0.195090 0.980785
v 0.000000 0.146730 0.989176
v -0.000000 0.098017 0.995184
v -0.000000 0.049068 0.998795
v -0.000000 0.000000 1.000000
v -0.000000 -0.049068 0.998795
v -0.000000 -0.098017 0.995184
v 0.000000 -0.146730 0.989176
v -0.000000 -0.195090 0.980785
v -0.000000 -0.242980 0.970031
v -0.000000 -0.290285 0.956940
v 0.000000 -0.336890 0.941544
v -0.000000 -0.382683 0.923879
v -0.000000 -0.427555 0.903989
v -0.000000 -0.471397 0.881921
v -0.000000 -0.514103 0.857728
v 0.000000 -0.555570 0.831470
v -0.000000 -0.595699 0.803207
v 0.000000 -0.634393 0.773010
v -0.000000 -0.671559 0.740951
v -0.000000 -0.707107 0.707107
v 0.000000 -0.740951 0.671559
v 0.000000 -0.773010 0.634393
v -0.000000 -0.803208 0.595699
v 0.000000 -0.831470 0.555571
v -0.000000 -0.857729 0.514102
v -0.000000 -0.881921 0.471397
v 0.000000 -0.903989 0.427555
v -0.000000 -0.923880 0.382683
v -0.000000 -0.941544 0.336890
v -0.000000 -0.956940 0.290285
v -0.000000 -0.970031 0.242980
v 0.000000 -0.980785 0.195090
v 0.000000 -0.989177 0.146730
v -0.000000 -0.995185 0.098017
v -0.000000 -0.998795 0.049068
v -0.004809 0.998795 0.048831
v -0.009607 0.995185 0.097545
v -0.014382 0.989177 0.146024
v -0.019122 0.980785 0.194151
v -0.023816 0.970031 0.241810
v -0.028453 0.956940 0.288887
v -0.033021 0.941544 0.335268
v -0.037510 0.923880 0.380840
v -0.041908 0.903989 0.425496
v -0.046205 0.881921 0.469127
v -0.050391 0.857729 0.511627
v -0.054455 0.831470 0.552895
v -0.058389 0.803208 0.592831
v -0.062181 0.773010 0.631338
v -0.065824 0.740951 0.668325
v -0.069309 0.707107 0.703702
v -0.072626 0.671559 0.737383
v -0.075768 0.634393 0.769288
v -0.078728 0.595699 0.799340
v -0.081498 0.555570 0.827466
v -0.084072 0.514103 0.853598
v -0.086443 0.471397 0.877674
v -0.088606 0.427555 0.899636
v -0.090556 0.382683 0.919430
v -0.092287 0.336890 0.937010
v -0.093797 0.290285 0.952332
v -0.095080 0.242980 0.965360
v -0.096134 0.195090 0.976062
v -0.096956 0.146730 0.984413
v -0.097545 0.098017 0.990392
v -0.097899 0.049068 0.993986
v -0.098017 0.000000 0.995184
v -0.097899 -0.049068 0.993986
v -0.097545 -0.098017 0.990392
v -0.096956 -0.146730 0.984413
v -0.096134 -0.195090 0.976062
v -0.095080 -0.242980 0.965360
v -0.093797 -0.290285 0.952332
v -0.092287 -0.336890 0.937010
v -0.090556 -0.382683 0.919430
v -0.088606 -0.427555 0.899636
v -0.086443 -0.471397 0.877674
v -0.084072 -0.514103 0.853598
v -0.081498 -0.555570 0.827466
v -0.078728 -0.595699 0.799340
v -0.075768 -0.634393 0.769288
v -0.072626 -0.671559 0.737383
v -0.069309 -0.707107 0.703702
v -0.065824 -0.740951 0.668325
v -0.062181 -0.773010 0.631338
v -0.058389 -0.803208 0.592831
v -0.054455 -0.831470 0.552895
v -0.050391 -0.857729 0.511627
v -0.046205 -0.881921 0.469127
v -0.041908 -0.903989 0.425496
v -0.037510 -0.923880 0.380840
v -0.033021 -0.941544 0.335268
v -0.028453 -0.956940 0.288887
v -0.023816 -0.970031 0.241810
v -0.019122 -0.980785 0.194151
v -0.014382 -0.989177 0.146024
v -0.009607 -0.995185 0.097545
v -0.004809 -0.998795 0.048831
v -0.009573 0.998795 0.048125
v -0.019122 0.995185 0.096134
v -0.028626 0.989177 0.143911
v -0.038060 0.980785 0.191342
v -0.047403 0.970031 0.238311
v -0.056632 0.956940 0.284707
v -0.065724 0.941544 0.330417
v -0.074658 0.923880 0.375330
v -0.083412 0.903989 0.419340
v -0.091965 0.881921 0.462339
v -0.100296 0.857729 0.504224
v -0.108386 0.831470 0.544895
v -0.116215 0.803208 0.584253
v -0.123764 0.773010 0.622204
v -0.131015 0.740951 0.658655
v -0.137950 0.707107 0.693520
v -0.144552 0.671559 0.726714
v -0.150807 0.634393 0.758157
v -0.156698 0.595699 0.787774
v -0.162212 0.555570 0.815493
v -0.167335 0.514103 0.841247
v -0.172054 0.471397 0.864975
v -0.176360 0.427555 0.886619
v -0.180240 0.382683 0.906127
v -0.183686 0.336890 0.923452
v -0.186690 0.290285 0.938553
v -0.189244 0.242980 0.951392
v -0.191342 0.195090 0.961940
v -0.192979 0.146730 0.970169
v -0.194151 0.098017 0.976062
v -0.194855 0.049068 0.979604
v -0.195090 0.000000 0.980785
v -0.194855 -0.049068 0.979604
v -0.194151 -0.098017 0.976062
v -0.192979 -0.146730 0.970169
v -0.191342 -0.195090 0.961940
v -0.189244 -0.242980 0.951392
v -0.186690 -0.290285 0.938553
v -0.183686 -0.336890 0.923452
v -0.180240 -0.382683 0.906127
v -0.176360 -0.427555 0.886619
v -0.172054 -0.471397 0.864975
v -0.167335 -0.514103 0.841247
v -0.162212 -0.555570 0.815493
v -0.156698 -0.595699 0.787774
v -0.150807 -0.634393 0.758157
v -0.144552 -0.671559 0.726714
v -0.137950 -0.707107 0.693520
v -0.131015 -0.740951 0.658655
v -0.123764 -0.773010 0.622204
v -0.116215 -0.803208 0.584253
v -0.108386 -0.831470 0.544895
v -0.100296 -0.857729 0.504224
v -0.091965 -0.881921 0.462339
v -0.083412 -0.903989 0.419340
v -0.074658 -0.923880 0.375330
v -0.065724 -0.941544 0.330417
v -0.056632 -0.956940 0.284707
v -0.047403 -0.970031 0.238311
v -0.038060 -0.980785 0.191342
v -0.028626 -0.989177 0.143911
v -0.019122 -0.995185 0.096134
v -0.009573 -0.998795 0.048125
v -0.014244 0.998795 0.046955
v -0.028453 0.995185 0.093797
v -0.042594 0.989177 0.140412
v -0.056632 0.980785 0.186690
v -0.070533 0.970031 0.232517
v -0.084265 0.956940 0.277785
v -0.097794 0.941544 0.322383
v -0.111087 0.923880 0.366205
v -0.124113 0.903989 0.409145
v -0.136839 0.881921 0.451098
v -0.149236 0.857729 0.491965
v -0.161274 0.831470 0.531648
v -0.172922 0.803208 0.570048
v -0.184155 0.773010 0.607076
v -0.194943 0.740951 0.642642
v -0.205262 0.707107 0.676659
v -0.215087 0.671559 0.709046
v -0.224393 0.634393 0.739725
v -0.233159 0.595699 0.768621
v -0.241363 0.555570 0.795667
v -0.248985 0.514103 0.820795
v -0.256008 0.471397 0.843946
v -0.262414 0.427555 0.865064
v -0.268188 0.382683 0.884097
v -0.273316 0.336890 0.901001
v -0.277785 0.290285 0.915735
v -0.281585 0.242980 0.928261
v -0.284707 0.195090 0.938553
v -0.287143 0.146730 0.946582
v -0.288887 0.098017 0.952332
v -0.289935 0.049068 0.955787
v -0.290285 0.000000 0.956940
v -0.289935 -0.049068 0.955787
v -0.288887 -0.098017 0.952332
v -0.287143 -0.146730 0.946582
v -0.284707 -0.195090 0.938553
v -0.281585 -0.242980 0.928261
v -0.277785 -0.290285 0.915735
v -0.273316 -0.336890 0.901001
v -0.268188 -0.382683 0.884097
v -0.262414 -0.427555 0.865064
v -0.256008 -0.471397 0.843946
v -0.248985 -0.514103 0.820795
v -0.241363 -0.555570 0.795667
v -0.233159 -0.595699 0.768621
v -0.224393 -0.634393 0.739725
v -0.215087 -0.671559 0.709046
v -0.205262 -0.707107 0.676659
v -0.194943 -0.740951 0.642642
v -0.184155 -0.773010 0.607076
v -0.172922 -0.803208 0.570048
v -0.161274 -0.831470 0.531648
v -0.149236 -0.857729 0.491965
v -0.136839 -0.881921 0.451098
v -0.124113 -0.903989 0.409145
v -0.111087 -0.923880 0.366205
v -0.097794 -0.941544 0.322383
v -0.084265 -0.956940 0.277785
v -0.070533 -0.970031 0.232517
v -0.056632 -0.980785 0.186690
v -0.042594 -0.989177 0.140412
v -0.028453 -0.995185 0.093797
v -0.014244 -0.998795 0.046955
v -0.018777 0.998795 0.045333
v -0.037510 0.995185 0.090556
v -0.056151 0.989177 0.135561
v -0.074658 0.980785 0.180240
v -0.092984 0.970031 0.224484
v -0.111087 0.956940 0.268188
v -0.128922 0.941544 0.311246
v -0.146447 0.923880 0.353553
v -0.163618 0.903989 0.395010
v -0.180396 0.881921 0.435514
v -0.196739 0.857729 0.474969
v -0.212608 0.831470 0.513280
v -0.227964 0.803208 0.550354
v -0.242772 0.773010 0.586103
v -0.256994 0.740951 0.620439
v -0.270598 0.707107 0.653281
v -0.283550 0.671559 0.684549
v -0.295818 0.634393 0.714168
v -0.307374 0.595699 0.742067
v -0.318190 0.555570 0.768178
v -0.328238 0.514103 0.792438
v -0.337497 0.471397 0.814789
v -0.345942 0.427555 0.835177
v -0.353553 0.382683 0.853553
v -0.360313 0.336890 0.869873
v -0.366205 0.290285 0.884097
v -0.371215 0.242980 0.896191
v -0.375330 0.195090 0.906127
v -0.378541 0.146730 0.913879
v -0.380841 0.098017 0.919430
v -0.382222 0.049068 0.922766
v -0.382684 0.000000 0.923879
v -0.382222 -0.049068 0.922766
v -0.380841 -0.098017 0.919430
v -0.378541 -0.146730 0.913879
v -0.375330 -0.195090 0.906127
v -0.371215 -0.242980 0.896191
v -0.366205 -0.290285 0.884097
v -0.360313 -0.336890 0.869873
v -0.353553 -0.382683 0.853553
v -0.345942 -0.427555 0.835177
v -0.337497 -0.471397 0.814789
v -0.328238 -0.514103 0.792438
v -0.318190 -0.555570 0.768178
v -0.307374 -0.595699 0.742067
v -0.295818 -0.634393 0.714168
v -0.283550 -0.671559 0.684549
v -0.270598 -0.707107 0.653281
v -0.256994 -0.740951 0.620439
v -0.242772 -0.773010 0.586103
v -0.227964 -0.803208 0.550354
v -0.212608 -0.831470 0.513280
v -0.196739 -0.857729 0.474969
v -0.180396 -0.881921 0.435514
v -0.163618 -0.903989 0.395010
v -0.146447 -0.923880 0.353553
v -0.128922 -0.941544 0.311246
v -0.111087 -0.956940 0.268188
v -0.092984 -0.970031 0.224484
v -0.074658 -0.980785 0.180240
v -0.056151 -0.989177 0.135561
v -0.037510 -0.995185 0.090556
v -0.018777 -0.998795 0.045333
v -0.023130 0.998795 0.043274
v -0.046205 0.995185 0.086443
v -0.069168 0.989177 0.129405
v -0.091965 0.980785 0.172054
v -0.114540 0.970031 0.214289
v -0.136839 0.956940 0.256008
v -0.158809 0.941544 0.297110
v -0.180396 0.923880 0.337496
v -0.201548 0.903989 0.377070
v -0.222215 0.881921 0.415735
v -0.242346 0.857729 0.453398
v -0.261894 0.831470 0.489970
v -0.280811 0.803208 0.525360
v -0.299051 0.773010 0.559485
v -0.316571 0.740951 0.592262
v -0.333328 0.707107 0.623612
v -0.349282 0.671559 0.653460
v -0.364394 0.634393 0.681734
v -0.378629 0.595699 0.708365
v -0.391952 0.555570 0.733291
v -0.404330 0.514103 0.756449
v -0.415735 0.471397 0.777785
v -0.426138 0.427555 0.797247
v -0.435514 0.382683 0.814789
v -0.443841 0.336890 0.830368
v -0.451099 0.290285 0.843946
v -0.457269 0.242980 0.855491
v -0.462339 0.195090 0.864975
v -0.466294 0.146730 0.872375
v -0.469127 0.098017 0.877674
v -0.470829 0.049068 0.880859
v -0.471397 0.000000 0.881921
v -0.470829 -0.049068 0.880859
v -0.469127 -0.098017 0.877674
v -0.466294 -0.146730 0.872375
v -0.462339 -0.195090 0.864975
v -0.457269 -0.242980 0.855491
v -0.451099 -0.290285 0.843946
v -0.443841 -0.336890 0.830368
v -0.435514 -0.382683 0.814789
v -0.426138 -0.427555 0.797247
v -0.415735 -0.471397 0.777785
v -0.404330 -0.514103 0.756449
v -0.391952 -0.555570 0.733291
v -0.378629 -0.595699 0.708365
v -0.364394 -0.634393 0.681734
v -0.349282 -0.671559 0.653460
v -0.333328 -0.707107 0.623612
v -0.316571 -0.740951 0.592262
v -0.299051 -0.773010 0.559485
v -0.280811 -0.803208 0.525360
v -0.261894 -0.831470 0.489970
v -0.242346 -0.857729 0.453398
v -0.222215 -0.881921 0.415735
v -0.201548 -0.903989 0.377070
v -0.180396 -0.923880 0.337496
v -0.158809 -0.941544 0.297110
v -0.136839 -0.956940 0.256008
v -0.114540 -0.970031 0.214289
v -0.091965 -0.980785 0.172054
v -0.069168 -0.989177 0.129405
v -0.046205 -0.995185 0.086443
v -0.023130 -0.998795 0.043274
v -0.027261 0.998795 0.040798
v -0.054455 0.995185 0.081498
v -0.081519 0.989177 0.122002
v -0.108386 0.980785 0.162212
v -0.134993 0.970031 0.202031
v -0.161274 0.956940 0.241363
v -0.187166 0.941544 0.280114
v -0.212607 0.923880 0.318189
v -0.237537 0.903989 0.355499
v -0.261894 0.881921 0.391952
v -0.285620 0.857729 0.427460
v -0.308658 0.831470 0.461940
v -0.330953 0.803208 0.495306
v -0.352450 0.773010 0.527479
v -0.373098 0.740951 0.558381
v -0.392848 0.707107 0.587938
v -0.411650 0.671559 0.616078
v -0.429461 0.634393 0.642735
v -0.446238 0.595699 0.667842
v -0.461940 0.555570 0.691342
v -0.476528 0.514103 0.713175
v -0.489969 0.471397 0.733290
v -0.502230 0.427555 0.751640
v -0.513280 0.382683 0.768177
v -0.523094 0.336890 0.782865
v -0.531648 0.290285 0.795667
v -0.538920 0.242980 0.806551
v -0.544895 0.195090 0.815493
v -0.549557 0.146730 0.822469
v -0.552895 0.098017 0.827466
v -0.554901 0.049068 0.830468
v -0.555570 0.000000 0.831469
v -0.554901 -0.049068 0.830468
v -0.552895 -0.098017 0.827466
v -0.549557 -0.146730 0.822469
v -0.544895 -0.195090 0.815493
v -0.538920 -0.242980 0.806551
v -0.531648 -0.290285 0.795667
v -0.523094 -0.336890 0.782865
v -0.513280 -0.382683 0.768177
v -0.502230 -0.427555 0.751640
v -0.489969 -0.471397 0.733290
v -0.476528 -0.514103 0.713175
v -0.461940 -0.555570 0.691342
v -0.446238 -0.595699 0.667842
v -0.429461 -0.634393 0.642735
v -0.411650 -0.671559 0.616078
v -0.392848 -0.707107 0.587938
v -0.373098 -0.740951 0.558381
v -0.352450 -0.773010 0.527479
v -0.330953 -0.803208 0.495306
v -0.308658 -0.831470 0.461940
v -0.285620 -0.857729 0.427460
v -0.261894 -0.881921 0.391952
v -0.237537 -0.903989 0.355499
v -0.212607 -0.923880 0.318189
v -0.187166 -0.941544 0.280114
v -0.161274 -0.956940 0.241363
v -0.134993 -0.970031 0.202031
v -0.108386 -0.980785 0.162212
v -0.081519 -0.989177 0.122002
v -0.054455 -0.995185 0.081498
v -0.027261 -0.998795 0.040798
v -0.031128 0.998795 0.037930
v -0.062181 0.995185 0.075768
v -0.093085 0.989177 0.113424
v -0.123764 0.980785 0.150807
v -0.154145 0.970031 0.187826
v -0.184155 0.956940 0.224393
v -0.213721 0.941544 0.260419
v -0.242772 0.923880 0.295818
v -0.271238 0.903989 0.330505
v -0.299051 0.881921 0.364394
v -0.326143 0.857729 0.397406
v -0.352450 0.831470 0.429462
v -0.377908 0.803208 0.460482
v -0.402455 0.773010 0.490393
v -0.426032 0.740951 0.519122
v -0.448584 0.707107 0.546601
v -0.470054 0.671559 0.572763
v -0.490392 0.634393 0.597545
v -0.509549 0.595699 0.620888
v -0.527479 0.555570 0.642735
v -0.544137 0.514103 0.663033
v -0.559485 0.471397 0.681734
v -0.573485 0.427555 0.698793
v -0.586103 0.382683 0.714168
v -0.597309 0.336890 0.727823
v -0.607077 0.290285 0.739725
v -0.615381 0.242980 0.749844
v -0.622204 0.195090 0.758157
v -0.627526 0.146730 0.764643
v -0.631338 0.098017 0.769288
v -0.633629 0.049068 0.772079
v -0.634393 0.000000 0.773010
v -0.633629 -0.049068 0.772079
v -0.631338 -0.098017 0.769288
v -0.627526 -0.146730 0.764643
v -0.622204 -0.195090 0.758157
v -0.615381 -0.242980 0.749844
v -0.607077 -0.290285 0.739725
v -0.597309 -0.336890 0.727823
v -0.586103 -0.382683 0.714168
v -0.573485 -0.427555 0.698793
v -0.559485 -0.471397 0.681734
v -0.544137 -0.514103 0.663033
v -0.527479 -0.555570 0.642735
v -0.509549 -0.595699 0.620888
v -0.490392 -0.634393 0.597545
v -0.470054 -0.671559 0.572763
v -0.448584 -0.707107 0.546601
v -0.426032 -0.740951 0.519122
v -0.402455 -0.773010 0.490393
v -0.377908 -0.803208 0.460482
v -0.352450 -0.831470 0.429462
v -0.326143 -0.857729 0.397406
v -0.299051 -0.881921 0.364394
v -0.271238 -0.903989 0.330505
v -0.242772 -0.923880 0.295818
v -0.213721 -0.941544 0.260419
v -0.184155 -0.956940 0.224393
v -0.154145 -0.970031 0.187826
v -0.123764 -0.980785 0.150807
v -0.093085 -0.989177 0.113424
v -0.062181 -0.995185 0.075768
v -0.031128 -0.998795 0.037930
v -0.034696 0.998795 0.034696
v -0.069309 0.995185 0.069309
v -0.103754 0.989177 0.103754
v -0.137950 0.980785 0.137950
v -0.171813 0.970031 0.171813
v -0.205262 0.956940 0.205262
v -0.238217 0.941544 0.238217
v -0.270598 0.923880 0.270598
v -0.302327 0.903989 0.302327
v -0.333328 0.881921 0.333328
v -0.363525 0.857729 0.363525
v -0.392848 0.831470 0.392848
v -0.421223 0.803208 0.421223
v -0.448584 0.773010 0.448584
v -0.474864 0.740951 0.474864
v -0.500000 0.707107 0.500000
v -0.523931 0.671559 0.523931
v -0.546601 0.634393 0.546601
v -0.567953 0.595699 0.567953
v -0.587938 0.555570 0.587938
v -0.606506 0.514103 0.606506
v -0.623612 0.471397 0.623612
v -0.639217 0.427555 0.639217
v -0.653281 0.382683 0.653281
v -0.665772 0.336890 0.665772
v -0.676659 0.290285 0.676659
v -0.685915 0.242980 0.685915
v -0.693520 0.195090 0.693520
v -0.699453 0.146730 0.699453
v -0.703702 0.098017 0.703702
v -0.706255 0.049068 0.706255
v -0.707107 0.000000 0.707106
v -0.706255 -0.049068 0.706255
v -0.703702 -0.098017 0.703702
v -0.699453 -0.146730 0.699453
v -0.693520 -0.195090 0.693520
v -0.685915 -0.242980 0.685915
v -0.676659 -0.290285 0.676659
v -0.665772 -0.336890 0.665772
v -0.653281 -0.382683 0.653281
v -0.639217 -0.427555 0.639217
v -0.623612 -0.471397 0.623612
v -0.606506 -0.514103 0.606506
v -0.587938 -0.555570 0.587938
v -0.567953 -0.595699 0.567953
v -0.546601 -0.634393 0.546601
v -0.523931 -0.671559 0.523931
v -0.500000 -0.707107 0.500000
v -0.474864 -0.740951 0.474864
v -0.448584 -0.773010 0.448584
v -0.421223 -0.803208 0.421223
v -0.392848 -0.831470 0.392848
v -0.363525 -0.857729 0.363525
v -0.333328 -0.881921 0.333328
v -0.302327 -0.903989 0.302327
v -0.270598 -0.923880 0.270598
v -0.238217 -0.941544 0.238217
v -0.205262 -0.956940 0.205262
v -0.171813 -0.970031 0.171813
v -0.137950 -0.980785 0.137950
v -0.103754 -0.989177 0.103754
v -0.069309 -0.995185 0.069309
v -0.034696 -0.998795 0.034696
v -0.037930 0.998795 0.031128
v -0.075768 0.995185 0.062181
v -0.113424 0.989177 0.093085
v -0.150807 0.980785 0.123764
v -0.187826 0.970031 0.154145
v -0.224393 0.956940 0.184155
v -0.260419 0.941544 0.213721
v -0.295818 0.923880 0.242772
v -0.330505 0.903989 0.271238
v -0.364394 0.881921 0.299051
v -0.397407 0.857729 0.326143
v -0.429462 0.831470 0.352450
v -0.460482 0.803208 0.377907
v -0.490393 0.773010 0.402455
v -0.519122 0.740951 0.426032
v -0.546601 0.707107 0.448584
v -0.572763 0.671559 0.470054
v -0.597545 0.634393 0.490393
v -0.620888 0.595699 0.509549
v -0.642735 0.555570 0.527479
v -0.663033 0.514103 0.544137
v -0.681734 0.471397 0.559485
v -0.698793 0.427555 0.573485
v -0.714168 0.382683 0.586103
v -0.727823 0.336890 0.597309
v -0.739725 0.290285 0.607076
v -0.749844 0.242980 0.615381
v -0.758157 0.195090 0.622203
v -0.764643 0.146730 0.627526
v -0.769288 0.098017 0.631338
v -0.772079 0.049068 0.633629
v -0.773010 0.000000 0.634393
v -0.772079 -0.049068 0.633629
v -0.769288 -0.098017 0.631338
v -0.764643 -0.146730 0.627526
v -0.758157 -0.195090 0.622203
v -0.749844 -0.242980 0.615381
v -0.739725 -0.290285 0.607076
v -0.727823 -0.336890 0.597309
v -0.714168 -0.382683 0.586103
v -0.698793 -0.427555 0.573485
v -0.681734 -0.471397 0.559485
v -0.663033 -0.514103 0.544137
v -0.642735 -0.555570 0.527479
v -0.620888 -0.595699 0.509549
v -0.597545 -0.634393 0.490393
v -0.572763 -0.671559 0.470054
v -0.546601 -0.707107 0.448584
v -0.519122 -0.740951 0.426032
v -0.490393 -0.773010 0.402455
v -0.460482 -0.803208 0.377907
v -0.429462 -0.831470 0.352450
v -0.397407 -0.857729 0.326143
v -0.364394 -0.881921 0.299051
v -0.330505 -0.903989 0.271238
v -0.295818 -0.923880 0.242772
v -0.260419 -0.941544 0.213721
v -0.224393 -0.956940 0.184155
v -0.187826 -0.970031 0.154145
v -0.150807 -0.980785 0.123764
v -0.113424 -0.989177 0.093085
v -0.075768 -0.995185 0.062181
v -0.037930 -0.998795 0.031128
v -0.040798 0.998795 0.027261
v -0.081498 0.995185 0.054455
v -0.122002 0.989177 0.081519
v -0.162212 0.980785 0.108386
v -0.202031 0.970031 0.134992
v -0.241363 0.956940 0.161274
v -0.280114 0.941544 0.187166
v -0.318189 0.923880 0.212607
v -0.355499 0.903989 0.237537
v -0.391952 0.881921 0.261894
v -0.427460 0.857729 0.285620
v -0.461940 0.831470 0.308659
v -0.495306 0.803208 0.330953
v -0.527479 0.773010 0.352450
v -0.558381 0.740951 0.373098
v -0.587938 0.707107 0.392847
v -0.616078 0.671559 0.411650
v -0.642734 0.634393 0.429462
v -0.667842 0.595699 0.446238
v -0.691342 0.555570 0.461940
v -0.713175 0.514103 0.476528
v -0.733290 0.471397 0.489969
v -0.751640 0.427555 0.502230
v -0.768177 0.382683 0.513280
v -0.782865 0.336890 0.523094
v -0.795667 0.290285 0.531647
v -0.806551 0.242980 0.538920
v -0.815493 0.195090 0.544895
v -0.822470 0.146730 0.549556
v -0.827466 0.098017 0.552895
v -0.830468 0.049068 0.554901
v -0.831470 0.000000 0.555570
v -0.830468 -0.049068 0.554901
v -0.827466 -0.098017 0.552895
v -0.822470 -0.146730 0.549556
v -0.815493 -0.195090 0.544895
v -0.806551 -0.242980 0.538920
v -0.795667 -0.290285 0.531647
v -0.782865 -0.336890 0.523094
v -0.768177 -0.382683 0.513280
v -0.751640 -0.427555 0.502230
v -0.733290 -0.471397 0.489969
v -0.713175 -0.514103 0.476528
v -0.691342 -0.555570 0.461940
v -0.667842 -0.595699 0.446238
v -0.642734 -0.634393 0.429462
v -0.616078 -0.671559 0.411650
v -0.587938 -0.707107 0.392847
v -0.558381 -0.740951 0.373098
v -0.527479 -0.773010 0.352450
v -0.495306 -0.803208 0.330953
v -0.461940 -0.831470 0.308659
v -0.427460 -0.857729 0.285620
v -0.391952 -0.881921 0.261894
v -0.355499 -0.903989 0.237537
v -0.318189 -0.923880 0.212607
v -0.280114 -0.941544 0.187166
v -0.241363 -0.956940 0.161274
v -0.202031 -0.970031 0.134992
v -0.162212 -0.980785 0.108386
v -0.122002 -0.989177 0.081519
v -0.081498 -0.995185 0.054455
v -0.040798 -0.998795 0.027261
v -0.043274 0.998795 0.023130
v -0.086443 0.995185 0.046205
v -0.129405 0.989177 0.069168
v -0.172054 0.980785 0.091965
v -0.214289 0.970031 0.114540
v -0.256008 0.956940 0.136839
v -0.297110 0.941544 0.158809
v -0.337496 0.923880 0.180396
v -0.377070 0.903989 0.201548
v -0.415735 0.881921 0.222215
v -0.453398 0.857729 0.242346
v -0.489969 0.831470 0.261894
v -0.525360 0.803208 0.280810
v -0.559485 0.773010 0.299051
v -0.592262 0.740951 0.316571
v -0.623612 0.707107 0.333328
v -0.653460 0.671559 0.349282
v -0.681734 0.634393 0.364395
v -0.708365 0.595699 0.378629
v -0.733291 0.555570 0.391952
v -0.756449 0.514103 0.404330
v -0.777785 0.471397 0.415735
v -0.797247 0.427555 0.426138
v -0.814789 0.382683 0.435513
v -0.830367 0.336890 0.443841
v -0.843946 0.290285 0.451098
v -0.855491 0.242980 0.457269
v -0.864975 0.195090 0.462339
v -0.872375 0.146730 0.466294
v -0.877674 0.098017 0.469127
v -0.880859 0.049068 0.470829
v -0.881921 0.000000 0.471396
v -0.880859 -0.049068 0.470829
v -0.877674 -0.098017 0.469127
v -0.872375 -0.146730 0.466294
v -0.864975 -0.195090 0.462339
v -0.855491 -0.242980 0.457269
v -0.843946 -0.290285 0.451098
v -0.830367 -0.336890 0.443841
v -0.814789 -0.382683 0.435513
v -0.797247 -0.427555 0.426138
v -0.777785 -0.471397 0.415735
v -0.756449 -0.514103 0.404330
v -0.733291 -0.555570 0.391952
v -0.708365 -0.595699 0.378629
v -0.681734 -0.634393 0.364395
v -0.653460 -0.671559 0.349282
v -0.623612 -0.707107 0.333328
v -0.592262 -0.740951 0.316571
v -0.559485 -0.773010 0.299051
v -0.525360 -0.803208 0.280810
v -0.489969 -0.831470 0.261894
v -0.453398 -0.857729 0.242346
v -0.415735 -0.881921 0.222215
v -0.377070 -0.903989 0.201548
v -0.337496 -0.923880 0.180396
v -0.297110 -0.941544 0.158809
v -0.256008 -0.956940 0.136839
v -0.214289 -0.970031 0.114540
v -0.172054 -0.980785 0.091965
v -0.129405 -0.989177 0.069168
v -0.086443 -0.995185 0.046205
v -0.043274 -0.998795 0.023130
v -0.045333 0.998795 0.018777
v -0.090556 0.995185 0.037509
v -0.135561 0.989177 0.056151
v -0.180240 0.980785 0.074658
v -0.224484 0.970031 0.092984
v -0.268188 0.956940 0.111087
v -0.311246 0.941544 0.128922
v -0.353553 0.923880 0.146446
v -0.395010 0.903989 0.163618
v -0.435514 0.881921 0.180396
v -0.474969 0.857729 0.196738
v -0.513280 0.831470 0.212608
v -0.550354 0.803208 0.227964
v -0.586103 0.773010 0.242772
v -0.620439 0.740951 0.256994
v -0.653281 0.707107 0.270598
v -0.684549 0.671559 0.283550
v -0.714168 0.634393 0.295818
v -0.742067 0.595699 0.307374
v -0.768178 0.555570 0.318190
v -0.792438 0.514103 0.328238
v -0.814789 0.471397 0.337496
v -0.835177 0.427555 0.345942
v -0.853553 0.382683 0.353553
v -0.869873 0.336890 0.360313
v -0.884098 0.290285 0.366205
v -0.896191 0.242980 0.371214
v -0.906127 0.195090 0.375330
v -0.913879 0.146730 0.378541
v -0.919431 0.098017 0.380840
v -0.922766 0.049068 0.382222
v -0.923879 0.000000 0.382683
v -0.922766 -0.049068 0.382222
v -0.919431 -0.098017 0.380840
v -0.913879 -0.146730 0.378541
v -0.906127 -0.195090 0.375330
v -0.896191 -0.242980 0.371214
v -0.884098 -0.290285 0.366205
v -0.869873 -0.336890 0.360313
v -0.853553 -0.382683 0.353553
v -0.835177 -0.427555 0.345942
v -0.814789 -0.471397 0.337496
v -0.792438 -0.514103 0.328238
v -0.768178 -0.555570 0.318190
v -0.742067 -0.595699 0.307374
v -0.714168 -0.634393 0.295818
v -0.684549 -0.671559 0.283550
v -0.653281 -0.707107 0.270598
v -0.620439 -0.740951 0.256994
v -0.586103 -0.773010 0.242772
v -0.550354 -0.803208 0.227964
v -0.513280 -0.831470 0.212608
v -0.474969 -0.857729 0.196738
v -0.435514 -0.881921 0.180396
v -0.395010 -0.903989 0.163618
v -0.353553 -0.923880 0.146446
v -0.311246 -0.941544 0.128922
v -0.268188 -0.956940 0.111087
v -0.224484 -0.970031 0.092984
v -0.180240 -0.980785 0.074658
v -0.135561 -0.989177 0.056151
v -0.090556 -0.995185 0.037509
v -0.045333 -0.998795 0.018777
v -0.046955 0.998795 0.014244
v -0.093796 0.995185 0.028453
v -0.140412 0.989177 0.042594
v -0.186690 0.980785 0.056632
v -0.232517 0.970031 0.070533
v -0.277785 0.956940 0.084265
v -0.322383 0.941544 0.097794
v -0.366205 0.923880 0.111087
v -0.409145 0.903989 0.124113
v -0.451098 0.881921 0.136839
v -0.491965 0.857729 0.149236
v -0.531648 0.831470 0.161274
v -0.570048 0.803208 0.172922
v -0.607076 0.773010 0.184155
v -0.642642 0.740951 0.194943
v -0.676659 0.707107 0.205262
v -0.709046 0.671559 0.215087
v -0.739725 0.634393 0.224393
v -0.768621 0.595699 0.233159
v -0.795667 0.555570 0.241363
v -0.820795 0.514103 0.248985
v -0.843946 0.471397 0.256008
v -0.865064 0.427555 0.262414
v -0.884097 0.382683 0.268188
v -0.901001 0.336890 0.273316
v -0.915735 0.290285 0.277785
v -0.928261 0.242980 0.281585
v -0.938553 0.195090 0.284707
v -0.946582 0.146730 0.287142
v -0.952332 0.098017 0.288887
v -0.955787 0.049068 0.289935
v -0.956940 0.000000 0.290284
v -0.955787 -0.049068 0.289935
v -0.952332 -0.098017 0.288887
v -0.946582 -0.146730 0.287142
v -0.938553 -0.195090 0.284707
v -0.928261 -0.242980 0.281585
v -0.915735 -0.290285 0.277785
v -0.901001 -0.336890 0.273316
v -0.884097 -0.382683 0.268188
v -0.865064 -0.427555 0.262414
v -0.843946 -0.471397 0.256008
v -0.820795 -0.514103 0.248985
v -0.795667 -0.555570 0.241363
v -0.768621 -0.595699 0.233159
v -0.739725 -0.634393 0.224393
v -0.709046 -0.671559 0.215087
v -0.676659 -0.707107 0.205262
v -0.642642 -0.740951 0.194943
v -0.607076 -0.773010 0.184155
v -0.570048 -0.803208 0.172922
v -0.531648 -0.831470 0.161274
v -0.491965 -0.857729 0.149236
v -0.451098 -0.881921 0.136839
v -0.409145 -0.903989 0.124113
v -0.366205 -0.923880 0.111087
v -0.322383 -0.941544 0.097794
v -0.277785 -0.956940 0.084265
v -0.232517 -0.970031 0.070533
v -0.186690 -0.980785 0.056632
v -0.140412 -0.989177 0.042594
v -0.093796 -0.995185 0.028453
v -0.046955 -0.998795 0.014244
v -0.048125 0.998795 0.009573
v -0.096134 0.995185 0.019122
v -0.143911 0.989177 0.028626
v -0.191342 0.980785 0.038060
v -0.238311 0.970031 0.047403
v -0.284707 0.956940 0.056632
v -0.330417 0.941544 0.065724
v -0.375330 0.923880 0.074658
v -0.419340 0.903989 0.083412
v -0.462339 0.881921 0.091965
v -0.504224 0.857729 0.100296
v -0.544895 0.831470 0.108386
v -0.584253 0.803208 0.116215
v -0.622204 0.773010 0.123764
v -0.658655 0.740951 0.131015
v -0.693520 0.707107 0.137949
v -0.726714 0.671559 0.144552
v -0.758157 0.634393 0.150807
v -0.787774 0.595699 0.156698
v -0.815493 0.555570 0.162212
v -0.841247 0.514103 0.167334
v -0.864975 0.471397 0.172054
v -0.886619 0.427555 0.176360
v -0.906127 0.382683 0.180240
v -0.923452 0.336890 0.183686
v -0.938553 0.290285 0.186690
v -0.951392 0.242980 0.189243
v -0.961940 0.195090 0.191342
v -0.970169 0.146730 0.192978
v -0.976062 0.098017 0.194151
v -0.979603 0.049068 0.194855
v -0.980785 0.000000 0.195090
v -0.979603 -0.049068 0.194855
v -0.976062 -0.098017 0.194151
v -0.970169 -0.146730 0.192978
v -0.961940 -0.195090 0.191342
v -0.951392 -0.242980 0.189243
v -0.938553 -0.290285 0.186690
v -0.923452 -0.336890 0.183686
v -0.906127 -0.382683 0.180240
v -0.886619 -0.427555 0.176360
v -0.864975 -0.471397 0.172054
v -0.841247 -0.514103 0.167334
v -0.815493 -0.555570 0.162212
v -0.787774 -0.595699 0.156698
v -0.758157 -0.634393 0.150807
v -0.726714 -0.671559 0.144552
v -0.693520 -0.707107 0.137949
v -0.658655 -0.740951 0.131015
v -0.622204 -0.773010 0.123764
v -0.584253 -0.803208 0.116215
v -0.544895 -0.831470 0.108386
v -0.504224 -0.857729 0.100296
v -0.462339 -0.881921 0.091965
v -0.419340 -0.903989 0.083412
v -0.375330 -0.923880 0.074658
v -0.330417 -0.941544 0.065724
v -0.284707 -0.956940 0.056632
v -0.238311 -0.970031 0.047403
v -0.191342 -0.980785 0.038060
v -0.143911 -0.989177 0.028626
v -0.096134 -0.995185 0.019122
v -0.048125 -0.998795 0.009573
v -0.048831 0.998795 0.004809
v -0.097545 0.995185 0.009607
v -0.146024 0.989177 0.014382
v -0.194151 0.980785 0.019122
v -0.241810 0.970031 0.023816
v -0.288887 0.956940 0.028453
v -0.335268 0.941544 0.033021
v -0.380840 0.923880 0.037509
v -0.425496 0.903989 0.041908
v -0.469127 0.881921 0.046205
v -0.511627 0.857729 0.050391
v -0.552895 0.831470 0.054455
v -0.592831 0.803208 0.058389
v -0.631338 0.773010 0.062181
v -0.668325 0.740951 0.065824
v -0.703702 0.707107 0.069308
v -0.737383 0.671559 0.072626
v -0.769288 0.634393 0.075768
v -0.799339 0.595699 0.078728
v -0.827466 0.555570 0.081498
v -0.853598 0.514103 0.084072
v -0.877674 0.471397 0.086443
v -0.899636 0.427555 0.088606
v -0.919430 0.382683 0.090556
v -0.937010 0.336890 0.092288
v -0.952332 0.290285 0.093796
v -0.965359 0.242980 0.095079
v -0.976062 0.195090 0.096134
v -0.984412 0.146730 0.096956
v -0.990392 0.098017 0.097545
v -0.993986 0.049068 0.097899
v -0.995184 0.000000 0.098017
v -0.993986 -0.049068 0.097899
v -0.990392 -0.098017 0.097545
v -0.984412 -0.146730 0.096956
v -0.976062 -0.195090 0.096134
v -0.965359 -0.242980 0.095079
v -0.952332 -0.290285 0.093796
v -0.937010 -0.336890 0.092288
v -0.919430 -0.382683 0.090556
v -0.899636 -0.427555 0.088606
v -0.877674 -0.471397 0.086443
v -0.853598 -0.514103 0.084072
v -0.827466 -0.555570 0.081498
v -0.799339 -0.595699 0.078728
v -0.769288 -0.634393 0.075768
v -0.737383 -0.671559 0.072626
v -0.703702 -0.707107 0.069308
v -0.668325 -0.740951 0.065824
v -0.631338 -0.773010 0.062181
v -0.592831 -0.803208 0.058389
v -0.552895 -0.831470 0.054455
v -0.511627 -0.857729 0.050391
v -0.469127 -0.881921 0.046205
v -0.425496 -0.903989 0.041908
v -0.380840 -0.923880 0.037509
v -0.335268 -0.941544 0.033021
v -0.288887 -0.956940 0.028453
v -0.241810 -0.970031 0.023816
v -0.194151 -0.980785 0.019122
v -0.146024 -0.989177 0.014382
v -0.097545 -0.995185 0.009607
v -0.048831 -0.998795 0.004809
v -0.049068 0.998795 -0.000000
v -0.098017 0.995185 -0.000000
v -0.146730 0.989177 0.000000
v -0.195090 0.980785 0.000000
v -0.242980 0.970031 -0.000000
v -0.290285 0.956940 -0.000000
v -0.336890 0.941544 -0.000000
v -0.382683 0.923880 -0.000000
v -0.427555 0.903989 -0.000000
v -0.471396 0.881921 -0.000000
v -0.514102 0.857729 -0.000000
v -0.555571 0.831470 0.000000
v -0.595699 0.803208 -0.000000
v -0.634393 0.773010 0.000000
v -0.671559 0.740951 -0.000000
v -0.707107 0.707107 -0.000000
v -0.740951 0.671559 -0.000000
v -0.773010 0.634393 0.000000
v -0.803207 0.595699 -0.000000
v -0.831470 0.555570 0.000000
v -0.857728 0.514103 -0.000000
v -0.881921 0.471397 -0.000000
v -0.903989 0.427555 -0.000000
v -0.923879 0.382683 -0.000000
v -0.941544 0.336890 0.000000
v -0.956940 0.290285 -0.000000
v -0.970030 0.242980 -0.000000
v -0.980785 0.195090 -0.000000
v -0.989175 0.146730 -0.000000
v -0.995184 0.098017 -0.000000
v -0.998795 0.049068 -0.000000
v -1.000000 0.000000 -0.000000
v -0.998795 -0.049068 -0.000000
v -0.995184 -0.098017 -0.000000
v -0.989175 -0.146730 -0.000000
v -0.980785 -0.195090 -0.000000
v -0.970030 -0.242980 -0.000000
v -0.956940 -0.290285 -0.000000
v -0.941544 -0.336890 0.000000
v -0.923879 -0.382683 -0.000000
v -0.903989 -0.427555 -0.000000
v -0.881921 -0.471397 -0.000000
v -0.857728 -0.514103 -0.000000
v -0.831470 -0.555570 0.000000
v -0.803207 -0.595699 -0.000000
v -0.773010 -0.634393 0.000000
v -0.740951 -0.671559 -0.000000
v -0.707107 -0.707107 -0.000000
v -0.671559 -0.740951 -0.000000
v -0.634393 -0.773010 0.000000
v -0.595699 -0.803208 -0.000000
v -0.555571 -0.831470 0.000000
v -0.514102 -0.857729 -0.000000
v -0.471396 -0.881921 -0.000000
v -0.427555 -0.903989 -0.000000
v -0.382683 -0.923880 -0.000000
v -0.336890 -0.941544 -0.000000
v -0.290285 -0.956940 -0.000000
v -0.242980 -0.970031 -0.000000
v -0.195090 -0.980785 0.000000
v -0.146730 -0.989177 0.000000
v -0.098017 -0.995185 -0.000000
v -0.049068 -0.998795 -0.000000
v -0.048831 0.998795 -0.004809
v -0.097545 0.995185 -0.009607
v -0.146024 0.989177 -0.014382
v -0.194151 0.980785 -0.019122
v -0.241810 0.970031 -0.023816
v -0.288887 0.956940 -0.028453
v -0.335268 0.941544 -0.033021
v -0.380840 0.923880 -0.037510
v -0.425496 0.903989 -0.041908
v -0.469127 0.881921 -0.046205
v -0.511627 0.857729 -0.050391
v -0.552895 0.831470 -0.054455
v -0.592830 0.803208 -0.058389
v -0.631338 0.773010 -0.062181
v -0.668325 0.740951 -0.065824
v -0.703702 0.707107 -0.069309
v -0.737383 0.671559 -0.072626
v -0.769288 0.634393 -0.075768
v -0.799339 0.595699 -0.078728
v -0.827466 0.555570 -0.081498
v -0.853598 0.514103 -0.084072
v -0.877674 0.471397 -0.086443
v -0.899636 0.427555 -0.088606
v -0.919430 0.382683 -0.090556
v -0.937010 0.336890 -0.092287
v -0.952332 0.290285 -0.093797
v -0.965359 0.242980 -0.095080
v -0.976062 0.195090 -0.096134
v -0.984412 0.146730 -0.096956
v -0.990392 0.098017 -0.097545
v -0.993986 0.049068 -0.097899
v -0.995184 0.000000 -0.098017
v -0.993986 -0.049068 -0.097899
v -0.990392 -0.098017 -0.097545
v -0.984412 -0.146730 -0.096956
v -0.976062 -0.195090 -0.096134
v -0.965359 -0.242980 -0.095080
v -0.952332 -0.290285 -0.093797
v -0.937010 -0.336890 -0.092287
v -0.919430 -0.382683 -0.090556
v -0.899636 -0.427555 -0.088606
v -0.877674 -0.471397 -0.086443
v -0.853598 -0.514103 -0.084072
v -0.827466 -0.555570 -0.081498
v -0.799339 -0.595699 -0.078728
v -0.769288 -0.634393 -0.075768
v -0.737383 -0.671559 -0.072626
v -0.703702 -0.707107 -0.069309
v -0.668325 -0.740951 -0.065824
v -0.631338 -0.773010 -0.062181
v -0.592830 -0.803208 -0.058389
v -0.552895 -0.831470 -0.054455
v -0.511627 -0.857729 -0.050391
v -0.469127 -0.881921 -0.046205
v -0.425496 -0.903989 -0.041908
v -0.380840 -0.923880 -0.037510
v -0.335268 -0.941544 -0.033021
v -0.288887 -0.956940 -0.028453
v -0.241810 -0.970031 -0.023816
v -0.194151 -0.980785 -0.019122
v -0.146024 -0.989177 -0.014382
v -0.097545 -0.995185 -0.009607
v -0.048831 -0.998795 -0.004809
v -0.048125 0.998795 -0.009573
v -0.096134 0.995185 -0.019122
v -0.143911 0.989177 -0.028626
v -0.191342 0.980785 -0.038060
v -0.238311 0.970031 -0.047403
v -0.284707 0.956940 -0.056632
v -0.330416 0.941544 -0.065724
v -0.375330 0.923880 -0.074658
v -0.419340 0.903989 -0.083412
v -0.462339 0.881921 -0.091965
v -0.504224 0.857729 -0.100296
v -0.544896 0.831470 -0.108386
v -0.584253 0.803208 -0.116215
v -0.622204 0.773010 -0.123764
v -0.658655 0.740951 -0.131015
v -0.693520 0.707107 -0.137950
v -0.726714 0.671559 -0.144552
v -0.758157 0.634393 -0.150807
v -0.787774 0.595699 -0.156698
v -0.815493 0.555570 -0.162212
v -0.841247 0.514103 -0.167335
v -0.864975 0.471397 -0.172054
v -0.886619 0.427555 -0.176360
v -0.906127 0.382683 -0.180240
v -0.923452 0.336890 -0.183686
v -0.938553 0.290285 -0.186690
v -0.951392 0.242980 -0.189244
v -0.961940 0.195090 -0.191342
v -0.970169 0.146730 -0.192979
v -0.976062 0.098017 -0.194151
v -0.979603 0.049068 -0.194855
v -0.980785 0.000000 -0.195091
v -0.979603 -0.049068 -0.194855
v -0.976062 -0.098017 -0.194151
v -0.970169 -0.146730 -0.192979
v -0.961940 -0.195090 -0.191342
v -0.951392 -0.242980 -0.189244
v -0.938553 -0.290285 -0.186690
v -0.923452 -0.336890 -0.183686
v -0.906127 -0.382683 -0.180240
v -0.886619 -0.427555 -0.176360
v -0.864975 -0.471397 -0.172054
v -0.841247 -0.514103 -0.167335
v -0.815493 -0.555570 -0.162212
v -0.787774 -0.595699 -0.156698
v -0.758157 -0.634393 -0.150807
v -0.726714 -0.671559 -0.144552
v -0.693520 -0.707107 -0.137950
v -0.658655 -0.740951 -0.131015
v -0.622204 -0.773010 -0.123764
v -0.584253 -0.803208 -0.116215
v -0.544896 -0.831470 -0.108386
v -0.504224 -0.857729 -0.100296
v -0.462339 -0.881921 -0.091965
v -0.419340 -0.903989 -0.083412
v -0.375330 -0.923880 -0.074658
v -0.330416 -0.941544 -0.065724
v -0.284707 -0.956940 -0.056632
v -0.238311 -0.970031 -0.047403
v -0.191342 -0.980785 -0.038060
v -0.143911 -0.989177 -0.028626
v -0.096134 -0.995185 -0.019122
v -0.048125 -0.998795 -0.009573
v -0.046955 0.998795 -0.014244
v -0.093796 0.995185 -0.028453
v -0.140412 0.989177 -0.042594
v -0.186690 0.980785 -0.056632
v -0.232517 0.970031 -0.070533
v -0.277785 0.956940 -0.084265
v -0.322383 0.941544 -0.097794
v -0.366205 0.923880 -0.111087
v -0.409145 0.903989 -0.124113
v -0.451098 0.881921 -0.136839
v -0.491965 0.857729 -0.149236
v -0.531648 0.831470 -0.161274
v -0.570048 0.803208 -0.172922
v -0.607076 0.773010 -0.184155
v -0.642642 0.740951 -0.194943
v -0.676659 0.707107 -0.205262
v -0.709046 0.671559 -0.215087
v -0.739725 0.634393 -0.224393
v -0.768621 0.595699 -0.233159
v -0.795667 0.555570 -0.241363
v -0.820795 0.514103 -0.248985
v -0.843946 0.471397 -0.256008
v -0.865064 0.427555 -0.262414
v -0.884097 0.382683 -0.268188
v -0.901001 0.336890 -0.273316
v -0.915735 0.290285 -0.277785
v -0.928261 0.242980 -0.281585
v -0.938553 0.195090 -0.284707
v -0.946582 0.146730 -0.287143
v -0.952332 0.098017 -0.288887
v -0.955787 0.049068 -0.289935
v -0.956940 0.000000 -0.290285
v -0.955787 -0.049068 -0.289935
v -0.952332 -0.098017 -0.288887
v -0.946582 -0.146730 -0.287143
v -0.938553 -0.195090 -0.284707
v -0.928261 -0.242980 -0.281585
v -0.915735 -0.290285 -0.277785
v -0.901001 -0.336890 -0.273316
v -0.884097 -0.382683 -0.268188
v -0.865064 -0.427555 -0.262414
v -0.843946 -0.471397 -0.256008
v -0.820795 -0.514103 -0.248985
v -0.795667 -0.555570 -0.241363
v -0.768621 -0.595699 -0.233159
v -0.739725 -0.634393 -0.224393
v -0.709046 -0.671559 -0.215087
v -0.676659 -0.707107 -0.205262
v -0.642642 -0.740951 -0.194943
v -0.607076 -0.773010 -0.184155
v -0.570048 -0.803208 -0.172922
v -0.531648 -0.831470 -0.161274
v -0.491965 -0.857729 -0.149236
v -0.451098 -0.881921 -0.136839
v -0.409145 -0.903989 -0.124113
v -0.366205 -0.923880 -0.111087
v -0.322383 -0.941544 -0.097794
v -0.277785 -0.956940 -0.084265
v -0.232517 -0.970031 -0.070533
v -0.186690 -0.980785 -0.056632
v -0.140412 -0.989177 -0.042594
v -0.093796 -0.995185 -0.028453
v -0.046955 -0.998795 -0.014244
v -0.045333 0.998795 -0.018777
v -0.090556 0.995185 -0.037510
v -0.135561 0.989177 -0.056151
v -0.180240 0.980785 -0.074658
v -0.224484 0.970031 -0.092984
v -0.268188 0.956940 -0.111087
v -0.311245 0.941544 -0.128922
v -0.353553 0.923880 -0.146446
v -0.395010 0.903989 -0.163618
v -0.435514 0.881921 -0.180396
v -0.474968 0.857729 -0.196738
v -0.513280 0.831470 -0.212608
v -0.550354 0.803208 -0.227964
v -0.586103 0.773010 -0.242772
v -0.620439 0.740951 -0.256994
v -0.653281 0.707107 -0.270598
v -0.684549 0.671559 -0.283550
v -0.714168 0.634393 -0.295818
v -0.742067 0.595699 -0.307374
v -0.768178 0.555570 -0.318190
v -0.792437 0.514103 -0.328238
v -0.814789 0.471397 -0.337497
v -0.835177 0.427555 -0.345942
v -0.853553 0.382683 -0.353553
v -0.869873 0.336890 -0.360313
v -0.884098 0.290285 -0.366205
v -0.896191 0.242980 -0.371215
v -0.906127 0.195090 -0.375330
v -0.913879 0.146730 -0.378541
v -0.919430 0.098017 -0.380841
v -0.922766 0.049068 -0.382222
v -0.923879 0.000000 -0.382684
v -0.922766 -0.049068 -0.382222
v -0.919430 -0.098017 -0.380841
v -0.913879 -0.146730 -0.378541
v -0.906127 -0.195090 -0.375330
v -0.896191 -0.242980 -0.371215
v -0.884098 -0.290285 -0.366205
v -0.869873 -0.336890 -0.360313
v -0.853553 -0.382683 -0.353553
v -0.835177 -0.427555 -0.345942
v -0.814789 -0.471397 -0.337497
v -0.792437 -0.514103 -0.328238
v -0.768178 -0.555570 -0.318190
v -0.742067 -0.595699 -0.307374
v -0.714168 -0.634393 -0.295818
v -0.684549 -0.671559 -0.283550
v -0.653281 -0.707107 -0.270598
v -0.620439 -0.740951 -0.256994
v -0.586103 -0.773010 -0.242772
v -0.550354 -0.803208 -0.227964
v -0.513280 -0.831470 -0.212608
v -0.474968 -0.857729 -0.196738
v -0.435514 -0.881921 -0.180396
v -0.395010 -0.903989 -0.163618
v -0.353553 -0.923880 -0.146446
v -0.311245 -0.941544 -0.128922
v -0.268188 -0.956940 -0.111087
v -0.224484 -0.970031 -0.092984
v -0.180240 -0.980785 -0.074658
v -0.135561 -0.989177 -0.056151
v -0.090556 -0.995185 -0.037510
v -0.045333 -0.998795 -0.018777
v -0.043274 0.998795 -0.023130
v -0.086443 0.995185 -0.046205
v -0.129405 0.989177 -0.069168
v -0.172054 0.980785 -0.091965
v -0.214289 0.970031 -0.114540
v -0.256008 0.956940 -0.136839
v -0.297110 0.941544 -0.158809
v -0.337496 0.923880 -0.180396
v -0.377070 0.903989 -0.201548
v -0.415735 0.881921 -0.222215
v -0.453398 0.857729 -0.242346
v -0.489970 0.831470 -0.261894
v -0.525360 0.803208 -0.280811
v -0.559485 0.773010 -0.299051
v -0.592262 0.740951 -0.316571
v -0.623612 0.707107 -0.333328
v -0.653460 0.671559 -0.349282
v -0.681734 0.634393 -0.364394
v -0.708365 0.595699 -0.378629
v -0.733291 0.555570 -0.391952
v -0.756449 0.514103 -0.404330
v -0.777785 0.471397 -0.415735
v -0.797247 0.427555 -0.426138
v -0.814788 0.382683 -0.435514
v -0.830368 0.336890 -0.443841
v -0.843946 0.290285 -0.451099
v -0.855490 0.242980 -0.457269
v -0.864975 0.195090 -0.462339
v -0.872375 0.146730 -0.466294
v -0.877674 0.098017 -0.469127
v -0.880858 0.049068 -0.470829
v -0.881921 0.000000 -0.471397
v -0.880858 -0.049068 -0.470829
v -0.877674 -0.098017 -0.469127
v -0.872375 -0.146730 -0.466294
v -0.864975 -0.195090 -0.462339
v -0.855490 -0.242980 -0.457269
v -0.843946 -0.290285 -0.451099
v -0.830368 -0.336890 -0.443841
v -0.814788 -0.382683 -0.435514
v -0.797247 -0.427555 -0.426138
v -0.777785 -0.471397 -0.415735
v -0.756449 -0.514103 -0.404330
v -0.733291 -0.555570 -0.391952
v -0.708365 -0.595699 -0.378629
v -0.681734 -0.634393 -0.364394
v -0.653460 -0.671559 -0.349282
v -0.623612 -0.707107 -0.333328
v -0.592262 -0.740951 -0.316571
v -0.559485 -0.773010 -0.299051
v -0.525360 -0.803208 -0.280811
v -0.489970 -0.831470 -0.261894
v -0.453398 -0.857729 -0.242346
v -0.415735 -0.881921 -0.222215
v -0.377070 -0.903989 -0.201548
v -0.337496 -0.923880 -0.180396
v -0.297110 -0.941544 -0.158809
v -0.256008 -0.956940 -0.136839
v -0.214289 -0.970031 -0.114540
v -0.172054 -0.980785 -0.091965
v -0.129405 -0.989177 -0.069168
v -0.086443 -0.995185 -0.046205
v -0.043274 -0.998795 -0.023130
v -0.040798 0.998795 -0.027261
v -0.081498 0.995185 -0.054455
v -0.122002 0.989177 -0.081519
v -0.162212 0.980785 -0.108386
v -0.202030 0.970031 -0.134992
v -0.241363 0.956940 -0.161274
v -0.280114 0.941544 -0.187166
v -0.318189 0.923880 -0.212607
v -0.355499 0.903989 -0.237537
v -0.391952 0.881921 -0.261894
v -0.427460 0.857729 -0.285620
v -0.461940 0.831470 -0.308659
v -0.495306 0.803208 -0.330953
v -0.527479 0.773010 -0.352450
v -0.558381 0.740951 -0.373098
v -0.587938 0.707107 -0.392847
v -0.616078 0.671559 -0.411650
v -0.642735 0.634393 -0.429461
v -0.667842 0.595699 -0.446238
v -0.691342 0.555570 -0.461940
v -0.713175 0.514103 -0.476528
v -0.733290 0.471397 -0.489969
v -0.751640 0.427555 -0.502230
v -0.768177 0.382683 -0.513280
v -0.782865 0.336890 -0.523094
v -0.795667 0.290285 -0.531648
v -0.806551 0.242980 -0.538920
v -0.815493 0.195090 -0.544895
v -0.822469 0.146730 -0.549557
v -0.827465 0.098017 -0.552895
v -0.830468 0.049068 -0.554901
v -0.831469 0.000000 -0.555570
v -0.830468 -0.049068 -0.554901
v -0.827465 -0.098017 -0.552895
v -0.822469 -0.146730 -0.549557
v -0.815493 -0.195090 -0.544895
v -0.806551 -0.242980 -0.538920
v -0.795667 -0.290285 -0.531648
v -0.782865 -0.336890 -0.523094
v -0.768177 -0.382683 -0.513280
v -0.751640 -0.427555 -0.502230
v -0.733290 -0.471397 -0.489969
v -0.713175 -0.514103 -0.476528
v -0.691342 -0.555570 -0.461940
v -0.667842 -0.595699 -0.446238
v -0.642735 -0.634393 -0.429461
v -0.616078 -0.671559 -0.411650
v -0.587938 -0.707107 -0.392847
v -0.558381 -0.740951 -0.373098
v -0.527479 -0.773010 -0.352450
v -0.495306 -0.803208 -0.330953
v -0.461940 -0.831470 -0.308659
v -0.427460 -0.857729 -0.285620
v -0.391952 -0.881921 -0.261894
v -0.355499 -0.903989 -0.237537
v -0.318189 -0.923880 -0.212607
v -0.280114 -0.941544 -0.187166
v -0.241363 -0.956940 -0.161274
v -0.202030 -0.970031 -0.134992
v -0.162212 -0.980785 -0.108386
v -0.122002 -0.989177 -0.081519
v -0.081498 -0.995185 -0.054455
v -0.040798 -0.998795 -0.027261
v -0.037930 0.998795 -0.031128
v -0.075768 0.995185 -0.062181
v -0.113424 0.989177 -0.093085
v -0.150807 0.980785 -0.123764
v -0.187826 0.970031 -0.154145
v -0.224393 0.956940 -0.184155
v -0.260419 0.941544 -0.213721
v -0.295818 0.923880 -0.242772
v -0.330505 0.903989 -0.271238
v -0.364394 0.881921 -0.299051
v -0.397406 0.857729 -0.326143
v -0.429462 0.831470 -0.352450
v -0.460481 0.803208 -0.377908
v -0.490393 0.773010 -0.402455
v -0.519122 0.740951 -0.426032
v -0.546601 0.707107 -0.448584
v -0.572763 0.671559 -0.470054
v -0.597545 0.634393 -0.490392
v -0.620887 0.595699 -0.509549
v -0.642735 0.555570 -0.527479
v -0.663033 0.514103 -0.544137
v -0.681734 0.471397 -0.559485
v -0.698793 0.427555 -0.573485
v -0.714168 0.382683 -0.586103
v -0.727823 0.336890 -0.597309
v -0.739725 0.290285 -0.607077
v -0.749843 0.242980 -0.615381
v -0.758157 0.195090 -0.622204
v -0.764643 0.146730 -0.627526
v -0.769288 0.098017 -0.631338
v -0.772079 0.049068 -0.633629
v -0.773010 0.000000 -0.634393
v -0.772079 -0.049068 -0.633629
v -0.769288 -0.098017 -0.631338
v -0.764643 -0.146730 -0.627526
v -0.758157 -0.195090 -0.622204
v -0.749843 -0.242980 -0.615381
v -0.739725 -0.290285 -0.607077
v -0.727823 -0.336890 -0.597309
v -0.714168 -0.382683 -0.586103
v -0.698793 -0.427555 -0.573485
v -0.681734 -0.471397 -0.559485
v -0.663033 -0.514103 -0.544137
v -0.642735 -0.555570 -0.527479
v -0.620887 -0.595699 -0.509549
v -0.597545 -0.634393 -0.490392
v -0.572763 -0.671559 -0.470054
v -0.546601 -0.707107 -0.448584
v -0.519122 -0.740951 -0.426032
v -0.490393 -0.773010 -0.402455
v -0.460481 -0.803208 -0.377908
v -0.429462 -0.831470 -0.352450
v -0.397406 -0.857729 -0.326143
v -0.364394 -0.881921 -0.299051
v -0.330505 -0.903989 -0.271238
v -0.295818 -0.923880 -0.242772
v -0.260419 -0.941544 -0.213721
v -0.224393 -0.956940 -0.184155
v -0.187826 -0.970031 -0.154145
v -0.150807 -0.980785 -0.123764
v -0.113424 -0.989177 -0.093085
v -0.075768 -0.995185 -0.062181
v -0.037930 -0.998795 -0.031128
v -0.034696 0.998795 -0.034696
v -0.069309 0.995185 -0.069309
v -0.103754 0.989177 -0.103754
v -0.137950 0.980785 -0.137950
v -0.171813 0.970031 -0.171813
v -0.205262 0.956940 -0.205262
v -0.238217 0.941544 -0.238217
v -0.270598 0.923880 -0.270598
v -0.302327 0.903989 -0.302327
v -0.333328 0.881921 -0.333328
v -0.363525 0.857729 -0.363525
v -0.392848 0.831470 -0.392848
v -0.421223 0.803208 -0.421223
v -0.448584 0.773010 -0.448584
v -0.474864 0.740951 -0.474864
v -0.500000 0.707107 -0.500000
v -0.523931 0.671559 -0.523931
v -0.546601 0.634393 -0.546601
v -0.567953 0.595699 -0.567953
v -0.587938 0.555570 -0.587938
v -0.606505 0.514103 -0.606505
v -0.623612 0.471397 -0.623612
v -0.639217 0.427555 -0.639217
v -0.653281 0.382683 -0.653281
v -0.665772 0.336890 -0.665772
v -0.676659 0.290285 -0.676659
v -0.685915 0.242980 -0.685915
v -0.693520 0.195090 -0.693520
v -0.699452 0.146730 -0.699453
v -0.703702 0.098017 -0.703702
v -0.706255 0.049068 -0.706255
v -0.707106 0.000000 -0.707107
v -0.706255 -0.049068 -0.706255
v -0.703702 -0.098017 -0.703702
v -0.699452 -0.146730 -0.699453
v -0.693520 -0.195090 -0.693520
v -0.685915 -0.242980 -0.685915
v -0.676659 -0.290285 -0.676659
v -0.665772 -0.336890 -0.665772
v -0.653281 -0.382683 -0.653281
v -0.639217 -0.427555 -0.639217
v -0.623612 -0.471397 -0.623612
v -0.606505 -0.514103 -0.606505
v -0.587938 -0.555570 -0.587938
v -0.567953 -0.595699 -0.567953
v -0.546601 -0.634393 -0.546601
v -0.523931 -0.671559 -0.523931
v -0.500000 -0.707107 -0.500000
v -0.474864 -0.740951 -0.474864
v -0.448584 -0.773010 -0.448584
v -0.421223 -0.803208 -0.421223
v -0.392848 -0.831470 -0.392848
v -0.363525 -0.857729 -0.363525
v -0.333328 -0.881921 -0.333328
v -0.302327 -0.903989 -0.302327
v -0.270598 -0.923880 -0.270598
v -0.238217 -0.941544 -0.238217
v -0.205262 -0.956940 -0.205262
v -0.171813 -0.970031 -0.171813
v -0.137950 -0.980785 -0.137950
v -0.103754 -0.989177 -0.103754
v -0.069309 -0.995185 -0.069309
v -0.034696 -0.998795 -0.034696
v -0.031128 0.998795 -0.037930
v -0.062181 0.995185 -0.075768
v -0.093085 0.989177 -0.113424
v -0.123764 0.980785 -0.150807
v -0.154145 0.970031 -0.187826
v -0.184155 0.956940 -0.224393
v -0.213721 0.941544 -0.260419
v -0.242772 0.923880 -0.295818
v -0.271238 0.903989 -0.330505
v -0.299051 0.881921 -0.364394
v -0.326143 0.857729 -0.397406
v -0.352450 0.831470 -0.429462
v -0.377907 0.803208 -0.460482
v -0.402455 0.773010 -0.490393
v -0.426032 0.740951 -0.519122
v -0.448584 0.707107 -0.546601
v -0.470054 0.671559 -0.572763
v -0.490393 0.634393 -0.597545
v -0.509549 0.595699 -0.620887
v -0.527479 0.555570 -0.642735
v -0.544137 0.514103 -0.663033
v -0.559485 0.471397 -0.681734
v -0.573485 0.427555 -0.698793
v -0.586102 0.382683 -0.714168
v -0.597309 0.336890 -0.727823
v -0.607076 0.290285 -0.739725
v -0.615381 0.242980 -0.749844
v -0.622203 0.195090 -0.758157
v -0.627526 0.146730 -0.764643
v -0.631338 0.098017 -0.769288
v -0.633629 0.049068 -0.772079
v -0.634393 0.000000 -0.773010
v -0.633629 -0.049068 -0.772079
v -0.631338 -0.098017 -0.769288
v -0.627526 -0.146730 -0.764643
v -0.622203 -0.195090 -0.758157
v -0.615381 -0.242980 -0.749844
v -0.607076 -0.290285 -0.739725
v -0.597309 -0.336890 -0.727823
v -0.586102 -0.382683 -0.714168
v -0.573485 -0.427555 -0.698793
v -0.559485 -0.471397 -0.681734
v -0.544137 -0.514103 -0.663033
v -0.527479 -0.555570 -0.642735
v -0.509549 -0.595699 -0.620887
v -0.490393 -0.634393 -0.597545
v -0.470054 -0.671559 -0.572763
v -0.448584 -0.707107 -0.546601
v -0.426032 -0.740951 -0.519122
v -0.402455 -0.773010 -0.490393
v -0.377907 -0.803208 -0.460482
v -0.352450 -0.831470 -0.429462
v -0.326143 -0.857729 -0.397406
v -0.299051 -0.881921 -0.364394
v -0.271238 -0.903989 -0.330505
v -0.242772 -0.923880 -0.295818
v -0.213721 -0.941544 -0.260419
v -0.184155 -0.956940 -0.224393
v -0.154145 -0.970031 -0.187826
v -0.123764 -0.980785 -0.150807
v -0.093085 -0.989177 -0.113424
v -0.062181 -0.995185 -0.075768
v -0.031128 -0.998795 -0.037930
v -0.027261 0.998795 -0.040798
v -0.054455 0.995185 -0.081498
v -0.081519 0.989177 -0.122002
v -0.108386 0.980785 -0.162212
v -0.134992 0.970031 -0.202030
v -0.161274 0.956940 -0.241363
v -0.187166 0.941544 -0.280114
v -0.212607 0.923880 -0.318189
v -0.237537 0.903989 -0.355499
v -0.261894 0.881921 -0.391952
v -0.285620 0.857729 -0.427460
v -0.308659 0.831470 -0.461940
v -0.330952 0.803208 -0.495306
v -0.352450 0.773010 -0.527479
v -0.373098 0.740951 -0.558381
v -0.392847 0.707107 -0.587938
v -0.411650 0.671559 -0.616078
v -0.429461 0.634393 -0.642734
v -0.446238 0.595699 -0.667842
v -0.461940 0.555570 -0.691342
v -0.476528 0.514103 -0.713175
v -0.489969 0.471397 -0.733290
v -0.502230 0.427555 -0.751640
v -0.513280 0.382683 -0.768177
v -0.523094 0.336890 -0.782865
v -0.531647 0.290285 -0.795667
v -0.538920 0.242980 -0.806551
v -0.544895 0.195090 -0.815493
v -0.549556 0.146730 -0.822469
v -0.552895 0.098017 -0.827466
v -0.554901 0.049068 -0.830468
v -0.555570 0.000000 -0.831469
v -0.554901 -0.049068 -0.830468
v -0.552895 -0.098017 -0.827466
v -0.549556 -0.146730 -0.822469
v -0.544895 -0.195090 -0.815493
v -0.538920 -0.242980 -0.806551
v -0.531647 -0.290285 -0.795667
v -0.523094 -0.336890 -0.782865
v -0.513280 -0.382683 -0.768177
v -0.502230 -0.427555 -0.751640
v -0.489969 -0.471397 -0.733290
v -0.476528 -0.514103 -0.713175
v -0.461940 -0.555570 -0.691342
v -0.446238 -0.595699 -0.667842
v -0.429461 -0.634393 -0.642734
v -0.411650 -0.671559 -0.616078
v -0.392847 -0.707107 -0.587938
v -0.373098 -0.740951 -0.558381
v -0.352450 -0.773010 -0.527479
v -0.330952 -0.803208 -0.495306
v -0.308659 -0.831470 -0.461940
v -0.285620 -0.857729 -0.427460
v -0.261894 -0.881921 -0.391952
v -0.237537 -0.903989 -0.355499
v -0.212607 -0.923880 -0.318189
v -0.187166 -0.941544 -0.280114
v -0.161274 -0.956940 -0.241363
v -0.134992 -0.970031 -0.202030
v -0.108386 -0.980785 -0.162212
v -0.081519 -0.989177 -0.122002
v -0.054455 -0.995185 -0.081498
v -0.027261 -0.998795 -0.040798
v -0.023130 0.998795 -0.043274
v -0.046205 0.995185 -0.086443
v -0.069168 0.989177 -0.129405
v -0.091965 0.980785 -0.172054
v -0.114540 0.970031 -0.214289
v -0.136839 0.956940 -0.256008
v -0.158809 0.941544 -0.297110
v -0.180396 0.923880 -0.337496
v -0.201548 0.903989 -0.377070
v -0.222215 0.881921 -0.415735
v -0.242346 0.857729 -0.453398
v -0.261894 0.831470 -0.489970
v -0.280810 0.803208 -0.525360
v -0.299051 0.773010 -0.559485
v -0.316571 0.740951 -0.592262
v -0.333328 0.707107 -0.623612
v -0.349282 0.671559 -0.653460
v -0.364395 0.634393 -0.681734
v -0.378629 0.595699 -0.708365
v -0.391952 0.555570 -0.733291
v -0.404330 0.514103 -0.756449
v -0.415735 0.471397 -0.777785
v -0.426138 0.427555 -0.797247
v -0.435513 0.382683 -0.814789
v -0.443841 0.336890 -0.830367
v -0.451098 0.290285 -0.843946
v -0.457269 0.242980 -0.855490
v -0.462339 0.195090 -0.864975
v -0.466294 0.146730 -0.872375
v -0.469127 0.098017 -0.877674
v -0.470829 0.049068 -0.880859
v -0.471396 0.000000 -0.881921
v -0.470829 -0.049068 -0.880859
v -0.469127 -0.098017 -0.877674
v -0.466294 -0.146730 -0.872375
v -0.462339 -0.195090 -0.864975
v -0.457269 -0.242980 -0.855490
v -0.451098 -0.290285 -0.843946
v -0.443841 -0.336890 -0.830367
v -0.435513 -0.382683 -0.814789
v -0.426138 -0.427555 -0.797247
v -0.415735 -0.471397 -0.777785
v -0.404330 -0.514103 -0.756449
v -0.391952 -0.555570 -0.733291
v -0.378629 -0.595699 -0.708365
v -0.364395 -0.634393 -0.681734
v -0.349282 -0.671559 -0.653460
v -0.333328 -0.707107 -0.623612
v -0.316571 -0.740951 -0.592262
v -0.299051 -0.773010 -0.559485
v -0.280810 -0.803208 -0.525360
v -0.261894 -0.831470 -0.489970
v -0.242346 -0.857729 -0.453398
v -0.222215 -0.881921 -0.415735
v -0.201548 -0.903989 -0.377070
v -0.180396 -0.923880 -0.337496
v -0.158809 -0.941544 -0.297110
v -0.136839 -0.956940 -0.256008
v -0.114540 -0.970031 -0.214289
v -0.091965 -0.980785 -0.172054
v -0.069168 -0.989177 -0.129405
v -0.046205 -0.995185 -0.086443
v -0.023130 -0.998795 -0.043274
v -0.018777 0.998795 -0.045333
v -0.037509 0.995185 -0.090556
v -0.056151 0.989177 -0.135561
v -0.074658 0.980785 -0.180240
v -0.092984 0.970031 -0.224484
v -0.111087 0.956940 -0.268188
v -0.128922 0.941544 -0.311246
v -0.146446 0.923880 -0.353553
v -0.163618 0.903989 -0.395010
v -0.180396 0.881921 -0.435514
v -0.196738 0.857729 -0.474968
v -0.212608 0.831470 -0.513280
v -0.227964 0.803208 -0.550354
v -0.242772 0.773010 -0.586103
v -0.256994 0.740951 -0.620439
v -0.270598 0.707107 -0.653281
v -0.283549 0.671559 -0.684549
v -0.295818 0.634393 -0.714168
v -0.307374 0.595699 -0.742066
v -0.318190 0.555570 -0.768178
v -0.328238 0.514103 -0.792438
v -0.337496 0.471397 -0.814789
v -0.345942 0.427555 -0.835177
v -0.353553 0.382683 -0.853553
v -0.360313 0.336890 -0.869873
v -0.366205 0.290285 -0.884098
v -0.371214 0.242980 -0.896191
v -0.375330 0.195090 -0.906127
v -0.378541 0.146730 -0.913879
v -0.380840 0.098017 -0.919430
v -0.382222 0.049068 -0.922766
v -0.382683 0.000000 -0.923879
v -0.382222 -0.049068 -0.922766
v -0.380840 -0.098017 -0.919430
v -0.378541 -0.146730 -0.913879
v -0.375330 -0.195090 -0.906127
v -0.371214 -0.242980 -0.896191
v -0.366205 -0.290285 -0.884098
v -0.360313 -0.336890 -0.869873
v -0.353553 -0.382683 -0.853553
v -0.345942 -0.427555 -0.835177
v -0.337496 -0.471397 -0.814789
v -0.328238 -0.514103 -0.792438
v -0.318190 -0.555570 -0.768178
v -0.307374 -0.595699 -0.742066
v -0.295818 -0.634393 -0.714168
v -0.283549 -0.671559 -0.684549
v -0.270598 -0.707107 -0.653281
v -0.256994 -0.740951 -0.620439
v -0.242772 -0.773010 -0.586103
v -0.227964 -0.803208 -0.550354
v -0.212608 -0.831470 -0.513280
v -0.196738 -0.857729 -0.474968
v -0.180396 -0.881921 -0.435514
v -0.163618 -0.903989 -0.395010
v -0.146446 -0.923880 -0.353553
v -0.128922 -0.941544 -0.311246
v -0.111087 -0.956940 -0.268188
v -0.092984 -0.970031 -0.224484
v -0.074658 -0.980785 -0.180240
v -0.056151 -0.989177 -0.135561
v -0.037509 -0.995185 -0.090556
v -0.018777 -0.998795 -0.045333
v -0.014244 0.998795 -0.046955
v -0.028453 0.995185 -0.093796
v -0.042594 0.989177 -0.140412
v -0.056632 0.980785 -0.186690
v -0.070533 0.970031 -0.232517
v -0.084265 0.956940 -0.277785
v -0.097794 0.941544 -0.322383
v -0.111087 0.923880 -0.366205
v -0.124113 0.903989 -0.409145
v -0.136839 0.881921 -0.451098
v -0.149236 0.857729 -0.491965
v -0.161274 0.831470 -0.531648
v -0.172922 0.803208 -0.570048
v -0.184155 0.773010 -0.607076
v -0.194943 0.740951 -0.642642
v -0.205262 0.707107 -0.676659
v -0.215087 0.671559 -0.709046
v -0.224393 0.634393 -0.739724
v -0.233159 0.595699 -0.768621
v -0.241363 0.555570 -0.795667
v -0.248985 0.514103 -0.820795
v -0.256008 0.471397 -0.843946
v -0.262414 0.427555 -0.865064
v -0.268188 0.382683 -0.884097
v -0.273316 0.336890 -0.901001
v -0.277785 0.290285 -0.915735
v -0.281585 0.242980 -0.928261
v -0.284707 0.195090 -0.938553
v -0.287142 0.146730 -0.946582
v -0.288887 0.098017 -0.952332
v -0.289935 0.049068 -0.955787
v -0.290284 0.000000 -0.956940
v -0.289935 -0.049068 -0.955787
v -0.288887 -0.098017 -0.952332
v -0.287142 -0.146730 -0.946582
v -0.284707 -0.195090 -0.938553
v -0.281585 -0.242980 -0.928261
v -0.277785 -0.290285 -0.915735
v -0.273316 -0.336890 -0.901001
v -0.268188 -0.382683 -0.884097
v -0.262414 -0.427555 -0.865064
v -0.256008 -0.471397 -0.843946
v -0.248985 -0.514103 -0.820795
v -0.241363 -0.555570 -0.795667
v -0.233159 -0.595699 -0.768621
v -0.224393 -0.634393 -0.739724
v -0.215087 -0.671559 -0.709046
v -0.205262 -0.707107 -0.676659
v -0.194943 -0.740951 -0.642642
v -0.184155 -0.773010 -0.607076
v -0.172922 -0.803208 -0.570048
v -0.161274 -0.831470 -0.531648
v -0.149236 -0.857729 -0.491965
v -0.136839 -0.881921 -0.451098
v -0.124113 -0.903989 -0.409145
v -0.111087 -0.923880 -0.366205
v -0.097794 -0.941544 -0.322383
v -0.084265 -0.956940 -0.277785
v -0.070533 -0.970031 -0.232517
v -0.056632 -0.980785 -0.186690
v -0.042594 -0.989177 -0.140412
v -0.028453 -0.995185 -0.093796
v -0.014244 -0.998795 -0.046955
v -0.009573 0.998795 -0.048125
v -0.019122 0.995185 -0.096134
v -0.028626 0.989177 -0.143911
v -0.038060 0.980785 -0.191342
v -0.047403 0.970031 -0.238311
v -0.056632 0.956940 -0.284707
v -0.065724 0.941544 -0.330416
v -0.074658 0.923880 -0.375330
v -0.083412 0.903989 -0.419340
v -0.091965 0.881921 -0.462339
v -0.100296 0.857729 -0.504224
v -0.108386 0.831470 -0.544896
v -0.116215 0.803208 -0.584253
v -0.123764 0.773010 -0.622204
v -0.131014 0.740951 -0.658655
v -0.137950 0.707107 -0.693520
v -0.144552 0.671559 -0.726713
v -0.150807 0.634393 -0.758157
v -0.156698 0.595699 -0.787773
v -0.162212 0.555570 -0.815493
v -0.167334 0.514103 -0.841247
v -0.172054 0.471397 -0.864975
v -0.176360 0.427555 -0.886619
v -0.180240 0.382683 -0.906127
v -0.183686 0.336890 -0.923452
v -0.186690 0.290285 -0.938553
v -0.189243 0.242980 -0.951391
v -0.191342 0.195090 -0.961940
v -0.192978 0.146730 -0.970168
v -0.194151 0.098017 -0.976062
v -0.194855 0.049068 -0.979603
v -0.195090 0.000000 -0.980785
v -0.194855 -0.049068 -0.979603
v -0.194151 -0.098017 -0.976062
v -0.192978 -0.146730 -0.970168
v -0.191342 -0.195090 -0.961940
v -0.189243 -0.242980 -0.951391
v -0.186690 -0.290285 -0.938553
v -0.183686 -0.336890 -0.923452
v -0.180240 -0.382683 -0.906127
v -0.176360 -0.427555 -0.886619
v -0.172054 -0.471397 -0.864975
v -0.167334 -0.514103 -0.841247
v -0.162212 -0.555570 -0.815493
v -0.156698 -0.595699 -0.787773
v -0.150807 -0.634393 -0.758157
v -0.144552 -0.671559 -0.726713
v -0.137950 -0.707107 -0.693520
v -0.131014 -0.740951 -0.658655
v -0.123764 -0.773010 -0.622204
v -0.116215 -0.803208 -0.584253
v -0.108386 -0.831470 -0.544896
v -0.100296 -0.857729 -0.504224
v -0.091965 -0.881921 -0.462339
v -0.083412 -0.903989 -0.419340
v -0.074658 -0.923880 -0.375330
v -0.065724 -0.941544 -0.330416
v -0.056632 -0.956940 -0.284707
v -0.047403 -0.970031 -0.238311
v -0.038060 -0.980785 -0.191342
v -0.028626 -0.989177 -0.143911
v -0.019122 -0.995185 -0.096134
v -0.009573 -0.998795 -0.048125
v -0.004809 0.998795 -0.048831
v -0.009607 0.995185 -0.097545
v -0.014382 0.989177 -0.146024
v -0.019122 0.980785 -0.194151
v -0.023816 0.970031 -0.241810
v -0.028453 0.956940 -0.288887
v -0.033021 0.941544 -0.335267
v -0.037509 0.923880 -0.380840
v -0.041908 0.903989 -0.425496
v -0.046205 0.881921 -0.469127
v -0.050391 0.857729 -0.511627
v -0.054455 0.831470 -0.552896
v -0.058389 0.803208 -0.592830
v -0.062181 0.773010 -0.631338
v -0.065824 0.740951 -0.668325
v -0.069308 0.707107 -0.703702
v -0.072626 0.671559 -0.737383
v -0.075768 0.634393 -0.769288
v -0.078728 0.595699 -0.799339
v -0.081499 0.555570 -0.827466
v -0.084072 0.514103 -0.853598
v -0.086443 0.471397 -0.877674
v -0.088606 0.427555 -0.899636
v -0.090556 0.382683 -0.919430
v -0.092288 0.336890 -0.937010
v -0.093796 0.290285 -0.952332
v -0.095079 0.242980 -0.965359
v -0.096134 0.195090 -0.976062
v -0.096956 0.146730 -0.984412
v -0.097545 0.098017 -0.990392
v -0.097899 0.049068 -0.993985
v -0.098017 0.000000 -0.995184
v -0.097899 -0.049068 -0.993985
v -0.097545 -0.098017 -0.990392
v -0.096956 -0.146730 -0.984412
v -0.096134 -0.195090 -0.976062
v -0.095079 -0.242980 -0.965359
v -0.093796 -0.290285 -0.952332
v -0.092288 -0.336890 -0.937010
v -0.090556 -0.382683 -0.919430
v -0.088606 -0.427555 -0.899636
v -0.086443 -0.471397 -0.877674
v -0.084072 -0.514103 -0.853598
v -0.081499 -0.555570 -0.827466
v -0.078728 -0.595699 -0.799339
v -0.075768 -0.634393 -0.769288
v -0.072626 -0.671559 -0.737383
v -0.069308 -0.707107 -0.703702
v -0.065824 -0.740951 -0.668325
v -0.062181 -0.773010 -0.631338
v -0.058389 -0.803208 -0.592830
v -0.054455 -0.831470 -0.552896
v -0.050391 -0.857729 -0.511627
v -0.046205 -0.881921 -0.469127
v -0.041908 -0.903989 -0.425496
v -0.037509 -0.923880 -0.380840
v -0.033021 -0.941544 -0.335267
v -0.028453 -0.956940 -0.288887
v -0.023816 -0.970031 -0.241810
v -0.019122 -0.980785 -0.194151
v -0.014382 -0.989177 -0.146024
v -0.009607 -0.995185 -0.097545
v -0.004809 -0.998795 -0.048831
v 0.000000 0.998795 -0.049068
v 0.000000 0.995185 -0.098017
v 0.000000 0.989177 -0.146730
v 0.000000 0.970031 -0.242980
v 0.000000 0.941544 -0.336890
v 0.000000 0.923880 -0.382683
v 0.000000 0.903989 -0.427555
v 0.000000 0.881921 -0.471396
v 0.000000 0.857729 -0.514102
v -0.000000 0.831470 -0.555571
v -0.000000 0.773010 -0.634393
v -0.000000 0.634393 -0.773010
v 0.000000 0.195090 -0.980785
v 0.000000 -0.049068 -0.998795
v 0.000000 -0.195090 -0.980785
v -0.000000 -0.336890 -0.941544
v -0.000000 -0.634393 -0.773010
v -0.000000 -0.831470 -0.555571
v 0.000000 -0.970031 -0.242980
v 0.000000 -0.989177 -0.146730
v 0.000000 -0.995185 -0.098017
v 0.000000 -0.998795 -0.049068
vn 0.0242 -0.8698 -0.4928
vn 0.0479 0.2188 -0.9746
vn 0.0036 0.9973 -0.0736
vn 0.0221 -0.8930 -0.4495
vn 0.0483 0.1708 -0.9841
vn 0.0060 0.9925 -0.1224
vn 0.0199 -0.9140 -0.4052
vn 0.0487 0.1223 -0.9913
vn 0.0084 0.9852 -0.1710
vn 0.0177 -0.9328 -0.3598
vn 0.0489 0.0735 -0.9961
vn 0.0108 0.9756 -0.2191
vn 0.0154 -0.9494 -0.3136
vn 0.0491 0.0245 -0.9985
vn 0.0131 0.9637 -0.2667
vn 0.0131 -0.9637 -0.2667
vn 0.0490 -0.0245 -0.9985
vn 0.0154 0.9494 -0.3136
vn 0.0108 -0.9756 -0.2191
vn 0.0489 -0.0735 -0.9961
vn 0.0177 0.9328 -0.3598
vn 0.0084 -0.9852 -0.1710
vn 0.0487 -0.1223 -0.9913
vn 0.0199 0.9140 -0.4052
vn 0.0060 -0.9925 -0.1224
vn 0.0483 -0.1708 -0.9841
vn 0.0221 0.8930 -0.4495
vn 0.0036 -0.9973 -0.0736
vn 0.0479 -0.2189 -0.9746
vn 0.0242 0.8698 -0.4928
vn 0.0012 -0.9997 -0.0245
vn 0.0473 -0.2664 -0.9627
vn 0.0263 0.8446 -0.5348
vn 0.0466 -0.3133 -0.9485
vn 0.0283 0.8173 -0.5756
vn 0.0458 -0.3595 -0.9320
vn 0.0302 0.7880 -0.6150
vn 0.0449 -0.4048 -0.9133
vn 0.0321 0.7568 -0.6528
vn 0.0438 -0.4492 -0.8924
vn 0.0339 0.7238 -0.6891
vn 0.0427 -0.4924 -0.8693
vn 0.0356 0.6891 -0.7238
vn 0.0415 -0.5345 -0.8441
vn 0.0372 0.6527 -0.7567
vn 0.0401 -0.5753 -0.8169
vn 0.0387 0.6148 -0.7878
vn 0.0387 -0.6148 -0.7878
vn 0.0401 0.5753 -0.8169
vn 0.0372 -0.6527 -0.7567
vn 0.0415 0.5345 -0.8441
vn 0.0356 -0.6891 -0.7238
vn 0.0427 0.4924 -0.8693
vn 0.0339 -0.7238 -0.6891
vn 0.0438 0.4492 -0.8924
vn 0.0321 -0.7568 -0.6528
vn 0.0449 0.4048 -0.9133
vn 0.0302 -0.7880 -0.6150
vn 0.0458 0.3595 -0.9320
vn 0.0283 -0.8173 -0.5756
vn 0.0466 0.3133 -0.9485
vn 0.0263 -0.8446 -0.5348
vn 0.0473 0.2664 -0.9627
vn 0.0012 0.9997 -0.0245
vn 0.1012 0.7238 -0.6825
vn 0.1277 -0.4925 -0.8609
vn 0.1063 0.6891 -0.7168
vn 0.1240 -0.5345 -0.8360
vn 0.1112 0.6527 -0.7494
vn 0.1200 -0.5753 -0.8091
vn 0.1157 0.6148 -0.7802
vn 0.1157 -0.6148 -0.7802
vn 0.1200 0.5753 -0.8091
vn 0.1112 -0.6527 -0.7494
vn 0.1240 0.5345 -0.8360
vn 0.1063 -0.6891 -0.7168
vn 0.1277 0.4924 -0.8609
vn 0.1012 -0.7238 -0.6825
vn 0.1311 0.4492 -0.8838
vn 0.0959 -0.7568 -0.6465
vn 0.1342 0.4048 -0.9045
vn 0.0903 -0.7880 -0.6090
vn 0.1369 0.3595 -0.9230
vn 0.0846 -0.8173 -0.5700
vn 0.1393 0.3133 -0.9394
vn 0.0786 -0.8446 -0.5297
vn 0.1414 0.2664 -0.9534
vn 0.0036 0.9997 -0.0243
vn 0.0724 -0.8698 -0.4880
vn 0.1432 0.2188 -0.9652
vn 0.0108 0.9973 -0.0729
vn 0.0660 -0.8930 -0.4452
vn 0.1446 0.1708 -0.9746
vn 0.0180 0.9925 -0.1212
vn 0.0595 -0.9140 -0.4013
vn 0.1456 0.1223 -0.9818
vn 0.0251 0.9852 -0.1693
vn 0.0529 -0.9328 -0.3564
vn 0.1463 0.0735 -0.9865
vn 0.0322 0.9756 -0.2170
vn 0.0461 -0.9494 -0.3106
vn 0.1467 0.0245 -0.9889
vn 0.0392 0.9637 -0.2641
vn 0.0392 -0.9637 -0.2641
vn 0.1467 -0.0245 -0.9889
vn 0.0461 0.9494 -0.3106
vn 0.0322 -0.9756 -0.2170
vn 0.1463 -0.0735 -0.9865
vn 0.0529 0.9328 -0.3564
vn 0.0251 -0.9852 -0.1693
vn 0.1456 -0.1223 -0.9818
vn 0.0595 0.9140 -0.4013
vn 0.0180 -0.9925 -0.1212
vn 0.1446 -0.1708 -0.9746
vn 0.0660 0.8930 -0.4452
vn 0.0108 -0.9973 -0.0729
vn 0.1432 -0.2188 -0.9652
vn 0.0724 0.8698 -0.4880
vn 0.0036 -0.9997 -0.0243
vn 0.1414 -0.2664 -0.9534
vn 0.0786 0.8446 -0.5297
vn 0.1393 -0.3133 -0.9394
vn 0.0846 0.8173 -0.5700
vn 0.1369 -0.3595 -0.9230
vn 0.0903 0.7880 -0.6090
vn 0.1342 -0.4048 -0.9045
vn 0.0959 0.7568 -0.6465
vn 0.1311 -0.4492 -0.8838
vn 0.1841 0.6527 -0.7349
vn 0.1987 -0.5753 -0.7934
vn 0.1916 0.6148 -0.7651
vn 0.1916 -0.6148 -0.7651
vn 0.1987 0.5753 -0.7934
vn 0.1841 -0.6527 -0.7349
vn 0.2054 0.5345 -0.8198
vn 0.1761 -0.6891 -0.7029
vn 0.2115 0.4924 -0.8443
vn 0.1677 -0.7238 -0.6693
vn 0.2171 0.4492 -0.8667
vn 0.1588 -0.7568 -0.6340
vn 0.2222 0.4048 -0.8870
vn 0.1496 -0.7880 -0.5972
vn 0.2267 0.3595 -0.9052
vn 0.1400 -0.8173 -0.5590
vn 0.2307 0.3133 -0.9212
vn 0.1301 -0.8446 -0.5194
vn 0.2342 0.2664 -0.9350
vn 0.0060 0.9997 -0.0238
vn 0.1199 -0.8698 -0.4786
vn 0.2371 0.2189 -0.9465
vn 0.0179 0.9973 -0.0714
vn 0.1094 -0.8930 -0.4366
vn 0.2394 0.1708 -0.9558
vn 0.0298 0.9925 -0.1189
vn 0.0986 -0.9140 -0.3935
vn 0.2412 0.1223 -0.9628
vn 0.0416 0.9852 -0.1660
vn 0.0875 -0.9328 -0.3495
vn 0.2423 0.0735 -0.9674
vn 0.0533 0.9756 -0.2128
vn 0.0763 -0.9494 -0.3046
vn 0.2429 0.0245 -0.9697
vn 0.0649 0.9637 -0.2590
vn 0.0649 -0.9637 -0.2590
vn 0.2429 -0.0245 -0.9697
vn 0.0763 0.9494 -0.3046
vn 0.0533 -0.9756 -0.2128
vn 0.2423 -0.0735 -0.9674
vn 0.0875 0.9328 -0.3495
vn 0.0416 -0.9852 -0.1660
vn 0.2412 -0.1223 -0.9628
vn 0.0986 0.9140 -0.3935
vn 0.0298 -0.9925 -0.1189
vn 0.2394 -0.1708 -0.9558
vn 0.1094 0.8930 -0.4366
vn 0.0179 -0.9973 -0.0714
vn 0.2371 -0.2188 -0.9465
vn 0.1199 0.8698 -0.4786
vn 0.0060 -0.9997 -0.0238
vn 0.2342 -0.2664 -0.9350
vn 0.1301 0.8446 -0.5194
vn 0.2307 -0.3133 -0.9212
vn 0.1400 0.8173 -0.5590
vn 0.2267 -0.3595 -0.9052
vn 0.1496 0.7880 -0.5972
vn 0.2222 -0.4048 -0.8870
vn 0.1588 0.7568 -0.6340
vn 0.2171 -0.4492 -0.8667
vn 0.1677 0.7238 -0.6693
vn 0.2115 -0.4924 -0.8443
vn 0.1761 0.6891 -0.7029
vn 0.2054 -0.5345 -0.8198
vn 0.2755 0.5753 -0.7701
vn 0.2552 -0.6527 -0.7133
vn 0.2847 0.5345 -0.7957
vn 0.2441 -0.6891 -0.6823
vn 0.2932 0.4924 -0.8195
vn 0.2324 -0.7238 -0.6496
vn 0.3010 0.4492 -0.8412
vn 0.2202 -0.7568 -0.6154
vn 0.3080 0.4048 -0.8609
vn 0.2074 -0.7880 -0.5797
vn 0.3144 0.3595 -0.8786
vn 0.1941 -0.8173 -0.5426
vn 0.3199 0.3133 -0.8941
vn 0.1804 -0.8446 -0.5042
vn 0.3247 0.2664 -0.9075
vn 0.0083 0.9997 -0.0231
vn 0.1662 -0.8698 -0.4645
vn 0.3287 0.2188 -0.9187
vn 0.0248 0.9973 -0.0693
vn 0.1516 -0.8930 -0.4237
vn 0.3319 0.1708 -0.9277
vn 0.0413 0.9925 -0.1154
vn 0.1367 -0.9140 -0.3819
vn 0.3344 0.1223 -0.9345
vn 0.0577 0.9852 -0.1612
vn 0.1214 -0.9328 -0.3392
vn 0.3360 0.0735 -0.9390
vn 0.0739 0.9756 -0.2065
vn 0.1058 -0.9494 -0.2957
vn 0.3368 0.0245 -0.9413
vn 0.0900 0.9637 -0.2514
vn 0.0900 -0.9637 -0.2514
vn 0.3368 -0.0245 -0.9413
vn 0.1058 0.9494 -0.2957
vn 0.0739 -0.9756 -0.2065
vn 0.3360 -0.0735 -0.9390
vn 0.1214 0.9328 -0.3392
vn 0.0577 -0.9852 -0.1612
vn 0.3344 -0.1223 -0.9345
vn 0.1367 0.9140 -0.3819
vn 0.0413 -0.9925 -0.1154
vn 0.3319 -0.1708 -0.9277
vn 0.1516 0.8930 -0.4237
vn 0.0248 -0.9973 -0.0693
vn 0.3287 -0.2188 -0.9187
vn 0.1662 0.8698 -0.4645
vn 0.0083 -0.9997 -0.0231
vn 0.3247 -0.2664 -0.9075
vn 0.1804 0.8446 -0.5042
vn 0.3199 -0.3133 -0.8941
vn 0.1941 0.8173 -0.5426
vn 0.3144 -0.3595 -0.8786
vn 0.2074 0.7880 -0.5797
vn 0.3080 -0.4048 -0.8609
vn 0.2202 0.7568 -0.6154
vn 0.3010 -0.4492 -0.8412
vn 0.2324 0.7238 -0.6496
vn 0.2932 -0.4924 -0.8195
vn 0.2441 0.6891 -0.6823
vn 0.2847 -0.5345 -0.7957
vn 0.2552 0.6527 -0.7133
vn 0.2755 -0.5753 -0.7701
vn 0.2657 0.6148 -0.7426
vn 0.2657 -0.6148 -0.7426
vn 0.3721 0.4924 -0.7868
vn 0.2950 -0.7238 -0.6237
vn 0.3820 0.4492 -0.8077
vn 0.2795 -0.7568 -0.5909
vn 0.3910 0.4048 -0.8266
vn 0.2632 -0.7880 -0.5566
vn 0.3990 0.3595 -0.8435
vn 0.2464 -0.8173 -0.5209
vn 0.4060 0.3133 -0.8585
vn 0.2289 -0.8446 -0.4840
vn 0.4121 0.2664 -0.8713
vn 0.0105 0.9997 -0.0222
vn 0.2109 -0.8698 -0.4460
vn 0.4172 0.2189 -0.8821
vn 0.0315 0.9973 -0.0666
vn 0.1924 -0.8930 -0.4068
vn 0.4213 0.1708 -0.8907
vn 0.0524 0.9925 -0.1108
vn 0.1734 -0.9140 -0.3667
vn 0.4243 0.1223 -0.8972
vn 0.0732 0.9852 -0.1547
vn 0.1540 -0.9328 -0.3257
vn 0.4264 0.0735 -0.9015
vn 0.0938 0.9756 -0.1983
vn 0.1343 -0.9494 -0.2839
vn 0.4274 0.0245 -0.9037
vn 0.1142 0.9637 -0.2414
vn 0.1142 -0.9637 -0.2414
vn 0.4274 -0.0245 -0.9037
vn 0.1343 0.9494 -0.2839
vn 0.0938 -0.9756 -0.1983
vn 0.4264 -0.0735 -0.9015
vn 0.1540 0.9328 -0.3257
vn 0.0732 -0.9852 -0.1547
vn 0.4243 -0.1223 -0.8972
vn 0.1734 0.9140 -0.3667
vn 0.0524 -0.9925 -0.1108
vn 0.4213 -0.1708 -0.8907
vn 0.1924 0.8930 -0.4068
vn 0.0315 -0.9973 -0.0666
vn 0.4172 -0.2189 -0.8821
vn 0.2109 0.8698 -0.4460
vn 0.0105 -0.9997 -0.0222
vn 0.4121 -0.2664 -0.8713
vn 0.2289 0.8446 -0.4840
vn 0.4060 -0.3133 -0.8585
vn 0.2464 0.8173 -0.5209
vn 0.3990 -0.3595 -0.8435
vn 0.2632 0.7880 -0.5566
vn 0.3910 -0.4048 -0.8266
vn 0.2795 0.7568 -0.5909
vn 0.3820 -0.4492 -0.8077
vn 0.2950 0.7238 -0.6237
vn 0.3721 -0.4924 -0.7868
vn 0.3098 0.6891 -0.6551
vn 0.3613 -0.5345 -0.7640
vn 0.3239 0.6527 -0.6849
vn 0.3497 -0.5753 -0.7394
vn 0.3372 0.6148 -0.7130
vn 0.3372 -0.6148 -0.7130
vn 0.3497 0.5753 -0.7394
vn 0.3239 -0.6527 -0.6849
vn 0.3613 0.5345 -0.7640
vn 0.3098 -0.6891 -0.6551
vn 0.4701 0.4048 -0.7843
vn 0.3165 -0.7880 -0.5281
vn 0.4797 0.3595 -0.8004
vn 0.2963 -0.8173 -0.4943
vn 0.4882 0.3133 -0.8145
vn 0.2753 -0.8446 -0.4593
vn 0.4955 0.2664 -0.8267
vn 0.0126 0.9997 -0.0211
vn 0.2536 -0.8698 -0.4232
vn 0.5016 0.2189 -0.8369
vn 0.0379 0.9973 -0.0632
vn 0.2314 -0.8930 -0.3860
vn 0.5066 0.1708 -0.8451
vn 0.0630 0.9925 -0.1051
vn 0.2085 -0.9140 -0.3479
vn 0.5102 0.1223 -0.8513
vn 0.0880 0.9852 -0.1468
vn 0.1852 -0.9328 -0.3090
vn 0.5127 0.0735 -0.8554
vn 0.1128 0.9756 -0.1881
vn 0.1614 -0.9494 -0.2693
vn 0.5139 0.0245 -0.8575
vn 0.1373 0.9637 -0.2290
vn 0.1373 -0.9637 -0.2290
vn 0.5139 -0.0245 -0.8575
vn 0.1614 0.9494 -0.2693
vn 0.1128 -0.9756 -0.1881
vn 0.5127 -0.0735 -0.8554
vn 0.1852 0.9328 -0.3090
vn 0.0880 -0.9852 -0.1468
vn 0.5102 -0.1223 -0.8513
vn 0.2085 0.9140 -0.3479
vn 0.0630 -0.9925 -0.1051
vn 0.5066 -0.1708 -0.8451
vn 0.2314 0.8930 -0.3860
vn 0.0379 -0.9973 -0.0632
vn 0.5016 -0.2188 -0.8369
vn 0.2536 0.8698 -0.4232
vn 0.0126 -0.9997 -0.0211
vn 0.4955 -0.2664 -0.8267
vn 0.2753 0.8446 -0.4593
vn 0.4882 -0.3133 -0.8145
vn 0.2963 0.8173 -0.4943
vn 0.4797 -0.3595 -0.8004
vn 0.3165 0.7880 -0.5281
vn 0.4701 -0.4048 -0.7843
vn 0.3360 0.7568 -0.5606
vn 0.4593 -0.4492 -0.7663
vn 0.3547 0.7238 -0.5918
vn 0.4474 -0.4924 -0.7465
vn 0.3725 0.6891 -0.6216
vn 0.4345 -0.5345 -0.7249
vn 0.3895 0.6527 -0.6498
vn 0.4205 -0.5753 -0.7015
vn 0.4055 0.6148 -0.6765
vn 0.4055 -0.6148 -0.6765
vn 0.4205 0.5753 -0.7015
vn 0.3895 -0.6527 -0.6498
vn 0.4345 0.5345 -0.7249
vn 0.3726 -0.6891 -0.6216
vn 0.4474 0.4924 -0.7465
vn 0.3547 -0.7238 -0.5918
vn 0.4593 0.4492 -0.7663
vn 0.3360 -0.7568 -0.5606
vn 0.5657 0.3133 -0.7628
vn 0.3190 -0.8446 -0.4301
vn 0.5742 0.2664 -0.7742
vn 0.0146 0.9997 -0.0197
vn 0.2939 -0.8698 -0.3963
vn 0.5813 0.2188 -0.7837
vn 0.0439 0.9973 -0.0592
vn 0.2681 -0.8930 -0.3615
vn 0.5870 0.1708 -0.7914
vn 0.0730 0.9925 -0.0984
vn 0.2416 -0.9140 -0.3258
vn 0.5912 0.1223 -0.7972
vn 0.1020 0.9852 -0.1375
vn 0.2146 -0.9328 -0.2894
vn 0.5941 0.0735 -0.8010
vn 0.1307 0.9756 -0.1762
vn 0.1871 -0.9494 -0.2522
vn 0.5955 0.0245 -0.8030
vn 0.1591 0.9637 -0.2145
vn 0.1591 -0.9637 -0.2145
vn 0.5955 -0.0245 -0.8030
vn 0.1871 0.9494 -0.2522
vn 0.1307 -0.9756 -0.1762
vn 0.5941 -0.0735 -0.8010
vn 0.2146 0.9328 -0.2894
vn 0.1020 -0.9852 -0.1375
vn 0.5912 -0.1223 -0.7972
vn 0.2416 0.9140 -0.3258
vn 0.0730 -0.9925 -0.0984
vn 0.5869 -0.1708 -0.7914
vn 0.2681 0.8930 -0.3615
vn 0.0439 -0.9973 -0.0592
vn 0.5813 -0.2189 -0.7837
vn 0.2939 0.8698 -0.3963
vn 0.0146 -0.9997 -0.0197
vn 0.5742 -0.2664 -0.7742
vn 0.3190 0.8446 -0.4301
vn 0.5657 -0.3133 -0.7628
vn 0.3433 0.8173 -0.4629
vn 0.5559 -0.3595 -0.7495
vn 0.3668 0.7880 -0.4945
vn 0.5447 -0.4048 -0.7344
vn 0.3894 0.7568 -0.5250
vn 0.5322 -0.4492 -0.7176
vn 0.4110 0.7238 -0.5542
vn 0.5185 -0.4924 -0.6991
vn 0.4317 0.6891 -0.5821
vn 0.5035 -0.5345 -0.6788
vn 0.4513 0.6527 -0.6085
vn 0.4872 -0.5753 -0.6570
vn 0.4698 0.6148 -0.6335
vn 0.4698 -0.6148 -0.6335
vn 0.4872 0.5753 -0.6570
vn 0.4513 -0.6527 -0.6085
vn 0.5035 0.5345 -0.6788
vn 0.4317 -0.6891 -0.5821
vn 0.5185 0.4924 -0.6991
vn 0.4110 -0.7238 -0.5542
vn 0.5322 0.4492 -0.7176
vn 0.3894 -0.7568 -0.5250
vn 0.5447 0.4048 -0.7344
vn 0.3668 -0.7880 -0.4945
vn 0.5559 0.3595 -0.7495
vn 0.3433 -0.8173 -0.4629
vn 0.6553 0.2188 -0.7230
vn 0.0495 0.9973 -0.0546
vn 0.3022 -0.8930 -0.3335
vn 0.6617 0.1708 -0.7301
vn 0.0823 0.9925 -0.0908
vn 0.2724 -0.9140 -0.3006
vn 0.6665 0.1223 -0.7354
vn 0.1149 0.9852 -0.1268
vn 0.2419 -0.9328 -0.2669
vn 0.6697 0.0735 -0.7389
vn 0.1473 0.9756 -0.1625
vn 0.2109 -0.9494 -0.2327
vn 0.6714 0.0245 -0.7407
vn 0.1793 0.9637 -0.1978
vn 0.1793 -0.9637 -0.1978
vn 0.6714 -0.0245 -0.7407
vn 0.2109 0.9494 -0.2327
vn 0.1473 -0.9756 -0.1625
vn 0.6697 -0.0735 -0.7389
vn 0.2419 0.9328 -0.2669
vn 0.1149 -0.9852 -0.1268
vn 0.6665 -0.1223 -0.7354
vn 0.2724 0.9140 -0.3006
vn 0.0823 -0.9925 -0.0908
vn 0.6617 -0.1708 -0.7301
vn 0.3022 0.8930 -0.3335
vn 0.0495 -0.9973 -0.0546
vn 0.6553 -0.2189 -0.7230
vn 0.3313 0.8698 -0.3655
vn 0.0165 -0.9997 -0.0182
vn 0.6473 -0.2664 -0.7142
vn 0.3596 0.8446 -0.3967
vn 0.6377 -0.3133 -0.7036
vn 0.3870 0.8173 -0.4270
vn 0.6267 -0.3595 -0.6914
vn 0.4135 0.7880 -0.4562
vn 0.6141 -0.4048 -0.6775
vn 0.4389 0.7568 -0.4843
vn 0.6000 -0.4492 -0.6620
vn 0.4634 0.7238 -0.5112
vn 0.5845 -0.4924 -0.6449
vn 0.4867 0.6891 -0.5369
vn 0.5676 -0.5345 -0.6262
vn 0.5088 0.6527 -0.5613
vn 0.5493 -0.5753 -0.6060
vn 0.5297 0.6148 -0.5844
vn 0.5297 -0.6148 -0.5844
vn 0.5493 0.5753 -0.6060
vn 0.5088 -0.6527 -0.5613
vn 0.5676 0.5345 -0.6262
vn 0.4867 -0.6891 -0.5369
vn 0.5845 0.4924 -0.6449
vn 0.4634 -0.7238 -0.5112
vn 0.6000 0.4492 -0.6620
vn 0.4389 -0.7568 -0.4843
vn 0.6141 0.4048 -0.6775
vn 0.4135 -0.7880 -0.4562
vn 0.6267 0.3595 -0.6914
vn 0.3870 -0.8173 -0.4270
vn 0.6377 0.3133 -0.7036
vn 0.3596 -0.8446 -0.3967
vn 0.6473 0.2664 -0.7142
vn 0.0165 0.9997 -0.0182
vn 0.3313 -0.8698 -0.3655
vn 0.7354 0.1223 -0.6665
vn 0.1268 0.9852 -0.1149
vn 0.2669 -0.9328 -0.2419
vn 0.7389 0.0735 -0.6697
vn 0.1625 0.9756 -0.1473
vn 0.2327 -0.9494 -0.2109
vn 0.7407 0.0245 -0.6714
vn 0.1978 0.9637 -0.1793
vn 0.1978 -0.9637 -0.1793
vn 0.7407 -0.0245 -0.6714
vn 0.2327 0.9494 -0.2109
vn 0.1625 -0.9756 -0.1473
vn 0.7389 -0.0735 -0.6697
vn 0.2669 0.9328 -0.2419
vn 0.1268 -0.9852 -0.1149
vn 0.7354 -0.1223 -0.6665
vn 0.3006 0.9140 -0.2724
vn 0.0908 -0.9925 -0.0823
vn 0.7301 -0.1708 -0.6617
vn 0.3335 0.8930 -0.3022
vn 0.0546 -0.9973 -0.0495
vn 0.7230 -0.2189 -0.6553
vn 0.3655 0.8698 -0.3313
vn 0.0182 -0.9997 -0.0165
vn 0.7142 -0.2664 -0.6473
vn 0.3967 0.8446 -0.3596
vn 0.7036 -0.3133 -0.6377
vn 0.4270 0.8173 -0.3870
vn 0.6914 -0.3595 -0.6267
vn 0.4562 0.7880 -0.4135
vn 0.6775 -0.4048 -0.6141
vn 0.4843 0.7568 -0.4389
vn 0.6620 -0.4492 -0.6000
vn 0.5112 0.7238 -0.4634
vn 0.6449 -0.4925 -0.5845
vn 0.5369 0.6891 -0.4867
vn 0.6262 -0.5345 -0.5676
vn 0.5613 0.6527 -0.5088
vn 0.6060 -0.5753 -0.5493
vn 0.5844 0.6148 -0.5297
vn 0.5844 -0.6148 -0.5297
vn 0.6060 0.5753 -0.5493
vn 0.5613 -0.6527 -0.5088
vn 0.6262 0.5345 -0.5676
vn 0.5369 -0.6891 -0.4867
vn 0.6449 0.4924 -0.5845
vn 0.5112 -0.7238 -0.4634
vn 0.6620 0.4492 -0.6000
vn 0.4843 -0.7568 -0.4389
vn 0.6775 0.4048 -0.6141
vn 0.4562 -0.7880 -0.4135
vn 0.6914 0.3595 -0.6267
vn 0.4270 -0.8173 -0.3870
vn 0.7036 0.3133 -0.6377
vn 0.3967 -0.8446 -0.3596
vn 0.7142 0.2664 -0.6473
vn 0.0182 0.9997 -0.0165
vn 0.3655 -0.8698 -0.3313
vn 0.7230 0.2188 -0.6553
vn 0.0546 0.9973 -0.0495
vn 0.3335 -0.8930 -0.3022
vn 0.7301 0.1708 -0.6617
vn 0.0908 0.9925 -0.0823
vn 0.3006 -0.9140 -0.2724
vn 0.8030 0.0245 -0.5955
vn 0.2145 0.9637 -0.1591
vn 0.2145 -0.9637 -0.1591
vn 0.8030 -0.0245 -0.5955
vn 0.2522 0.9494 -0.1871
vn 0.1762 -0.9756 -0.1307
vn 0.8010 -0.0735 -0.5941
vn 0.2894 0.9328 -0.2146
vn 0.1375 -0.9852 -0.1020
vn 0.7972 -0.1223 -0.5912
vn 0.3258 0.9140 -0.2416
vn 0.0984 -0.9925 -0.0730
vn 0.7914 -0.1708 -0.5870
vn 0.3615 0.8930 -0.2681
vn 0.0592 -0.9973 -0.0439
vn 0.7837 -0.2188 -0.5813
vn 0.3963 0.8698 -0.2939
vn 0.0197 -0.9997 -0.0146
vn 0.7742 -0.2664 -0.5742
vn 0.4301 0.8446 -0.3190
vn 0.7628 -0.3133 -0.5657
vn 0.4629 0.8173 -0.3433
vn 0.7495 -0.3595 -0.5559
vn 0.4945 0.7880 -0.3668
vn 0.7344 -0.4048 -0.5447
vn 0.5250 0.7568 -0.3894
vn 0.7176 -0.4492 -0.5322
vn 0.5542 0.7238 -0.4110
vn 0.6991 -0.4924 -0.5185
vn 0.5821 0.6891 -0.4317
vn 0.6788 -0.5345 -0.5035
vn 0.6085 0.6527 -0.4513
vn 0.6570 -0.5753 -0.4872
vn 0.6335 0.6148 -0.4698
vn 0.6335 -0.6148 -0.4698
vn 0.6570 0.5753 -0.4872
vn 0.6085 -0.6527 -0.4513
vn 0.6788 0.5345 -0.5035
vn 0.5821 -0.6891 -0.4317
vn 0.6991 0.4924 -0.5185
vn 0.5542 -0.7238 -0.4110
vn 0.7176 0.4492 -0.5322
vn 0.5250 -0.7568 -0.3894
vn 0.7344 0.4048 -0.5447
vn 0.4945 -0.7880 -0.3668
vn 0.7495 0.3595 -0.5559
vn 0.4629 -0.8173 -0.3433
vn 0.7628 0.3133 -0.5657
vn 0.4301 -0.8446 -0.3190
vn 0.7742 0.2664 -0.5742
vn 0.0197 0.9997 -0.0146
vn 0.3963 -0.8698 -0.2939
vn 0.7837 0.2189 -0.5813
vn 0.0591 0.9973 -0.0439
vn 0.3615 -0.8930 -0.2681
vn 0.7914 0.1708 -0.5869
vn 0.0984 0.9925 -0.0730
vn 0.3258 -0.9140 -0.2416
vn 0.7972 0.1223 -0.5912
vn 0.1375 0.9852 -0.1020
vn 0.2894 -0.9328 -0.2146
vn 0.8010 0.0735 -0.5941
vn 0.1762 0.9756 -0.1307
vn 0.2522 -0.9494 -0.1871
vn 0.8554 -0.0735 -0.5127
vn 0.3090 0.9328 -0.1852
vn 0.1468 -0.9852 -0.0880
vn 0.8513 -0.1223 -0.5102
vn 0.3479 0.9140 -0.2085
vn 0.1051 -0.9925 -0.0630
vn 0.8451 -0.1708 -0.5066
vn 0.3860 0.8930 -0.2314
vn 0.0632 -0.9973 -0.0379
vn 0.8369 -0.2189 -0.5016
vn 0.4232 0.8698 -0.2536
vn 0.0211 -0.9997 -0.0126
vn 0.8267 -0.2664 -0.4955
vn 0.4593 0.8446 -0.2753
vn 0.8145 -0.3133 -0.4882
vn 0.4943 0.8173 -0.2963
vn 0.8004 -0.3595 -0.4797
vn 0.5281 0.7880 -0.3165
vn 0.7843 -0.4048 -0.4701
vn 0.5606 0.7568 -0.3360
vn 0.7663 -0.4492 -0.4593
vn 0.5918 0.7238 -0.3547
vn 0.7465 -0.4924 -0.4474
vn 0.6216 0.6891 -0.3726
vn 0.7249 -0.5345 -0.4345
vn 0.6498 0.6527 -0.3895
vn 0.7015 -0.5753 -0.4205
vn 0.6765 0.6148 -0.4055
vn 0.6765 -0.6148 -0.4055
vn 0.7015 0.5753 -0.4205
vn 0.6498 -0.6527 -0.3895
vn 0.7249 0.5345 -0.4345
vn 0.6216 -0.6891 -0.3726
vn 0.7465 0.4924 -0.4474
vn 0.5918 -0.7238 -0.3547
vn 0.7663 0.4492 -0.4593
vn 0.5606 -0.7568 -0.3360
vn 0.7843 0.4048 -0.4701
vn 0.5281 -0.7880 -0.3165
vn 0.8004 0.3595 -0.4797
vn 0.4943 -0.8173 -0.2963
vn 0.8145 0.3133 -0.4882
vn 0.4593 -0.8446 -0.2753
vn 0.8267 0.2664 -0.4955
vn 0.0211 0.9997 -0.0126
vn 0.4232 -0.8698 -0.2536
vn 0.8369 0.2189 -0.5016
vn 0.0632 0.9973 -0.0379
vn 0.3860 -0.8930 -0.2314
vn 0.8451 0.1708 -0.5066
vn 0.1051 0.9925 -0.0630
vn 0.3479 -0.9140 -0.2085
vn 0.8513 0.1223 -0.5102
vn 0.1468 0.9852 -0.0880
vn 0.3090 -0.9328 -0.1852
vn 0.8554 0.0735 -0.5127
vn 0.1881 0.9756 -0.1128
vn 0.2693 -0.9494 -0.1614
vn 0.8575 0.0245 -0.5139
vn 0.2290 0.9637 -0.1373
vn 0.2290 -0.9637 -0.1373
vn 0.8575 -0.0245 -0.5139
vn 0.2693 0.9494 -0.1614
vn 0.1881 -0.9756 -0.1128
vn 0.8907 -0.1708 -0.4213
vn 0.4068 0.8930 -0.1924
vn 0.0666 -0.9973 -0.0315
vn 0.8821 -0.2189 -0.4172
vn 0.4460 0.8698 -0.2109
vn 0.0222 -0.9997 -0.0105
vn 0.8713 -0.2664 -0.4121
vn 0.4840 0.8446 -0.2289
vn 0.8585 -0.3133 -0.4060
vn 0.5209 0.8173 -0.2464
vn 0.8435 -0.3595 -0.3990
vn 0.5566 0.7880 -0.2632
vn 0.8266 -0.4048 -0.3910
vn 0.5909 0.7568 -0.2795
vn 0.8077 -0.4492 -0.3820
vn 0.6237 0.7238 -0.2950
vn 0.7868 -0.4924 -0.3721
vn 0.6551 0.6891 -0.3098
vn 0.7640 -0.5345 -0.3613
vn 0.6849 0.6527 -0.3239
vn 0.7394 -0.5753 -0.3497
vn 0.7130 0.6148 -0.3372
vn 0.7130 -0.6148 -0.3372
vn 0.7394 0.5753 -0.3497
vn 0.6849 -0.6527 -0.3239
vn 0.7640 0.5345 -0.3613
vn 0.6551 -0.6891 -0.3098
vn 0.7868 0.4924 -0.3721
vn 0.6237 -0.7238 -0.2950
vn 0.8077 0.4492 -0.3820
vn 0.5909 -0.7568 -0.2795
vn 0.8266 0.4048 -0.3910
vn 0.5566 -0.7880 -0.2632
vn 0.8435 0.3595 -0.3990
vn 0.5209 -0.8173 -0.2464
vn 0.8585 0.3133 -0.4060
vn 0.4840 -0.8446 -0.2289
vn 0.8713 0.2664 -0.4121
vn 0.0222 0.9997 -0.0105
vn 0.4460 -0.8698 -0.2109
vn 0.8821 0.2189 -0.4172
vn 0.0666 0.9973 -0.0315
vn 0.4068 -0.8930 -0.1924
vn 0.8907 0.1708 -0.4213
vn 0.1108 0.9925 -0.0524
vn 0.3667 -0.9140 -0.1734
vn 0.8972 0.1223 -0.4243
vn 0.1547 0.9852 -0.0732
vn 0.3257 -0.9328 -0.1540
vn 0.9015 0.0735 -0.4264
vn 0.1983 0.9756 -0.0938
vn 0.2839 -0.9494 -0.1343
vn 0.9037 0.0245 -0.4274
vn 0.2414 0.9637 -0.1142
vn 0.2414 -0.9637 -0.1142
vn 0.9037 -0.0245 -0.4274
vn 0.2839 0.9494 -0.1343
vn 0.1983 -0.9756 -0.0938
vn 0.9015 -0.0735 -0.4264
vn 0.3257 0.9328 -0.1540
vn 0.1547 -0.9852 -0.0732
vn 0.8972 -0.1223 -0.4243
vn 0.3667 0.9140 -0.1734
vn 0.1108 -0.9925 -0.0524
vn 0.9075 -0.2664 -0.3247
vn 0.5042 0.8446 -0.1804
vn 0.8941 -0.3133 -0.3199
vn 0.5426 0.8173 -0.1941
vn 0.8786 -0.3595 -0.3144
vn 0.5797 0.7880 -0.2074
vn 0.8609 -0.4048 -0.3081
vn 0.6154 0.7568 -0.2202
vn 0.8412 -0.4492 -0.3010
vn 0.6496 0.7238 -0.2324
vn 0.8195 -0.4924 -0.2932
vn 0.6823 0.6891 -0.2441
vn 0.7957 -0.5345 -0.2847
vn 0.7133 0.6527 -0.2552
vn 0.7701 -0.5753 -0.2755
vn 0.7426 0.6148 -0.2657
vn 0.7426 -0.6148 -0.2657
vn 0.7701 0.5753 -0.2755
vn 0.7133 -0.6527 -0.2552
vn 0.7957 0.5345 -0.2847
vn 0.6823 -0.6891 -0.2441
vn 0.8195 0.4924 -0.2932
vn 0.6496 -0.7238 -0.2324
vn 0.8412 0.4492 -0.3010
vn 0.6154 -0.7568 -0.2202
vn 0.8609 0.4048 -0.3080
vn 0.5797 -0.7880 -0.2074
vn 0.8786 0.3595 -0.3144
vn 0.5426 -0.8173 -0.1941
vn 0.8941 0.3133 -0.3199
vn 0.5042 -0.8446 -0.1804
vn 0.9075 0.2664 -0.3247
vn 0.0231 0.9997 -0.0083
vn 0.4645 -0.8698 -0.1662
vn 0.9187 0.2189 -0.3287
vn 0.0694 0.9973 -0.0248
vn 0.4237 -0.8930 -0.1516
vn 0.9277 0.1708 -0.3319
vn 0.1154 0.9925 -0.0413
vn 0.3819 -0.9140 -0.1367
vn 0.9345 0.1223 -0.3344
vn 0.1612 0.9852 -0.0577
vn 0.3392 -0.9328 -0.1214
vn 0.9390 0.0735 -0.3360
vn 0.2065 0.9756 -0.0739
vn 0.2957 -0.9494 -0.1058
vn 0.9413 0.0245 -0.3368
vn 0.2514 0.9637 -0.0900
vn 0.2514 -0.9637 -0.0900
vn 0.9413 -0.0245 -0.3368
vn 0.2957 0.9494 -0.1058
vn 0.2065 -0.9756 -0.0739
vn 0.9390 -0.0735 -0.3360
vn 0.3392 0.9328 -0.1214
vn 0.1612 -0.9852 -0.0577
vn 0.9345 -0.1223 -0.3344
vn 0.3819 0.9140 -0.1367
vn 0.1154 -0.9925 -0.0413
vn 0.9277 -0.1708 -0.3319
vn 0.4237 0.8930 -0.1516
vn 0.0693 -0.9973 -0.0248
vn 0.9187 -0.2189 -0.3287
vn 0.4645 0.8698 -0.1662
vn 0.0231 -0.9997 -0.0083
vn 0.5972 0.7880 -0.1496
vn 0.3495 -0.9328 -0.0875
vn 0.9674 0.0735 -0.2423
vn 0.6340 0.7568 -0.1588
vn 0.3046 -0.9494 -0.0763
vn 0.9697 0.0245 -0.2429
vn 0.6693 0.7238 -0.1677
vn 0.2590 -0.9637 -0.0649
vn 0.9697 -0.0245 -0.2429
vn 0.7029 0.6891 -0.1761
vn 0.2128 -0.9756 -0.0533
vn 0.9674 -0.0735 -0.2423
vn 0.7349 0.6527 -0.1841
vn 0.1660 -0.9852 -0.0416
vn 0.9628 -0.1223 -0.2412
vn 0.7651 0.6148 -0.1916
vn 0.1189 -0.9925 -0.0298
vn 0.9558 -0.1708 -0.2394
vn 0.7934 0.5753 -0.1987
vn 0.0714 -0.9973 -0.0179
vn 0.9465 -0.2189 -0.2371
vn 0.8198 0.5345 -0.2054
vn 0.0238 -0.9997 -0.0060
vn 0.9350 -0.2664 -0.2342
vn 0.8443 0.4924 -0.2115
vn 0.9212 -0.3133 -0.2307
vn 0.8667 0.4492 -0.2171
vn 0.9052 -0.3595 -0.2267
vn 0.8870 0.4048 -0.2222
vn 0.8870 -0.4048 -0.2222
vn 0.9052 0.3595 -0.2267
vn 0.8667 -0.4492 -0.2171
vn 0.9212 0.3133 -0.2307
vn 0.8443 -0.4924 -0.2115
vn 0.0238 0.9997 -0.0060
vn 0.8198 -0.5345 -0.2054
vn 0.0714 0.9973 -0.0179
vn 0.7934 -0.5753 -0.1987
vn 0.1189 0.9925 -0.0298
vn 0.7651 -0.6148 -0.1916
vn 0.1660 0.9852 -0.0416
vn 0.7349 -0.6527 -0.1841
vn 0.2128 0.9756 -0.0533
vn 0.7029 -0.6891 -0.1761
vn 0.2590 0.9637 -0.0649
vn 0.6693 -0.7238 -0.1677
vn 0.3046 0.9494 -0.0763
vn 0.6340 -0.7568 -0.1588
vn 0.3495 0.9328 -0.0875
vn 0.5972 -0.7880 -0.1496
vn 0.3935 0.9140 -0.0986
vn 0.5590 -0.8173 -0.1400
vn 0.4366 0.8930 -0.1094
vn 0.5194 -0.8446 -0.1301
vn 0.9350 0.2664 -0.2342
vn 0.4786 0.8698 -0.1199
vn 0.4786 -0.8698 -0.1199
vn 0.9465 0.2189 -0.2371
vn 0.5194 0.8446 -0.1301
vn 0.4366 -0.8930 -0.1094
vn 0.9558 0.1708 -0.2394
vn 0.5590 0.8173 -0.1400
vn 0.3935 -0.9140 -0.0986
vn 0.9628 0.1223 -0.2412
vn 0.2641 -0.9637 -0.0392
vn 0.9889 -0.0245 -0.1467
vn 0.3106 0.9494 -0.0461
vn 0.2170 -0.9756 -0.0322
vn 0.9865 -0.0735 -0.1463
vn 0.3564 0.9328 -0.0529
vn 0.1693 -0.9852 -0.0251
vn 0.9818 -0.1223 -0.1456
vn 0.4013 0.9140 -0.0595
vn 0.1212 -0.9925 -0.0180
vn 0.9746 -0.1708 -0.1446
vn 0.4452 0.8930 -0.0660
vn 0.0729 -0.9973 -0.0108
vn 0.9652 -0.2189 -0.1432
vn 0.4880 0.8698 -0.0724
vn 0.0243 -0.9997 -0.0036
vn 0.9534 -0.2664 -0.1414
vn 0.5297 0.8446 -0.0786
vn 0.9394 -0.3133 -0.1393
vn 0.5700 0.8173 -0.0846
vn 0.9230 -0.3595 -0.1369
vn 0.6090 0.7880 -0.0903
vn 0.9045 -0.4048 -0.1342
vn 0.6465 0.7568 -0.0959
vn 0.8838 -0.4492 -0.1311
vn 0.6825 0.7238 -0.1012
vn 0.8609 -0.4924 -0.1277
vn 0.7168 0.6891 -0.1063
vn 0.8360 -0.5345 -0.1240
vn 0.7494 0.6527 -0.1112
vn 0.8091 -0.5753 -0.1200
vn 0.7802 0.6148 -0.1157
vn 0.7802 -0.6148 -0.1157
vn 0.8091 0.5753 -0.1200
vn 0.7494 -0.6527 -0.1112
vn 0.8360 0.5345 -0.1240
vn 0.7168 -0.6891 -0.1063
vn 0.8609 0.4924 -0.1277
vn 0.6825 -0.7238 -0.1012
vn 0.8838 0.4492 -0.1311
vn 0.6465 -0.7568 -0.0959
vn 0.9045 0.4048 -0.1342
vn 0.6090 -0.7880 -0.0903
vn 0.9230 0.3595 -0.1369
vn 0.5700 -0.8173 -0.0846
vn 0.9394 0.3133 -0.1393
vn 0.5297 -0.8446 -0.0786
vn 0.9534 0.2664 -0.1414
vn 0.0243 0.9997 -0.0036
vn 0.4880 -0.8698 -0.0724
vn 0.9652 0.2189 -0.1432
vn 0.0729 0.9973 -0.0108
vn 0.4452 -0.8930 -0.0660
vn 0.9746 0.1708 -0.1446
vn 0.1212 0.9925 -0.0180
vn 0.4013 -0.9140 -0.0595
vn 0.9818 0.1223 -0.1456
vn 0.1693 0.9852 -0.0251
vn 0.3564 -0.9328 -0.0529
vn 0.9865 0.0735 -0.1463
vn 0.2170 0.9756 -0.0322
vn 0.3106 -0.9494 -0.0461
vn 0.9889 0.0245 -0.1467
vn 0.2641 0.9637 -0.0392
vn 0.1710 -0.9852 -0.0084
vn 0.9913 -0.1223 -0.0487
vn 0.4052 0.9140 -0.0199
vn 0.1224 -0.9925 -0.0060
vn 0.9841 -0.1708 -0.0483
vn 0.4495 0.8930 -0.0221
vn 0.0736 -0.9973 -0.0036
vn 0.9746 -0.2189 -0.0479
vn 0.4928 0.8698 -0.0242
vn 0.0245 -0.9997 -0.0012
vn 0.9627 -0.2664 -0.0473
vn 0.5348 0.8446 -0.0263
vn 0.9485 -0.3133 -0.0466
vn 0.5756 0.8173 -0.0283
vn 0.9320 -0.3595 -0.0458
vn 0.6149 0.7880 -0.0302
vn 0.9133 -0.4048 -0.0449
vn 0.6528 0.7568 -0.0321
vn 0.8924 -0.4492 -0.0438
vn 0.6891 0.7238 -0.0339
vn 0.8693 -0.4924 -0.0427
vn 0.7238 0.6891 -0.0356
vn 0.8441 -0.5345 -0.0415
vn 0.7567 0.6527 -0.0372
vn 0.8169 -0.5753 -0.0401
vn 0.7878 0.6148 -0.0387
vn 0.7878 -0.6148 -0.0387
vn 0.8169 0.5753 -0.0401
vn 0.7567 -0.6527 -0.0372
vn 0.8441 0.5345 -0.0415
vn 0.7238 -0.6891 -0.0356
vn 0.8693 0.4924 -0.0427
vn 0.6891 -0.7238 -0.0339
vn 0.8924 0.4492 -0.0438
vn 0.6528 -0.7568 -0.0321
vn 0.9133 0.4048 -0.0449
vn 0.6150 -0.7880 -0.0302
vn 0.9320 0.3595 -0.0458
vn 0.5756 -0.8173 -0.0283
vn 0.9485 0.3133 -0.0466
vn 0.5348 -0.8446 -0.0263
vn 0.9627 0.2664 -0.0473
vn 0.0245 0.9997 -0.0012
vn 0.4928 -0.8698 -0.0242
vn 0.9746 0.2189 -0.0479
vn 0.0736 0.9973 -0.0036
vn 0.4495 -0.8930 -0.0221
vn 0.9841 0.1708 -0.0483
vn 0.1224 0.9925 -0.0060
vn 0.4052 -0.9140 -0.0199
vn 0.9913 0.1223 -0.0487
vn 0.1710 0.9852 -0.0084
vn 0.3598 -0.9328 -0.0177
vn 0.9961 0.0735 -0.0489
vn 0.2191 0.9756 -0.0108
vn 0.3136 -0.9494 -0.0154
vn 0.9985 0.0245 -0.0491
vn 0.2667 0.9637 -0.0131
vn 0.2667 -0.9637 -0.0131
vn 0.9985 -0.0245 -0.0491
vn 0.3136 0.9494 -0.0154
vn 0.2191 -0.9756 -0.0108
vn 0.9961 -0.0735 -0.0489
vn 0.3598 0.9328 -0.0177
vn 0.0736 -0.9973 0.0036
vn 0.9746 -0.2189 0.0479
vn 0.4928 0.8698 0.0242
vn 0.0245 -0.9997 0.0012
vn 0.9627 -0.2664 0.0473
vn 0.5348 0.8446 0.0263
vn 0.9485 -0.3133 0.0466
vn 0.5756 0.8173 0.0283
vn 0.9320 -0.3595 0.0458
vn 0.6149 0.7880 0.0302
vn 0.9133 -0.4048 0.0449
vn 0.6528 0.7568 0.0321
vn 0.8924 -0.4492 0.0438
vn 0.6891 0.7238 0.0339
vn 0.8693 -0.4924 0.0427
vn 0.7238 0.6891 0.0356
vn 0.8441 -0.5345 0.0415
vn 0.7567 0.6527 0.0372
vn 0.8169 -0.5753 0.0401
vn 0.7878 0.6148 0.0387
vn 0.7878 -0.6148 0.0387
vn 0.8169 0.5753 0.0401
vn 0.7567 -0.6527 0.0372
vn 0.8441 0.5345 0.0415
vn 0.7238 -0.6891 0.0356
vn 0.8693 0.4924 0.0427
vn 0.6891 -0.7238 0.0339
vn 0.8924 0.4492 0.0438
vn 0.6528 -0.7568 0.0321
vn 0.9133 0.4048 0.0449
vn 0.6150 -0.7880 0.0302
vn 0.9320 0.3595 0.0458
vn 0.5756 -0.8173 0.0283
vn 0.9485 0.3133 0.0466
vn 0.5348 -0.8446 0.0263
vn 0.9627 0.2664 0.0473
vn 0.0245 0.9997 0.0012
vn 0.4928 -0.8698 0.0242
vn 0.9746 0.2189 0.0479
vn 0.0736 0.9973 0.0036
vn 0.4495 -0.8930 0.0221
vn 0.9841 0.1708 0.0483
vn 0.1224 0.9925 0.0060
vn 0.4052 -0.9140 0.0199
vn 0.9913 0.1223 0.0487
vn 0.1710 0.9852 0.0084
vn 0.3598 -0.9328 0.0177
vn 0.9961 0.0735 0.0489
vn 0.2191 0.9756 0.0108
vn 0.3136 -0.9494 0.0154
vn 0.9985 0.0245 0.0491
vn 0.2667 0.9637 0.0131
vn 0.2667 -0.9637 0.0131
vn 0.9985 -0.0245 0.0491
vn 0.3136 0.9494 0.0154
vn 0.2191 -0.9756 0.0108
vn 0.9961 -0.0735 0.0489
vn 0.3598 0.9328 0.0177
vn 0.1710 -0.9852 0.0084
vn 0.9913 -0.1223 0.0487
vn 0.4052 0.9140 0.0199
vn 0.1224 -0.9925 0.0060
vn 0.9841 -0.1708 0.0483
vn 0.4495 0.8930 0.0221
vn 0.9394 -0.3133 0.1393
vn 0.5700 0.8173 0.0846
vn 0.9230 -0.3595 0.1369
vn 0.6090 0.7880 0.0903
vn 0.9045 -0.4048 0.1342
vn 0.6465 0.7568 0.0959
vn 0.8838 -0.4492 0.1311
vn 0.6825 0.7238 0.1012
vn 0.8609 -0.4924 0.1277
vn 0.7168 0.6891 0.1063
vn 0.8360 -0.5345 0.1240
vn 0.7494 0.6527 0.1112
vn 0.8091 -0.5753 0.1200
vn 0.7802 0.6148 0.1157
vn 0.7802 -0.6148 0.1157
vn 0.8091 0.5753 0.1200
vn 0.7494 -0.6527 0.1112
vn 0.8360 0.5345 0.1240
vn 0.7168 -0.6891 0.1063
vn 0.8609 0.4924 0.1277
vn 0.6825 -0.7238 0.1012
vn 0.8838 0.4492 0.1311
vn 0.6465 -0.7568 0.0959
vn 0.9045 0.4048 0.1342
vn 0.6090 -0.7880 0.0903
vn 0.9230 0.3595 0.1369
vn 0.5700 -0.8173 0.0846
vn 0.9394 0.3133 0.1393
vn 0.5297 -0.8446 0.0786
vn 0.9534 0.2664 0.1414
vn 0.0243 0.9997 0.0036
vn 0.4880 -0.8698 0.0724
vn 0.9652 0.2189 0.1432
vn 0.0729 0.9973 0.0108
vn 0.4452 -0.8930 0.0660
vn 0.9746 0.1708 0.1446
vn 0.1212 0.9925 0.0180
vn 0.4013 -0.9140 0.0595
vn 0.9818 0.1223 0.1456
vn 0.1693 0.9852 0.0251
vn 0.3564 -0.9328 0.0529
vn 0.9865 0.0735 0.1463
vn 0.2170 0.9756 0.0322
vn 0.3106 -0.9494 0.0461
vn 0.9889 0.0245 0.1467
vn 0.2641 0.9637 0.0392
vn 0.2641 -0.9637 0.0392
vn 0.9889 -0.0245 0.1467
vn 0.3106 0.9494 0.0461
vn 0.2170 -0.9756 0.0322
vn 0.9865 -0.0735 0.1463
vn 0.3564 0.9328 0.0529
vn 0.1693 -0.9852 0.0251
vn 0.9818 -0.1223 0.1456
vn 0.4013 0.9140 0.0595
vn 0.1212 -0.9925 0.0180
vn 0.9746 -0.1708 0.1446
vn 0.4452 0.8930 0.0660
vn 0.0729 -0.9973 0.0108
vn 0.9652 -0.2189 0.1432
vn 0.4880 0.8698 0.0724
vn 0.0243 -0.9997 0.0036
vn 0.9534 -0.2664 0.1414
vn 0.5297 0.8446 0.0786
vn 0.8870 -0.4048 0.2222
vn 0.6340 0.7568 0.1588
vn 0.8667 -0.4492 0.2171
vn 0.6693 0.7238 0.1677
vn 0.8443 -0.4924 0.2115
vn 0.7029 0.6891 0.1761
vn 0.8198 -0.5345 0.2054
vn 0.7349 0.6527 0.1841
vn 0.7934 -0.5753 0.1987
vn 0.7651 0.6148 0.1916
vn 0.7651 -0.6148 0.1916
vn 0.7934 0.5753 0.1987
vn 0.7349 -0.6527 0.1841
vn 0.8198 0.5345 0.2054
vn 0.7029 -0.6891 0.1761
vn 0.8443 0.4924 0.2115
vn 0.6693 -0.7238 0.1677
vn 0.8667 0.4492 0.2171
vn 0.6340 -0.7568 0.1588
vn 0.8870 0.4048 0.2222
vn 0.5972 -0.7880 0.1496
vn 0.9052 0.3595 0.2267
vn 0.5590 -0.8173 0.1400
vn 0.9212 0.3133 0.2307
vn 0.5194 -0.8446 0.1301
vn 0.9350 0.2664 0.2342
vn 0.0238 0.9997 0.0060
vn 0.4786 -0.8698 0.1199
vn 0.9465 0.2189 0.2371
vn 0.0714 0.9973 0.0179
vn 0.4366 -0.8930 0.1094
vn 0.9558 0.1708 0.2394
vn 0.1189 0.9925 0.0298
vn 0.3935 -0.9140 0.0986
vn 0.9628 0.1223 0.2412
vn 0.1660 0.9852 0.0416
vn 0.3495 -0.9328 0.0875
vn 0.9674 0.0735 0.2423
vn 0.2128 0.9756 0.0533
vn 0.3046 -0.9494 0.0763
vn 0.9697 0.0245 0.2429
vn 0.2590 0.9637 0.0649
vn 0.2590 -0.9637 0.0649
vn 0.9697 -0.0245 0.2429
vn 0.3046 0.9494 0.0763
vn 0.2128 -0.9756 0.0533
vn 0.9674 -0.0735 0.2423
vn 0.3495 0.9328 0.0875
vn 0.1660 -0.9852 0.0416
vn 0.9628 -0.1223 0.2412
vn 0.3935 0.9140 0.0986
vn 0.1189 -0.9925 0.0298
vn 0.9558 -0.1708 0.2394
vn 0.4366 0.8930 0.1094
vn 0.0714 -0.9973 0.0179
vn 0.9465 -0.2189 0.2371
vn 0.4786 0.8698 0.1199
vn 0.0238 -0.9997 0.0060
vn 0.9350 -0.2664 0.2342
vn 0.5194 0.8446 0.1301
vn 0.9212 -0.3133 0.2307
vn 0.5590 0.8173 0.1400
vn 0.9052 -0.3595 0.2267
vn 0.5972 0.7880 0.1496
vn 0.8195 -0.4924 0.2932
vn 0.6823 0.6891 0.2441
vn 0.7957 -0.5345 0.2847
vn 0.7133 0.6527 0.2552
vn 0.7701 -0.5753 0.2755
vn 0.7426 0.6148 0.2657
vn 0.7426 -0.6148 0.2657
vn 0.7701 0.5753 0.2755
vn 0.7133 -0.6527 0.2552
vn 0.7957 0.5345 0.2847
vn 0.6823 -0.6891 0.2441
vn 0.8195 0.4924 0.2932
vn 0.6496 -0.7238 0.2324
vn 0.8412 0.4492 0.3010
vn 0.6154 -0.7568 0.2202
vn 0.8609 0.4048 0.3080
vn 0.5797 -0.7880 0.2074
vn 0.8786 0.3595 0.3144
vn 0.5426 -0.8173 0.1941
vn 0.8941 0.3133 0.3199
vn 0.5042 -0.8446 0.1804
vn 0.9075 0.2664 0.3247
vn 0.0232 0.9997 0.0083
vn 0.4645 -0.8698 0.1662
vn 0.9187 0.2189 0.3287
vn 0.0693 0.9973 0.0248
vn 0.4237 -0.8930 0.1516
vn 0.9277 0.1708 0.3319
vn 0.1154 0.9925 0.0413
vn 0.3819 -0.9140 0.1367
vn 0.9345 0.1223 0.3344
vn 0.1612 0.9852 0.0577
vn 0.3392 -0.9328 0.1214
vn 0.9390 0.0735 0.3360
vn 0.2065 0.9756 0.0739
vn 0.2957 -0.9494 0.1058
vn 0.9413 0.0245 0.3368
vn 0.2514 0.9637 0.0900
vn 0.2514 -0.9637 0.0900
vn 0.9413 -0.0245 0.3368
vn 0.2957 0.9494 0.1058
vn 0.2065 -0.9756 0.0739
vn 0.9390 -0.0735 0.3360
vn 0.3392 0.9328 0.1214
vn 0.1612 -0.9852 0.0577
vn 0.9345 -0.1223 0.3344
vn 0.3819 0.9140 0.1367
vn 0.1154 -0.9925 0.0413
vn 0.9277 -0.1708 0.3319
vn 0.4237 0.8930 0.1516
vn 0.0693 -0.9973 0.0248
vn 0.9187 -0.2189 0.3287
vn 0.4645 0.8698 0.1662
vn 0.0231 -0.9997 0.0083
vn 0.9075 -0.2664 0.3247
vn 0.5042 0.8446 0.1804
vn 0.8941 -0.3133 0.3199
vn 0.5426 0.8173 0.1941
vn 0.8786 -0.3595 0.3144
vn 0.5797 0.7880 0.2074
vn 0.8609 -0.4048 0.3080
vn 0.6154 0.7568 0.2202
vn 0.8412 -0.4492 0.3010
vn 0.6496 0.7238 0.2324
vn 0.7394 -0.5753 0.3497
vn 0.7130 0.6148 0.3372
vn 0.7130 -0.6148 0.3372
vn 0.7394 0.5753 0.3497
vn 0.6849 -0.6527 0.3239
vn 0.7640 0.5345 0.3613
vn 0.6551 -0.6891 0.3098
vn 0.7868 0.4924 0.3721
vn 0.6237 -0.7238 0.2950
vn 0.8077 0.4492 0.3820
vn 0.5909 -0.7568 0.2795
vn 0.8266 0.4048 0.3910
vn 0.5566 -0.7880 0.2632
vn 0.8435 0.3595 0.3990
vn 0.5209 -0.8173 0.2464
vn 0.8585 0.3133 0.4060
vn 0.4840 -0.8446 0.2289
vn 0.8713 0.2664 0.4121
vn 0.0222 0.9997 0.0105
vn 0.4460 -0.8698 0.2109
vn 0.8821 0.2189 0.4172
vn 0.0666 0.9973 0.0315
vn 0.4068 -0.8930 0.1924
vn 0.8907 0.1708 0.4213
vn 0.1108 0.9925 0.0524
vn 0.3667 -0.9140 0.1734
vn 0.8972 0.1223 0.4243
vn 0.1547 0.9852 0.0732
vn 0.3257 -0.9328 0.1540
vn 0.9015 0.0735 0.4264
vn 0.1983 0.9756 0.0938
vn 0.2839 -0.9494 0.1343
vn 0.9037 0.0245 0.4274
vn 0.2414 0.9637 0.1142
vn 0.2414 -0.9637 0.1142
vn 0.9037 -0.0245 0.4274
vn 0.2839 0.9494 0.1343
vn 0.1983 -0.9756 0.0938
vn 0.9015 -0.0735 0.4264
vn 0.3257 0.9328 0.1540
vn 0.1547 -0.9852 0.0732
vn 0.8972 -0.1223 0.4243
vn 0.3667 0.9140 0.1734
vn 0.1108 -0.9925 0.0524
vn 0.8907 -0.1708 0.4213
vn 0.4068 0.8930 0.1924
vn 0.0666 -0.9973 0.0315
vn 0.8821 -0.2189 0.4172
vn 0.4460 0.8698 0.2109
vn 0.0222 -0.9997 0.0105
vn 0.8713 -0.2664 0.4121
vn 0.4840 0.8446 0.2289
vn 0.8585 -0.3133 0.4060
vn 0.5209 0.8173 0.2464
vn 0.8435 -0.3595 0.3990
vn 0.5566 0.7880 0.2632
vn 0.8266 -0.4048 0.3910
vn 0.5909 0.7568 0.2795
vn 0.8077 -0.4492 0.3820
vn 0.6237 0.7238 0.2950
vn 0.7868 -0.4924 0.3721
vn 0.6551 0.6891 0.3098
vn 0.7640 -0.5345 0.3613
vn 0.6849 0.6527 0.3239
vn 0.6498 -0.6527 0.3895
vn 0.7249 0.5345 0.4345
vn 0.6216 -0.6891 0.3726
vn 0.7465 0.4924 0.4474
vn 0.5918 -0.7238 0.3547
vn 0.7663 0.4492 0.4593
vn 0.5606 -0.7568 0.3360
vn 0.7843 0.4048 0.4701
vn 0.5281 -0.7880 0.3165
vn 0.8004 0.3595 0.4797
vn 0.4943 -0.8173 0.2963
vn 0.8145 0.3133 0.4882
vn 0.4593 -0.8446 0.2753
vn 0.8267 0.2664 0.4955
vn 0.0211 0.9997 0.0126
vn 0.4232 -0.8698 0.2536
vn 0.8369 0.2189 0.5016
vn 0.0632 0.9973 0.0379
vn 0.3860 -0.8930 0.2314
vn 0.8451 0.1708 0.5066
vn 0.1051 0.9925 0.0630
vn 0.3479 -0.9140 0.2085
vn 0.8513 0.1223 0.5102
vn 0.1468 0.9852 0.0880
vn 0.3090 -0.9328 0.1852
vn 0.8554 0.0735 0.5127
vn 0.1881 0.9756 0.1128
vn 0.2693 -0.9494 0.1614
vn 0.8575 0.0245 0.5139
vn 0.2290 0.9637 0.1373
vn 0.2290 -0.9637 0.1373
vn 0.8575 -0.0245 0.5139
vn 0.2693 0.9494 0.1614
vn 0.1881 -0.9756 0.1128
vn 0.8554 -0.0735 0.5127
vn 0.3090 0.9328 0.1852
vn 0.1468 -0.9852 0.0880
vn 0.8513 -0.1223 0.5102
vn 0.3479 0.9140 0.2085
vn 0.1051 -0.9925 0.0630
vn 0.8451 -0.1708 0.5066
vn 0.3860 0.8930 0.2314
vn 0.0632 -0.9973 0.0379
vn 0.8369 -0.2189 0.5016
vn 0.4232 0.8698 0.2536
vn 0.0211 -0.9997 0.0126
vn 0.8267 -0.2664 0.4955
vn 0.4593 0.8446 0.2753
vn 0.8145 -0.3133 0.4882
vn 0.4943 0.8173 0.2963
vn 0.8004 -0.3595 0.4797
vn 0.5281 0.7880 0.3165
vn 0.7843 -0.4048 0.4701
vn 0.5606 0.7568 0.3360
vn 0.7663 -0.4492 0.4593
vn 0.5918 0.7238 0.3547
vn 0.7465 -0.4924 0.4474
vn 0.6216 0.6891 0.3726
vn 0.7249 -0.5345 0.4345
vn 0.6498 0.6527 0.3895
vn 0.7015 -0.5753 0.4205
vn 0.6765 0.6148 0.4055
vn 0.6765 -0.6148 0.4055
vn 0.7015 0.5753 0.4205
vn 0.5542 -0.7238 0.4110
vn 0.7176 0.4492 0.5322
vn 0.5250 -0.7568 0.3894
vn 0.7344 0.4048 0.5447
vn 0.4945 -0.7880 0.3668
vn 0.7495 0.3595 0.5559
vn 0.4629 -0.8173 0.3433
vn 0.7628 0.3133 0.5657
vn 0.4301 -0.8446 0.3190
vn 0.7742 0.2664 0.5742
vn 0.0197 0.9997 0.0146
vn 0.3963 -0.8698 0.2939
vn 0.7837 0.2189 0.5813
vn 0.0592 0.9973 0.0439
vn 0.3615 -0.8930 0.2681
vn 0.7914 0.1708 0.5870
vn 0.0984 0.9925 0.0730
vn 0.3258 -0.9140 0.2416
vn 0.7972 0.1223 0.5912
vn 0.1375 0.9852 0.1020
vn 0.2894 -0.9328 0.2146
vn 0.8010 0.0735 0.5941
vn 0.1762 0.9756 0.1307
vn 0.2522 -0.9494 0.1871
vn 0.8030 0.0245 0.5955
vn 0.2145 0.9637 0.1591
vn 0.2145 -0.9637 0.1591
vn 0.8030 -0.0245 0.5955
vn 0.2522 0.9494 0.1871
vn 0.1762 -0.9756 0.1307
vn 0.8010 -0.0735 0.5941
vn 0.2894 0.9328 0.2146
vn 0.1375 -0.9852 0.1020
vn 0.7972 -0.1223 0.5912
vn 0.3258 0.9140 0.2416
vn 0.0984 -0.9925 0.0730
vn 0.7914 -0.1708 0.5870
vn 0.3615 0.8930 0.2681
vn 0.0592 -0.9973 0.0439
vn 0.7837 -0.2189 0.5813
vn 0.3963 0.8698 0.2939
vn 0.0197 -0.9997 0.0146
vn 0.7742 -0.2664 0.5742
vn 0.4301 0.8446 0.3190
vn 0.7628 -0.3133 0.5657
vn 0.4629 0.8173 0.3433
vn 0.7495 -0.3595 0.5559
vn 0.4945 0.7880 0.3668
vn 0.7344 -0.4048 0.5447
vn 0.5250 0.7568 0.3894
vn 0.7176 -0.4492 0.5322
vn 0.5542 0.7238 0.4110
vn 0.6991 -0.4924 0.5185
vn 0.5821 0.6891 0.4317
vn 0.6788 -0.5345 0.5035
vn 0.6085 0.6527 0.4513
vn 0.6570 -0.5753 0.4872
vn 0.6335 0.6148 0.4698
vn 0.6335 -0.6148 0.4698
vn 0.6570 0.5753 0.4872
vn 0.6085 -0.6527 0.4513
vn 0.6788 0.5345 0.5035
vn 0.5821 -0.6891 0.4317
vn 0.6991 0.4924 0.5185
vn 0.4562 -0.7880 0.4135
vn 0.6914 0.3595 0.6267
vn 0.4270 -0.8173 0.3870
vn 0.7036 0.3133 0.6377
vn 0.3967 -0.8446 0.3596
vn 0.7142 0.2664 0.6473
vn 0.0182 0.9997 0.0165
vn 0.3655 -0.8698 0.3313
vn 0.7230 0.2189 0.6553
vn 0.0546 0.9973 0.0495
vn 0.3335 -0.8930 0.3022
vn 0.7301 0.1708 0.6617
vn 0.0908 0.9925 0.0823
vn 0.3006 -0.9140 0.2724
vn 0.7354 0.1223 0.6665
vn 0.1268 0.9852 0.1149
vn 0.2669 -0.9328 0.2419
vn 0.7389 0.0735 0.6697
vn 0.1625 0.9756 0.1473
vn 0.2327 -0.9494 0.2109
vn 0.7407 0.0245 0.6714
vn 0.1978 0.9637 0.1793
vn 0.1978 -0.9637 0.1793
vn 0.7407 -0.0245 0.6714
vn 0.2327 0.9494 0.2109
vn 0.1625 -0.9756 0.1473
vn 0.7389 -0.0735 0.6697
vn 0.2669 0.9328 0.2419
vn 0.1268 -0.9852 0.1149
vn 0.7354 -0.1223 0.6665
vn 0.3006 0.9140 0.2724
vn 0.0908 -0.9925 0.0823
vn 0.7301 -0.1708 0.6617
vn 0.3335 0.8930 0.3022
vn 0.0546 -0.9973 0.0495
vn 0.7230 -0.2189 0.6553
vn 0.3655 0.8698 0.3313
vn 0.0182 -0.9997 0.0165
vn 0.7142 -0.2664 0.6473
vn 0.3967 0.8446 0.3596
vn 0.7036 -0.3133 0.6377
vn 0.4270 0.8173 0.3870
vn 0.6914 -0.3595 0.6267
vn 0.4562 0.7880 0.4135
vn 0.6775 -0.4048 0.6141
vn 0.4843 0.7568 0.4389
vn 0.6620 -0.4492 0.6000
vn 0.5112 0.7238 0.4634
vn 0.6449 -0.4924 0.5845
vn 0.5369 0.6891 0.4867
vn 0.6262 -0.5345 0.5676
vn 0.5613 0.6527 0.5088
vn 0.6060 -0.5753 0.5493
vn 0.5844 0.6148 0.5297
vn 0.5844 -0.6148 0.5297
vn 0.6060 0.5753 0.5493
vn 0.5613 -0.6527 0.5088
vn 0.6262 0.5345 0.5676
vn 0.5369 -0.6891 0.4867
vn 0.6449 0.4924 0.5845
vn 0.5112 -0.7238 0.4634
vn 0.6620 0.4492 0.6000
vn 0.4843 -0.7568 0.4389
vn 0.6775 0.4048 0.6141
vn 0.3596 -0.8446 0.3967
vn 0.6473 0.2664 0.7142
vn 0.0165 0.9997 0.0182
vn 0.3313 -0.8698 0.3655
vn 0.6553 0.2189 0.7230
vn 0.0495 0.9973 0.0546
vn 0.3022 -0.8930 0.3335
vn 0.6617 0.1708 0.7301
vn 0.0823 0.9925 0.0908
vn 0.2724 -0.9140 0.3006
vn 0.6665 0.1223 0.7354
vn 0.1149 0.9852 0.1268
vn 0.2419 -0.9328 0.2669
vn 0.6697 0.0735 0.7389
vn 0.1473 0.9756 0.1625
vn 0.2109 -0.9494 0.2327
vn 0.6714 0.0245 0.7407
vn 0.1793 0.9637 0.1978
vn 0.1793 -0.9637 0.1978
vn 0.6714 -0.0245 0.7407
vn 0.2109 0.9494 0.2327
vn 0.1473 -0.9756 0.1625
vn 0.6697 -0.0735 0.7389
vn 0.2419 0.9328 0.2669
vn 0.1150 -0.9852 0.1268
vn 0.6665 -0.1223 0.7354
vn 0.2724 0.9140 0.3006
vn 0.0823 -0.9925 0.0908
vn 0.6617 -0.1708 0.7301
vn 0.3022 0.8930 0.3335
vn 0.0495 -0.9973 0.0546
vn 0.6553 -0.2189 0.7230
vn 0.3313 0.8698 0.3655
vn 0.0165 -0.9997 0.0182
vn 0.6473 -0.2664 0.7142
vn 0.3596 0.8446 0.3967
vn 0.6377 -0.3133 0.7036
vn 0.3870 0.8173 0.4270
vn 0.6267 -0.3595 0.6914
vn 0.4135 0.7880 0.4562
vn 0.6141 -0.4048 0.6775
vn 0.4389 0.7568 0.4843
vn 0.6000 -0.4492 0.6620
vn 0.4634 0.7238 0.5112
vn 0.5845 -0.4924 0.6449
vn 0.4867 0.6891 0.5369
vn 0.5676 -0.5345 0.6262
vn 0.5088 0.6527 0.5613
vn 0.5493 -0.5753 0.6060
vn 0.5297 0.6148 0.5844
vn 0.5297 -0.6148 0.5844
vn 0.5493 0.5753 0.6060
vn 0.5088 -0.6527 0.5613
vn 0.5676 0.5345 0.6262
vn 0.4867 -0.6891 0.5369
vn 0.5845 0.4924 0.6449
vn 0.4634 -0.7238 0.5112
vn 0.6000 0.4492 0.6620
vn 0.4389 -0.7568 0.4843
vn 0.6141 0.4048 0.6775
vn 0.4135 -0.7880 0.4562
vn 0.6267 0.3595 0.6914
vn 0.3870 -0.8173 0.4270
vn 0.6377 0.3133 0.7036
vn 0.0439 0.9973 0.0592
vn 0.2681 -0.8930 0.3615
vn 0.5870 0.1708 0.7914
vn 0.0730 0.9925 0.0984
vn 0.2416 -0.9140 0.3258
vn 0.5912 0.1223 0.7972
vn 0.1020 0.9852 0.1375
vn 0.2146 -0.9328 0.2894
vn 0.5941 0.0735 0.8010
vn 0.1307 0.9756 0.1762
vn 0.1871 -0.9494 0.2522
vn 0.5955 0.0245 0.8030
vn 0.1591 0.9637 0.2145
vn 0.1591 -0.9637 0.2145
vn 0.5955 -0.0245 0.8030
vn 0.1871 0.9494 0.2522
vn 0.1307 -0.9756 0.1762
vn 0.5941 -0.0735 0.8010
vn 0.2146 0.9328 0.2894
vn 0.1020 -0.9852 0.1375
vn 0.5912 -0.1223 0.7972
vn 0.2416 0.9140 0.3258
vn 0.0730 -0.9925 0.0984
vn 0.5870 -0.1708 0.7914
vn 0.2681 0.8930 0.3615
vn 0.0439 -0.9973 0.0592
vn 0.5813 -0.2189 0.7837
vn 0.2939 0.8698 0.3963
vn 0.0146 -0.9997 0.0197
vn 0.5742 -0.2664 0.7742
vn 0.3190 0.8446 0.4301
vn 0.5657 -0.3133 0.7628
vn 0.3433 0.8173 0.4629
vn 0.5559 -0.3595 0.7495
vn 0.3668 0.7880 0.4945
vn 0.5447 -0.4048 0.7344
vn 0.3894 0.7568 0.5250
vn 0.5322 -0.4492 0.7176
vn 0.4110 0.7238 0.5542
vn 0.5185 -0.4924 0.6991
vn 0.4317 0.6891 0.5821
vn 0.5035 -0.5345 0.6788
vn 0.4513 0.6527 0.6085
vn 0.4872 -0.5753 0.6570
vn 0.4698 0.6148 0.6335
vn 0.4698 -0.6148 0.6335
vn 0.4872 0.5753 0.6570
vn 0.4513 -0.6527 0.6085
vn 0.5035 0.5345 0.6788
vn 0.4317 -0.6891 0.5821
vn 0.5185 0.4924 0.6991
vn 0.4110 -0.7238 0.5542
vn 0.5322 0.4492 0.7176
vn 0.3894 -0.7568 0.5250
vn 0.5447 0.4048 0.7344
vn 0.3668 -0.7880 0.4945
vn 0.5559 0.3595 0.7495
vn 0.3433 -0.8173 0.4629
vn 0.5657 0.3133 0.7628
vn 0.3190 -0.8446 0.4301
vn 0.5742 0.2664 0.7742
vn 0.0146 0.9997 0.0197
vn 0.2939 -0.8698 0.3963
vn 0.5813 0.2189 0.7837
vn 0.3895 -0.6527 0.6498
vn 0.4345 0.5345 0.7249
vn 0.3726 -0.6891 0.6216
vn 0.4474 0.4924 0.7465
vn 0.3547 -0.7238 0.5918
vn 0.4593 0.4492 0.7663
vn 0.3360 -0.7568 0.5606
vn 0.4701 0.4048 0.7843
vn 0.3165 -0.7880 0.5281
vn 0.4797 0.3595 0.8004
vn 0.2963 -0.8173 0.4943
vn 0.4882 0.3133 0.8145
vn 0.2753 -0.8446 0.4593
vn 0.4955 0.2664 0.8267
vn 0.0126 0.9997 0.0211
vn 0.2536 -0.8698 0.4232
vn 0.5016 0.2189 0.8369
vn 0.0379 0.9973 0.0632
vn 0.2314 -0.8930 0.3860
vn 0.5066 0.1708 0.8451
vn 0.0630 0.9925 0.1051
vn 0.2085 -0.9140 0.3479
vn 0.5102 0.1223 0.8513
vn 0.0880 0.9852 0.1468
vn 0.1852 -0.9328 0.3090
vn 0.5127 0.0735 0.8554
vn 0.1128 0.9756 0.1881
vn 0.1614 -0.9494 0.2693
vn 0.5139 0.0245 0.8575
vn 0.1373 0.9637 0.2290
vn 0.1373 -0.9637 0.2290
vn 0.5139 -0.0245 0.8575
vn 0.1614 0.9494 0.2693
vn 0.1128 -0.9756 0.1881
vn 0.5127 -0.0735 0.8554
vn 0.1852 0.9328 0.3090
vn 0.0880 -0.9852 0.1468
vn 0.5102 -0.1223 0.8513
vn 0.2085 0.9140 0.3479
vn 0.0630 -0.9925 0.1051
vn 0.5066 -0.1708 0.8451
vn 0.2314 0.8930 0.3860
vn 0.0379 -0.9973 0.0632
vn 0.5016 -0.2189 0.8369
vn 0.2536 0.8698 0.4232
vn 0.0126 -0.9997 0.0211
vn 0.4955 -0.2664 0.8267
vn 0.2753 0.8446 0.4593
vn 0.4882 -0.3133 0.8145
vn 0.2963 0.8173 0.4943
vn 0.4797 -0.3595 0.8004
vn 0.3165 0.7880 0.5281
vn 0.4701 -0.4048 0.7843
vn 0.3360 0.7568 0.5606
vn 0.4593 -0.4492 0.7663
vn 0.3547 0.7238 0.5918
vn 0.4474 -0.4924 0.7465
vn 0.3725 0.6891 0.6216
vn 0.4345 -0.5345 0.7249
vn 0.3895 0.6527 0.6498
vn 0.4205 -0.5753 0.7015
vn 0.4055 0.6148 0.6765
vn 0.4055 -0.6148 0.6765
vn 0.4205 0.5753 0.7015
vn 0.2950 -0.7238 0.6237
vn 0.3820 0.4492 0.8077
vn 0.2795 -0.7568 0.5909
vn 0.3910 0.4048 0.8266
vn 0.2632 -0.7880 0.5566
vn 0.3990 0.3595 0.8435
vn 0.2464 -0.8173 0.5209
vn 0.4060 0.3133 0.8585
vn 0.2289 -0.8446 0.4840
vn 0.4121 0.2664 0.8713
vn 0.0105 0.9997 0.0222
vn 0.2109 -0.8698 0.4460
vn 0.4172 0.2189 0.8821
vn 0.0315 0.9973 0.0666
vn 0.1924 -0.8930 0.4068
vn 0.4213 0.1708 0.8907
vn 0.0524 0.9925 0.1108
vn 0.1734 -0.9140 0.3667
vn 0.4243 0.1223 0.8972
vn 0.0732 0.9852 0.1547
vn 0.1540 -0.9328 0.3257
vn 0.4264 0.0735 0.9015
vn 0.0938 0.9756 0.1983
vn 0.1343 -0.9494 0.2839
vn 0.4274 0.0245 0.9037
vn 0.1142 0.9637 0.2414
vn 0.1142 -0.9637 0.2414
vn 0.4274 -0.0245 0.9037
vn 0.1343 0.9494 0.2839
vn 0.0938 -0.9756 0.1983
vn 0.4264 -0.0735 0.9015
vn 0.1540 0.9328 0.3257
vn 0.0732 -0.9852 0.1547
vn 0.4243 -0.1223 0.8972
vn 0.1734 0.9140 0.3667
vn 0.0524 -0.9925 0.1108
vn 0.4213 -0.1708 0.8907
vn 0.1924 0.8930 0.4068
vn 0.0315 -0.9973 0.0666
vn 0.4172 -0.2189 0.8821
vn 0.2109 0.8698 0.4460
vn 0.0105 -0.9997 0.0222
vn 0.4121 -0.2664 0.8713
vn 0.2289 0.8446 0.4840
vn 0.4060 -0.3133 0.8585
vn 0.2464 0.8173 0.5209
vn 0.3990 -0.3595 0.8435
vn 0.2632 0.7880 0.5566
vn 0.3910 -0.4048 0.8266
vn 0.2795 0.7568 0.5909
vn 0.3820 -0.4492 0.8077
vn 0.2950 0.7238 0.6237
vn 0.3721 -0.4924 0.7868
vn 0.3098 0.6891 0.6551
vn 0.3613 -0.5345 0.7640
vn 0.3239 0.6527 0.6849
vn 0.3497 -0.5753 0.7394
vn 0.3372 0.6148 0.7130
vn 0.3372 -0.6148 0.7130
vn 0.3497 0.5754 0.7394
vn 0.3239 -0.6527 0.6849
vn 0.3613 0.5345 0.7640
vn 0.3098 -0.6891 0.6551
vn 0.3721 0.4924 0.7868
vn 0.2074 -0.7880 0.5797
vn 0.3144 0.3595 0.8786
vn 0.1941 -0.8173 0.5426
vn 0.3199 0.3133 0.8941
vn 0.1804 -0.8446 0.5042
vn 0.3247 0.2664 0.9075
vn 0.0083 0.9997 0.0231
vn 0.1662 -0.8698 0.4645
vn 0.3287 0.2189 0.9187
vn 0.0248 0.9973 0.0693
vn 0.1516 -0.8930 0.4237
vn 0.3319 0.1708 0.9277
vn 0.0413 0.9925 0.1154
vn 0.1367 -0.9140 0.3819
vn 0.3344 0.1223 0.9345
vn 0.0577 0.9852 0.1612
vn 0.1214 -0.9328 0.3392
vn 0.3360 0.0735 0.9390
vn 0.0739 0.9756 0.2065
vn 0.1058 -0.9494 0.2957
vn 0.3368 0.0245 0.9413
vn 0.0900 0.9637 0.2514
vn 0.0900 -0.9637 0.2514
vn 0.3368 -0.0245 0.9413
vn 0.1058 0.9494 0.2957
vn 0.0739 -0.9756 0.2065
vn 0.3360 -0.0735 0.9390
vn 0.1214 0.9328 0.3392
vn 0.0577 -0.9852 0.1612
vn 0.3344 -0.1223 0.9345
vn 0.1367 0.9140 0.3819
vn 0.0413 -0.9925 0.1154
vn 0.3319 -0.1708 0.9277
vn 0.1516 0.8930 0.4237
vn 0.0248 -0.9973 0.0693
vn 0.3287 -0.2189 0.9187
vn 0.1662 0.8698 0.4645
vn 0.0083 -0.9997 0.0231
vn 0.3247 -0.2664 0.9075
vn 0.1804 0.8446 0.5042
vn 0.3199 -0.3133 0.8941
vn 0.1941 0.8173 0.5426
vn 0.3144 -0.3595 0.8786
vn 0.2074 0.7880 0.5797
vn 0.3081 -0.4048 0.8609
vn 0.2202 0.7568 0.6154
vn 0.3010 -0.4492 0.8412
vn 0.2324 0.7238 0.6496
vn 0.2932 -0.4924 0.8195
vn 0.2441 0.6891 0.6823
vn 0.2847 -0.5345 0.7957
vn 0.2552 0.6527 0.7133
vn 0.2755 -0.5753 0.7701
vn 0.2657 0.6148 0.7426
vn 0.2657 -0.6148 0.7426
vn 0.2755 0.5753 0.7701
vn 0.2552 -0.6527 0.7133
vn 0.2847 0.5345 0.7957
vn 0.2441 -0.6891 0.6823
vn 0.2932 0.4924 0.8195
vn 0.2324 -0.7238 0.6496
vn 0.3010 0.4492 0.8412
vn 0.2202 -0.7568 0.6154
vn 0.3080 0.4048 0.8609
vn 0.1301 -0.8446 0.5194
vn 0.2342 0.2664 0.9350
vn 0.0060 0.9997 0.0238
vn 0.1199 -0.8698 0.4786
vn 0.2371 0.2189 0.9465
vn 0.0179 0.9973 0.0714
vn 0.1094 -0.8930 0.4366
vn 0.2394 0.1708 0.9558
vn 0.0298 0.9925 0.1189
vn 0.0986 -0.9140 0.3935
vn 0.2412 0.1223 0.9628
vn 0.0416 0.9852 0.1660
vn 0.0875 -0.9328 0.3495
vn 0.2423 0.0735 0.9674
vn 0.0533 0.9756 0.2128
vn 0.0763 -0.9494 0.3046
vn 0.2429 0.0245 0.9697
vn 0.0649 0.9637 0.2590
vn 0.0649 -0.9637 0.2590
vn 0.2429 -0.0245 0.9697
vn 0.0763 0.9494 0.3046
vn 0.0533 -0.9756 0.2128
vn 0.2423 -0.0735 0.9674
vn 0.0875 0.9328 0.3495
vn 0.0416 -0.9852 0.1660
vn 0.2412 -0.1223 0.9628
vn 0.0986 0.9140 0.3935
vn 0.0298 -0.9925 0.1189
vn 0.2394 -0.1708 0.9558
vn 0.1094 0.8930 0.4366
vn 0.0179 -0.9973 0.0714
vn 0.2371 -0.2189 0.9465
vn 0.1199 0.8698 0.4786
vn 0.0060 -0.9997 0.0238
vn 0.2342 -0.2664 0.9350
vn 0.1301 0.8446 0.5194
vn 0.2307 -0.3133 0.9212
vn 0.1400 0.8173 0.5590
vn 0.2267 -0.3595 0.9052
vn 0.1496 0.7880 0.5972
vn 0.2222 -0.4048 0.8870
vn 0.1588 0.7568 0.6340
vn 0.2171 -0.4492 0.8667
vn 0.1677 0.7238 0.6693
vn 0.2115 -0.4924 0.8443
vn 0.1761 0.6891 0.7029
vn 0.2054 -0.5345 0.8198
vn 0.1841 0.6527 0.7349
vn 0.1987 -0.5753 0.7934
vn 0.1916 0.6148 0.7651
vn 0.1916 -0.6148 0.7651
vn 0.1987 0.5753 0.7934
vn 0.1841 -0.6527 0.7349
vn 0.2054 0.5345 0.8198
vn 0.1761 -0.6891 0.7029
vn 0.2115 0.4924 0.8443
vn 0.1677 -0.7238 0.6693
vn 0.2171 0.4492 0.8667
vn 0.1588 -0.7568 0.6340
vn 0.2222 0.4048 0.8870
vn 0.1496 -0.7880 0.5972
vn 0.2267 0.3595 0.9052
vn 0.1400 -0.8173 0.5590
vn 0.2307 0.3133 0.9212
vn 0.0660 -0.8930 0.4452
vn 0.1446 0.1707 0.9746
vn 0.0180 0.9925 0.1212
vn 0.0595 -0.9140 0.4013
vn 0.1456 0.1223 0.9818
vn 0.0251 0.9852 0.1693
vn 0.0529 -0.9328 0.3564
vn 0.1463 0.0735 0.9865
vn 0.0322 0.9756 0.2170
vn 0.0461 -0.9494 0.3106
vn 0.1467 0.0245 0.9889
vn 0.0392 0.9637 0.2641
vn 0.0392 -0.9637 0.2641
vn 0.1467 -0.0245 0.9889
vn 0.0461 0.9494 0.3106
vn 0.0322 -0.9756 0.2170
vn 0.1463 -0.0735 0.9865
vn 0.0529 0.9328 0.3564
vn 0.0251 -0.9852 0.1693
vn 0.1456 -0.1223 0.9818
vn 0.0595 0.9140 0.4013
vn 0.0180 -0.9925 0.1212
vn 0.1446 -0.1707 0.9746
vn 0.0660 0.8930 0.4452
vn 0.0108 -0.9973 0.0729
vn 0.1432 -0.2189 0.9652
vn 0.0724 0.8698 0.4880
vn 0.0036 -0.9997 0.0243
vn 0.1414 -0.2664 0.9534
vn 0.0786 0.8446 0.5297
vn 0.1393 -0.3133 0.9394
vn 0.0846 0.8173 0.5700
vn 0.1369 -0.3595 0.9230
vn 0.0903 0.7880 0.6090
vn 0.1342 -0.4048 0.9045
vn 0.0959 0.7568 0.6465
vn 0.1311 -0.4492 0.8838
vn 0.1012 0.7238 0.6825
vn 0.1277 -0.4924 0.8609
vn 0.1063 0.6891 0.7168
vn 0.1240 -0.5345 0.8360
vn 0.1112 0.6527 0.7494
vn 0.1200 -0.5753 0.8091
vn 0.1157 0.6148 0.7802
vn 0.1157 -0.6148 0.7802
vn 0.1200 0.5753 0.8091
vn 0.1112 -0.6527 0.7494
vn 0.1240 0.5345 0.8360
vn 0.1063 -0.6891 0.7168
vn 0.1277 0.4924 0.8609
vn 0.1012 -0.7238 0.6825
vn 0.1311 0.4492 0.8838
vn 0.0959 -0.7568 0.6466
vn 0.1342 0.4048 0.9045
vn 0.0903 -0.7880 0.6090
vn 0.1369 0.3595 0.9230
vn 0.0846 -0.8173 0.5700
vn 0.1393 0.3133 0.9394
vn 0.0786 -0.8446 0.5297
vn 0.1414 0.2664 0.9534
vn 0.0036 0.9997 0.0243
vn 0.0724 -0.8698 0.4880
vn 0.1432 0.2189 0.9652
vn 0.0108 0.9973 0.0729
vn 0.0177 -0.9328 0.3598
vn 0.0489 0.0735 0.9961
vn 0.0108 0.9756 0.2191
vn 0.0154 -0.9494 0.3136
vn 0.0491 0.0245 0.9985
vn 0.0131 0.9637 0.2667
vn 0.0131 -0.9637 0.2667
vn 0.0491 -0.0245 0.9985
vn 0.0154 0.9494 0.3136
vn 0.0108 -0.9756 0.2191
vn 0.0489 -0.0735 0.9961
vn 0.0177 0.9328 0.3598
vn 0.0084 -0.9852 0.1710
vn 0.0487 -0.1223 0.9913
vn 0.0199 0.9140 0.4052
vn 0.0060 -0.9925 0.1224
vn 0.0483 -0.1708 0.9841
vn 0.0221 0.8930 0.4495
vn 0.0036 -0.9973 0.0736
vn 0.0479 -0.2189 0.9746
vn 0.0242 0.8698 0.4928
vn 0.0012 -0.9997 0.0245
vn 0.0473 -0.2664 0.9627
vn 0.0263 0.8446 0.5348
vn 0.0466 -0.3133 0.9485
vn 0.0283 0.8173 0.5756
vn 0.0458 -0.3595 0.9320
vn 0.0302 0.7880 0.6149
vn 0.0449 -0.4048 0.9133
vn 0.0321 0.7568 0.6528
vn 0.0438 -0.4492 0.8924
vn 0.0339 0.7238 0.6891
vn 0.0427 -0.4924 0.8693
vn 0.0356 0.6891 0.7238
vn 0.0415 -0.5345 0.8441
vn 0.0372 0.6527 0.7567
vn 0.0401 -0.5754 0.8169
vn 0.0387 0.6148 0.7878
vn 0.0387 -0.6148 0.7878
vn 0.0401 0.5753 0.8169
vn 0.0372 -0.6527 0.7567
vn 0.0415 0.5345 0.8441
vn 0.0356 -0.6891 0.7238
vn 0.0427 0.4925 0.8693
vn 0.0339 -0.7238 0.6891
vn 0.0438 0.4492 0.8924
vn 0.0321 -0.7568 0.6528
vn 0.0449 0.4048 0.9133
vn 0.0302 -0.7880 0.6149
vn 0.0458 0.3595 0.9320
vn 0.0283 -0.8173 0.5756
vn 0.0466 0.3133 0.9485
vn 0.0263 -0.8446 0.5348
vn 0.0473 0.2664 0.9627
vn 0.0012 0.9997 0.0245
vn 0.0242 -0.8698 0.4928
vn 0.0479 0.2189 0.9746
vn 0.0036 0.9973 0.0736
vn 0.0221 -0.8930 0.4495
vn 0.0483 0.1708 0.9841
vn 0.0060 0.9925 0.1224
vn 0.0199 -0.9140 0.4052
vn 0.0487 0.1223 0.9913
vn 0.0084 0.9852 0.1710
vn -0.0131 -0.9637 0.2667
vn -0.0491 -0.0245 0.9985
vn -0.0154 0.9494 0.3136
vn -0.0108 -0.9756 0.2191
vn -0.0489 -0.0735 0.9961
vn -0.0177 0.9328 0.3598
vn -0.0084 -0.9852 0.1710
vn -0.0487 -0.1223 0.9913
vn -0.0199 0.9140 0.4052
vn -0.0060 -0.9925 0.1224
vn -0.0483 -0.1707 0.9841
vn -0.0221 0.8930 0.4495
vn -0.0036 -0.9973 0.0736
vn -0.0479 -0.2189 0.9746
vn -0.0242 0.8698 0.4928
vn -0.0012 -0.9997 0.0245
vn -0.0473 -0.2664 0.9627
vn -0.0263 0.8446 0.5348
vn -0.0466 -0.3133 0.9485
vn -0.0283 0.8173 0.5756
vn -0.0458 -0.3595 0.9320
vn -0.0302 0.7880 0.6150
vn -0.0449 -0.4048 0.9133
vn -0.0321 0.7568 0.6528
vn -0.0438 -0.4492 0.8924
vn -0.0339 0.7238 0.6891
vn -0.0427 -0.4924 0.8693
vn -0.0356 0.6891 0.7238
vn -0.0415 -0.5345 0.8441
vn -0.0372 0.6527 0.7567
vn -0.0401 -0.5753 0.8169
vn -0.0387 0.6148 0.7878
vn -0.0387 -0.6148 0.7878
vn -0.0401 0.5753 0.8169
vn -0.0372 -0.6527 0.7567
vn -0.0415 0.5345 0.8441
vn -0.0356 -0.6891 0.7238
vn -0.0427 0.4924 0.8693
vn -0.0339 -0.7238 0.6891
vn -0.0438 0.4492 0.8924
vn -0.0321 -0.7568 0.6528
vn -0.0449 0.4048 0.9133
vn -0.0302 -0.7880 0.6150
vn -0.0458 0.3595 0.9320
vn -0.0283 -0.8173 0.5756
vn -0.0466 0.3133 0.9485
vn -0.0263 -0.8446 0.5348
vn -0.0473 0.2664 0.9627
vn -0.0012 0.9997 0.0245
vn -0.0242 -0.8698 0.4928
vn -0.0479 0.2189 0.9746
vn -0.0036 0.9973 0.0736
vn -0.0221 -0.8930 0.4495
vn -0.0483 0.1707 0.9841
vn -0.0060 0.9925 0.1224
vn -0.0199 -0.9140 0.4052
vn -0.0487 0.1223 0.9913
vn -0.0084 0.9852 0.1710
vn -0.0177 -0.9328 0.3598
vn -0.0489 0.0735 0.9961
vn -0.0108 0.9756 0.2191
vn -0.0154 -0.9494 0.3136
vn -0.0491 0.0245 0.9985
vn -0.0131 0.9637 0.2667
vn -0.0251 -0.9852 0.1693
vn -0.1456 -0.1223 0.9818
vn -0.0595 0.9140 0.4013
vn -0.0180 -0.9925 0.1212
vn -0.1446 -0.1708 0.9746
vn -0.0660 0.8930 0.4452
vn -0.0108 -0.9973 0.0729
vn -0.1432 -0.2189 0.9652
vn -0.0724 0.8698 0.4880
vn -0.0036 -0.9997 0.0243
vn -0.1414 -0.2664 0.9534
vn -0.0786 0.8446 0.5297
vn -0.1393 -0.3133 0.9394
vn -0.0846 0.8173 0.5700
vn -0.1369 -0.3595 0.9230
vn -0.0903 0.7880 0.6090
vn -0.1342 -0.4048 0.9045
vn -0.0959 0.7568 0.6465
vn -0.1311 -0.4492 0.8838
vn -0.1012 0.7238 0.6825
vn -0.1277 -0.4925 0.8609
vn -0.1063 0.6891 0.7168
vn -0.1240 -0.5345 0.8360
vn -0.1112 0.6527 0.7494
vn -0.1200 -0.5754 0.8091
vn -0.1157 0.6148 0.7802
vn -0.1157 -0.6148 0.7802
vn -0.1200 0.5753 0.8091
vn -0.1112 -0.6527 0.7494
vn -0.1240 0.5345 0.8360
vn -0.1063 -0.6891 0.7168
vn -0.1277 0.4924 0.8609
vn -0.1012 -0.7238 0.6825
vn -0.1311 0.4492 0.8838
vn -0.0959 -0.7568 0.6466
vn -0.1342 0.4048 0.9045
vn -0.0903 -0.7880 0.6090
vn -0.1369 0.3595 0.9230
vn -0.0846 -0.8173 0.5700
vn -0.1393 0.3133 0.9394
vn -0.0786 -0.8446 0.5297
vn -0.1414 0.2664 0.9534
vn -0.0036 0.9997 0.0243
vn -0.0724 -0.8698 0.4880
vn -0.1432 0.2189 0.9652
vn -0.0108 0.9973 0.0729
vn -0.0660 -0.8930 0.4452
vn -0.1446 0.1708 0.9746
vn -0.0180 0.9925 0.1212
vn -0.0595 -0.9140 0.4013
vn -0.1456 0.1223 0.9818
vn -0.0251 0.9852 0.1693
vn -0.0529 -0.9328 0.3564
vn -0.1463 0.0735 0.9865
vn -0.0322 0.9756 0.2170
vn -0.0461 -0.9494 0.3106
vn -0.1467 0.0245 0.9889
vn -0.0392 0.9637 0.2641
vn -0.0392 -0.9637 0.2641
vn -0.1467 -0.0245 0.9889
vn -0.0461 0.9494 0.3106
vn -0.0322 -0.9756 0.2170
vn -0.1463 -0.0735 0.9865
vn -0.0529 0.9328 0.3564
vn -0.0179 -0.9973 0.0714
vn -0.2371 -0.2189 0.9465
vn -0.1199 0.8698 0.4786
vn -0.0060 -0.9997 0.0238
vn -0.2342 -0.2664 0.9350
vn -0.1301 0.8446 0.5194
vn -0.2307 -0.3133 0.9212
vn -0.1400 0.8173 0.5590
vn -0.2267 -0.3595 0.9052
vn -0.1496 0.7880 0.5972
vn -0.2222 -0.4048 0.8870
vn -0.1588 0.7568 0.6340
vn -0.2171 -0.4492 0.8667
vn -0.1677 0.7238 0.6693
vn -0.2115 -0.4924 0.8443
vn -0.1761 0.6891 0.7029
vn -0.2054 -0.5345 0.8198
vn -0.1841 0.6527 0.7349
vn -0.1987 -0.5753 0.7934
vn -0.1916 0.6148 0.7651
vn -0.1916 -0.6148 0.7651
vn -0.1987 0.5753 0.7934
vn -0.1841 -0.6527 0.7349
vn -0.2054 0.5345 0.8198
vn -0.1761 -0.6891 0.7029
vn -0.2115 0.4924 0.8443
vn -0.1677 -0.7238 0.6693
vn -0.2171 0.4492 0.8667
vn -0.1588 -0.7568 0.6340
vn -0.2222 0.4048 0.8870
vn -0.1496 -0.7880 0.5972
vn -0.2267 0.3595 0.9052
vn -0.1400 -0.8173 0.5590
vn -0.2307 0.3133 0.9212
vn -0.1301 -0.8446 0.5194
vn -0.2342 0.2664 0.9350
vn -0.0060 0.9997 0.0238
vn -0.1199 -0.8698 0.4786
vn -0.2371 0.2189 0.9465
vn -0.0179 0.9973 0.0714
vn -0.1094 -0.8930 0.4366
vn -0.2394 0.1708 0.9558
vn -0.0298 0.9925 0.1189
vn -0.0986 -0.9140 0.3935
vn -0.2412 0.1223 0.9628
vn -0.0416 0.9852 0.1660
vn -0.0875 -0.9328 0.3495
vn -0.2423 0.0735 0.9674
vn -0.0533 0.9756 0.2128
vn -0.0763 -0.9494 0.3046
vn -0.2429 0.0245 0.9697
vn -0.0649 0.9637 0.2590
vn -0.0649 -0.9637 0.2590
vn -0.2429 -0.0245 0.9697
vn -0.0763 0.9494 0.3046
vn -0.0533 -0.9756 0.2128
vn -0.2423 -0.0735 0.9674
vn -0.0875 0.9328 0.3495
vn -0.0416 -0.9852 0.1660
vn -0.2412 -0.1223 0.9628
vn -0.0986 0.9140 0.3935
vn -0.0298 -0.9925 0.1189
vn -0.2394 -0.1708 0.9558
vn -0.1094 0.8930 0.4366
vn -0.3199 -0.3133 0.8941
vn -0.1941 0.8173 0.5426
vn -0.3144 -0.3595 0.8786
vn -0.2074 0.7880 0.5797
vn -0.3080 -0.4048 0.8609
vn -0.2202 0.7568 0.6154
vn -0.3010 -0.4492 0.8412
vn -0.2324 0.7238 0.6496
vn -0.2932 -0.4924 0.8195
vn -0.2441 0.6891 0.6823
vn -0.2847 -0.5345 0.7957
vn -0.2552 0.6527 0.7133
vn -0.2755 -0.5753 0.7701
vn -0.2657 0.6148 0.7426
vn -0.2657 -0.6148 0.7426
vn -0.2755 0.5754 0.7701
vn -0.2552 -0.6527 0.7133
vn -0.2847 0.5345 0.7957
vn -0.2441 -0.6891 0.6823
vn -0.2932 0.4924 0.8195
vn -0.2324 -0.7238 0.6496
vn -0.3010 0.4492 0.8412
vn -0.2202 -0.7568 0.6154
vn -0.3081 0.4048 0.8609
vn -0.2074 -0.7880 0.5797
vn -0.3144 0.3595 0.8786
vn -0.1941 -0.8173 0.5426
vn -0.3199 0.3133 0.8941
vn -0.1804 -0.8446 0.5041
vn -0.3247 0.2664 0.9075
vn -0.0083 0.9997 0.0231
vn -0.1662 -0.8698 0.4645
vn -0.3287 0.2189 0.9187
vn -0.0248 0.9973 0.0693
vn -0.1516 -0.8930 0.4237
vn -0.3319 0.1708 0.9277
vn -0.0413 0.9925 0.1154
vn -0.1367 -0.9140 0.3819
vn -0.3344 0.1223 0.9345
vn -0.0577 0.9852 0.1612
vn -0.1214 -0.9328 0.3392
vn -0.3360 0.0735 0.9390
vn -0.0739 0.9756 0.2065
vn -0.1058 -0.9494 0.2957
vn -0.3368 0.0245 0.9413
vn -0.0900 0.9637 0.2514
vn -0.0900 -0.9637 0.2514
vn -0.3368 -0.0245 0.9413
vn -0.1058 0.9494 0.2957
vn -0.0739 -0.9756 0.2065
vn -0.3360 -0.0735 0.9390
vn -0.1214 0.9328 0.3392
vn -0.0577 -0.9852 0.1612
vn -0.3344 -0.1223 0.9345
vn -0.1367 0.9140 0.3819
vn -0.0413 -0.9925 0.1154
vn -0.3319 -0.1707 0.9277
vn -0.1516 0.8930 0.4237
vn -0.0248 -0.9973 0.0693
vn -0.3287 -0.2189 0.9187
vn -0.1662 0.8698 0.4645
vn -0.0083 -0.9997 0.0231
vn -0.3247 -0.2664 0.9075
vn -0.1804 0.8446 0.5041
vn -0.3910 -0.4048 0.8266
vn -0.2795 0.7568 0.5909
vn -0.3820 -0.4492 0.8077
vn -0.2950 0.7238 0.6237
vn -0.3721 -0.4924 0.7868
vn -0.3098 0.6891 0.6551
vn -0.3613 -0.5345 0.7640
vn -0.3239 0.6527 0.6849
vn -0.3497 -0.5753 0.7394
vn -0.3372 0.6148 0.7130
vn -0.3372 -0.6148 0.7130
vn -0.3497 0.5753 0.7394
vn -0.3239 -0.6527 0.6849
vn -0.3613 0.5345 0.7640
vn -0.3098 -0.6891 0.6551
vn -0.3721 0.4924 0.7868
vn -0.2950 -0.7238 0.6237
vn -0.3820 0.4492 0.8077
vn -0.2795 -0.7568 0.5909
vn -0.3910 0.4048 0.8266
vn -0.2632 -0.7880 0.5566
vn -0.3990 0.3595 0.8435
vn -0.2464 -0.8173 0.5209
vn -0.4060 0.3133 0.8585
vn -0.2289 -0.8446 0.4840
vn -0.4121 0.2664 0.8713
vn -0.0105 0.9997 0.0222
vn -0.2109 -0.8698 0.4460
vn -0.4172 0.2189 0.8821
vn -0.0315 0.9973 0.0666
vn -0.1924 -0.8930 0.4068
vn -0.4213 0.1708 0.8907
vn -0.0524 0.9925 0.1108
vn -0.1734 -0.9140 0.3667
vn -0.4243 0.1223 0.8972
vn -0.0732 0.9852 0.1547
vn -0.1540 -0.9328 0.3257
vn -0.4264 0.0735 0.9015
vn -0.0938 0.9756 0.1983
vn -0.1343 -0.9494 0.2839
vn -0.4274 0.0245 0.9037
vn -0.1142 0.9637 0.2414
vn -0.1142 -0.9637 0.2414
vn -0.4274 -0.0245 0.9037
vn -0.1343 0.9494 0.2839
vn -0.0938 -0.9756 0.1983
vn -0.4264 -0.0735 0.9015
vn -0.1540 0.9328 0.3257
vn -0.0732 -0.9852 0.1547
vn -0.4243 -0.1223 0.8972
vn -0.1734 0.9140 0.3667
vn -0.0524 -0.9925 0.1108
vn -0.4213 -0.1708 0.8907
vn -0.1924 0.8930 0.4068
vn -0.0315 -0.9973 0.0666
vn -0.4172 -0.2189 0.8821
vn -0.2109 0.8698 0.4460
vn -0.0105 -0.9997 0.0222
vn -0.4121 -0.2664 0.8713
vn -0.2289 0.8446 0.4840
vn -0.4060 -0.3133 0.8585
vn -0.2464 0.8173 0.5209
vn -0.3990 -0.3595 0.8435
vn -0.2632 0.7880 0.5566
vn -0.4474 -0.4924 0.7465
vn -0.3726 0.6891 0.6216
vn -0.4345 -0.5345 0.7249
vn -0.3895 0.6527 0.6498
vn -0.4205 -0.5753 0.7015
vn -0.4055 0.6148 0.6765
vn -0.4055 -0.6148 0.6765
vn -0.4205 0.5753 0.7015
vn -0.3895 -0.6527 0.6498
vn -0.4345 0.5345 0.7249
vn -0.3726 -0.6891 0.6216
vn -0.4474 0.4924 0.7465
vn -0.3547 -0.7238 0.5918
vn -0.4593 0.4492 0.7663
vn -0.3360 -0.7568 0.5606
vn -0.4701 0.4048 0.7843
vn -0.3165 -0.7880 0.5281
vn -0.4797 0.3595 0.8004
vn -0.2963 -0.8173 0.4943
vn -0.4882 0.3133 0.8145
vn -0.2753 -0.8446 0.4593
vn -0.4955 0.2664 0.8267
vn -0.0126 0.9997 0.0211
vn -0.2536 -0.8698 0.4232
vn -0.5016 0.2189 0.8369
vn -0.0379 0.9973 0.0632
vn -0.2314 -0.8930 0.3860
vn -0.5066 0.1707 0.8451
vn -0.0630 0.9925 0.1051
vn -0.2085 -0.9140 0.3479
vn -0.5102 0.1223 0.8513
vn -0.0880 0.9852 0.1468
vn -0.1852 -0.9328 0.3090
vn -0.5127 0.0735 0.8554
vn -0.1128 0.9756 0.1881
vn -0.1614 -0.9494 0.2693
vn -0.5139 0.0245 0.8575
vn -0.1373 0.9637 0.2290
vn -0.1373 -0.9637 0.2290
vn -0.5139 -0.0245 0.8575
vn -0.1614 0.9494 0.2693
vn -0.1128 -0.9756 0.1881
vn -0.5127 -0.0735 0.8554
vn -0.1852 0.9328 0.3090
vn -0.0880 -0.9852 0.1468
vn -0.5102 -0.1223 0.8513
vn -0.2085 0.9140 0.3479
vn -0.0630 -0.9925 0.1051
vn -0.5066 -0.1707 0.8451
vn -0.2314 0.8930 0.3860
vn -0.0379 -0.9973 0.0632
vn -0.5016 -0.2189 0.8369
vn -0.2536 0.8698 0.4232
vn -0.0126 -0.9997 0.0211
vn -0.4955 -0.2664 0.8267
vn -0.2753 0.8446 0.4593
vn -0.4882 -0.3133 0.8145
vn -0.2963 0.8173 0.4943
vn -0.4797 -0.3595 0.8004
vn -0.3165 0.7880 0.5281
vn -0.4701 -0.4048 0.7843
vn -0.3360 0.7568 0.5606
vn -0.4593 -0.4492 0.7663
vn -0.3547 0.7238 0.5918
vn -0.4872 -0.5753 0.6569
vn -0.4698 0.6148 0.6335
vn -0.4698 -0.6148 0.6335
vn -0.4872 0.5754 0.6569
vn -0.4513 -0.6527 0.6085
vn -0.5035 0.5345 0.6788
vn -0.4317 -0.6891 0.5821
vn -0.5185 0.4924 0.6991
vn -0.4110 -0.7238 0.5542
vn -0.5322 0.4492 0.7176
vn -0.3894 -0.7568 0.5250
vn -0.5447 0.4048 0.7344
vn -0.3668 -0.7880 0.4945
vn -0.5559 0.3595 0.7495
vn -0.3433 -0.8173 0.4629
vn -0.5657 0.3133 0.7628
vn -0.3190 -0.8446 0.4301
vn -0.5742 0.2664 0.7742
vn -0.0146 0.9997 0.0197
vn -0.2939 -0.8698 0.3963
vn -0.5813 0.2189 0.7837
vn -0.0439 0.9973 0.0592
vn -0.2681 -0.8930 0.3615
vn -0.5870 0.1707 0.7914
vn -0.0730 0.9925 0.0984
vn -0.2416 -0.9140 0.3258
vn -0.5912 0.1223 0.7972
vn -0.1020 0.9852 0.1375
vn -0.2146 -0.9328 0.2894
vn -0.5941 0.0735 0.8010
vn -0.1307 0.9756 0.1762
vn -0.1871 -0.9494 0.2522
vn -0.5955 0.0245 0.8030
vn -0.1591 0.9637 0.2145
vn -0.1591 -0.9637 0.2145
vn -0.5955 -0.0245 0.8030
vn -0.1871 0.9494 0.2522
vn -0.1307 -0.9756 0.1762
vn -0.5941 -0.0735 0.8010
vn -0.2146 0.9328 0.2894
vn -0.1020 -0.9852 0.1375
vn -0.5912 -0.1223 0.7972
vn -0.2416 0.9140 0.3258
vn -0.0730 -0.9925 0.0984
vn -0.5870 -0.1707 0.7914
vn -0.2681 0.8930 0.3615
vn -0.0438 -0.9973 0.0592
vn -0.5813 -0.2189 0.7837
vn -0.2939 0.8698 0.3963
vn -0.0146 -0.9997 0.0197
vn -0.5742 -0.2664 0.7742
vn -0.3190 0.8446 0.4301
vn -0.5657 -0.3133 0.7628
vn -0.3433 0.8173 0.4629
vn -0.5559 -0.3595 0.7495
vn -0.3668 0.7880 0.4945
vn -0.5447 -0.4048 0.7344
vn -0.3894 0.7568 0.5250
vn -0.5322 -0.4492 0.7176
vn -0.4110 0.7238 0.5542
vn -0.5185 -0.4924 0.6991
vn -0.4317 0.6891 0.5821
vn -0.5035 -0.5345 0.6788
vn -0.4513 0.6527 0.6085
vn -0.5493 -0.5754 0.6060
vn -0.5297 0.6148 0.5844
vn -0.5297 -0.6148 0.5844
vn -0.5493 0.5753 0.6060
vn -0.5088 -0.6527 0.5613
vn -0.5676 0.5345 0.6262
vn -0.4867 -0.6891 0.5369
vn -0.5845 0.4924 0.6449
vn -0.4634 -0.7238 0.5112
vn -0.6000 0.4492 0.6620
vn -0.4389 -0.7568 0.4843
vn -0.6141 0.4048 0.6775
vn -0.4135 -0.7880 0.4562
vn -0.6267 0.3595 0.6914
vn -0.3870 -0.8173 0.4270
vn -0.6377 0.3133 0.7036
vn -0.3596 -0.8446 0.3967
vn -0.6473 0.2664 0.7142
vn -0.0165 0.9997 0.0182
vn -0.3313 -0.8698 0.3655
vn -0.6553 0.2189 0.7230
vn -0.0495 0.9973 0.0546
vn -0.3022 -0.8930 0.3335
vn -0.6617 0.1707 0.7301
vn -0.0823 0.9925 0.0908
vn -0.2724 -0.9140 0.3006
vn -0.6665 0.1223 0.7354
vn -0.1149 0.9852 0.1268
vn -0.2419 -0.9328 0.2669
vn -0.6697 0.0735 0.7389
vn -0.1473 0.9756 0.1625
vn -0.2109 -0.9494 0.2327
vn -0.6714 0.0245 0.7407
vn -0.1793 0.9637 0.1978
vn -0.1793 -0.9637 0.1978
vn -0.6714 -0.0245 0.7407
vn -0.2109 0.9494 0.2327
vn -0.1473 -0.9756 0.1625
vn -0.6697 -0.0735 0.7389
vn -0.2419 0.9328 0.2669
vn -0.1149 -0.9852 0.1268
vn -0.6665 -0.1223 0.7354
vn -0.2724 0.9140 0.3006
vn -0.0823 -0.9925 0.0908
vn -0.6617 -0.1708 0.7301
vn -0.3022 0.8930 0.3335
vn -0.0495 -0.9973 0.0546
vn -0.6553 -0.2189 0.7230
vn -0.3313 0.8698 0.3655
vn -0.0165 -0.9997 0.0182
vn -0.6473 -0.2664 0.7142
vn -0.3596 0.8446 0.3967
vn -0.6377 -0.3133 0.7036
vn -0.3870 0.8173 0.4270
vn -0.6267 -0.3595 0.6914
vn -0.4135 0.7880 0.4562
vn -0.6141 -0.4048 0.6775
vn -0.4389 0.7568 0.4843
vn -0.6000 -0.4492 0.6620
vn -0.4634 0.7238 0.5112
vn -0.5845 -0.4924 0.6449
vn -0.4867 0.6891 0.5369
vn -0.5676 -0.5345 0.6262
vn -0.5088 0.6527 0.5613
vn -0.5613 -0.6527 0.5088
vn -0.6262 0.5345 0.5676
vn -0.5369 -0.6891 0.4867
vn -0.6449 0.4924 0.5845
vn -0.5112 -0.7238 0.4634
vn -0.6620 0.4492 0.6000
vn -0.4843 -0.7568 0.4389
vn -0.6775 0.4048 0.6141
vn -0.4562 -0.7880 0.4135
vn -0.6914 0.3595 0.6267
vn -0.4270 -0.8173 0.3870
vn -0.7036 0.3133 0.6377
vn -0.3967 -0.8446 0.3596
vn -0.7142 0.2664 0.6473
vn -0.0182 0.9997 0.0165
vn -0.3655 -0.8698 0.3313
vn -0.7230 0.2189 0.6553
vn -0.0546 0.9973 0.0495
vn -0.3335 -0.8930 0.3022
vn -0.7301 0.1707 0.6617
vn -0.0908 0.9925 0.0823
vn -0.3006 -0.9140 0.2724
vn -0.7354 0.1223 0.6665
vn -0.1268 0.9852 0.1149
vn -0.2669 -0.9328 0.2419
vn -0.7389 0.0735 0.6697
vn -0.1625 0.9756 0.1473
vn -0.2327 -0.9494 0.2109
vn -0.7407 0.0245 0.6714
vn -0.1978 0.9637 0.1793
vn -0.1978 -0.9637 0.1793
vn -0.7407 -0.0245 0.6714
vn -0.2327 0.9494 0.2109
vn -0.1625 -0.9756 0.1473
vn -0.7389 -0.0735 0.6697
vn -0.2669 0.9328 0.2419
vn -0.1268 -0.9852 0.1149
vn -0.7354 -0.1223 0.6665
vn -0.3006 0.9140 0.2724
vn -0.0908 -0.9925 0.0823
vn -0.7301 -0.1707 0.6617
vn -0.3335 0.8930 0.3022
vn -0.0546 -0.9973 0.0495
vn -0.7230 -0.2189 0.6553
vn -0.3655 0.8698 0.3313
vn -0.0182 -0.9997 0.0165
vn -0.7142 -0.2664 0.6473
vn -0.3967 0.8446 0.3596
vn -0.7036 -0.3133 0.6377
vn -0.4270 0.8173 0.3870
vn -0.6914 -0.3595 0.6267
vn -0.4562 0.7880 0.4135
vn -0.6775 -0.4048 0.6141
vn -0.4843 0.7568 0.4389
vn -0.6620 -0.4492 0.6000
vn -0.5112 0.7238 0.4634
vn -0.6449 -0.4924 0.5845
vn -0.5369 0.6891 0.4867
vn -0.6262 -0.5345 0.5676
vn -0.5613 0.6527 0.5088
vn -0.6060 -0.5754 0.5493
vn -0.5844 0.6148 0.5297
vn -0.5844 -0.6148 0.5297
vn -0.6060 0.5754 0.5493
vn -0.5542 -0.7238 0.4110
vn -0.7176 0.4492 0.5322
vn -0.5250 -0.7568 0.3894
vn -0.7344 0.4048 0.5447
vn -0.4945 -0.7880 0.3668
vn -0.7495 0.3595 0.5559
vn -0.4629 -0.8173 0.3433
vn -0.7628 0.3133 0.5657
vn -0.4301 -0.8446 0.3190
vn -0.7742 0.2664 0.5742
vn -0.0197 0.9997 0.0146
vn -0.3963 -0.8698 0.2939
vn -0.7837 0.2189 0.5813
vn -0.0592 0.9973 0.0439
vn -0.3615 -0.8930 0.2681
vn -0.7914 0.1707 0.5870
vn -0.0984 0.9925 0.0730
vn -0.3258 -0.9140 0.2416
vn -0.7972 0.1223 0.5912
vn -0.1375 0.9852 0.1020
vn -0.2894 -0.9328 0.2146
vn -0.8010 0.0735 0.5941
vn -0.1762 0.9756 0.1307
vn -0.2522 -0.9494 0.1871
vn -0.8030 0.0245 0.5955
vn -0.2145 0.9637 0.1591
vn -0.2145 -0.9637 0.1591
vn -0.8030 -0.0245 0.5955
vn -0.2522 0.9494 0.1871
vn -0.1762 -0.9756 0.1307
vn -0.8010 -0.0735 0.5941
vn -0.2894 0.9328 0.2146
vn -0.1375 -0.9852 0.1020
vn -0.7972 -0.1223 0.5912
vn -0.3258 0.9140 0.2416
vn -0.0984 -0.9925 0.0730
vn -0.7914 -0.1707 0.5870
vn -0.3615 0.8930 0.2681
vn -0.0592 -0.9973 0.0439
vn -0.7837 -0.2189 0.5813
vn -0.3963 0.8698 0.2939
vn -0.0197 -0.9997 0.0146
vn -0.7742 -0.2664 0.5742
vn -0.4301 0.8446 0.3190
vn -0.7628 -0.3133 0.5657
vn -0.4629 0.8173 0.3433
vn -0.7495 -0.3595 0.5559
vn -0.4945 0.7880 0.3668
vn -0.7344 -0.4048 0.5447
vn -0.5250 0.7568 0.3894
vn -0.7176 -0.4492 0.5322
vn -0.5542 0.7238 0.4110
vn -0.6991 -0.4924 0.5185
vn -0.5821 0.6891 0.4317
vn -0.6788 -0.5345 0.5035
vn -0.6085 0.6527 0.4513
vn -0.6569 -0.5754 0.4872
vn -0.6335 0.6148 0.4698
vn -0.6335 -0.6148 0.4698
vn -0.6569 0.5754 0.4872
vn -0.6085 -0.6527 0.4513
vn -0.6788 0.5345 0.5035
vn -0.5821 -0.6891 0.4317
vn -0.6991 0.4924 0.5185
vn -0.5281 -0.7880 0.3165
vn -0.8004 0.3595 0.4797
vn -0.4943 -0.8173 0.2963
vn -0.8145 0.3133 0.4882
vn -0.4593 -0.8446 0.2753
vn -0.8267 0.2664 0.4955
vn -0.0211 0.9997 0.0126
vn -0.4232 -0.8698 0.2536
vn -0.8369 0.2189 0.5016
vn -0.0632 0.9973 0.0379
vn -0.3860 -0.8930 0.2314
vn -0.8451 0.1707 0.5066
vn -0.1051 0.9925 0.0630
vn -0.3479 -0.9140 0.2085
vn -0.8513 0.1223 0.5102
vn -0.1468 0.9852 0.0880
vn -0.3090 -0.9328 0.1852
vn -0.8554 0.0735 0.5127
vn -0.1881 0.9756 0.1128
vn -0.2693 -0.9494 0.1614
vn -0.8575 0.0245 0.5139
vn -0.2290 0.9637 0.1373
vn -0.2290 -0.9637 0.1373
vn -0.8575 -0.0245 0.5139
vn -0.2693 0.9494 0.1614
vn -0.1881 -0.9756 0.1128
vn -0.8554 -0.0735 0.5127
vn -0.3090 0.9328 0.1852
vn -0.1468 -0.9852 0.0880
vn -0.8513 -0.1223 0.5102
vn -0.3479 0.9140 0.2085
vn -0.1051 -0.9925 0.0630
vn -0.8451 -0.1707 0.5066
vn -0.3860 0.8930 0.2314
vn -0.0632 -0.9973 0.0379
vn -0.8369 -0.2189 0.5016
vn -0.4232 0.8698 0.2536
vn -0.0211 -0.9997 0.0126
vn -0.8267 -0.2664 0.4955
vn -0.4593 0.8446 0.2753
vn -0.8145 -0.3133 0.4882
vn -0.4943 0.8173 0.2963
vn -0.8004 -0.3595 0.4797
vn -0.5281 0.7880 0.3165
vn -0.7843 -0.4048 0.4701
vn -0.5606 0.7568 0.3360
vn -0.7663 -0.4492 0.4593
vn -0.5918 0.7238 0.3547
vn -0.7465 -0.4924 0.4474
vn -0.6216 0.6891 0.3726
vn -0.7249 -0.5345 0.4345
vn -0.6498 0.6527 0.3895
vn -0.7015 -0.5754 0.4205
vn -0.6765 0.6148 0.4055
vn -0.6765 -0.6148 0.4055
vn -0.7015 0.5754 0.4205
vn -0.6498 -0.6527 0.3895
vn -0.7249 0.5345 0.4345
vn -0.6216 -0.6891 0.3725
vn -0.7465 0.4924 0.4474
vn -0.5918 -0.7238 0.3547
vn -0.7663 0.4492 0.4593
vn -0.5606 -0.7568 0.3360
vn -0.7843 0.4048 0.4701
vn -0.4840 -0.8446 0.2289
vn -0.8713 0.2664 0.4121
vn -0.0222 0.9997 0.0105
vn -0.4460 -0.8698 0.2109
vn -0.8821 0.2189 0.4172
vn -0.0666 0.9973 0.0315
vn -0.4068 -0.8930 0.1924
vn -0.8907 0.1707 0.4213
vn -0.1108 0.9925 0.0524
vn -0.3667 -0.9140 0.1734
vn -0.8972 0.1223 0.4243
vn -0.1547 0.9852 0.0732
vn -0.3257 -0.9328 0.1540
vn -0.9015 0.0735 0.4264
vn -0.1983 0.9756 0.0938
vn -0.2839 -0.9494 0.1343
vn -0.9037 0.0245 0.4274
vn -0.2414 0.9637 0.1142
vn -0.2414 -0.9637 0.1142
vn -0.9037 -0.0245 0.4274
vn -0.2839 0.9494 0.1343
vn -0.1983 -0.9756 0.0938
vn -0.9015 -0.0735 0.4264
vn -0.3257 0.9328 0.1540
vn -0.1547 -0.9852 0.0732
vn -0.8972 -0.1223 0.4243
vn -0.3667 0.9140 0.1734
vn -0.1108 -0.9925 0.0524
vn -0.8907 -0.1707 0.4213
vn -0.4068 0.8930 0.1924
vn -0.0666 -0.9973 0.0315
vn -0.8821 -0.2189 0.4172
vn -0.4460 0.8698 0.2109
vn -0.0222 -0.9997 0.0105
vn -0.8713 -0.2664 0.4121
vn -0.4840 0.8446 0.2289
vn -0.8585 -0.3133 0.4060
vn -0.5210 0.8173 0.2464
vn -0.8435 -0.3595 0.3990
vn -0.5566 0.7880 0.2632
vn -0.8266 -0.4048 0.3910
vn -0.5909 0.7568 0.2795
vn -0.8077 -0.4492 0.3820
vn -0.6237 0.7238 0.2950
vn -0.7868 -0.4924 0.3721
vn -0.6551 0.6891 0.3098
vn -0.7640 -0.5345 0.3613
vn -0.6849 0.6527 0.3239
vn -0.7394 -0.5754 0.3497
vn -0.7130 0.6148 0.3372
vn -0.7130 -0.6148 0.3372
vn -0.7394 0.5754 0.3497
vn -0.6849 -0.6527 0.3239
vn -0.7640 0.5345 0.3613
vn -0.6551 -0.6891 0.3098
vn -0.7868 0.4924 0.3721
vn -0.6237 -0.7238 0.2950
vn -0.8077 0.4492 0.3820
vn -0.5909 -0.7568 0.2795
vn -0.8266 0.4048 0.3910
vn -0.5566 -0.7880 0.2632
vn -0.8435 0.3595 0.3990
vn -0.5210 -0.8173 0.2464
vn -0.8585 0.3133 0.4060
vn -0.4237 -0.8930 0.1516
vn -0.9277 0.1707 0.3319
vn -0.1154 0.9925 0.0413
vn -0.3819 -0.9140 0.1367
vn -0.9345 0.1223 0.3344
vn -0.1612 0.9852 0.0577
vn -0.3392 -0.9328 0.1214
vn -0.9390 0.0735 0.3360
vn -0.2065 0.9756 0.0739
vn -0.2957 -0.9494 0.1058
vn -0.9413 0.0245 0.3368
vn -0.2514 0.9637 0.0900
vn -0.2514 -0.9637 0.0900
vn -0.9413 -0.0245 0.3368
vn -0.2957 0.9494 0.1058
vn -0.2065 -0.9756 0.0739
vn -0.9390 -0.0735 0.3360
vn -0.3392 0.9328 0.1214
vn -0.1612 -0.9852 0.0577
vn -0.9345 -0.1223 0.3344
vn -0.3819 0.9140 0.1367
vn -0.1154 -0.9925 0.0413
vn -0.9277 -0.1707 0.3319
vn -0.4237 0.8930 0.1516
vn -0.0693 -0.9973 0.0248
vn -0.9187 -0.2189 0.3287
vn -0.4645 0.8698 0.1662
vn -0.0231 -0.9997 0.0083
vn -0.9075 -0.2664 0.3247
vn -0.5042 0.8446 0.1804
vn -0.8941 -0.3133 0.3199
vn -0.5426 0.8173 0.1941
vn -0.8786 -0.3595 0.3144
vn -0.5797 0.7880 0.2074
vn -0.8609 -0.4048 0.3080
vn -0.6154 0.7568 0.2202
vn -0.8412 -0.4492 0.3010
vn -0.6496 0.7238 0.2324
vn -0.8195 -0.4924 0.2932
vn -0.6823 0.6891 0.2441
vn -0.7957 -0.5345 0.2847
vn -0.7133 0.6527 0.2552
vn -0.7701 -0.5754 0.2755
vn -0.7426 0.6148 0.2657
vn -0.7426 -0.6148 0.2657
vn -0.7701 0.5754 0.2755
vn -0.7133 -0.6527 0.2552
vn -0.7957 0.5345 0.2847
vn -0.6823 -0.6891 0.2441
vn -0.8195 0.4924 0.2932
vn -0.6496 -0.7238 0.2324
vn -0.8412 0.4492 0.3010
vn -0.6154 -0.7568 0.2202
vn -0.8609 0.4048 0.3080
vn -0.5797 -0.7880 0.2074
vn -0.8786 0.3595 0.3144
vn -0.5426 -0.8173 0.1941
vn -0.8941 0.3133 0.3199
vn -0.5042 -0.8446 0.1804
vn -0.9075 0.2664 0.3247
vn -0.0231 0.9997 0.0083
vn -0.4645 -0.8698 0.1662
vn -0.9187 0.2189 0.3287
vn -0.0694 0.9973 0.0248
vn -0.3495 -0.9328 0.0875
vn -0.9674 0.0735 0.2423
vn -0.2128 0.9756 0.0533
vn -0.3046 -0.9494 0.0763
vn -0.9697 0.0245 0.2429
vn -0.2590 0.9637 0.0649
vn -0.2590 -0.9637 0.0649
vn -0.9697 -0.0245 0.2429
vn -0.3046 0.9494 0.0763
vn -0.2128 -0.9756 0.0533
vn -0.9674 -0.0735 0.2423
vn -0.3495 0.9328 0.0875
vn -0.1660 -0.9852 0.0416
vn -0.9628 -0.1223 0.2412
vn -0.3935 0.9140 0.0986
vn -0.1189 -0.9925 0.0298
vn -0.9558 -0.1707 0.2394
vn -0.4366 0.8930 0.1094
vn -0.0714 -0.9973 0.0179
vn -0.9465 -0.2189 0.2371
vn -0.4786 0.8698 0.1199
vn -0.0238 -0.9997 0.0060
vn -0.9350 -0.2664 0.2342
vn -0.5194 0.8446 0.1301
vn -0.9212 -0.3133 0.2307
vn -0.5590 0.8173 0.1400
vn -0.9052 -0.3595 0.2267
vn -0.5972 0.7880 0.1496
vn -0.8870 -0.4048 0.2222
vn -0.6340 0.7568 0.1588
vn -0.8667 -0.4492 0.2171
vn -0.6693 0.7238 0.1676
vn -0.8443 -0.4925 0.2115
vn -0.7029 0.6891 0.1761
vn -0.8198 -0.5345 0.2054
vn -0.7349 0.6527 0.1841
vn -0.7934 -0.5754 0.1987
vn -0.7651 0.6148 0.1916
vn -0.7651 -0.6148 0.1916
vn -0.7934 0.5754 0.1987
vn -0.7349 -0.6527 0.1841
vn -0.8198 0.5345 0.2054
vn -0.7029 -0.6891 0.1761
vn -0.8443 0.4924 0.2115
vn -0.6693 -0.7238 0.1677
vn -0.8667 0.4492 0.2171
vn -0.6340 -0.7568 0.1588
vn -0.8870 0.4048 0.2222
vn -0.5972 -0.7880 0.1496
vn -0.9052 0.3595 0.2267
vn -0.5590 -0.8173 0.1400
vn -0.9212 0.3133 0.2307
vn -0.5194 -0.8446 0.1301
vn -0.9350 0.2664 0.2342
vn -0.0238 0.9997 0.0060
vn -0.4786 -0.8698 0.1199
vn -0.9465 0.2189 0.2371
vn -0.0714 0.9973 0.0179
vn -0.4366 -0.8930 0.1094
vn -0.9558 0.1707 0.2394
vn -0.1189 0.9925 0.0298
vn -0.3935 -0.9140 0.0986
vn -0.9628 0.1223 0.2412
vn -0.1660 0.9852 0.0416
vn -0.2641 -0.9637 0.0392
vn -0.9889 -0.0245 0.1467
vn -0.3106 0.9494 0.0461
vn -0.2170 -0.9756 0.0322
vn -0.9865 -0.0735 0.1463
vn -0.3564 0.9328 0.0529
vn -0.1693 -0.9852 0.0251
vn -0.9818 -0.1223 0.1456
vn -0.4013 0.9140 0.0595
vn -0.1212 -0.9925 0.0180
vn -0.9747 -0.1707 0.1446
vn -0.4452 0.8930 0.0660
vn -0.0729 -0.9973 0.0108
vn -0.9652 -0.2189 0.1432
vn -0.4880 0.8698 0.0724
vn -0.0243 -0.9997 0.0036
vn -0.9534 -0.2664 0.1414
vn -0.5297 0.8446 0.0786
vn -0.9394 -0.3133 0.1393
vn -0.5700 0.8173 0.0846
vn -0.9230 -0.3595 0.1369
vn -0.6090 0.7880 0.0903
vn -0.9045 -0.4048 0.1342
vn -0.6466 0.7568 0.0959
vn -0.8838 -0.4492 0.1311
vn -0.6825 0.7238 0.1012
vn -0.8609 -0.4924 0.1277
vn -0.7168 0.6891 0.1063
vn -0.8360 -0.5345 0.1240
vn -0.7494 0.6527 0.1112
vn -0.8091 -0.5754 0.1200
vn -0.7802 0.6148 0.1157
vn -0.7802 -0.6148 0.1157
vn -0.8091 0.5754 0.1200
vn -0.7494 -0.6527 0.1112
vn -0.8360 0.5345 0.1240
vn -0.7168 -0.6891 0.1063
vn -0.8609 0.4924 0.1277
vn -0.6825 -0.7238 0.1012
vn -0.8838 0.4492 0.1311
vn -0.6466 -0.7568 0.0959
vn -0.9045 0.4048 0.1342
vn -0.6090 -0.7880 0.0903
vn -0.9230 0.3595 0.1369
vn -0.5700 -0.8173 0.0846
vn -0.9394 0.3133 0.1393
vn -0.5297 -0.8446 0.0786
vn -0.9534 0.2664 0.1414
vn -0.0243 0.9997 0.0036
vn -0.4880 -0.8698 0.0724
vn -0.9652 0.2189 0.1432
vn -0.0729 0.9973 0.0108
vn -0.4452 -0.8930 0.0660
vn -0.9747 0.1707 0.1446
vn -0.1212 0.9925 0.0180
vn -0.4013 -0.9140 0.0595
vn -0.9818 0.1223 0.1456
vn -0.1693 0.9852 0.0251
vn -0.3564 -0.9328 0.0529
vn -0.9865 0.0735 0.1463
vn -0.2170 0.9756 0.0322
vn -0.3106 -0.9494 0.0461
vn -0.9889 0.0245 0.1467
vn -0.2641 0.9637 0.0392
vn -0.1710 -0.9852 0.0084
vn -0.9913 -0.1223 0.0487
vn -0.4052 0.9140 0.0199
vn -0.1224 -0.9925 0.0060
vn -0.9841 -0.1707 0.0483
vn -0.4495 0.8930 0.0221
vn -0.0736 -0.9973 0.0036
vn -0.9746 -0.2189 0.0479
vn -0.4928 0.8698 0.0242
vn -0.0245 -0.9997 0.0012
vn -0.9627 -0.2664 0.0473
vn -0.5348 0.8446 0.0263
vn -0.9485 -0.3133 0.0466
vn -0.5756 0.8173 0.0283
vn -0.9320 -0.3595 0.0458
vn -0.6149 0.7880 0.0302
vn -0.9133 -0.4048 0.0449
vn -0.6528 0.7568 0.0321
vn -0.8924 -0.4492 0.0438
vn -0.6891 0.7238 0.0339
vn -0.8693 -0.4924 0.0427
vn -0.7238 0.6891 0.0356
vn -0.8441 -0.5345 0.0415
vn -0.7567 0.6527 0.0372
vn -0.8169 -0.5754 0.0401
vn -0.7878 0.6148 0.0387
vn -0.7878 -0.6148 0.0387
vn -0.8169 0.5754 0.0401
vn -0.7567 -0.6527 0.0372
vn -0.8441 0.5345 0.0415
vn -0.7238 -0.6891 0.0356
vn -0.8693 0.4924 0.0427
vn -0.6891 -0.7238 0.0339
vn -0.8924 0.4492 0.0438
vn -0.6528 -0.7568 0.0321
vn -0.9133 0.4048 0.0449
vn -0.6149 -0.7880 0.0302
vn -0.9320 0.3595 0.0458
vn -0.5756 -0.8173 0.0283
vn -0.9485 0.3133 0.0466
vn -0.5348 -0.8446 0.0263
vn -0.9627 0.2664 0.0473
vn -0.0245 0.9997 0.0012
vn -0.4928 -0.8698 0.0242
vn -0.9746 0.2189 0.0479
vn -0.0736 0.9973 0.0036
vn -0.4495 -0.8930 0.0221
vn -0.9841 0.1707 0.0483
vn -0.1224 0.9925 0.0060
vn -0.4052 -0.9140 0.0199
vn -0.9913 0.1223 0.0487
vn -0.1710 0.9852 0.0084
vn -0.3598 -0.9328 0.0177
vn -0.9961 0.0735 0.0489
vn -0.2191 0.9756 0.0108
vn -0.3136 -0.9494 0.0154
vn -0.9985 0.0245 0.0491
vn -0.2667 0.9637 0.0131
vn -0.2667 -0.9637 0.0131
vn -0.9985 -0.0245 0.0491
vn -0.3136 0.9494 0.0154
vn -0.2191 -0.9756 0.0108
vn -0.9961 -0.0735 0.0489
vn -0.3598 0.9328 0.0177
vn -0.0736 -0.9973 -0.0036
vn -0.9746 -0.2189 -0.0479
vn -0.4928 0.8698 -0.0242
vn -0.0245 -0.9997 -0.0012
vn -0.9627 -0.2664 -0.0473
vn -0.5348 0.8446 -0.0263
vn -0.9485 -0.3133 -0.0466
vn -0.5756 0.8173 -0.0283
vn -0.9320 -0.3595 -0.0458
vn -0.6149 0.7880 -0.0302
vn -0.9133 -0.4048 -0.0449
vn -0.6528 0.7568 -0.0321
vn -0.8924 -0.4492 -0.0438
vn -0.6891 0.7238 -0.0339
vn -0.8693 -0.4924 -0.0427
vn -0.7238 0.6891 -0.0356
vn -0.8441 -0.5345 -0.0415
vn -0.7567 0.6527 -0.0372
vn -0.8169 -0.5754 -0.0401
vn -0.7878 0.6148 -0.0387
vn -0.7878 -0.6148 -0.0387
vn -0.8169 0.5754 -0.0401
vn -0.7567 -0.6527 -0.0372
vn -0.8441 0.5345 -0.0415
vn -0.7238 -0.6891 -0.0356
vn -0.8693 0.4924 -0.0427
vn -0.6891 -0.7238 -0.0339
vn -0.8924 0.4492 -0.0438
vn -0.6528 -0.7568 -0.0321
vn -0.9133 0.4048 -0.0449
vn -0.6149 -0.7880 -0.0302
vn -0.9320 0.3595 -0.0458
vn -0.5756 -0.8173 -0.0283
vn -0.9485 0.3133 -0.0466
vn -0.5348 -0.8446 -0.0263
vn -0.9627 0.2664 -0.0473
vn -0.0245 0.9997 -0.0012
vn -0.4928 -0.8698 -0.0242
vn -0.9746 0.2189 -0.0479
vn -0.0736 0.9973 -0.0036
vn -0.4495 -0.8930 -0.0221
vn -0.9841 0.1707 -0.0483
vn -0.1224 0.9925 -0.0060
vn -0.4052 -0.9140 -0.0199
vn -0.9913 0.1223 -0.0487
vn -0.1710 0.9852 -0.0084
vn -0.3598 -0.9328 -0.0177
vn -0.9961 0.0735 -0.0489
vn -0.2191 0.9756 -0.0108
vn -0.3136 -0.9494 -0.0154
vn -0.9985 0.0245 -0.0491
vn -0.2667 0.9637 -0.0131
vn -0.2667 -0.9637 -0.0131
vn -0.9985 -0.0245 -0.0491
vn -0.3136 0.9494 -0.0154
vn -0.2191 -0.9756 -0.0108
vn -0.9961 -0.0735 -0.0489
vn -0.3598 0.9328 -0.0177
vn -0.1710 -0.9852 -0.0084
vn -0.9913 -0.1223 -0.0487
vn -0.4052 0.9140 -0.0199
vn -0.1224 -0.9925 -0.0060
vn -0.9841 -0.1707 -0.0483
vn -0.4495 0.8930 -0.0221
vn -0.9394 -0.3133 -0.1393
vn -0.5700 0.8173 -0.0846
vn -0.9230 -0.3595 -0.1369
vn -0.6090 0.7880 -0.0903
vn -0.9045 -0.4048 -0.1342
vn -0.6466 0.7568 -0.0959
vn -0.8838 -0.4492 -0.1311
vn -0.6825 0.7238 -0.1012
vn -0.8609 -0.4924 -0.1277
vn -0.7168 0.6891 -0.1063
vn -0.8360 -0.5345 -0.1240
vn -0.7494 0.6527 -0.1112
vn -0.8091 -0.5754 -0.1200
vn -0.7802 0.6148 -0.1157
vn -0.7802 -0.6148 -0.1157
vn -0.8091 0.5754 -0.1200
vn -0.7494 -0.6527 -0.1112
vn -0.8360 0.5345 -0.1240
vn -0.7168 -0.6891 -0.1063
vn -0.8609 0.4924 -0.1277
vn -0.6825 -0.7238 -0.1012
vn -0.8838 0.4492 -0.1311
vn -0.6466 -0.7568 -0.0959
vn -0.9045 0.4048 -0.1342
vn -0.6090 -0.7880 -0.0903
vn -0.9230 0.3595 -0.1369
vn -0.5700 -0.8173 -0.0846
vn -0.9394 0.3133 -0.1393
vn -0.5297 -0.8446 -0.0786
vn -0.9534 0.2664 -0.1414
vn -0.0243 0.9997 -0.0036
vn -0.4880 -0.8698 -0.0724
vn -0.9652 0.2189 -0.1432
vn -0.0729 0.9973 -0.0108
vn -0.4452 -0.8930 -0.0660
vn -0.9747 0.1707 -0.1446
vn -0.1212 0.9925 -0.0180
vn -0.4013 -0.9140 -0.0595
vn -0.9818 0.1223 -0.1456
vn -0.1693 0.9852 -0.0251
vn -0.3564 -0.9328 -0.0529
vn -0.9865 0.0735 -0.1463
vn -0.2170 0.9756 -0.0322
vn -0.3106 -0.9494 -0.0461
vn -0.9889 0.0245 -0.1467
vn -0.2641 0.9637 -0.0392
vn -0.2641 -0.9637 -0.0392
vn -0.9889 -0.0245 -0.1467
vn -0.3106 0.9494 -0.0461
vn -0.2170 -0.9756 -0.0322
vn -0.9865 -0.0735 -0.1463
vn -0.3564 0.9328 -0.0529
vn -0.1693 -0.9852 -0.0251
vn -0.9818 -0.1223 -0.1456
vn -0.4013 0.9140 -0.0595
vn -0.1212 -0.9925 -0.0180
vn -0.9747 -0.1707 -0.1446
vn -0.4452 0.8930 -0.0660
vn -0.0729 -0.9973 -0.0108
vn -0.9652 -0.2189 -0.1432
vn -0.4880 0.8698 -0.0724
vn -0.0243 -0.9997 -0.0036
vn -0.9534 -0.2664 -0.1414
vn -0.5297 0.8446 -0.0786
vn -0.8870 -0.4048 -0.2222
vn -0.6340 0.7568 -0.1588
vn -0.8667 -0.4492 -0.2171
vn -0.6693 0.7238 -0.1677
vn -0.8443 -0.4924 -0.2115
vn -0.7029 0.6891 -0.1761
vn -0.8198 -0.5345 -0.2054
vn -0.7349 0.6527 -0.1841
vn -0.7934 -0.5754 -0.1987
vn -0.7651 0.6148 -0.1916
vn -0.7651 -0.6148 -0.1916
vn -0.7934 0.5754 -0.1987
vn -0.7349 -0.6527 -0.1841
vn -0.8198 0.5345 -0.2054
vn -0.7029 -0.6891 -0.1761
vn -0.8443 0.4924 -0.2115
vn -0.6693 -0.7238 -0.1677
vn -0.8667 0.4492 -0.2171
vn -0.6340 -0.7568 -0.1588
vn -0.8870 0.4048 -0.2222
vn -0.5972 -0.7880 -0.1496
vn -0.9052 0.3595 -0.2267
vn -0.5590 -0.8173 -0.1400
vn -0.9212 0.3133 -0.2307
vn -0.5194 -0.8446 -0.1301
vn -0.9350 0.2664 -0.2342
vn -0.0238 0.9997 -0.0060
vn -0.4786 -0.8698 -0.1199
vn -0.9465 0.2189 -0.2371
vn -0.0714 0.9973 -0.0179
vn -0.4366 -0.8930 -0.1094
vn -0.9558 0.1707 -0.2394
vn -0.1189 0.9925 -0.0298
vn -0.3935 -0.9140 -0.0986
vn -0.9628 0.1223 -0.2412
vn -0.1660 0.9852 -0.0416
vn -0.3495 -0.9328 -0.0875
vn -0.9674 0.0735 -0.2423
vn -0.2128 0.9756 -0.0533
vn -0.3046 -0.9494 -0.0763
vn -0.9697 0.0245 -0.2429
vn -0.2590 0.9637 -0.0649
vn -0.2590 -0.9637 -0.0649
vn -0.9697 -0.0245 -0.2429
vn -0.3046 0.9494 -0.0763
vn -0.2128 -0.9756 -0.0533
vn -0.9674 -0.0735 -0.2423
vn -0.3495 0.9328 -0.0875
vn -0.1660 -0.9852 -0.0416
vn -0.9628 -0.1223 -0.2412
vn -0.3935 0.9140 -0.0986
vn -0.1189 -0.9925 -0.0298
vn -0.9558 -0.1707 -0.2394
vn -0.4366 0.8930 -0.1094
vn -0.0714 -0.9973 -0.0179
vn -0.9465 -0.2189 -0.2371
vn -0.4786 0.8698 -0.1199
vn -0.0238 -0.9997 -0.0060
vn -0.9350 -0.2664 -0.2342
vn -0.5194 0.8446 -0.1301
vn -0.9212 -0.3133 -0.2307
vn -0.5590 0.8173 -0.1400
vn -0.9052 -0.3595 -0.2267
vn -0.5972 0.7880 -0.1496
vn -0.8941 -0.3133 -0.3199
vn -0.6823 0.6891 -0.2441
vn -0.8786 -0.3595 -0.3144
vn -0.7133 0.6527 -0.2552
vn -0.8609 -0.4048 -0.3080
vn -0.7426 0.6148 -0.2657
vn -0.8412 -0.4492 -0.3010
vn -0.7701 0.5754 -0.2755
vn -0.8195 -0.4924 -0.2932
vn -0.7957 0.5345 -0.2847
vn -0.7957 -0.5345 -0.2847
vn -0.8195 0.4924 -0.2932
vn -0.7701 -0.5754 -0.2755
vn -0.8412 0.4492 -0.3010
vn -0.7426 -0.6148 -0.2657
vn -0.8609 0.4048 -0.3080
vn -0.7133 -0.6527 -0.2552
vn -0.8786 0.3595 -0.3144
vn -0.6823 -0.6891 -0.2441
vn -0.8941 0.3133 -0.3199
vn -0.6496 -0.7238 -0.2324
vn -0.9075 0.2664 -0.3247
vn -0.0231 0.9997 -0.0083
vn -0.6154 -0.7568 -0.2202
vn -0.9187 0.2189 -0.3287
vn -0.0693 0.9973 -0.0248
vn -0.5797 -0.7880 -0.2074
vn -0.9277 0.1707 -0.3319
vn -0.1154 0.9925 -0.0413
vn -0.5426 -0.8173 -0.1941
vn -0.9345 0.1223 -0.3344
vn -0.1612 0.9852 -0.0577
vn -0.5041 -0.8446 -0.1804
vn -0.9390 0.0735 -0.3360
vn -0.2065 0.9756 -0.0739
vn -0.4645 -0.8698 -0.1662
vn -0.9413 0.0245 -0.3368
vn -0.2514 0.9637 -0.0900
vn -0.4237 -0.8930 -0.1516
vn -0.9413 -0.0245 -0.3368
vn -0.2957 0.9494 -0.1058
vn -0.3819 -0.9140 -0.1367
vn -0.9390 -0.0735 -0.3360
vn -0.3392 0.9328 -0.1214
vn -0.3392 -0.9328 -0.1214
vn -0.9345 -0.1223 -0.3344
vn -0.3819 0.9140 -0.1367
vn -0.2957 -0.9494 -0.1058
vn -0.9277 -0.1707 -0.3319
vn -0.4237 0.8930 -0.1516
vn -0.2514 -0.9637 -0.0900
vn -0.9187 -0.2189 -0.3287
vn -0.4645 0.8698 -0.1662
vn -0.2065 -0.9756 -0.0739
vn -0.9075 -0.2664 -0.3247
vn -0.5041 0.8446 -0.1804
vn -0.1612 -0.9852 -0.0577
vn -0.5426 0.8173 -0.1941
vn -0.1154 -0.9925 -0.0413
vn -0.5797 0.7880 -0.2074
vn -0.0694 -0.9973 -0.0248
vn -0.6154 0.7568 -0.2202
vn -0.0231 -0.9997 -0.0083
vn -0.6496 0.7238 -0.2324
vn -0.8266 -0.4048 -0.3910
vn -0.5909 0.7568 -0.2795
vn -0.8077 -0.4492 -0.3820
vn -0.6237 0.7238 -0.2950
vn -0.7868 -0.4924 -0.3721
vn -0.6551 0.6891 -0.3098
vn -0.7640 -0.5345 -0.3613
vn -0.6849 0.6527 -0.3239
vn -0.7394 -0.5754 -0.3497
vn -0.7130 0.6148 -0.3372
vn -0.7130 -0.6148 -0.3372
vn -0.7394 0.5754 -0.3497
vn -0.6849 -0.6527 -0.3239
vn -0.7640 0.5345 -0.3613
vn -0.6551 -0.6891 -0.3098
vn -0.7868 0.4924 -0.3721
vn -0.6237 -0.7238 -0.2950
vn -0.8077 0.4492 -0.3820
vn -0.5909 -0.7568 -0.2795
vn -0.8266 0.4048 -0.3910
vn -0.5566 -0.7880 -0.2632
vn -0.8435 0.3595 -0.3990
vn -0.5210 -0.8173 -0.2464
vn -0.8585 0.3133 -0.4060
vn -0.4840 -0.8446 -0.2289
vn -0.8713 0.2664 -0.4121
vn -0.0222 0.9997 -0.0105
vn -0.4460 -0.8698 -0.2109
vn -0.8821 0.2189 -0.4172
vn -0.0666 0.9973 -0.0315
vn -0.4068 -0.8930 -0.1924
vn -0.8907 0.1707 -0.4213
vn -0.1108 0.9925 -0.0524
vn -0.3667 -0.9140 -0.1734
vn -0.8972 0.1223 -0.4243
vn -0.1547 0.9852 -0.0732
vn -0.3257 -0.9328 -0.1540
vn -0.9015 0.0735 -0.4264
vn -0.1983 0.9756 -0.0938
vn -0.2839 -0.9494 -0.1343
vn -0.9037 0.0245 -0.4274
vn -0.2414 0.9637 -0.1142
vn -0.2414 -0.9637 -0.1142
vn -0.9037 -0.0245 -0.4274
vn -0.2839 0.9494 -0.1343
vn -0.1983 -0.9756 -0.0938
vn -0.9015 -0.0735 -0.4264
vn -0.3257 0.9328 -0.1540
vn -0.1547 -0.9852 -0.0732
vn -0.8972 -0.1223 -0.4243
vn -0.3667 0.9140 -0.1734
vn -0.1108 -0.9925 -0.0524
vn -0.8907 -0.1707 -0.4213
vn -0.4068 0.8930 -0.1924
vn -0.0666 -0.9973 -0.0315
vn -0.8821 -0.2189 -0.4172
vn -0.4460 0.8698 -0.2109
vn -0.0222 -0.9997 -0.0105
vn -0.8713 -0.2664 -0.4121
vn -0.4840 0.8446 -0.2289
vn -0.8585 -0.3133 -0.4060
vn -0.5210 0.8173 -0.2464
vn -0.8435 -0.3595 -0.3990
vn -0.5566 0.7880 -0.2632
vn -0.7465 -0.4924 -0.4474
vn -0.6216 0.6891 -0.3726
vn -0.7249 -0.5345 -0.4345
vn -0.6498 0.6527 -0.3895
vn -0.7015 -0.5754 -0.4205
vn -0.6765 0.6148 -0.4055
vn -0.6765 -0.6148 -0.4055
vn -0.7015 0.5754 -0.4205
vn -0.6498 -0.6527 -0.3895
vn -0.7249 0.5345 -0.4345
vn -0.6216 -0.6891 -0.3726
vn -0.7465 0.4924 -0.4474
vn -0.5918 -0.7238 -0.3547
vn -0.7663 0.4492 -0.4593
vn -0.5606 -0.7568 -0.3360
vn -0.7843 0.4048 -0.4701
vn -0.5281 -0.7880 -0.3165
vn -0.8004 0.3595 -0.4797
vn -0.4943 -0.8173 -0.2963
vn -0.8145 0.3133 -0.4882
vn -0.4593 -0.8446 -0.2753
vn -0.8267 0.2664 -0.4955
vn -0.0211 0.9997 -0.0126
vn -0.4232 -0.8698 -0.2536
vn -0.8369 0.2189 -0.5016
vn -0.0632 0.9973 -0.0379
vn -0.3860 -0.8930 -0.2314
vn -0.8451 0.1707 -0.5066
vn -0.1051 0.9925 -0.0630
vn -0.3479 -0.9140 -0.2085
vn -0.8513 0.1223 -0.5102
vn -0.1468 0.9852 -0.0880
vn -0.3090 -0.9328 -0.1852
vn -0.8554 0.0735 -0.5127
vn -0.1881 0.9756 -0.1128
vn -0.2693 -0.9494 -0.1614
vn -0.8575 0.0245 -0.5139
vn -0.2290 0.9637 -0.1373
vn -0.2290 -0.9637 -0.1373
vn -0.8575 -0.0245 -0.5139
vn -0.2694 0.9494 -0.1614
vn -0.1881 -0.9756 -0.1128
vn -0.8554 -0.0735 -0.5127
vn -0.3090 0.9328 -0.1852
vn -0.1468 -0.9852 -0.0880
vn -0.8513 -0.1223 -0.5102
vn -0.3479 0.9140 -0.2085
vn -0.1051 -0.9925 -0.0630
vn -0.8451 -0.1707 -0.5066
vn -0.3860 0.8930 -0.2314
vn -0.0632 -0.9973 -0.0379
vn -0.8369 -0.2189 -0.5016
vn -0.4232 0.8698 -0.2536
vn -0.0211 -0.9997 -0.0126
vn -0.8267 -0.2664 -0.4955
vn -0.4593 0.8446 -0.2753
vn -0.8145 -0.3133 -0.4882
vn -0.4943 0.8173 -0.2963
vn -0.8004 -0.3595 -0.4797
vn -0.5281 0.7880 -0.3165
vn -0.7843 -0.4048 -0.4701
vn -0.5606 0.7568 -0.3360
vn -0.7663 -0.4492 -0.4593
vn -0.5918 0.7238 -0.3547
vn -0.6569 -0.5754 -0.4872
vn -0.6335 0.6148 -0.4698
vn -0.6335 -0.6148 -0.4698
vn -0.6569 0.5754 -0.4872
vn -0.6085 -0.6527 -0.4513
vn -0.6788 0.5345 -0.5035
vn -0.5821 -0.6891 -0.4317
vn -0.6991 0.4924 -0.5185
vn -0.5542 -0.7238 -0.4110
vn -0.7176 0.4492 -0.5322
vn -0.5250 -0.7568 -0.3894
vn -0.7344 0.4048 -0.5447
vn -0.4945 -0.7880 -0.3668
vn -0.7495 0.3595 -0.5559
vn -0.4629 -0.8173 -0.3433
vn -0.7628 0.3133 -0.5657
vn -0.4301 -0.8446 -0.3190
vn -0.7742 0.2664 -0.5742
vn -0.0197 0.9997 -0.0146
vn -0.3963 -0.8698 -0.2939
vn -0.7837 0.2189 -0.5813
vn -0.0592 0.9973 -0.0439
vn -0.3615 -0.8930 -0.2681
vn -0.7914 0.1707 -0.5870
vn -0.0984 0.9925 -0.0730
vn -0.3258 -0.9140 -0.2416
vn -0.7972 0.1223 -0.5912
vn -0.1375 0.9852 -0.1020
vn -0.2894 -0.9328 -0.2146
vn -0.8010 0.0735 -0.5941
vn -0.1762 0.9756 -0.1307
vn -0.2522 -0.9494 -0.1871
vn -0.8030 0.0245 -0.5955
vn -0.2145 0.9637 -0.1591
vn -0.2145 -0.9637 -0.1591
vn -0.8030 -0.0245 -0.5955
vn -0.2522 0.9494 -0.1871
vn -0.1762 -0.9756 -0.1307
vn -0.8010 -0.0735 -0.5941
vn -0.2894 0.9328 -0.2146
vn -0.1375 -0.9852 -0.1020
vn -0.7972 -0.1223 -0.5912
vn -0.3258 0.9140 -0.2416
vn -0.0984 -0.9925 -0.0730
vn -0.7914 -0.1707 -0.5870
vn -0.3615 0.8930 -0.2681
vn -0.0592 -0.9973 -0.0439
vn -0.7837 -0.2189 -0.5813
vn -0.3963 0.8698 -0.2939
vn -0.0197 -0.9997 -0.0146
vn -0.7742 -0.2664 -0.5742
vn -0.4301 0.8446 -0.3190
vn -0.7628 -0.3133 -0.5657
vn -0.4629 0.8173 -0.3433
vn -0.7495 -0.3595 -0.5559
vn -0.4945 0.7880 -0.3668
vn -0.7344 -0.4048 -0.5447
vn -0.5250 0.7568 -0.3894
vn -0.7176 -0.4492 -0.5322
vn -0.5542 0.7238 -0.4110
vn -0.6991 -0.4924 -0.5185
vn -0.5821 0.6891 -0.4317
vn -0.6788 -0.5345 -0.5035
vn -0.6085 0.6527 -0.4513
vn -0.5613 -0.6527 -0.5088
vn -0.6262 0.5345 -0.5676
vn -0.5369 -0.6891 -0.4867
vn -0.6449 0.4924 -0.5845
vn -0.5112 -0.7238 -0.4634
vn -0.6620 0.4492 -0.6000
vn -0.4843 -0.7568 -0.4389
vn -0.6775 0.4048 -0.6141
vn -0.4562 -0.7880 -0.4135
vn -0.6914 0.3595 -0.6267
vn -0.4270 -0.8173 -0.3870
vn -0.7036 0.3133 -0.6377
vn -0.3967 -0.8446 -0.3596
vn -0.7142 0.2664 -0.6473
vn -0.0182 0.9997 -0.0165
vn -0.3655 -0.8698 -0.3313
vn -0.7230 0.2189 -0.6553
vn -0.0546 0.9973 -0.0495
vn -0.3335 -0.8930 -0.3022
vn -0.7301 0.1707 -0.6617
vn -0.0908 0.9925 -0.0823
vn -0.3006 -0.9140 -0.2724
vn -0.7354 0.1223 -0.6665
vn -0.1268 0.9852 -0.1149
vn -0.2669 -0.9328 -0.2419
vn -0.7389 0.0735 -0.6697
vn -0.1625 0.9756 -0.1473
vn -0.2327 -0.9494 -0.2109
vn -0.7407 0.0245 -0.6714
vn -0.1978 0.9637 -0.1793
vn -0.1978 -0.9637 -0.1793
vn -0.7407 -0.0245 -0.6714
vn -0.2327 0.9494 -0.2109
vn -0.1625 -0.9756 -0.1473
vn -0.7389 -0.0735 -0.6697
vn -0.2669 0.9328 -0.2419
vn -0.1268 -0.9852 -0.1149
vn -0.7354 -0.1223 -0.6665
vn -0.3006 0.9140 -0.2724
vn -0.0908 -0.9925 -0.0823
vn -0.7301 -0.1707 -0.6617
vn -0.3335 0.8930 -0.3022
vn -0.0545 -0.9973 -0.0495
vn -0.7230 -0.2189 -0.6553
vn -0.3655 0.8698 -0.3313
vn -0.0182 -0.9997 -0.0165
vn -0.7142 -0.2664 -0.6473
vn -0.3967 0.8446 -0.3596
vn -0.7036 -0.3133 -0.6377
vn -0.4270 0.8173 -0.3870
vn -0.6914 -0.3595 -0.6267
vn -0.4562 0.7880 -0.4135
vn -0.6775 -0.4048 -0.6141
vn -0.4843 0.7568 -0.4389
vn -0.6620 -0.4492 -0.6000
vn -0.5112 0.7238 -0.4634
vn -0.6449 -0.4925 -0.5845
vn -0.5369 0.6891 -0.4867
vn -0.6262 -0.5345 -0.5676
vn -0.5613 0.6527 -0.5088
vn -0.6060 -0.5754 -0.5493
vn -0.5844 0.6148 -0.5297
vn -0.5844 -0.6148 -0.5297
vn -0.6060 0.5754 -0.5493
vn -0.4634 -0.7238 -0.5112
vn -0.6000 0.4492 -0.6620
vn -0.4389 -0.7568 -0.4843
vn -0.6141 0.4048 -0.6775
vn -0.4135 -0.7880 -0.4562
vn -0.6267 0.3595 -0.6914
vn -0.3870 -0.8173 -0.4270
vn -0.6377 0.3133 -0.7036
vn -0.3596 -0.8446 -0.3967
vn -0.6473 0.2664 -0.7142
vn -0.0165 0.9997 -0.0182
vn -0.3313 -0.8698 -0.3655
vn -0.6553 0.2189 -0.7230
vn -0.0495 0.9973 -0.0546
vn -0.3022 -0.8930 -0.3335
vn -0.6617 0.1707 -0.7301
vn -0.0823 0.9925 -0.0908
vn -0.2724 -0.9140 -0.3006
vn -0.6665 0.1223 -0.7354
vn -0.1149 0.9852 -0.1268
vn -0.2419 -0.9328 -0.2669
vn -0.6697 0.0735 -0.7389
vn -0.1473 0.9756 -0.1625
vn -0.2109 -0.9494 -0.2327
vn -0.6714 0.0245 -0.7407
vn -0.1793 0.9637 -0.1978
vn -0.1793 -0.9637 -0.1978
vn -0.6714 -0.0245 -0.7407
vn -0.2109 0.9494 -0.2327
vn -0.1473 -0.9756 -0.1625
vn -0.6697 -0.0735 -0.7389
vn -0.2419 0.9328 -0.2669
vn -0.1150 -0.9852 -0.1268
vn -0.6665 -0.1223 -0.7354
vn -0.2724 0.9140 -0.3006
vn -0.0823 -0.9925 -0.0908
vn -0.6617 -0.1707 -0.7301
vn -0.3022 0.8930 -0.3335
vn -0.0495 -0.9973 -0.0546
vn -0.6553 -0.2189 -0.7230
vn -0.3313 0.8698 -0.3655
vn -0.0165 -0.9997 -0.0182
vn -0.6473 -0.2664 -0.7142
vn -0.3596 0.8446 -0.3967
vn -0.6377 -0.3133 -0.7036
vn -0.3870 0.8173 -0.4270
vn -0.6267 -0.3595 -0.6914
vn -0.4135 0.7880 -0.4562
vn -0.6141 -0.4048 -0.6775
vn -0.4389 0.7568 -0.4843
vn -0.6000 -0.4492 -0.6620
vn -0.4634 0.7238 -0.5112
vn -0.5845 -0.4925 -0.6449
vn -0.4867 0.6891 -0.5369
vn -0.5676 -0.5345 -0.6262
vn -0.5088 0.6527 -0.5613
vn -0.5493 -0.5754 -0.6060
vn -0.5297 0.6148 -0.5844
vn -0.5297 -0.6148 -0.5844
vn -0.5493 0.5754 -0.6060
vn -0.5088 -0.6527 -0.5613
vn -0.5676 0.5345 -0.6262
vn -0.4867 -0.6891 -0.5369
vn -0.5845 0.4925 -0.6449
vn -0.3668 -0.7880 -0.4945
vn -0.5559 0.3595 -0.7495
vn -0.3433 -0.8173 -0.4629
vn -0.5657 0.3133 -0.7628
vn -0.3190 -0.8446 -0.4301
vn -0.5742 0.2664 -0.7742
vn -0.0146 0.9997 -0.0197
vn -0.2939 -0.8698 -0.3963
vn -0.5813 0.2189 -0.7837
vn -0.0439 0.9973 -0.0592
vn -0.2681 -0.8930 -0.3615
vn -0.5870 0.1707 -0.7914
vn -0.0730 0.9925 -0.0984
vn -0.2416 -0.9140 -0.3258
vn -0.5912 0.1223 -0.7972
vn -0.1020 0.9852 -0.1375
vn -0.2146 -0.9328 -0.2894
vn -0.5941 0.0735 -0.8010
vn -0.1307 0.9756 -0.1762
vn -0.1871 -0.9494 -0.2522
vn -0.5955 0.0245 -0.8030
vn -0.1591 0.9637 -0.2145
vn -0.1591 -0.9637 -0.2145
vn -0.5955 -0.0245 -0.8030
vn -0.1871 0.9494 -0.2522
vn -0.1307 -0.9756 -0.1762
vn -0.5941 -0.0735 -0.8010
vn -0.2146 0.9328 -0.2894
vn -0.1020 -0.9852 -0.1375
vn -0.5912 -0.1223 -0.7972
vn -0.2416 0.9140 -0.3258
vn -0.0730 -0.9925 -0.0984
vn -0.5870 -0.1707 -0.7914
vn -0.2681 0.8930 -0.3615
vn -0.0439 -0.9973 -0.0592
vn -0.5813 -0.2189 -0.7837
vn -0.2939 0.8698 -0.3963
vn -0.0146 -0.9997 -0.0197
vn -0.5742 -0.2664 -0.7742
vn -0.3190 0.8446 -0.4301
vn -0.5657 -0.3133 -0.7628
vn -0.3433 0.8173 -0.4629
vn -0.5559 -0.3595 -0.7495
vn -0.3668 0.7880 -0.4945
vn -0.5447 -0.4048 -0.7344
vn -0.3894 0.7568 -0.5250
vn -0.5322 -0.4492 -0.7176
vn -0.4110 0.7238 -0.5542
vn -0.5185 -0.4924 -0.6991
vn -0.4317 0.6891 -0.5821
vn -0.5035 -0.5345 -0.6788
vn -0.4513 0.6527 -0.6085
vn -0.4872 -0.5754 -0.6569
vn -0.4698 0.6148 -0.6335
vn -0.4698 -0.6148 -0.6335
vn -0.4872 0.5754 -0.6569
vn -0.4513 -0.6527 -0.6085
vn -0.5035 0.5345 -0.6788
vn -0.4317 -0.6891 -0.5821
vn -0.5185 0.4924 -0.6991
vn -0.4110 -0.7238 -0.5542
vn -0.5322 0.4492 -0.7176
vn -0.3894 -0.7568 -0.5250
vn -0.5447 0.4048 -0.7344
vn -0.2753 -0.8446 -0.4593
vn -0.4955 0.2664 -0.8267
vn -0.0126 0.9997 -0.0211
vn -0.2536 -0.8698 -0.4232
vn -0.5016 0.2189 -0.8369
vn -0.0379 0.9973 -0.0632
vn -0.2314 -0.8930 -0.3860
vn -0.5066 0.1707 -0.8451
vn -0.0630 0.9925 -0.1051
vn -0.2085 -0.9140 -0.3479
vn -0.5102 0.1223 -0.8513
vn -0.0880 0.9852 -0.1468
vn -0.1852 -0.9328 -0.3090
vn -0.5127 0.0735 -0.8554
vn -0.1128 0.9756 -0.1881
vn -0.1614 -0.9494 -0.2693
vn -0.5139 0.0245 -0.8575
vn -0.1373 0.9637 -0.2290
vn -0.1373 -0.9637 -0.2290
vn -0.5139 -0.0245 -0.8575
vn -0.1614 0.9494 -0.2693
vn -0.1128 -0.9756 -0.1881
vn -0.5127 -0.0735 -0.8554
vn -0.1852 0.9328 -0.3090
vn -0.0880 -0.9852 -0.1468
vn -0.5102 -0.1223 -0.8513
vn -0.2085 0.9140 -0.3479
vn -0.0630 -0.9925 -0.1051
vn -0.5066 -0.1707 -0.8451
vn -0.2314 0.8930 -0.3860
vn -0.0379 -0.9973 -0.0632
vn -0.5016 -0.2189 -0.8369
vn -0.2536 0.8698 -0.4232
vn -0.0126 -0.9997 -0.0211
vn -0.4955 -0.2664 -0.8267
vn -0.2753 0.8446 -0.4593
vn -0.4882 -0.3133 -0.8145
vn -0.2963 0.8173 -0.4943
vn -0.4797 -0.3595 -0.8004
vn -0.3165 0.7880 -0.5281
vn -0.4701 -0.4048 -0.7843
vn -0.3360 0.7568 -0.5606
vn -0.4593 -0.4492 -0.7663
vn -0.3547 0.7238 -0.5918
vn -0.4474 -0.4925 -0.7465
vn -0.3726 0.6891 -0.6216
vn -0.4345 -0.5345 -0.7249
vn -0.3895 0.6527 -0.6498
vn -0.4205 -0.5754 -0.7015
vn -0.4055 0.6148 -0.6765
vn -0.4055 -0.6148 -0.6765
vn -0.4205 0.5754 -0.7015
vn -0.3895 -0.6527 -0.6498
vn -0.4345 0.5345 -0.7249
vn -0.3726 -0.6891 -0.6216
vn -0.4474 0.4925 -0.7465
vn -0.3547 -0.7238 -0.5918
vn -0.4593 0.4492 -0.7663
vn -0.3360 -0.7568 -0.5606
vn -0.4701 0.4048 -0.7843
vn -0.3165 -0.7880 -0.5281
vn -0.4797 0.3595 -0.8004
vn -0.2963 -0.8173 -0.4943
vn -0.4882 0.3133 -0.8145
vn -0.0315 0.9973 -0.0666
vn -0.1924 -0.8930 -0.4068
vn -0.4213 0.1707 -0.8907
vn -0.0524 0.9925 -0.1108
vn -0.1734 -0.9140 -0.3667
vn -0.4243 0.1223 -0.8972
vn -0.0732 0.9852 -0.1547
vn -0.1540 -0.9328 -0.3257
vn -0.4264 0.0735 -0.9015
vn -0.0938 0.9756 -0.1983
vn -0.1343 -0.9494 -0.2839
vn -0.4274 0.0245 -0.9037
vn -0.1142 0.9637 -0.2414
vn -0.1142 -0.9637 -0.2414
vn -0.4274 -0.0245 -0.9037
vn -0.1343 0.9494 -0.2839
vn -0.0938 -0.9756 -0.1983
vn -0.4264 -0.0735 -0.9015
vn -0.1540 0.9328 -0.3257
vn -0.0732 -0.9852 -0.1547
vn -0.4243 -0.1223 -0.8972
vn -0.1734 0.9140 -0.3667
vn -0.0524 -0.9925 -0.1108
vn -0.4213 -0.1707 -0.8907
vn -0.1924 0.8930 -0.4068
vn -0.0315 -0.9973 -0.0666
vn -0.4172 -0.2189 -0.8821
vn -0.2109 0.8698 -0.4460
vn -0.0105 -0.9997 -0.0222
vn -0.4121 -0.2664 -0.8713
vn -0.2289 0.8446 -0.4840
vn -0.4060 -0.3133 -0.8585
vn -0.2464 0.8173 -0.5210
vn -0.3990 -0.3595 -0.8435
vn -0.2632 0.7880 -0.5566
vn -0.3910 -0.4048 -0.8266
vn -0.2795 0.7568 -0.5909
vn -0.3820 -0.4492 -0.8077
vn -0.2950 0.7238 -0.6237
vn -0.3721 -0.4925 -0.7868
vn -0.3098 0.6891 -0.6551
vn -0.3613 -0.5345 -0.7640
vn -0.3239 0.6527 -0.6849
vn -0.3497 -0.5754 -0.7394
vn -0.3372 0.6148 -0.7130
vn -0.3372 -0.6148 -0.7130
vn -0.3497 0.5754 -0.7394
vn -0.3239 -0.6527 -0.6849
vn -0.3613 0.5345 -0.7640
vn -0.3098 -0.6891 -0.6551
vn -0.3721 0.4925 -0.7868
vn -0.2950 -0.7238 -0.6237
vn -0.3820 0.4492 -0.8077
vn -0.2795 -0.7568 -0.5909
vn -0.3910 0.4048 -0.8266
vn -0.2632 -0.7880 -0.5566
vn -0.3990 0.3595 -0.8435
vn -0.2464 -0.8173 -0.5210
vn -0.4060 0.3133 -0.8585
vn -0.2289 -0.8446 -0.4840
vn -0.4121 0.2664 -0.8713
vn -0.0105 0.9997 -0.0222
vn -0.2109 -0.8698 -0.4460
vn -0.4172 0.2189 -0.8821
vn -0.0577 0.9852 -0.1612
vn -0.1214 -0.9328 -0.3392
vn -0.3360 0.0735 -0.9390
vn -0.0739 0.9756 -0.2065
vn -0.1058 -0.9494 -0.2957
vn -0.3368 0.0245 -0.9413
vn -0.0900 0.9637 -0.2514
vn -0.0900 -0.9637 -0.2514
vn -0.3368 -0.0245 -0.9413
vn -0.1058 0.9494 -0.2957
vn -0.0739 -0.9756 -0.2065
vn -0.3360 -0.0735 -0.9390
vn -0.1214 0.9328 -0.3392
vn -0.0577 -0.9852 -0.1612
vn -0.3344 -0.1223 -0.9345
vn -0.1367 0.9140 -0.3819
vn -0.0413 -0.9925 -0.1154
vn -0.3319 -0.1707 -0.9277
vn -0.1516 0.8930 -0.4237
vn -0.0248 -0.9973 -0.0693
vn -0.3287 -0.2189 -0.9187
vn -0.1662 0.8698 -0.4645
vn -0.0083 -0.9997 -0.0231
vn -0.3247 -0.2664 -0.9075
vn -0.1804 0.8446 -0.5041
vn -0.3199 -0.3133 -0.8941
vn -0.1941 0.8173 -0.5426
vn -0.3144 -0.3595 -0.8786
vn -0.2074 0.7880 -0.5797
vn -0.3081 -0.4048 -0.8609
vn -0.2202 0.7568 -0.6154
vn -0.3010 -0.4492 -0.8412
vn -0.2324 0.7238 -0.6496
vn -0.2932 -0.4925 -0.8195
vn -0.2441 0.6891 -0.6823
vn -0.2847 -0.5345 -0.7957
vn -0.2552 0.6527 -0.7133
vn -0.2755 -0.5754 -0.7701
vn -0.2657 0.6148 -0.7426
vn -0.2657 -0.6148 -0.7426
vn -0.2755 0.5754 -0.7701
vn -0.2552 -0.6527 -0.7133
vn -0.2847 0.5345 -0.7957
vn -0.2441 -0.6891 -0.6823
vn -0.2932 0.4925 -0.8195
vn -0.2324 -0.7238 -0.6496
vn -0.3010 0.4492 -0.8412
vn -0.2202 -0.7568 -0.6154
vn -0.3081 0.4048 -0.8609
vn -0.2074 -0.7880 -0.5797
vn -0.3144 0.3595 -0.8786
vn -0.1941 -0.8173 -0.5426
vn -0.3199 0.3133 -0.8941
vn -0.1804 -0.8446 -0.5041
vn -0.3247 0.2664 -0.9075
vn -0.0083 0.9997 -0.0231
vn -0.1662 -0.8698 -0.4645
vn -0.3287 0.2189 -0.9187
vn -0.0248 0.9973 -0.0693
vn -0.1516 -0.8930 -0.4237
vn -0.3319 0.1707 -0.9277
vn -0.0413 0.9925 -0.1154
vn -0.1367 -0.9140 -0.3819
vn -0.3344 0.1223 -0.9345
vn -0.0649 0.9637 -0.2590
vn -0.0649 -0.9637 -0.2590
vn -0.2429 -0.0245 -0.9697
vn -0.0763 0.9494 -0.3046
vn -0.0533 -0.9756 -0.2128
vn -0.2423 -0.0735 -0.9674
vn -0.0875 0.9328 -0.3495
vn -0.0416 -0.9852 -0.1660
vn -0.2412 -0.1223 -0.9628
vn -0.0986 0.9140 -0.3935
vn -0.0298 -0.9925 -0.1189
vn -0.2394 -0.1707 -0.9558
vn -0.1094 0.8930 -0.4366
vn -0.0179 -0.9973 -0.0714
vn -0.2371 -0.2189 -0.9465
vn -0.1199 0.8698 -0.4786
vn -0.0060 -0.9997 -0.0238
vn -0.2342 -0.2664 -0.9350
vn -0.1301 0.8446 -0.5194
vn -0.2307 -0.3133 -0.9212
vn -0.1400 0.8173 -0.5590
vn -0.2267 -0.3595 -0.9052
vn -0.1496 0.7880 -0.5972
vn -0.2222 -0.4048 -0.8870
vn -0.1588 0.7568 -0.6340
vn -0.2171 -0.4492 -0.8667
vn -0.1677 0.7238 -0.6693
vn -0.2115 -0.4924 -0.8443
vn -0.1761 0.6891 -0.7029
vn -0.2054 -0.5345 -0.8198
vn -0.1841 0.6527 -0.7349
vn -0.1987 -0.5754 -0.7934
vn -0.1916 0.6148 -0.7651
vn -0.1916 -0.6148 -0.7651
vn -0.1987 0.5754 -0.7934
vn -0.1841 -0.6527 -0.7349
vn -0.2054 0.5345 -0.8198
vn -0.1761 -0.6891 -0.7029
vn -0.2115 0.4925 -0.8443
vn -0.1676 -0.7238 -0.6693
vn -0.2171 0.4492 -0.8667
vn -0.1588 -0.7568 -0.6340
vn -0.2222 0.4048 -0.8870
vn -0.1496 -0.7880 -0.5972
vn -0.2267 0.3595 -0.9052
vn -0.1400 -0.8173 -0.5590
vn -0.2307 0.3133 -0.9212
vn -0.1301 -0.8446 -0.5194
vn -0.2342 0.2664 -0.9350
vn -0.0060 0.9997 -0.0238
vn -0.1199 -0.8698 -0.4786
vn -0.2371 0.2189 -0.9465
vn -0.0179 0.9973 -0.0714
vn -0.1093 -0.8930 -0.4366
vn -0.2394 0.1707 -0.9558
vn -0.0298 0.9925 -0.1189
vn -0.0986 -0.9140 -0.3935
vn -0.2412 0.1223 -0.9628
vn -0.0416 0.9852 -0.1660
vn -0.0875 -0.9328 -0.3495
vn -0.2423 0.0735 -0.9674
vn -0.0533 0.9756 -0.2128
vn -0.0763 -0.9494 -0.3046
vn -0.2429 0.0245 -0.9697
vn -0.0529 0.9328 -0.3564
vn -0.0251 -0.9852 -0.1693
vn -0.1456 -0.1223 -0.9818
vn -0.0595 0.9140 -0.4013
vn -0.0180 -0.9925 -0.1212
vn -0.1446 -0.1707 -0.9747
vn -0.0660 0.8930 -0.4452
vn -0.0108 -0.9973 -0.0729
vn -0.1432 -0.2189 -0.9652
vn -0.0724 0.8698 -0.4880
vn -0.0036 -0.9997 -0.0243
vn -0.1414 -0.2664 -0.9534
vn -0.0786 0.8446 -0.5297
vn -0.1393 -0.3133 -0.9394
vn -0.0846 0.8173 -0.5700
vn -0.1369 -0.3595 -0.9230
vn -0.0903 0.7880 -0.6090
vn -0.1342 -0.4048 -0.9045
vn -0.0959 0.7568 -0.6466
vn -0.1311 -0.4492 -0.8838
vn -0.1012 0.7238 -0.6825
vn -0.1277 -0.4925 -0.8609
vn -0.1063 0.6891 -0.7168
vn -0.1240 -0.5345 -0.8360
vn -0.1112 0.6527 -0.7494
vn -0.1200 -0.5754 -0.8091
vn -0.1157 0.6148 -0.7802
vn -0.1157 -0.6148 -0.7802
vn -0.1200 0.5754 -0.8091
vn -0.1112 -0.6527 -0.7494
vn -0.1240 0.5345 -0.8360
vn -0.1063 -0.6891 -0.7168
vn -0.1277 0.4925 -0.8609
vn -0.1012 -0.7238 -0.6825
vn -0.1311 0.4492 -0.8838
vn -0.0959 -0.7568 -0.6466
vn -0.1342 0.4048 -0.9045
vn -0.0903 -0.7880 -0.6090
vn -0.1369 0.3595 -0.9230
vn -0.0846 -0.8173 -0.5700
vn -0.1393 0.3133 -0.9394
vn -0.0786 -0.8446 -0.5297
vn -0.1414 0.2664 -0.9534
vn -0.0036 0.9997 -0.0243
vn -0.0724 -0.8698 -0.4880
vn -0.1432 0.2189 -0.9652
vn -0.0108 0.9973 -0.0729
vn -0.0660 -0.8930 -0.4452
vn -0.1446 0.1707 -0.9747
vn -0.0180 0.9925 -0.1212
vn -0.0595 -0.9140 -0.4013
vn -0.1456 0.1223 -0.9818
vn -0.0251 0.9852 -0.1693
vn -0.0529 -0.9328 -0.3564
vn -0.1463 0.0735 -0.9865
vn -0.0322 0.9756 -0.2170
vn -0.0461 -0.9494 -0.3106
vn -0.1467 0.0245 -0.9889
vn -0.0392 0.9637 -0.2641
vn -0.0392 -0.9637 -0.2641
vn -0.1467 -0.0245 -0.9889
vn -0.0461 0.9494 -0.3106
vn -0.0322 -0.9756 -0.2170
vn -0.1463 -0.0735 -0.9865
vn -0.0221 0.8930 -0.4495
vn -0.0036 -0.9973 -0.0736
vn -0.0479 -0.2188 -0.9746
vn -0.0242 0.8698 -0.4928
vn -0.0012 -0.9997 -0.0245
vn -0.0473 -0.2664 -0.9627
vn -0.0263 0.8446 -0.5348
vn -0.0466 -0.3133 -0.9485
vn -0.0283 0.8173 -0.5756
vn -0.0458 -0.3595 -0.9320
vn -0.0302 0.7880 -0.6150
vn -0.0449 -0.4048 -0.9133
vn -0.0321 0.7568 -0.6528
vn -0.0438 -0.4492 -0.8924
vn -0.0339 0.7238 -0.6891
vn -0.0427 -0.4924 -0.8693
vn -0.0356 0.6891 -0.7238
vn -0.0415 -0.5345 -0.8441
vn -0.0372 0.6527 -0.7567
vn -0.0401 -0.5753 -0.8169
vn -0.0387 0.6148 -0.7878
vn -0.0387 -0.6148 -0.7878
vn -0.0401 0.5753 -0.8169
vn -0.0372 -0.6527 -0.7567
vn -0.0415 0.5345 -0.8441
vn -0.0356 -0.6891 -0.7238
vn -0.0427 0.4924 -0.8693
vn -0.0339 -0.7238 -0.6891
vn -0.0438 0.4492 -0.8924
vn -0.0321 -0.7568 -0.6528
vn -0.0449 0.4048 -0.9133
vn -0.0302 -0.7880 -0.6149
vn -0.0458 0.3595 -0.9320
vn -0.0283 -0.8173 -0.5756
vn -0.0466 0.3133 -0.9485
vn -0.0263 -0.8446 -0.5348
vn -0.0473 0.2664 -0.9627
vn -0.0012 0.9997 -0.0245
vn -0.0242 -0.8698 -0.4928
vn -0.0479 0.2189 -0.9746
vn -0.0036 0.9973 -0.0736
vn -0.0221 -0.8930 -0.4495
vn -0.0484 0.1708 -0.9841
vn -0.0060 0.9925 -0.1224
vn -0.0199 -0.9140 -0.4052
vn -0.0487 0.1223 -0.9913
vn -0.0084 0.9852 -0.1710
vn -0.0177 -0.9328 -0.3598
vn -0.0489 0.0735 -0.9961
vn -0.0108 0.9756 -0.2191
vn -0.0154 -0.9494 -0.3136
vn -0.0491 0.0245 -0.9985
vn -0.0131 0.9637 -0.2667
vn -0.0131 -0.9637 -0.2667
vn -0.0491 -0.0245 -0.9985
vn -0.0154 0.9494 -0.3136
vn -0.0108 -0.9756 -0.2191
vn -0.0489 -0.0735 -0.9961
vn -0.0177 0.9328 -0.3598
vn -0.0084 -0.9852 -0.1710
vn -0.0487 -0.1223 -0.9913
vn -0.0199 0.9140 -0.4052
vn -0.0060 -0.9925 -0.1224
vn -0.0483 -0.1708 -0.9841
vn 0.0491 -0.0245 -0.9985
vn 0.0479 -0.2188 -0.9746
vn 0.1277 -0.4924 -0.8609
vn 0.0959 -0.7568 -0.6466
vn 0.0959 0.7568 -0.6466
vn 0.2371 0.2188 -0.9465
vn 0.2371 -0.2189 -0.9465
vn 0.2115 -0.4925 -0.8443
vn 0.3287 -0.2189 -0.9187
vn 0.4172 0.2188 -0.8821
vn 0.5016 0.2188 -0.8369
vn 0.5016 -0.2189 -0.8369
vn 0.3726 0.6891 -0.6216
vn 0.3725 -0.6891 -0.6216
vn 0.5813 0.2189 -0.7837
vn 0.5869 0.1708 -0.7914
vn 0.6553 0.2189 -0.7230
vn 0.1150 0.9852 -0.1268
vn 0.7230 -0.2188 -0.6553
vn 0.6449 -0.4924 -0.5845
vn 0.7230 0.2189 -0.6553
vn 0.7914 -0.1708 -0.5869
vn 0.7837 -0.2189 -0.5813
vn 0.0592 0.9973 -0.0439
vn 0.7914 0.1708 -0.5870
vn 0.6216 0.6891 -0.3725
vn 0.8609 -0.4048 -0.3080
vn 0.0693 0.9973 -0.0248
vn 0.6693 -0.7238 -0.1676
vn 0.6150 0.7880 -0.0302
vn 0.6149 -0.7880 -0.0302
vn 0.6150 0.7880 0.0302
vn 0.8609 -0.4048 0.3081
vn 0.1149 -0.9852 0.1268
vn 0.3725 -0.6891 0.6216
vn 0.3726 0.6891 0.6216
vn 0.3497 0.5753 0.7394
vn 0.3080 -0.4048 0.8609
vn 0.3081 0.4048 0.8609
vn 0.1446 0.1708 0.9746
vn 0.1446 -0.1708 0.9746
vn 0.0959 0.7568 0.6466
vn 0.0959 -0.7568 0.6465
vn 0.0427 -0.4925 0.8693
vn 0.0401 -0.5753 0.8169
vn 0.0427 0.4924 0.8693
vn 0.0302 -0.7880 0.6150
vn -0.0483 -0.1708 0.9841
vn -0.0302 0.7880 0.6149
vn -0.0427 -0.4925 0.8693
vn -0.0302 -0.7880 0.6149
vn -0.0483 0.1708 0.9841
vn -0.0959 0.7568 0.6466
vn -0.1277 -0.4924 0.8609
vn -0.1200 -0.5753 0.8091
vn -0.1200 0.5754 0.8091
vn -0.0959 -0.7568 0.6465
vn -0.1446 0.1707 0.9747
vn -0.1987 -0.5754 0.7934
vn -0.1093 0.8930 0.4366
vn -0.3081 -0.4048 0.8609
vn -0.2755 -0.5754 0.7701
vn -0.2755 0.5753 0.7701
vn -0.3080 0.4048 0.8609
vn -0.1804 -0.8446 0.5042
vn -0.3319 -0.1708 0.9277
vn -0.1804 0.8446 0.5042
vn -0.4205 -0.5754 0.7015
vn -0.4872 -0.5754 0.6569
vn -0.4872 0.5753 0.6569
vn -0.0439 -0.9973 0.0592
vn -0.5493 0.5754 0.6060
vn -0.6617 -0.1707 0.7301
vn -0.6569 0.5753 0.4872
vn -0.6216 -0.6891 0.3726
vn -0.5209 0.8173 0.2464
vn -0.7394 0.5753 0.3497
vn -0.8609 -0.4048 0.3081
vn -0.8609 0.4048 0.3081
vn -0.0693 0.9973 0.0248
vn -0.6693 0.7238 0.1677
vn -0.8443 -0.4924 0.2115
vn -0.8609 -0.4925 0.1277
vn -0.6693 -0.7238 -0.1676
vn -0.8609 -0.4048 -0.3081
vn -0.8609 0.4048 -0.3081
vn -0.5042 -0.8446 -0.1804
vn -0.0693 -0.9973 -0.0248
vn -0.2693 0.9494 -0.1614
vn -0.0591 -0.9973 -0.0439
vn -0.0546 -0.9973 -0.0495
vn -0.6449 -0.4924 -0.5845
vn -0.1149 -0.9852 -0.1268
vn -0.5845 -0.4924 -0.6449
vn -0.5845 0.4924 -0.6449
vn -0.5447 -0.4048 -0.7345
vn -0.5185 -0.4925 -0.6991
vn -0.4474 -0.4924 -0.7465
vn -0.4474 0.4924 -0.7465
vn -0.4882 0.3134 -0.8145
vn -0.3721 -0.4924 -0.7868
vn -0.3721 0.4924 -0.7868
vn -0.2932 -0.4924 -0.8195
vn -0.2932 0.4924 -0.8195
vn -0.2115 -0.4925 -0.8443
vn -0.1677 -0.7238 -0.6693
vn -0.1094 -0.8930 -0.4366
vn -0.0479 -0.2189 -0.9746
vn -0.0302 0.7880 -0.6149
vn -0.0427 -0.4925 -0.8693
vn -0.0401 -0.5754 -0.8169
vn -0.0401 0.5754 -0.8169
vn -0.0427 0.4925 -0.8693
vn -0.0483 0.1707 -0.9841
vn -0.0484 -0.1707 -0.9841
vt 0.750000 0.156250
vt 0.734375 0.171875
vt 0.734375 0.156250
vt 0.750000 0.562500
vt 0.734375 0.578125
vt 0.734375 0.562500
vt 0.750000 0.968750
vt 0.734375 0.984375
vt 0.734375 0.968750
vt 0.750000 0.140625
vt 0.734375 0.140625
vt 0.750000 0.546875
vt 0.734375 0.546875
vt 0.750000 0.953125
vt 0.734375 0.953125
vt 0.750000 0.125000
vt 0.734375 0.125000
vt 0.750000 0.531250
vt 0.734375 0.531250
vt 0.750000 0.937500
vt 0.734375 0.937500
vt 0.750000 0.109375
vt 0.734375 0.109375
vt 0.750000 0.515625
vt 0.734375 0.515625
vt 0.750000 0.921875
vt 0.734375 0.921875
vt 0.750000 0.093750
vt 0.734375 0.093750
vt 0.750000 0.500000
vt 0.734375 0.500000
vt 0.750000 0.906250
vt 0.734375 0.906250
vt 0.750000 0.078125
vt 0.734375 0.078125
vt 0.750000 0.484375
vt 0.734375 0.484375
vt 0.750000 0.890625
vt 0.734375 0.890625
vt 0.750000 0.062500
vt 0.734375 0.062500
vt 0.750000 0.468750
vt 0.734375 0.468750
vt 0.750000 0.875000
vt 0.734375 0.875000
vt 0.750000 0.046875
vt 0.734375 0.046875
vt 0.750000 0.453125
vt 0.734375 0.453125
vt 0.750000 0.859375
vt 0.734375 0.859375
vt 0.750000 0.031250
vt 0.734375 0.031250
vt 0.750000 0.437500
vt 0.734375 0.437500
vt 0.750000 0.843750
vt 0.734375 0.843750
vt 0.750000 0.015625
vt 0.734375 0.015625
vt 0.750000 0.421875
vt 0.734375 0.421875
vt 0.750000 0.828125
vt 0.734375 0.828125
vt 0.742188 0.000000
vt 0.750000 0.406250
vt 0.734375 0.406250
vt 0.750000 0.812500
vt 0.734375 0.812500
vt 0.750000 0.390625
vt 0.734375 0.390625
vt 0.750000 0.796875
vt 0.734375 0.796875
vt 0.750000 0.375000
vt 0.734375 0.375000
vt 0.750000 0.781250
vt 0.734375 0.781250
vt 0.750000 0.359375
vt 0.734375 0.359375
vt 0.750000 0.765625
vt 0.734375 0.765625
vt 0.750000 0.343750
vt 0.734375 0.343750
vt 0.750000 0.750000
vt 0.734375 0.750000
vt 0.750000 0.328125
vt 0.734375 0.328125
vt 0.750000 0.734375
vt 0.734375 0.734375
vt 0.750000 0.312500
vt 0.734375 0.312500
vt 0.750000 0.718750
vt 0.734375 0.718750
vt 0.750000 0.296875
vt 0.734375 0.296875
vt 0.750000 0.703125
vt 0.734375 0.703125
vt 0.750000 0.281250
vt 0.734375 0.281250
vt 0.750000 0.687500
vt 0.734375 0.687500
vt 0.750000 0.265625
vt 0.734375 0.265625
vt 0.750000 0.671875
vt 0.734375 0.671875
vt 0.750000 0.250000
vt 0.734375 0.250000
vt 0.750000 0.656250
vt 0.734375 0.656250
vt 0.750000 0.234375
vt 0.734375 0.234375
vt 0.750000 0.640625
vt 0.734375 0.640625
vt 0.750000 0.218750
vt 0.734375 0.218750
vt 0.750000 0.625000
vt 0.734375 0.625000
vt 0.750000 0.203125
vt 0.734375 0.203125
vt 0.750000 0.609375
vt 0.734375 0.609375
vt 0.750000 0.187500
vt 0.734375 0.187500
vt 0.750000 0.593750
vt 0.734375 0.593750
vt 0.750000 0.171875
vt 0.750000 0.578125
vt 0.750000 0.984375
vt 0.742188 1.000000
vt 0.718750 0.765625
vt 0.718750 0.750000
vt 0.718750 0.343750
vt 0.718750 0.328125
vt 0.718750 0.734375
vt 0.718750 0.312500
vt 0.718750 0.718750
vt 0.718750 0.296875
vt 0.718750 0.703125
vt 0.718750 0.281250
vt 0.718750 0.687500
vt 0.718750 0.265625
vt 0.718750 0.671875
vt 0.718750 0.250000
vt 0.718750 0.656250
vt 0.718750 0.234375
vt 0.718750 0.640625
vt 0.718750 0.218750
vt 0.718750 0.625000
vt 0.718750 0.203125
vt 0.718750 0.609375
vt 0.718750 0.187500
vt 0.718750 0.593750
vt 0.718750 0.171875
vt 0.718750 0.578125
vt 0.726562 1.000000
vt 0.718750 0.984375
vt 0.718750 0.156250
vt 0.718750 0.562500
vt 0.718750 0.968750
vt 0.718750 0.140625
vt 0.718750 0.546875
vt 0.718750 0.953125
vt 0.718750 0.125000
vt 0.718750 0.531250
vt 0.718750 0.937500
vt 0.718750 0.109375
vt 0.718750 0.515625
vt 0.718750 0.921875
vt 0.718750 0.093750
vt 0.718750 0.500000
vt 0.718750 0.906250
vt 0.718750 0.078125
vt 0.718750 0.484375
vt 0.718750 0.890625
vt 0.718750 0.062500
vt 0.718750 0.468750
vt 0.718750 0.875000
vt 0.718750 0.046875
vt 0.718750 0.453125
vt 0.718750 0.859375
vt 0.718750 0.031250
vt 0.718750 0.437500
vt 0.718750 0.843750
vt 0.718750 0.015625
vt 0.718750 0.421875
vt 0.718750 0.828125
vt 0.726562 0.000000
vt 0.718750 0.406250
vt 0.718750 0.812500
vt 0.718750 0.390625
vt 0.718750 0.796875
vt 0.718750 0.375000
vt 0.718750 0.781250
vt 0.718750 0.359375
vt 0.703125 0.734375
vt 0.703125 0.718750
vt 0.703125 0.312500
vt 0.703125 0.296875
vt 0.703125 0.703125
vt 0.703125 0.281250
vt 0.703125 0.687500
vt 0.703125 0.265625
vt 0.703125 0.671875
vt 0.703125 0.250000
vt 0.703125 0.656250
vt 0.703125 0.234375
vt 0.703125 0.640625
vt 0.703125 0.218750
vt 0.703125 0.625000
vt 0.703125 0.203125
vt 0.703125 0.609375
vt 0.703125 0.187500
vt 0.703125 0.593750
vt 0.703125 0.171875
vt 0.703125 0.578125
vt 0.710938 1.000000
vt 0.703125 0.984375
vt 0.703125 0.156250
vt 0.703125 0.562500
vt 0.703125 0.968750
vt 0.703125 0.140625
vt 0.703125 0.546875
vt 0.703125 0.953125
vt 0.703125 0.125000
vt 0.703125 0.531250
vt 0.703125 0.937500
vt 0.703125 0.109375
vt 0.703125 0.515625
vt 0.703125 0.921875
vt 0.703125 0.093750
vt 0.703125 0.500000
vt 0.703125 0.906250
vt 0.703125 0.078125
vt 0.703125 0.484375
vt 0.703125 0.890625
vt 0.703125 0.062500
vt 0.703125 0.468750
vt 0.703125 0.875000
vt 0.703125 0.046875
vt 0.703125 0.453125
vt 0.703125 0.859375
vt 0.703125 0.031250
vt 0.703125 0.437500
vt 0.703125 0.843750
vt 0.703125 0.015625
vt 0.703125 0.421875
vt 0.703125 0.828125
vt 0.710938 0.000000
vt 0.703125 0.406250
vt 0.703125 0.812500
vt 0.703125 0.390625
vt 0.703125 0.796875
vt 0.703125 0.375000
vt 0.703125 0.781250
vt 0.703125 0.359375
vt 0.703125 0.765625
vt 0.703125 0.343750
vt 0.703125 0.750000
vt 0.703125 0.328125
vt 0.687500 0.703125
vt 0.687500 0.687500
vt 0.687500 0.281250
vt 0.687500 0.265625
vt 0.687500 0.671875
vt 0.687500 0.250000
vt 0.687500 0.656250
vt 0.687500 0.234375
vt 0.687500 0.640625
vt 0.687500 0.218750
vt 0.687500 0.625000
vt 0.687500 0.203125
vt 0.687500 0.609375
vt 0.687500 0.187500
vt 0.687500 0.593750
vt 0.687500 0.171875
vt 0.687500 0.578125
vt 0.695312 1.000000
vt 0.687500 0.984375
vt 0.687500 0.156250
vt 0.687500 0.562500
vt 0.687500 0.968750
vt 0.687500 0.140625
vt 0.687500 0.546875
vt 0.687500 0.953125
vt 0.687500 0.125000
vt 0.687500 0.531250
vt 0.687500 0.937500
vt 0.687500 0.109375
vt 0.687500 0.515625
vt 0.687500 0.921875
vt 0.687500 0.093750
vt 0.687500 0.500000
vt 0.687500 0.906250
vt 0.687500 0.078125
vt 0.687500 0.484375
vt 0.687500 0.890625
vt 0.687500 0.062500
vt 0.687500 0.468750
vt 0.687500 0.875000
vt 0.687500 0.046875
vt 0.687500 0.453125
vt 0.687500 0.859375
vt 0.687500 0.031250
vt 0.687500 0.437500
vt 0.687500 0.843750
vt 0.687500 0.015625
vt 0.687500 0.421875
vt 0.687500 0.828125
vt 0.695312 0.000000
vt 0.687500 0.406250
vt 0.687500 0.812500
vt 0.687500 0.390625
vt 0.687500 0.796875
vt 0.687500 0.375000
vt 0.687500 0.781250
vt 0.687500 0.359375
vt 0.687500 0.765625
vt 0.687500 0.343750
vt 0.687500 0.750000
vt 0.687500 0.328125
vt 0.687500 0.734375
vt 0.687500 0.312500
vt 0.687500 0.718750
vt 0.687500 0.296875
vt 0.671875 0.671875
vt 0.671875 0.656250
vt 0.671875 0.250000
vt 0.671875 0.234375
vt 0.671875 0.640625
vt 0.671875 0.218750
vt 0.671875 0.625000
vt 0.671875 0.203125
vt 0.671875 0.609375
vt 0.671875 0.187500
vt 0.671875 0.593750
vt 0.671875 0.171875
vt 0.671875 0.578125
vt 0.679688 1.000000
vt 0.671875 0.984375
vt 0.671875 0.156250
vt 0.671875 0.562500
vt 0.671875 0.968750
vt 0.671875 0.140625
vt 0.671875 0.546875
vt 0.671875 0.953125
vt 0.671875 0.125000
vt 0.671875 0.531250
vt 0.671875 0.937500
vt 0.671875 0.109375
vt 0.671875 0.515625
vt 0.671875 0.921875
vt 0.671875 0.093750
vt 0.671875 0.500000
vt 0.671875 0.906250
vt 0.671875 0.078125
vt 0.671875 0.484375
vt 0.671875 0.890625
vt 0.671875 0.062500
vt 0.671875 0.468750
vt 0.671875 0.875000
vt 0.671875 0.046875
vt 0.671875 0.453125
vt 0.671875 0.859375
vt 0.671875 0.031250
vt 0.671875 0.437500
vt 0.671875 0.843750
vt 0.671875 0.015625
vt 0.671875 0.421875
vt 0.671875 0.828125
vt 0.679688 0.000000
vt 0.671875 0.406250
vt 0.671875 0.812500
vt 0.671875 0.390625
vt 0.671875 0.796875
vt 0.671875 0.375000
vt 0.671875 0.781250
vt 0.671875 0.359375
vt 0.671875 0.765625
vt 0.671875 0.343750
vt 0.671875 0.750000
vt 0.671875 0.328125
vt 0.671875 0.734375
vt 0.671875 0.312500
vt 0.671875 0.718750
vt 0.671875 0.296875
vt 0.671875 0.703125
vt 0.671875 0.281250
vt 0.671875 0.687500
vt 0.671875 0.265625
vt 0.656250 0.640625
vt 0.656250 0.625000
vt 0.656250 0.218750
vt 0.656250 0.203125
vt 0.656250 0.609375
vt 0.656250 0.187500
vt 0.656250 0.593750
vt 0.656250 0.171875
vt 0.656250 0.578125
vt 0.664062 1.000000
vt 0.656250 0.984375
vt 0.656250 0.156250
vt 0.656250 0.562500
vt 0.656250 0.968750
vt 0.656250 0.140625
vt 0.656250 0.546875
vt 0.656250 0.953125
vt 0.656250 0.125000
vt 0.656250 0.531250
vt 0.656250 0.937500
vt 0.656250 0.109375
vt 0.656250 0.515625
vt 0.656250 0.921875
vt 0.656250 0.093750
vt 0.656250 0.500000
vt 0.656250 0.906250
vt 0.656250 0.078125
vt 0.656250 0.484375
vt 0.656250 0.890625
vt 0.656250 0.062500
vt 0.656250 0.468750
vt 0.656250 0.875000
vt 0.656250 0.046875
vt 0.656250 0.453125
vt 0.656250 0.859375
vt 0.656250 0.031250
vt 0.656250 0.437500
vt 0.656250 0.843750
vt 0.656250 0.015625
vt 0.656250 0.421875
vt 0.656250 0.828125
vt 0.664062 0.000000
vt 0.656250 0.406250
vt 0.656250 0.812500
vt 0.656250 0.390625
vt 0.656250 0.796875
vt 0.656250 0.375000
vt 0.656250 0.781250
vt 0.656250 0.359375
vt 0.656250 0.765625
vt 0.656250 0.343750
vt 0.656250 0.750000
vt 0.656250 0.328125
vt 0.656250 0.734375
vt 0.656250 0.312500
vt 0.656250 0.718750
vt 0.656250 0.296875
vt 0.656250 0.703125
vt 0.656250 0.281250
vt 0.656250 0.687500
vt 0.656250 0.265625
vt 0.656250 0.671875
vt 0.656250 0.250000
vt 0.656250 0.656250
vt 0.656250 0.234375
vt 0.640625 0.609375
vt 0.640625 0.593750
vt 0.640625 0.187500
vt 0.640625 0.171875
vt 0.640625 0.578125
vt 0.648438 1.000000
vt 0.640625 0.984375
vt 0.640625 0.156250
vt 0.640625 0.562500
vt 0.640625 0.968750
vt 0.640625 0.140625
vt 0.640625 0.546875
vt 0.640625 0.953125
vt 0.640625 0.125000
vt 0.640625 0.531250
vt 0.640625 0.937500
vt 0.640625 0.109375
vt 0.640625 0.515625
vt 0.640625 0.921875
vt 0.640625 0.093750
vt 0.640625 0.500000
vt 0.640625 0.906250
vt 0.640625 0.078125
vt 0.640625 0.484375
vt 0.640625 0.890625
vt 0.640625 0.062500
vt 0.640625 0.468750
vt 0.640625 0.875000
vt 0.640625 0.046875
vt 0.640625 0.453125
vt 0.640625 0.859375
vt 0.640625 0.031250
vt 0.640625 0.437500
vt 0.640625 0.843750
vt 0.640625 0.015625
vt 0.640625 0.421875
vt 0.640625 0.828125
vt 0.648438 0.000000
vt 0.640625 0.406250
vt 0.640625 0.812500
vt 0.640625 0.390625
vt 0.640625 0.796875
vt 0.640625 0.375000
vt 0.640625 0.781250
vt 0.640625 0.359375
vt 0.640625 0.765625
vt 0.640625 0.343750
vt 0.640625 0.750000
vt 0.640625 0.328125
vt 0.640625 0.734375
vt 0.640625 0.312500
vt 0.640625 0.718750
vt 0.640625 0.296875
vt 0.640625 0.703125
vt 0.640625 0.281250
vt 0.640625 0.687500
vt 0.640625 0.265625
vt 0.640625 0.671875
vt 0.640625 0.250000
vt 0.640625 0.656250
vt 0.640625 0.234375
vt 0.640625 0.640625
vt 0.640625 0.218750
vt 0.640625 0.625000
vt 0.640625 0.203125
vt 0.625000 0.578125
vt 0.625000 0.562500
vt 0.625000 0.984375
vt 0.625000 0.968750
vt 0.625000 0.156250
vt 0.625000 0.140625
vt 0.625000 0.546875
vt 0.625000 0.953125
vt 0.625000 0.125000
vt 0.625000 0.531250
vt 0.625000 0.937500
vt 0.625000 0.109375
vt 0.625000 0.515625
vt 0.625000 0.921875
vt 0.625000 0.093750
vt 0.625000 0.500000
vt 0.625000 0.906250
vt 0.625000 0.078125
vt 0.625000 0.484375
vt 0.625000 0.890625
vt 0.625000 0.062500
vt 0.625000 0.468750
vt 0.625000 0.875000
vt 0.625000 0.046875
vt 0.625000 0.453125
vt 0.625000 0.859375
vt 0.625000 0.031250
vt 0.625000 0.437500
vt 0.625000 0.843750
vt 0.625000 0.015625
vt 0.625000 0.421875
vt 0.625000 0.828125
vt 0.632812 0.000000
vt 0.625000 0.406250
vt 0.625000 0.812500
vt 0.625000 0.390625
vt 0.625000 0.796875
vt 0.625000 0.375000
vt 0.625000 0.781250
vt 0.625000 0.359375
vt 0.625000 0.765625
vt 0.625000 0.343750
vt 0.625000 0.750000
vt 0.625000 0.328125
vt 0.625000 0.734375
vt 0.625000 0.312500
vt 0.625000 0.718750
vt 0.625000 0.296875
vt 0.625000 0.703125
vt 0.625000 0.281250
vt 0.625000 0.687500
vt 0.625000 0.265625
vt 0.625000 0.671875
vt 0.625000 0.250000
vt 0.625000 0.656250
vt 0.625000 0.234375
vt 0.625000 0.640625
vt 0.625000 0.218750
vt 0.625000 0.625000
vt 0.625000 0.203125
vt 0.625000 0.609375
vt 0.625000 0.187500
vt 0.625000 0.593750
vt 0.625000 0.171875
vt 0.632812 1.000000
vt 0.609375 0.546875
vt 0.609375 0.531250
vt 0.609375 0.953125
vt 0.609375 0.937500
vt 0.609375 0.125000
vt 0.609375 0.109375
vt 0.609375 0.515625
vt 0.609375 0.921875
vt 0.609375 0.093750
vt 0.609375 0.500000
vt 0.609375 0.906250
vt 0.609375 0.078125
vt 0.609375 0.484375
vt 0.609375 0.890625
vt 0.609375 0.062500
vt 0.609375 0.468750
vt 0.609375 0.875000
vt 0.609375 0.046875
vt 0.609375 0.453125
vt 0.609375 0.859375
vt 0.609375 0.031250
vt 0.609375 0.437500
vt 0.609375 0.843750
vt 0.609375 0.015625
vt 0.609375 0.421875
vt 0.609375 0.828125
vt 0.617188 0.000000
vt 0.609375 0.406250
vt 0.609375 0.812500
vt 0.609375 0.390625
vt 0.609375 0.796875
vt 0.609375 0.375000
vt 0.609375 0.781250
vt 0.609375 0.359375
vt 0.609375 0.765625
vt 0.609375 0.343750
vt 0.609375 0.750000
vt 0.609375 0.328125
vt 0.609375 0.734375
vt 0.609375 0.312500
vt 0.609375 0.718750
vt 0.609375 0.296875
vt 0.609375 0.703125
vt 0.609375 0.281250
vt 0.609375 0.687500
vt 0.609375 0.265625
vt 0.609375 0.671875
vt 0.609375 0.250000
vt 0.609375 0.656250
vt 0.609375 0.234375
vt 0.609375 0.640625
vt 0.609375 0.218750
vt 0.609375 0.625000
vt 0.609375 0.203125
vt 0.609375 0.609375
vt 0.609375 0.187500
vt 0.609375 0.593750
vt 0.609375 0.171875
vt 0.609375 0.578125
vt 0.617188 1.000000
vt 0.609375 0.984375
vt 0.609375 0.156250
vt 0.609375 0.562500
vt 0.609375 0.968750
vt 0.609375 0.140625
vt 0.593750 0.515625
vt 0.593750 0.500000
vt 0.593750 0.921875
vt 0.593750 0.906250
vt 0.593750 0.093750
vt 0.593750 0.078125
vt 0.593750 0.484375
vt 0.593750 0.890625
vt 0.593750 0.062500
vt 0.593750 0.468750
vt 0.593750 0.875000
vt 0.593750 0.046875
vt 0.593750 0.453125
vt 0.593750 0.859375
vt 0.593750 0.031250
vt 0.593750 0.437500
vt 0.593750 0.843750
vt 0.593750 0.015625
vt 0.593750 0.421875
vt 0.593750 0.828125
vt 0.601562 0.000000
vt 0.593750 0.406250
vt 0.593750 0.812500
vt 0.593750 0.390625
vt 0.593750 0.796875
vt 0.593750 0.375000
vt 0.593750 0.781250
vt 0.593750 0.359375
vt 0.593750 0.765625
vt 0.593750 0.343750
vt 0.593750 0.750000
vt 0.593750 0.328125
vt 0.593750 0.734375
vt 0.593750 0.312500
vt 0.593750 0.718750
vt 0.593750 0.296875
vt 0.593750 0.703125
vt 0.593750 0.281250
vt 0.593750 0.687500
vt 0.593750 0.265625
vt 0.593750 0.671875
vt 0.593750 0.250000
vt 0.593750 0.656250
vt 0.593750 0.234375
vt 0.593750 0.640625
vt 0.593750 0.218750
vt 0.593750 0.625000
vt 0.593750 0.203125
vt 0.593750 0.609375
vt 0.593750 0.187500
vt 0.593750 0.593750
vt 0.593750 0.171875
vt 0.593750 0.578125
vt 0.601562 1.000000
vt 0.593750 0.984375
vt 0.593750 0.156250
vt 0.593750 0.562500
vt 0.593750 0.968750
vt 0.593750 0.140625
vt 0.593750 0.546875
vt 0.593750 0.953125
vt 0.593750 0.125000
vt 0.593750 0.531250
vt 0.593750 0.937500
vt 0.593750 0.109375
vt 0.578125 0.484375
vt 0.578125 0.468750
vt 0.578125 0.890625
vt 0.578125 0.875000
vt 0.578125 0.062500
vt 0.578125 0.046875
vt 0.578125 0.453125
vt 0.578125 0.859375
vt 0.578125 0.031250
vt 0.578125 0.437500
vt 0.578125 0.843750
vt 0.578125 0.015625
vt 0.578125 0.421875
vt 0.578125 0.828125
vt 0.585938 0.000000
vt 0.578125 0.406250
vt 0.578125 0.812500
vt 0.578125 0.390625
vt 0.578125 0.796875
vt 0.578125 0.375000
vt 0.578125 0.781250
vt 0.578125 0.359375
vt 0.578125 0.765625
vt 0.578125 0.343750
vt 0.578125 0.750000
vt 0.578125 0.328125
vt 0.578125 0.734375
vt 0.578125 0.312500
vt 0.578125 0.718750
vt 0.578125 0.296875
vt 0.578125 0.703125
vt 0.578125 0.281250
vt 0.578125 0.687500
vt 0.578125 0.265625
vt 0.578125 0.671875
vt 0.578125 0.250000
vt 0.578125 0.656250
vt 0.578125 0.234375
vt 0.578125 0.640625
vt 0.578125 0.218750
vt 0.578125 0.625000
vt 0.578125 0.203125
vt 0.578125 0.609375
vt 0.578125 0.187500
vt 0.578125 0.593750
vt 0.578125 0.171875
vt 0.578125 0.578125
vt 0.585938 1.000000
vt 0.578125 0.984375
vt 0.578125 0.156250
vt 0.578125 0.562500
vt 0.578125 0.968750
vt 0.578125 0.140625
vt 0.578125 0.546875
vt 0.578125 0.953125
vt 0.578125 0.125000
vt 0.578125 0.531250
vt 0.578125 0.937500
vt 0.578125 0.109375
vt 0.578125 0.515625
vt 0.578125 0.921875
vt 0.578125 0.093750
vt 0.578125 0.500000
vt 0.578125 0.906250
vt 0.578125 0.078125
vt 0.562500 0.453125
vt 0.562500 0.437500
vt 0.562500 0.859375
vt 0.562500 0.843750
vt 0.562500 0.031250
vt 0.562500 0.015625
vt 0.562500 0.421875
vt 0.562500 0.828125
vt 0.570312 0.000000
vt 0.562500 0.406250
vt 0.562500 0.812500
vt 0.562500 0.390625
vt 0.562500 0.796875
vt 0.562500 0.375000
vt 0.562500 0.781250
vt 0.562500 0.359375
vt 0.562500 0.765625
vt 0.562500 0.343750
vt 0.562500 0.750000
vt 0.562500 0.328125
vt 0.562500 0.734375
vt 0.562500 0.312500
vt 0.562500 0.718750
vt 0.562500 0.296875
vt 0.562500 0.703125
vt 0.562500 0.281250
vt 0.562500 0.687500
vt 0.562500 0.265625
vt 0.562500 0.671875
vt 0.562500 0.250000
vt 0.562500 0.656250
vt 0.562500 0.234375
vt 0.562500 0.640625
vt 0.562500 0.218750
vt 0.562500 0.625000
vt 0.562500 0.203125
vt 0.562500 0.609375
vt 0.562500 0.187500
vt 0.562500 0.593750
vt 0.562500 0.171875
vt 0.562500 0.578125
vt 0.570312 1.000000
vt 0.562500 0.984375
vt 0.562500 0.156250
vt 0.562500 0.562500
vt 0.562500 0.968750
vt 0.562500 0.140625
vt 0.562500 0.546875
vt 0.562500 0.953125
vt 0.562500 0.125000
vt 0.562500 0.531250
vt 0.562500 0.937500
vt 0.562500 0.109375
vt 0.562500 0.515625
vt 0.562500 0.921875
vt 0.562500 0.093750
vt 0.562500 0.500000
vt 0.562500 0.906250
vt 0.562500 0.078125
vt 0.562500 0.484375
vt 0.562500 0.890625
vt 0.562500 0.062500
vt 0.562500 0.468750
vt 0.562500 0.875000
vt 0.562500 0.046875
vt 0.546875 0.421875
vt 0.546875 0.406250
vt 0.546875 0.828125
vt 0.546875 0.812500
vt 0.546875 0.390625
vt 0.546875 0.796875
vt 0.546875 0.375000
vt 0.546875 0.781250
vt 0.546875 0.359375
vt 0.546875 0.765625
vt 0.546875 0.343750
vt 0.546875 0.750000
vt 0.546875 0.328125
vt 0.546875 0.734375
vt 0.546875 0.312500
vt 0.546875 0.718750
vt 0.546875 0.296875
vt 0.546875 0.703125
vt 0.546875 0.281250
vt 0.546875 0.687500
vt 0.546875 0.265625
vt 0.546875 0.671875
vt 0.546875 0.250000
vt 0.546875 0.656250
vt 0.546875 0.234375
vt 0.546875 0.640625
vt 0.546875 0.218750
vt 0.546875 0.625000
vt 0.546875 0.203125
vt 0.546875 0.609375
vt 0.546875 0.187500
vt 0.546875 0.593750
vt 0.546875 0.171875
vt 0.546875 0.578125
vt 0.554688 1.000000
vt 0.546875 0.984375
vt 0.546875 0.156250
vt 0.546875 0.562500
vt 0.546875 0.968750
vt 0.546875 0.140625
vt 0.546875 0.546875
vt 0.546875 0.953125
vt 0.546875 0.125000
vt 0.546875 0.531250
vt 0.546875 0.937500
vt 0.546875 0.109375
vt 0.546875 0.515625
vt 0.546875 0.921875
vt 0.546875 0.093750
vt 0.546875 0.500000
vt 0.546875 0.906250
vt 0.546875 0.078125
vt 0.546875 0.484375
vt 0.546875 0.890625
vt 0.546875 0.062500
vt 0.546875 0.468750
vt 0.546875 0.875000
vt 0.546875 0.046875
vt 0.546875 0.453125
vt 0.546875 0.859375
vt 0.546875 0.031250
vt 0.546875 0.437500
vt 0.546875 0.843750
vt 0.546875 0.015625
vt 0.554688 0.000000
vt 0.531250 0.796875
vt 0.531250 0.781250
vt 0.531250 0.125000
vt 0.531250 0.109375
vt 0.531250 0.531250
vt 0.531250 0.515625
vt 0.531250 0.765625
vt 0.531250 0.093750
vt 0.531250 0.500000
vt 0.531250 0.750000
vt 0.531250 0.078125
vt 0.531250 0.484375
vt 0.531250 0.734375
vt 0.531250 0.062500
vt 0.531250 0.468750
vt 0.531250 0.718750
vt 0.531250 0.046875
vt 0.531250 0.453125
vt 0.531250 0.703125
vt 0.531250 0.031250
vt 0.531250 0.437500
vt 0.531250 0.687500
vt 0.531250 0.015625
vt 0.531250 0.421875
vt 0.531250 0.671875
vt 0.539062 0.000000
vt 0.531250 0.406250
vt 0.531250 0.656250
vt 0.531250 0.390625
vt 0.531250 0.640625
vt 0.531250 0.375000
vt 0.531250 0.625000
vt 0.531250 0.359375
vt 0.531250 0.609375
vt 0.531250 0.343750
vt 0.531250 0.593750
vt 0.531250 0.328125
vt 0.539062 1.000000
vt 0.531250 0.984375
vt 0.531250 0.312500
vt 0.531250 0.968750
vt 0.531250 0.296875
vt 0.531250 0.953125
vt 0.531250 0.281250
vt 0.531250 0.937500
vt 0.531250 0.265625
vt 0.531250 0.921875
vt 0.531250 0.250000
vt 0.531250 0.906250
vt 0.531250 0.234375
vt 0.531250 0.890625
vt 0.531250 0.218750
vt 0.531250 0.875000
vt 0.531250 0.203125
vt 0.531250 0.859375
vt 0.531250 0.187500
vt 0.531250 0.843750
vt 0.531250 0.171875
vt 0.531250 0.578125
vt 0.531250 0.828125
vt 0.531250 0.156250
vt 0.531250 0.562500
vt 0.531250 0.812500
vt 0.531250 0.140625
vt 0.531250 0.546875
vt 0.515625 0.093750
vt 0.515625 0.078125
vt 0.515625 0.500000
vt 0.515625 0.484375
vt 0.515625 0.906250
vt 0.515625 0.890625
vt 0.515625 0.062500
vt 0.515625 0.468750
vt 0.515625 0.875000
vt 0.515625 0.046875
vt 0.515625 0.453125
vt 0.515625 0.859375
vt 0.515625 0.031250
vt 0.515625 0.437500
vt 0.515625 0.843750
vt 0.515625 0.015625
vt 0.515625 0.421875
vt 0.515625 0.828125
vt 0.523438 0.000000
vt 0.515625 0.406250
vt 0.515625 0.812500
vt 0.515625 0.390625
vt 0.515625 0.796875
vt 0.515625 0.375000
vt 0.515625 0.781250
vt 0.515625 0.359375
vt 0.515625 0.765625
vt 0.515625 0.343750
vt 0.515625 0.750000
vt 0.515625 0.328125
vt 0.515625 0.734375
vt 0.515625 0.312500
vt 0.515625 0.718750
vt 0.515625 0.296875
vt 0.515625 0.703125
vt 0.515625 0.281250
vt 0.515625 0.687500
vt 0.515625 0.265625
vt 0.515625 0.671875
vt 0.515625 0.250000
vt 0.515625 0.656250
vt 0.515625 0.234375
vt 0.515625 0.640625
vt 0.515625 0.218750
vt 0.515625 0.625000
vt 0.515625 0.203125
vt 0.515625 0.609375
vt 0.515625 0.187500
vt 0.515625 0.593750
vt 0.515625 0.171875
vt 0.515625 0.578125
vt 0.523438 1.000000
vt 0.515625 0.984375
vt 0.515625 0.156250
vt 0.515625 0.562500
vt 0.515625 0.968750
vt 0.515625 0.140625
vt 0.515625 0.546875
vt 0.515625 0.953125
vt 0.515625 0.125000
vt 0.515625 0.531250
vt 0.515625 0.937500
vt 0.515625 0.109375
vt 0.515625 0.515625
vt 0.515625 0.921875
vt 0.500000 0.062500
vt 0.500000 0.046875
vt 0.500000 0.468750
vt 0.500000 0.453125
vt 0.500000 0.875000
vt 0.500000 0.859375
vt 0.500000 0.031250
vt 0.500000 0.437500
vt 0.500000 0.843750
vt 0.500000 0.015625
vt 0.500000 0.421875
vt 0.500000 0.828125
vt 0.507812 0.000000
vt 0.500000 0.406250
vt 0.500000 0.812500
vt 0.500000 0.390625
vt 0.500000 0.796875
vt 0.500000 0.375000
vt 0.500000 0.781250
vt 0.500000 0.359375
vt 0.500000 0.765625
vt 0.500000 0.343750
vt 0.500000 0.750000
vt 0.500000 0.328125
vt 0.500000 0.734375
vt 0.500000 0.312500
vt 0.500000 0.718750
vt 0.500000 0.296875
vt 0.500000 0.703125
vt 0.500000 0.281250
vt 0.500000 0.687500
vt 0.500000 0.265625
vt 0.500000 0.671875
vt 0.500000 0.250000
vt 0.500000 0.656250
vt 0.500000 0.234375
vt 0.500000 0.640625
vt 0.500000 0.218750
vt 0.500000 0.625000
vt 0.500000 0.203125
vt 0.500000 0.609375
vt 0.500000 0.187500
vt 0.500000 0.593750
vt 0.500000 0.171875
vt 0.500000 0.578125
vt 0.507812 1.000000
vt 0.500000 0.984375
vt 0.500000 0.156250
vt 0.500000 0.562500
vt 0.500000 0.968750
vt 0.500000 0.140625
vt 0.500000 0.546875
vt 0.500000 0.953125
vt 0.500000 0.125000
vt 0.500000 0.531250
vt 0.500000 0.937500
vt 0.500000 0.109375
vt 0.500000 0.515625
vt 0.500000 0.921875
vt 0.500000 0.093750
vt 0.500000 0.500000
vt 0.500000 0.906250
vt 0.500000 0.078125
vt 0.500000 0.484375
vt 0.500000 0.890625
vt 0.484375 0.031250
vt 0.484375 0.015625
vt 0.484375 0.437500
vt 0.484375 0.421875
vt 0.484375 0.843750
vt 0.484375 0.828125
vt 0.492188 0.000000
vt 0.484375 0.406250
vt 0.484375 0.812500
vt 0.484375 0.390625
vt 0.484375 0.796875
vt 0.484375 0.375000
vt 0.484375 0.781250
vt 0.484375 0.359375
vt 0.484375 0.765625
vt 0.484375 0.343750
vt 0.484375 0.750000
vt 0.484375 0.328125
vt 0.484375 0.734375
vt 0.484375 0.312500
vt 0.484375 0.718750
vt 0.484375 0.296875
vt 0.484375 0.703125
vt 0.484375 0.281250
vt 0.484375 0.687500
vt 0.484375 0.265625
vt 0.484375 0.671875
vt 0.484375 0.250000
vt 0.484375 0.656250
vt 0.484375 0.234375
vt 0.484375 0.640625
vt 0.484375 0.218750
vt 0.484375 0.625000
vt 0.484375 0.203125
vt 0.484375 0.609375
vt 0.484375 0.187500
vt 0.484375 0.593750
vt 0.484375 0.171875
vt 0.484375 0.578125
vt 0.492188 1.000000
vt 0.484375 0.984375
vt 0.484375 0.156250
vt 0.484375 0.562500
vt 0.484375 0.968750
vt 0.484375 0.140625
vt 0.484375 0.546875
vt 0.484375 0.953125
vt 0.484375 0.125000
vt 0.484375 0.531250
vt 0.484375 0.937500
vt 0.484375 0.109375
vt 0.484375 0.515625
vt 0.484375 0.921875
vt 0.484375 0.093750
vt 0.484375 0.500000
vt 0.484375 0.906250
vt 0.484375 0.078125
vt 0.484375 0.484375
vt 0.484375 0.890625
vt 0.484375 0.062500
vt 0.484375 0.468750
vt 0.484375 0.875000
vt 0.484375 0.046875
vt 0.484375 0.453125
vt 0.484375 0.859375
vt 0.468750 0.406250
vt 0.468750 0.390625
vt 0.468750 0.812500
vt 0.468750 0.796875
vt 0.468750 0.375000
vt 0.468750 0.781250
vt 0.468750 0.359375
vt 0.468750 0.765625
vt 0.468750 0.343750
vt 0.468750 0.750000
vt 0.468750 0.328125
vt 0.468750 0.734375
vt 0.468750 0.312500
vt 0.468750 0.718750
vt 0.468750 0.296875
vt 0.468750 0.703125
vt 0.468750 0.281250
vt 0.468750 0.687500
vt 0.468750 0.265625
vt 0.468750 0.671875
vt 0.468750 0.250000
vt 0.468750 0.656250
vt 0.468750 0.234375
vt 0.468750 0.640625
vt 0.468750 0.218750
vt 0.468750 0.625000
vt 0.468750 0.203125
vt 0.468750 0.609375
vt 0.468750 0.187500
vt 0.468750 0.593750
vt 0.468750 0.171875
vt 0.468750 0.578125
vt 0.476562 1.000000
vt 0.468750 0.984375
vt 0.468750 0.156250
vt 0.468750 0.562500
vt 0.468750 0.968750
vt 0.468750 0.140625
vt 0.468750 0.546875
vt 0.468750 0.953125
vt 0.468750 0.125000
vt 0.468750 0.531250
vt 0.468750 0.937500
vt 0.468750 0.109375
vt 0.468750 0.515625
vt 0.468750 0.921875
vt 0.468750 0.093750
vt 0.468750 0.500000
vt 0.468750 0.906250
vt 0.468750 0.078125
vt 0.468750 0.484375
vt 0.468750 0.890625
vt 0.468750 0.062500
vt 0.468750 0.468750
vt 0.468750 0.875000
vt 0.468750 0.046875
vt 0.468750 0.453125
vt 0.468750 0.859375
vt 0.468750 0.031250
vt 0.468750 0.437500
vt 0.468750 0.843750
vt 0.468750 0.015625
vt 0.468750 0.421875
vt 0.468750 0.828125
vt 0.476562 0.000000
vt 0.453125 0.375000
vt 0.453125 0.359375
vt 0.453125 0.781250
vt 0.453125 0.765625
vt 0.453125 0.343750
vt 0.453125 0.750000
vt 0.453125 0.328125
vt 0.453125 0.734375
vt 0.453125 0.312500
vt 0.453125 0.718750
vt 0.453125 0.296875
vt 0.453125 0.703125
vt 0.453125 0.281250
vt 0.453125 0.687500
vt 0.453125 0.265625
vt 0.453125 0.671875
vt 0.453125 0.250000
vt 0.453125 0.656250
vt 0.453125 0.234375
vt 0.453125 0.640625
vt 0.453125 0.218750
vt 0.453125 0.625000
vt 0.453125 0.203125
vt 0.453125 0.609375
vt 0.453125 0.187500
vt 0.453125 0.593750
vt 0.453125 0.171875
vt 0.453125 0.578125
vt 0.460938 1.000000
vt 0.453125 0.984375
vt 0.453125 0.156250
vt 0.453125 0.562500
vt 0.453125 0.968750
vt 0.453125 0.140625
vt 0.453125 0.546875
vt 0.453125 0.953125
vt 0.453125 0.125000
vt 0.453125 0.531250
vt 0.453125 0.937500
vt 0.453125 0.109375
vt 0.453125 0.515625
vt 0.453125 0.921875
vt 0.453125 0.093750
vt 0.453125 0.500000
vt 0.453125 0.906250
vt 0.453125 0.078125
vt 0.453125 0.484375
vt 0.453125 0.890625
vt 0.453125 0.062500
vt 0.453125 0.468750
vt 0.453125 0.875000
vt 0.453125 0.046875
vt 0.453125 0.453125
vt 0.453125 0.859375
vt 0.453125 0.031250
vt 0.453125 0.437500
vt 0.453125 0.843750
vt 0.453125 0.015625
vt 0.453125 0.421875
vt 0.453125 0.828125
vt 0.460938 0.000000
vt 0.453125 0.406250
vt 0.453125 0.812500
vt 0.453125 0.390625
vt 0.453125 0.796875
vt 0.437500 0.343750
vt 0.437500 0.328125
vt 0.437500 0.750000
vt 0.437500 0.734375
vt 0.437500 0.312500
vt 0.437500 0.718750
vt 0.437500 0.296875
vt 0.437500 0.703125
vt 0.437500 0.281250
vt 0.437500 0.687500
vt 0.437500 0.265625
vt 0.437500 0.671875
vt 0.437500 0.250000
vt 0.437500 0.656250
vt 0.437500 0.234375
vt 0.437500 0.640625
vt 0.437500 0.218750
vt 0.437500 0.625000
vt 0.437500 0.203125
vt 0.437500 0.609375
vt 0.437500 0.187500
vt 0.437500 0.593750
vt 0.437500 0.171875
vt 0.437500 0.578125
vt 0.445312 1.000000
vt 0.437500 0.984375
vt 0.437500 0.156250
vt 0.437500 0.562500
vt 0.437500 0.968750
vt 0.437500 0.140625
vt 0.437500 0.546875
vt 0.437500 0.953125
vt 0.437500 0.125000
vt 0.437500 0.531250
vt 0.437500 0.937500
vt 0.437500 0.109375
vt 0.437500 0.515625
vt 0.437500 0.921875
vt 0.437500 0.093750
vt 0.437500 0.500000
vt 0.437500 0.906250
vt 0.437500 0.078125
vt 0.437500 0.484375
vt 0.437500 0.890625
vt 0.437500 0.062500
vt 0.437500 0.468750
vt 0.437500 0.875000
vt 0.437500 0.046875
vt 0.437500 0.453125
vt 0.437500 0.859375
vt 0.437500 0.031250
vt 0.437500 0.437500
vt 0.437500 0.843750
vt 0.437500 0.015625
vt 0.437500 0.421875
vt 0.437500 0.828125
vt 0.445312 0.000000
vt 0.437500 0.406250
vt 0.437500 0.812500
vt 0.437500 0.390625
vt 0.437500 0.796875
vt 0.437500 0.375000
vt 0.437500 0.781250
vt 0.437500 0.359375
vt 0.437500 0.765625
vt 0.421875 0.312500
vt 0.421875 0.296875
vt 0.421875 0.718750
vt 0.421875 0.703125
vt 0.421875 0.281250
vt 0.421875 0.687500
vt 0.421875 0.265625
vt 0.421875 0.671875
vt 0.421875 0.250000
vt 0.421875 0.656250
vt 0.421875 0.234375
vt 0.421875 0.640625
vt 0.421875 0.218750
vt 0.421875 0.625000
vt 0.421875 0.203125
vt 0.421875 0.609375
vt 0.421875 0.187500
vt 0.421875 0.593750
vt 0.421875 0.171875
vt 0.421875 0.578125
vt 0.429688 1.000000
vt 0.421875 0.984375
vt 0.421875 0.156250
vt 0.421875 0.562500
vt 0.421875 0.968750
vt 0.421875 0.140625
vt 0.421875 0.546875
vt 0.421875 0.953125
vt 0.421875 0.125000
vt 0.421875 0.531250
vt 0.421875 0.937500
vt 0.421875 0.109375
vt 0.421875 0.515625
vt 0.421875 0.921875
vt 0.421875 0.093750
vt 0.421875 0.500000
vt 0.421875 0.906250
vt 0.421875 0.078125
vt 0.421875 0.484375
vt 0.421875 0.890625
vt 0.421875 0.062500
vt 0.421875 0.468750
vt 0.421875 0.875000
vt 0.421875 0.046875
vt 0.421875 0.453125
vt 0.421875 0.859375
vt 0.421875 0.031250
vt 0.421875 0.437500
vt 0.421875 0.843750
vt 0.421875 0.015625
vt 0.421875 0.421875
vt 0.421875 0.828125
vt 0.429688 0.000000
vt 0.421875 0.406250
vt 0.421875 0.812500
vt 0.421875 0.390625
vt 0.421875 0.796875
vt 0.421875 0.375000
vt 0.421875 0.781250
vt 0.421875 0.359375
vt 0.421875 0.765625
vt 0.421875 0.343750
vt 0.421875 0.750000
vt 0.421875 0.328125
vt 0.421875 0.734375
vt 0.406250 0.281250
vt 0.406250 0.265625
vt 0.406250 0.687500
vt 0.406250 0.671875
vt 0.406250 0.250000
vt 0.406250 0.656250
vt 0.406250 0.234375
vt 0.406250 0.640625
vt 0.406250 0.218750
vt 0.406250 0.625000
vt 0.406250 0.203125
vt 0.406250 0.609375
vt 0.406250 0.187500
vt 0.406250 0.593750
vt 0.406250 0.171875
vt 0.406250 0.578125
vt 0.414062 1.000000
vt 0.406250 0.984375
vt 0.406250 0.156250
vt 0.406250 0.562500
vt 0.406250 0.968750
vt 0.406250 0.140625
vt 0.406250 0.546875
vt 0.406250 0.953125
vt 0.406250 0.125000
vt 0.406250 0.531250
vt 0.406250 0.937500
vt 0.406250 0.109375
vt 0.406250 0.515625
vt 0.406250 0.921875
vt 0.406250 0.093750
vt 0.406250 0.500000
vt 0.406250 0.906250
vt 0.406250 0.078125
vt 0.406250 0.484375
vt 0.406250 0.890625
vt 0.406250 0.062500
vt 0.406250 0.468750
vt 0.406250 0.875000
vt 0.406250 0.046875
vt 0.406250 0.453125
vt 0.406250 0.859375
vt 0.406250 0.031250
vt 0.406250 0.437500
vt 0.406250 0.843750
vt 0.406250 0.015625
vt 0.406250 0.421875
vt 0.406250 0.828125
vt 0.414062 0.000000
vt 0.406250 0.406250
vt 0.406250 0.812500
vt 0.406250 0.390625
vt 0.406250 0.796875
vt 0.406250 0.375000
vt 0.406250 0.781250
vt 0.406250 0.359375
vt 0.406250 0.765625
vt 0.406250 0.343750
vt 0.406250 0.750000
vt 0.406250 0.328125
vt 0.406250 0.734375
vt 0.406250 0.312500
vt 0.406250 0.718750
vt 0.406250 0.296875
vt 0.406250 0.703125
vt 0.390625 0.250000
vt 0.390625 0.234375
vt 0.390625 0.656250
vt 0.390625 0.640625
vt 0.390625 0.218750
vt 0.390625 0.625000
vt 0.390625 0.203125
vt 0.390625 0.609375
vt 0.390625 0.187500
vt 0.390625 0.593750
vt 0.390625 0.171875
vt 0.390625 0.578125
vt 0.398438 1.000000
vt 0.390625 0.984375
vt 0.390625 0.156250
vt 0.390625 0.562500
vt 0.390625 0.968750
vt 0.390625 0.140625
vt 0.390625 0.546875
vt 0.390625 0.953125
vt 0.390625 0.125000
vt 0.390625 0.531250
vt 0.390625 0.937500
vt 0.390625 0.109375
vt 0.390625 0.515625
vt 0.390625 0.921875
vt 0.390625 0.093750
vt 0.390625 0.500000
vt 0.390625 0.906250
vt 0.390625 0.078125
vt 0.390625 0.484375
vt 0.390625 0.890625
vt 0.390625 0.062500
vt 0.390625 0.468750
vt 0.390625 0.875000
vt 0.390625 0.046875
vt 0.390625 0.453125
vt 0.390625 0.859375
vt 0.390625 0.031250
vt 0.390625 0.437500
vt 0.390625 0.843750
vt 0.390625 0.015625
vt 0.390625 0.421875
vt 0.390625 0.828125
vt 0.398438 0.000000
vt 0.390625 0.406250
vt 0.390625 0.812500
vt 0.390625 0.390625
vt 0.390625 0.796875
vt 0.390625 0.375000
vt 0.390625 0.781250
vt 0.390625 0.359375
vt 0.390625 0.765625
vt 0.390625 0.343750
vt 0.390625 0.750000
vt 0.390625 0.328125
vt 0.390625 0.734375
vt 0.390625 0.312500
vt 0.390625 0.718750
vt 0.390625 0.296875
vt 0.390625 0.703125
vt 0.390625 0.281250
vt 0.390625 0.687500
vt 0.390625 0.265625
vt 0.390625 0.671875
vt 0.375000 0.218750
vt 0.375000 0.203125
vt 0.375000 0.625000
vt 0.375000 0.609375
vt 0.375000 0.187500
vt 0.375000 0.593750
vt 0.375000 0.171875
vt 0.375000 0.578125
vt 0.382812 1.000000
vt 0.375000 0.984375
vt 0.375000 0.156250
vt 0.375000 0.562500
vt 0.375000 0.968750
vt 0.375000 0.140625
vt 0.375000 0.546875
vt 0.375000 0.953125
vt 0.375000 0.125000
vt 0.375000 0.531250
vt 0.375000 0.937500
vt 0.375000 0.109375
vt 0.375000 0.515625
vt 0.375000 0.921875
vt 0.375000 0.093750
vt 0.375000 0.500000
vt 0.375000 0.906250
vt 0.375000 0.078125
vt 0.375000 0.484375
vt 0.375000 0.890625
vt 0.375000 0.062500
vt 0.375000 0.468750
vt 0.375000 0.875000
vt 0.375000 0.046875
vt 0.375000 0.453125
vt 0.375000 0.859375
vt 0.375000 0.031250
vt 0.375000 0.437500
vt 0.375000 0.843750
vt 0.375000 0.015625
vt 0.375000 0.421875
vt 0.375000 0.828125
vt 0.382812 0.000000
vt 0.375000 0.406250
vt 0.375000 0.812500
vt 0.375000 0.390625
vt 0.375000 0.796875
vt 0.375000 0.375000
vt 0.375000 0.781250
vt 0.375000 0.359375
vt 0.375000 0.765625
vt 0.375000 0.343750
vt 0.375000 0.750000
vt 0.375000 0.328125
vt 0.375000 0.734375
vt 0.375000 0.312500
vt 0.375000 0.718750
vt 0.375000 0.296875
vt 0.375000 0.703125
vt 0.375000 0.281250
vt 0.375000 0.687500
vt 0.375000 0.265625
vt 0.375000 0.671875
vt 0.375000 0.250000
vt 0.375000 0.656250
vt 0.375000 0.234375
vt 0.375000 0.640625
vt 0.359375 0.187500
vt 0.359375 0.171875
vt 0.359375 0.593750
vt 0.359375 0.578125
vt 0.367188 1.000000
vt 0.359375 0.984375
vt 0.359375 0.156250
vt 0.359375 0.562500
vt 0.359375 0.968750
vt 0.359375 0.140625
vt 0.359375 0.546875
vt 0.359375 0.953125
vt 0.359375 0.125000
vt 0.359375 0.531250
vt 0.359375 0.937500
vt 0.359375 0.109375
vt 0.359375 0.515625
vt 0.359375 0.921875
vt 0.359375 0.093750
vt 0.359375 0.500000
vt 0.359375 0.906250
vt 0.359375 0.078125
vt 0.359375 0.484375
vt 0.359375 0.890625
vt 0.359375 0.062500
vt 0.359375 0.468750
vt 0.359375 0.875000
vt 0.359375 0.046875
vt 0.359375 0.453125
vt 0.359375 0.859375
vt 0.359375 0.031250
vt 0.359375 0.437500
vt 0.359375 0.843750
vt 0.359375 0.015625
vt 0.359375 0.421875
vt 0.359375 0.828125
vt 0.367188 0.000000
vt 0.359375 0.406250
vt 0.359375 0.812500
vt 0.359375 0.390625
vt 0.359375 0.796875
vt 0.359375 0.375000
vt 0.359375 0.781250
vt 0.359375 0.359375
vt 0.359375 0.765625
vt 0.359375 0.343750
vt 0.359375 0.750000
vt 0.359375 0.328125
vt 0.359375 0.734375
vt 0.359375 0.312500
vt 0.359375 0.718750
vt 0.359375 0.296875
vt 0.359375 0.703125
vt 0.359375 0.281250
vt 0.359375 0.687500
vt 0.359375 0.265625
vt 0.359375 0.671875
vt 0.359375 0.250000
vt 0.359375 0.656250
vt 0.359375 0.234375
vt 0.359375 0.640625
vt 0.359375 0.218750
vt 0.359375 0.625000
vt 0.359375 0.203125
vt 0.359375 0.609375
vt 0.343750 0.984375
vt 0.343750 0.968750
vt 0.343750 0.156250
vt 0.343750 0.140625
vt 0.343750 0.562500
vt 0.343750 0.546875
vt 0.343750 0.953125
vt 0.343750 0.125000
vt 0.343750 0.531250
vt 0.343750 0.937500
vt 0.343750 0.109375
vt 0.343750 0.515625
vt 0.343750 0.921875
vt 0.343750 0.093750
vt 0.343750 0.500000
vt 0.343750 0.906250
vt 0.343750 0.078125
vt 0.343750 0.484375
vt 0.343750 0.890625
vt 0.343750 0.062500
vt 0.343750 0.468750
vt 0.343750 0.875000
vt 0.343750 0.046875
vt 0.343750 0.453125
vt 0.343750 0.859375
vt 0.343750 0.031250
vt 0.343750 0.437500
vt 0.343750 0.843750
vt 0.343750 0.015625
vt 0.343750 0.421875
vt 0.343750 0.828125
vt 0.351562 0.000000
vt 0.343750 0.406250
vt 0.343750 0.812500
vt 0.343750 0.390625
vt 0.343750 0.796875
vt 0.343750 0.375000
vt 0.343750 0.781250
vt 0.343750 0.359375
vt 0.343750 0.765625
vt 0.343750 0.343750
vt 0.343750 0.750000
vt 0.343750 0.328125
vt 0.343750 0.734375
vt 0.343750 0.312500
vt 0.343750 0.718750
vt 0.343750 0.296875
vt 0.343750 0.703125
vt 0.343750 0.281250
vt 0.343750 0.687500
vt 0.343750 0.265625
vt 0.343750 0.671875
vt 0.343750 0.250000
vt 0.343750 0.656250
vt 0.343750 0.234375
vt 0.343750 0.640625
vt 0.343750 0.218750
vt 0.343750 0.625000
vt 0.343750 0.203125
vt 0.343750 0.609375
vt 0.343750 0.187500
vt 0.343750 0.593750
vt 0.343750 0.171875
vt 0.343750 0.578125
vt 0.351562 1.000000
vt 0.328125 0.281250
vt 0.328125 0.265625
vt 0.328125 0.687500
vt 0.328125 0.671875
vt 0.328125 0.250000
vt 0.328125 0.656250
vt 0.328125 0.234375
vt 0.328125 0.640625
vt 0.328125 0.218750
vt 0.328125 0.625000
vt 0.328125 0.203125
vt 0.328125 0.609375
vt 0.328125 0.187500
vt 0.328125 0.593750
vt 0.328125 0.171875
vt 0.328125 0.578125
vt 0.335937 1.000000
vt 0.328125 0.984375
vt 0.328125 0.156250
vt 0.328125 0.562500
vt 0.328125 0.968750
vt 0.328125 0.140625
vt 0.328125 0.546875
vt 0.328125 0.953125
vt 0.328125 0.125000
vt 0.328125 0.531250
vt 0.328125 0.937500
vt 0.328125 0.109375
vt 0.328125 0.515625
vt 0.328125 0.921875
vt 0.328125 0.093750
vt 0.328125 0.500000
vt 0.328125 0.906250
vt 0.328125 0.078125
vt 0.328125 0.484375
vt 0.328125 0.890625
vt 0.328125 0.062500
vt 0.328125 0.468750
vt 0.328125 0.875000
vt 0.328125 0.046875
vt 0.328125 0.453125
vt 0.328125 0.859375
vt 0.328125 0.031250
vt 0.328125 0.437500
vt 0.328125 0.843750
vt 0.328125 0.015625
vt 0.328125 0.421875
vt 0.328125 0.828125
vt 0.335937 0.000000
vt 0.328125 0.406250
vt 0.328125 0.812500
vt 0.328125 0.390625
vt 0.328125 0.796875
vt 0.328125 0.375000
vt 0.328125 0.781250
vt 0.328125 0.359375
vt 0.328125 0.765625
vt 0.328125 0.343750
vt 0.328125 0.750000
vt 0.328125 0.328125
vt 0.328125 0.734375
vt 0.328125 0.312500
vt 0.328125 0.718750
vt 0.328125 0.296875
vt 0.328125 0.703125
vt 0.312500 0.250000
vt 0.312500 0.234375
vt 0.312500 0.656250
vt 0.312500 0.640625
vt 0.312500 0.218750
vt 0.312500 0.625000
vt 0.312500 0.203125
vt 0.312500 0.609375
vt 0.312500 0.187500
vt 0.312500 0.593750
vt 0.312500 0.171875
vt 0.312500 0.578125
vt 0.320312 1.000000
vt 0.312500 0.984375
vt 0.312500 0.156250
vt 0.312500 0.562500
vt 0.312500 0.968750
vt 0.312500 0.140625
vt 0.312500 0.546875
vt 0.312500 0.953125
vt 0.312500 0.125000
vt 0.312500 0.531250
vt 0.312500 0.937500
vt 0.312500 0.109375
vt 0.312500 0.515625
vt 0.312500 0.921875
vt 0.312500 0.093750
vt 0.312500 0.500000
vt 0.312500 0.906250
vt 0.312500 0.078125
vt 0.312500 0.484375
vt 0.312500 0.890625
vt 0.312500 0.062500
vt 0.312500 0.468750
vt 0.312500 0.875000
vt 0.312500 0.046875
vt 0.312500 0.453125
vt 0.312500 0.859375
vt 0.312500 0.031250
vt 0.312500 0.437500
vt 0.312500 0.843750
vt 0.312500 0.015625
vt 0.312500 0.421875
vt 0.312500 0.828125
vt 0.320312 0.000000
vt 0.312500 0.406250
vt 0.312500 0.812500
vt 0.312500 0.390625
vt 0.312500 0.796875
vt 0.312500 0.375000
vt 0.312500 0.781250
vt 0.312500 0.359375
vt 0.312500 0.765625
vt 0.312500 0.343750
vt 0.312500 0.750000
vt 0.312500 0.328125
vt 0.312500 0.734375
vt 0.312500 0.312500
vt 0.312500 0.718750
vt 0.312500 0.296875
vt 0.312500 0.703125
vt 0.312500 0.281250
vt 0.312500 0.687500
vt 0.312500 0.265625
vt 0.312500 0.671875
vt 0.296875 0.218750
vt 0.296875 0.203125
vt 0.296875 0.625000
vt 0.296875 0.609375
vt 0.296875 0.187500
vt 0.296875 0.593750
vt 0.296875 0.171875
vt 0.296875 0.578125
vt 0.304688 1.000000
vt 0.296875 0.984375
vt 0.296875 0.156250
vt 0.296875 0.562500
vt 0.296875 0.968750
vt 0.296875 0.140625
vt 0.296875 0.546875
vt 0.296875 0.953125
vt 0.296875 0.125000
vt 0.296875 0.531250
vt 0.296875 0.937500
vt 0.296875 0.109375
vt 0.296875 0.515625
vt 0.296875 0.921875
vt 0.296875 0.093750
vt 0.296875 0.500000
vt 0.296875 0.906250
vt 0.296875 0.078125
vt 0.296875 0.484375
vt 0.296875 0.890625
vt 0.296875 0.062500
vt 0.296875 0.468750
vt 0.296875 0.875000
vt 0.296875 0.046875
vt 0.296875 0.453125
vt 0.296875 0.859375
vt 0.296875 0.031250
vt 0.296875 0.437500
vt 0.296875 0.843750
vt 0.296875 0.015625
vt 0.296875 0.421875
vt 0.296875 0.828125
vt 0.304688 0.000000
vt 0.296875 0.406250
vt 0.296875 0.812500
vt 0.296875 0.390625
vt 0.296875 0.796875
vt 0.296875 0.375000
vt 0.296875 0.781250
vt 0.296875 0.359375
vt 0.296875 0.765625
vt 0.296875 0.343750
vt 0.296875 0.750000
vt 0.296875 0.328125
vt 0.296875 0.734375
vt 0.296875 0.312500
vt 0.296875 0.718750
vt 0.296875 0.296875
vt 0.296875 0.703125
vt 0.296875 0.281250
vt 0.296875 0.687500
vt 0.296875 0.265625
vt 0.296875 0.671875
vt 0.296875 0.250000
vt 0.296875 0.656250
vt 0.296875 0.234375
vt 0.296875 0.640625
vt 0.281250 0.187500
vt 0.281250 0.171875
vt 0.281250 0.593750
vt 0.281250 0.578125
vt 0.289062 1.000000
vt 0.281250 0.984375
vt 0.281250 0.156250
vt 0.281250 0.562500
vt 0.281250 0.968750
vt 0.281250 0.140625
vt 0.281250 0.546875
vt 0.281250 0.953125
vt 0.281250 0.125000
vt 0.281250 0.531250
vt 0.281250 0.937500
vt 0.281250 0.109375
vt 0.281250 0.515625
vt 0.281250 0.921875
vt 0.281250 0.093750
vt 0.281250 0.500000
vt 0.281250 0.906250
vt 0.281250 0.078125
vt 0.281250 0.484375
vt 0.281250 0.890625
vt 0.281250 0.062500
vt 0.281250 0.468750
vt 0.281250 0.875000
vt 0.281250 0.046875
vt 0.281250 0.453125
vt 0.281250 0.859375
vt 0.281250 0.031250
vt 0.281250 0.437500
vt 0.281250 0.843750
vt 0.281250 0.015625
vt 0.281250 0.421875
vt 0.281250 0.828125
vt 0.289062 0.000000
vt 0.281250 0.406250
vt 0.281250 0.812500
vt 0.281250 0.390625
vt 0.281250 0.796875
vt 0.281250 0.375000
vt 0.281250 0.781250
vt 0.281250 0.359375
vt 0.281250 0.765625
vt 0.281250 0.343750
vt 0.281250 0.750000
vt 0.281250 0.328125
vt 0.281250 0.734375
vt 0.281250 0.312500
vt 0.281250 0.718750
vt 0.281250 0.296875
vt 0.281250 0.703125
vt 0.281250 0.281250
vt 0.281250 0.687500
vt 0.281250 0.265625
vt 0.281250 0.671875
vt 0.281250 0.250000
vt 0.281250 0.656250
vt 0.281250 0.234375
vt 0.281250 0.640625
vt 0.281250 0.218750
vt 0.281250 0.625000
vt 0.281250 0.203125
vt 0.281250 0.609375
vt 0.265625 0.156250
vt 0.265625 0.140625
vt 0.265625 0.562500
vt 0.265625 0.546875
vt 0.265625 0.968750
vt 0.265625 0.953125
vt 0.265625 0.125000
vt 0.265625 0.531250
vt 0.265625 0.937500
vt 0.265625 0.109375
vt 0.265625 0.515625
vt 0.265625 0.921875
vt 0.265625 0.093750
vt 0.265625 0.500000
vt 0.265625 0.906250
vt 0.265625 0.078125
vt 0.265625 0.484375
vt 0.265625 0.890625
vt 0.265625 0.062500
vt 0.265625 0.468750
vt 0.265625 0.875000
vt 0.265625 0.046875
vt 0.265625 0.453125
vt 0.265625 0.859375
vt 0.265625 0.031250
vt 0.265625 0.437500
vt 0.265625 0.843750
vt 0.265625 0.015625
vt 0.265625 0.421875
vt 0.265625 0.828125
vt 0.273438 0.000000
vt 0.265625 0.406250
vt 0.265625 0.812500
vt 0.265625 0.390625
vt 0.265625 0.796875
vt 0.265625 0.375000
vt 0.265625 0.781250
vt 0.265625 0.359375
vt 0.265625 0.765625
vt 0.265625 0.343750
vt 0.265625 0.750000
vt 0.265625 0.328125
vt 0.265625 0.734375
vt 0.265625 0.312500
vt 0.265625 0.718750
vt 0.265625 0.296875
vt 0.265625 0.703125
vt 0.265625 0.281250
vt 0.265625 0.687500
vt 0.265625 0.265625
vt 0.265625 0.671875
vt 0.265625 0.250000
vt 0.265625 0.656250
vt 0.265625 0.234375
vt 0.265625 0.640625
vt 0.265625 0.218750
vt 0.265625 0.625000
vt 0.265625 0.203125
vt 0.265625 0.609375
vt 0.265625 0.187500
vt 0.265625 0.593750
vt 0.265625 0.171875
vt 0.265625 0.578125
vt 0.273438 1.000000
vt 0.265625 0.984375
vt 0.250000 0.125000
vt 0.250000 0.109375
vt 0.250000 0.531250
vt 0.250000 0.515625
vt 0.250000 0.937500
vt 0.250000 0.921875
vt 0.250000 0.093750
vt 0.250000 0.500000
vt 0.250000 0.906250
vt 0.250000 0.078125
vt 0.250000 0.484375
vt 0.250000 0.890625
vt 0.250000 0.062500
vt 0.250000 0.468750
vt 0.250000 0.875000
vt 0.250000 0.046875
vt 0.250000 0.453125
vt 0.250000 0.859375
vt 0.250000 0.031250
vt 0.250000 0.437500
vt 0.250000 0.843750
vt 0.250000 0.015625
vt 0.250000 0.421875
vt 0.250000 0.828125
vt 0.257812 0.000000
vt 0.250000 0.406250
vt 0.250000 0.812500
vt 0.250000 0.390625
vt 0.250000 0.796875
vt 0.250000 0.375000
vt 0.250000 0.781250
vt 0.250000 0.359375
vt 0.250000 0.765625
vt 0.250000 0.343750
vt 0.250000 0.750000
vt 0.250000 0.328125
vt 0.250000 0.734375
vt 0.250000 0.312500
vt 0.250000 0.718750
vt 0.250000 0.296875
vt 0.250000 0.703125
vt 0.250000 0.281250
vt 0.250000 0.687500
vt 0.250000 0.265625
vt 0.250000 0.671875
vt 0.250000 0.250000
vt 0.250000 0.656250
vt 0.250000 0.234375
vt 0.250000 0.640625
vt 0.250000 0.218750
vt 0.250000 0.625000
vt 0.250000 0.203125
vt 0.250000 0.609375
vt 0.250000 0.187500
vt 0.250000 0.593750
vt 0.250000 0.171875
vt 0.250000 0.578125
vt 0.257812 1.000000
vt 0.250000 0.984375
vt 0.250000 0.156250
vt 0.250000 0.562500
vt 0.250000 0.968750
vt 0.250000 0.140625
vt 0.250000 0.546875
vt 0.250000 0.953125
vt 0.234375 0.093750
vt 0.234375 0.078125
vt 0.234375 0.500000
vt 0.234375 0.484375
vt 0.234375 0.906250
vt 0.234375 0.890625
vt 0.234375 0.062500
vt 0.234375 0.468750
vt 0.234375 0.875000
vt 0.234375 0.046875
vt 0.234375 0.453125
vt 0.234375 0.859375
vt 0.234375 0.031250
vt 0.234375 0.437500
vt 0.234375 0.843750
vt 0.234375 0.015625
vt 0.234375 0.421875
vt 0.234375 0.828125
vt 0.242187 0.000000
vt 0.234375 0.406250
vt 0.234375 0.812500
vt 0.234375 0.390625
vt 0.234375 0.796875
vt 0.234375 0.375000
vt 0.234375 0.781250
vt 0.234375 0.359375
vt 0.234375 0.765625
vt 0.234375 0.343750
vt 0.234375 0.750000
vt 0.234375 0.328125
vt 0.234375 0.734375
vt 0.234375 0.312500
vt 0.234375 0.718750
vt 0.234375 0.296875
vt 0.234375 0.703125
vt 0.234375 0.281250
vt 0.234375 0.687500
vt 0.234375 0.265625
vt 0.234375 0.671875
vt 0.234375 0.250000
vt 0.234375 0.656250
vt 0.234375 0.234375
vt 0.234375 0.640625
vt 0.234375 0.218750
vt 0.234375 0.625000
vt 0.234375 0.203125
vt 0.234375 0.609375
vt 0.234375 0.187500
vt 0.234375 0.593750
vt 0.234375 0.171875
vt 0.234375 0.578125
vt 0.242187 1.000000
vt 0.234375 0.984375
vt 0.234375 0.156250
vt 0.234375 0.562500
vt 0.234375 0.968750
vt 0.234375 0.140625
vt 0.234375 0.546875
vt 0.234375 0.953125
vt 0.234375 0.125000
vt 0.234375 0.531250
vt 0.234375 0.937500
vt 0.234375 0.109375
vt 0.234375 0.515625
vt 0.234375 0.921875
vt 0.218750 0.062500
vt 0.218750 0.046875
vt 0.218750 0.468750
vt 0.218750 0.453125
vt 0.218750 0.875000
vt 0.218750 0.859375
vt 0.218750 0.031250
vt 0.218750 0.437500
vt 0.218750 0.843750
vt 0.218750 0.015625
vt 0.218750 0.421875
vt 0.218750 0.828125
vt 0.226562 0.000000
vt 0.218750 0.406250
vt 0.218750 0.812500
vt 0.218750 0.390625
vt 0.218750 0.796875
vt 0.218750 0.375000
vt 0.218750 0.781250
vt 0.218750 0.359375
vt 0.218750 0.765625
vt 0.218750 0.343750
vt 0.218750 0.750000
vt 0.218750 0.328125
vt 0.218750 0.734375
vt 0.218750 0.312500
vt 0.218750 0.718750
vt 0.218750 0.296875
vt 0.218750 0.703125
vt 0.218750 0.281250
vt 0.218750 0.687500
vt 0.218750 0.265625
vt 0.218750 0.671875
vt 0.218750 0.250000
vt 0.218750 0.656250
vt 0.218750 0.234375
vt 0.218750 0.640625
vt 0.218750 0.218750
vt 0.218750 0.625000
vt 0.218750 0.203125
vt 0.218750 0.609375
vt 0.218750 0.187500
vt 0.218750 0.593750
vt 0.218750 0.171875
vt 0.218750 0.578125
vt 0.226562 1.000000
vt 0.218750 0.984375
vt 0.218750 0.156250
vt 0.218750 0.562500
vt 0.218750 0.968750
vt 0.218750 0.140625
vt 0.218750 0.546875
vt 0.218750 0.953125
vt 0.218750 0.125000
vt 0.218750 0.531250
vt 0.218750 0.937500
vt 0.218750 0.109375
vt 0.218750 0.515625
vt 0.218750 0.921875
vt 0.218750 0.093750
vt 0.218750 0.500000
vt 0.218750 0.906250
vt 0.218750 0.078125
vt 0.218750 0.484375
vt 0.218750 0.890625
vt 0.203125 0.031250
vt 0.203125 0.015625
vt 0.203125 0.437500
vt 0.203125 0.421875
vt 0.203125 0.843750
vt 0.203125 0.828125
vt 0.210938 0.000000
vt 0.203125 0.406250
vt 0.203125 0.812500
vt 0.203125 0.390625
vt 0.203125 0.796875
vt 0.203125 0.375000
vt 0.203125 0.781250
vt 0.203125 0.359375
vt 0.203125 0.765625
vt 0.203125 0.343750
vt 0.203125 0.750000
vt 0.203125 0.328125
vt 0.203125 0.734375
vt 0.203125 0.312500
vt 0.203125 0.718750
vt 0.203125 0.296875
vt 0.203125 0.703125
vt 0.203125 0.281250
vt 0.203125 0.687500
vt 0.203125 0.265625
vt 0.203125 0.671875
vt 0.203125 0.250000
vt 0.203125 0.656250
vt 0.203125 0.234375
vt 0.203125 0.640625
vt 0.203125 0.218750
vt 0.203125 0.625000
vt 0.203125 0.203125
vt 0.203125 0.609375
vt 0.203125 0.187500
vt 0.203125 0.593750
vt 0.203125 0.171875
vt 0.203125 0.578125
vt 0.210938 1.000000
vt 0.203125 0.984375
vt 0.203125 0.156250
vt 0.203125 0.562500
vt 0.203125 0.968750
vt 0.203125 0.140625
vt 0.203125 0.546875
vt 0.203125 0.953125
vt 0.203125 0.125000
vt 0.203125 0.531250
vt 0.203125 0.937500
vt 0.203125 0.109375
vt 0.203125 0.515625
vt 0.203125 0.921875
vt 0.203125 0.093750
vt 0.203125 0.500000
vt 0.203125 0.906250
vt 0.203125 0.078125
vt 0.203125 0.484375
vt 0.203125 0.890625
vt 0.203125 0.062500
vt 0.203125 0.468750
vt 0.203125 0.875000
vt 0.203125 0.046875
vt 0.203125 0.453125
vt 0.203125 0.859375
vt 0.187500 0.406250
vt 0.187500 0.390625
vt 0.187500 0.812500
vt 0.187500 0.796875
vt 0.187500 0.375000
vt 0.187500 0.781250
vt 0.187500 0.359375
vt 0.187500 0.765625
vt 0.187500 0.343750
vt 0.187500 0.750000
vt 0.187500 0.328125
vt 0.187500 0.734375
vt 0.187500 0.312500
vt 0.187500 0.718750
vt 0.187500 0.296875
vt 0.187500 0.703125
vt 0.187500 0.281250
vt 0.187500 0.687500
vt 0.187500 0.265625
vt 0.187500 0.671875
vt 0.187500 0.250000
vt 0.187500 0.656250
vt 0.187500 0.234375
vt 0.187500 0.640625
vt 0.187500 0.218750
vt 0.187500 0.625000
vt 0.187500 0.203125
vt 0.187500 0.609375
vt 0.187500 0.187500
vt 0.187500 0.593750
vt 0.187500 0.171875
vt 0.187500 0.578125
vt 0.195312 1.000000
vt 0.187500 0.984375
vt 0.187500 0.156250
vt 0.187500 0.562500
vt 0.187500 0.968750
vt 0.187500 0.140625
vt 0.187500 0.546875
vt 0.187500 0.953125
vt 0.187500 0.125000
vt 0.187500 0.531250
vt 0.187500 0.937500
vt 0.187500 0.109375
vt 0.187500 0.515625
vt 0.187500 0.921875
vt 0.187500 0.093750
vt 0.187500 0.500000
vt 0.187500 0.906250
vt 0.187500 0.078125
vt 0.187500 0.484375
vt 0.187500 0.890625
vt 0.187500 0.062500
vt 0.187500 0.468750
vt 0.187500 0.875000
vt 0.187500 0.046875
vt 0.187500 0.453125
vt 0.187500 0.859375
vt 0.187500 0.031250
vt 0.187500 0.437500
vt 0.187500 0.843750
vt 0.187500 0.015625
vt 0.187500 0.421875
vt 0.187500 0.828125
vt 0.195312 0.000000
vt 0.171875 0.375000
vt 0.171875 0.359375
vt 0.171875 0.781250
vt 0.171875 0.765625
vt 0.171875 0.343750
vt 0.171875 0.750000
vt 0.171875 0.328125
vt 0.171875 0.734375
vt 0.171875 0.312500
vt 0.171875 0.718750
vt 0.171875 0.296875
vt 0.171875 0.703125
vt 0.171875 0.281250
vt 0.171875 0.687500
vt 0.171875 0.265625
vt 0.171875 0.671875
vt 0.171875 0.250000
vt 0.171875 0.656250
vt 0.171875 0.234375
vt 0.171875 0.640625
vt 0.171875 0.218750
vt 0.171875 0.625000
vt 0.171875 0.203125
vt 0.171875 0.609375
vt 0.171875 0.187500
vt 0.171875 0.593750
vt 0.171875 0.171875
vt 0.171875 0.578125
vt 0.179687 1.000000
vt 0.171875 0.984375
vt 0.171875 0.156250
vt 0.171875 0.562500
vt 0.171875 0.968750
vt 0.171875 0.140625
vt 0.171875 0.546875
vt 0.171875 0.953125
vt 0.171875 0.125000
vt 0.171875 0.531250
vt 0.171875 0.937500
vt 0.171875 0.109375
vt 0.171875 0.515625
vt 0.171875 0.921875
vt 0.171875 0.093750
vt 0.171875 0.500000
vt 0.171875 0.906250
vt 0.171875 0.078125
vt 0.171875 0.484375
vt 0.171875 0.890625
vt 0.171875 0.062500
vt 0.171875 0.468750
vt 0.171875 0.875000
vt 0.171875 0.046875
vt 0.171875 0.453125
vt 0.171875 0.859375
vt 0.171875 0.031250
vt 0.171875 0.437500
vt 0.171875 0.843750
vt 0.171875 0.015625
vt 0.171875 0.421875
vt 0.171875 0.828125
vt 0.179687 0.000000
vt 0.171875 0.406250
vt 0.171875 0.812500
vt 0.171875 0.390625
vt 0.171875 0.796875
vt 0.156250 0.343750
vt 0.156250 0.328125
vt 0.156250 0.750000
vt 0.156250 0.734375
vt 0.156250 0.312500
vt 0.156250 0.718750
vt 0.156250 0.296875
vt 0.156250 0.703125
vt 0.156250 0.281250
vt 0.156250 0.687500
vt 0.156250 0.265625
vt 0.156250 0.671875
vt 0.156250 0.250000
vt 0.156250 0.656250
vt 0.156250 0.234375
vt 0.156250 0.640625
vt 0.156250 0.218750
vt 0.156250 0.625000
vt 0.156250 0.203125
vt 0.156250 0.609375
vt 0.156250 0.187500
vt 0.156250 0.593750
vt 0.156250 0.171875
vt 0.156250 0.578125
vt 0.164062 1.000000
vt 0.156250 0.984375
vt 0.156250 0.156250
vt 0.156250 0.562500
vt 0.156250 0.968750
vt 0.156250 0.140625
vt 0.156250 0.546875
vt 0.156250 0.953125
vt 0.156250 0.125000
vt 0.156250 0.531250
vt 0.156250 0.937500
vt 0.156250 0.109375
vt 0.156250 0.515625
vt 0.156250 0.921875
vt 0.156250 0.093750
vt 0.156250 0.500000
vt 0.156250 0.906250
vt 0.156250 0.078125
vt 0.156250 0.484375
vt 0.156250 0.890625
vt 0.156250 0.062500
vt 0.156250 0.468750
vt 0.156250 0.875000
vt 0.156250 0.046875
vt 0.156250 0.453125
vt 0.156250 0.859375
vt 0.156250 0.031250
vt 0.156250 0.437500
vt 0.156250 0.843750
vt 0.156250 0.015625
vt 0.156250 0.421875
vt 0.156250 0.828125
vt 0.164062 0.000000
vt 0.156250 0.406250
vt 0.156250 0.812500
vt 0.156250 0.390625
vt 0.156250 0.796875
vt 0.156250 0.375000
vt 0.156250 0.781250
vt 0.156250 0.359375
vt 0.156250 0.765625
vt 0.140625 0.312500
vt 0.140625 0.296875
vt 0.140625 0.718750
vt 0.140625 0.703125
vt 0.140625 0.281250
vt 0.140625 0.687500
vt 0.140625 0.265625
vt 0.140625 0.671875
vt 0.140625 0.250000
vt 0.140625 0.656250
vt 0.140625 0.234375
vt 0.140625 0.640625
vt 0.140625 0.218750
vt 0.140625 0.625000
vt 0.140625 0.203125
vt 0.140625 0.609375
vt 0.140625 0.187500
vt 0.140625 0.593750
vt 0.140625 0.171875
vt 0.140625 0.578125
vt 0.148437 1.000000
vt 0.140625 0.984375
vt 0.140625 0.156250
vt 0.140625 0.562500
vt 0.140625 0.968750
vt 0.140625 0.140625
vt 0.140625 0.546875
vt 0.140625 0.953125
vt 0.140625 0.125000
vt 0.140625 0.531250
vt 0.140625 0.937500
vt 0.140625 0.109375
vt 0.140625 0.515625
vt 0.140625 0.921875
vt 0.140625 0.093750
vt 0.140625 0.500000
vt 0.140625 0.906250
vt 0.140625 0.078125
vt 0.140625 0.484375
vt 0.140625 0.890625
vt 0.140625 0.062500
vt 0.140625 0.468750
vt 0.140625 0.875000
vt 0.140625 0.046875
vt 0.140625 0.453125
vt 0.140625 0.859375
vt 0.140625 0.031250
vt 0.140625 0.437500
vt 0.140625 0.843750
vt 0.140625 0.015625
vt 0.140625 0.421875
vt 0.140625 0.828125
vt 0.148437 0.000000
vt 0.140625 0.406250
vt 0.140625 0.812500
vt 0.140625 0.390625
vt 0.140625 0.796875
vt 0.140625 0.375000
vt 0.140625 0.781250
vt 0.140625 0.359375
vt 0.140625 0.765625
vt 0.140625 0.343750
vt 0.140625 0.750000
vt 0.140625 0.328125
vt 0.140625 0.734375
vt 0.125000 0.312500
vt 0.125000 0.296875
vt 0.125000 0.718750
vt 0.125000 0.703125
vt 0.125000 0.281250
vt 0.125000 0.687500
vt 0.125000 0.265625
vt 0.125000 0.671875
vt 0.125000 0.250000
vt 0.125000 0.656250
vt 0.125000 0.234375
vt 0.125000 0.640625
vt 0.125000 0.218750
vt 0.125000 0.625000
vt 0.125000 0.203125
vt 0.125000 0.609375
vt 0.125000 0.187500
vt 0.125000 0.593750
vt 0.125000 0.171875
vt 0.125000 0.578125
vt 0.132812 1.000000
vt 0.125000 0.984375
vt 0.125000 0.156250
vt 0.125000 0.562500
vt 0.125000 0.968750
vt 0.125000 0.140625
vt 0.125000 0.546875
vt 0.125000 0.953125
vt 0.125000 0.125000
vt 0.125000 0.531250
vt 0.125000 0.937500
vt 0.125000 0.109375
vt 0.125000 0.515625
vt 0.125000 0.921875
vt 0.125000 0.093750
vt 0.125000 0.500000
vt 0.125000 0.906250
vt 0.125000 0.078125
vt 0.125000 0.484375
vt 0.125000 0.890625
vt 0.125000 0.062500
vt 0.125000 0.468750
vt 0.125000 0.875000
vt 0.125000 0.046875
vt 0.125000 0.453125
vt 0.125000 0.859375
vt 0.125000 0.031250
vt 0.125000 0.437500
vt 0.125000 0.843750
vt 0.125000 0.015625
vt 0.125000 0.421875
vt 0.125000 0.828125
vt 0.132812 0.000000
vt 0.125000 0.406250
vt 0.125000 0.812500
vt 0.125000 0.390625
vt 0.125000 0.796875
vt 0.125000 0.375000
vt 0.125000 0.781250
vt 0.125000 0.359375
vt 0.125000 0.765625
vt 0.125000 0.343750
vt 0.125000 0.750000
vt 0.125000 0.328125
vt 0.125000 0.734375
vt 0.109375 0.281250
vt 0.109375 0.265625
vt 0.109375 0.687500
vt 0.109375 0.671875
vt 0.109375 0.250000
vt 0.109375 0.656250
vt 0.109375 0.234375
vt 0.109375 0.640625
vt 0.109375 0.218750
vt 0.109375 0.625000
vt 0.109375 0.203125
vt 0.109375 0.609375
vt 0.109375 0.187500
vt 0.109375 0.593750
vt 0.109375 0.171875
vt 0.109375 0.578125
vt 0.117188 1.000000
vt 0.109375 0.984375
vt 0.109375 0.156250
vt 0.109375 0.562500
vt 0.109375 0.968750
vt 0.109375 0.140625
vt 0.109375 0.546875
vt 0.109375 0.953125
vt 0.109375 0.125000
vt 0.109375 0.531250
vt 0.109375 0.937500
vt 0.109375 0.109375
vt 0.109375 0.515625
vt 0.109375 0.921875
vt 0.109375 0.093750
vt 0.109375 0.500000
vt 0.109375 0.906250
vt 0.109375 0.078125
vt 0.109375 0.484375
vt 0.109375 0.890625
vt 0.109375 0.062500
vt 0.109375 0.468750
vt 0.109375 0.875000
vt 0.109375 0.046875
vt 0.109375 0.453125
vt 0.109375 0.859375
vt 0.109375 0.031250
vt 0.109375 0.437500
vt 0.109375 0.843750
vt 0.109375 0.015625
vt 0.109375 0.421875
vt 0.109375 0.828125
vt 0.117188 0.000000
vt 0.109375 0.406250
vt 0.109375 0.812500
vt 0.109375 0.390625
vt 0.109375 0.796875
vt 0.109375 0.375000
vt 0.109375 0.781250
vt 0.109375 0.359375
vt 0.109375 0.765625
vt 0.109375 0.343750
vt 0.109375 0.750000
vt 0.109375 0.328125
vt 0.109375 0.734375
vt 0.109375 0.312500
vt 0.109375 0.718750
vt 0.109375 0.296875
vt 0.109375 0.703125
vt 0.093750 0.250000
vt 0.093750 0.234375
vt 0.093750 0.656250
vt 0.093750 0.640625
vt 0.093750 0.218750
vt 0.093750 0.625000
vt 0.093750 0.203125
vt 0.093750 0.609375
vt 0.093750 0.187500
vt 0.093750 0.593750
vt 0.093750 0.171875
vt 0.093750 0.578125
vt 0.101562 1.000000
vt 0.093750 0.984375
vt 0.093750 0.156250
vt 0.093750 0.562500
vt 0.093750 0.968750
vt 0.093750 0.140625
vt 0.093750 0.546875
vt 0.093750 0.953125
vt 0.093750 0.125000
vt 0.093750 0.531250
vt 0.093750 0.937500
vt 0.093750 0.109375
vt 0.093750 0.515625
vt 0.093750 0.921875
vt 0.093750 0.093750
vt 0.093750 0.500000
vt 0.093750 0.906250
vt 0.093750 0.078125
vt 0.093750 0.484375
vt 0.093750 0.890625
vt 0.093750 0.062500
vt 0.093750 0.468750
vt 0.093750 0.875000
vt 0.093750 0.046875
vt 0.093750 0.453125
vt 0.093750 0.859375
vt 0.093750 0.031250
vt 0.093750 0.437500
vt 0.093750 0.843750
vt 0.093750 0.015625
vt 0.093750 0.421875
vt 0.093750 0.828125
vt 0.101562 0.000000
vt 0.093750 0.406250
vt 0.093750 0.812500
vt 0.093750 0.390625
vt 0.093750 0.796875
vt 0.093750 0.375000
vt 0.093750 0.781250
vt 0.093750 0.359375
vt 0.093750 0.765625
vt 0.093750 0.343750
vt 0.093750 0.750000
vt 0.093750 0.328125
vt 0.093750 0.734375
vt 0.093750 0.312500
vt 0.093750 0.718750
vt 0.093750 0.296875
vt 0.093750 0.703125
vt 0.093750 0.281250
vt 0.093750 0.687500
vt 0.093750 0.265625
vt 0.093750 0.671875
vt 0.078125 0.218750
vt 0.078125 0.203125
vt 0.078125 0.625000
vt 0.078125 0.609375
vt 0.078125 0.187500
vt 0.078125 0.593750
vt 0.078125 0.171875
vt 0.078125 0.578125
vt 0.085937 1.000000
vt 0.078125 0.984375
vt 0.078125 0.156250
vt 0.078125 0.562500
vt 0.078125 0.968750
vt 0.078125 0.140625
vt 0.078125 0.546875
vt 0.078125 0.953125
vt 0.078125 0.125000
vt 0.078125 0.531250
vt 0.078125 0.937500
vt 0.078125 0.109375
vt 0.078125 0.515625
vt 0.078125 0.921875
vt 0.078125 0.093750
vt 0.078125 0.500000
vt 0.078125 0.906250
vt 0.078125 0.078125
vt 0.078125 0.484375
vt 0.078125 0.890625
vt 0.078125 0.062500
vt 0.078125 0.468750
vt 0.078125 0.875000
vt 0.078125 0.046875
vt 0.078125 0.453125
vt 0.078125 0.859375
vt 0.078125 0.031250
vt 0.078125 0.437500
vt 0.078125 0.843750
vt 0.078125 0.015625
vt 0.078125 0.421875
vt 0.078125 0.828125
vt 0.085937 0.000000
vt 0.078125 0.406250
vt 0.078125 0.812500
vt 0.078125 0.390625
vt 0.078125 0.796875
vt 0.078125 0.375000
vt 0.078125 0.781250
vt 0.078125 0.359375
vt 0.078125 0.765625
vt 0.078125 0.343750
vt 0.078125 0.750000
vt 0.078125 0.328125
vt 0.078125 0.734375
vt 0.078125 0.312500
vt 0.078125 0.718750
vt 0.078125 0.296875
vt 0.078125 0.703125
vt 0.078125 0.281250
vt 0.078125 0.687500
vt 0.078125 0.265625
vt 0.078125 0.671875
vt 0.078125 0.250000
vt 0.078125 0.656250
vt 0.078125 0.234375
vt 0.078125 0.640625
vt 0.062500 0.187500
vt 0.062500 0.171875
vt 0.062500 0.593750
vt 0.062500 0.578125
vt 0.070312 1.000000
vt 0.062500 0.984375
vt 0.062500 0.156250
vt 0.062500 0.562500
vt 0.062500 0.968750
vt 0.062500 0.140625
vt 0.062500 0.546875
vt 0.062500 0.953125
vt 0.062500 0.125000
vt 0.062500 0.531250
vt 0.062500 0.937500
vt 0.062500 0.109375
vt 0.062500 0.515625
vt 0.062500 0.921875
vt 0.062500 0.093750
vt 0.062500 0.500000
vt 0.062500 0.906250
vt 0.062500 0.078125
vt 0.062500 0.484375
vt 0.062500 0.890625
vt 0.062500 0.062500
vt 0.062500 0.468750
vt 0.062500 0.875000
vt 0.062500 0.046875
vt 0.062500 0.453125
vt 0.062500 0.859375
vt 0.062500 0.031250
vt 0.062500 0.437500
vt 0.062500 0.843750
vt 0.062500 0.015625
vt 0.062500 0.421875
vt 0.062500 0.828125
vt 0.070312 0.000000
vt 0.062500 0.406250
vt 0.062500 0.812500
vt 0.062500 0.390625
vt 0.062500 0.796875
vt 0.062500 0.375000
vt 0.062500 0.781250
vt 0.062500 0.359375
vt 0.062500 0.765625
vt 0.062500 0.343750
vt 0.062500 0.750000
vt 0.062500 0.328125
vt 0.062500 0.734375
vt 0.062500 0.312500
vt 0.062500 0.718750
vt 0.062500 0.296875
vt 0.062500 0.703125
vt 0.062500 0.281250
vt 0.062500 0.687500
vt 0.062500 0.265625
vt 0.062500 0.671875
vt 0.062500 0.250000
vt 0.062500 0.656250
vt 0.062500 0.234375
vt 0.062500 0.640625
vt 0.062500 0.218750
vt 0.062500 0.625000
vt 0.062500 0.203125
vt 0.062500 0.609375
vt 0.046875 0.156250
vt 0.046875 0.140625
vt 0.046875 0.562500
vt 0.046875 0.546875
vt 0.046875 0.968750
vt 0.046875 0.953125
vt 0.046875 0.125000
vt 0.046875 0.531250
vt 0.046875 0.937500
vt 0.046875 0.109375
vt 0.046875 0.515625
vt 0.046875 0.921875
vt 0.046875 0.093750
vt 0.046875 0.500000
vt 0.046875 0.906250
vt 0.046875 0.078125
vt 0.046875 0.484375
vt 0.046875 0.890625
vt 0.046875 0.062500
vt 0.046875 0.468750
vt 0.046875 0.875000
vt 0.046875 0.046875
vt 0.046875 0.453125
vt 0.046875 0.859375
vt 0.046875 0.031250
vt 0.046875 0.437500
vt 0.046875 0.843750
vt 0.046875 0.015625
vt 0.046875 0.421875
vt 0.046875 0.828125
vt 0.054688 0.000000
vt 0.046875 0.406250
vt 0.046875 0.812500
vt 0.046875 0.390625
vt 0.046875 0.796875
vt 0.046875 0.375000
vt 0.046875 0.781250
vt 0.046875 0.359375
vt 0.046875 0.765625
vt 0.046875 0.343750
vt 0.046875 0.750000
vt 0.046875 0.328125
vt 0.046875 0.734375
vt 0.046875 0.312500
vt 0.046875 0.718750
vt 0.046875 0.296875
vt 0.046875 0.703125
vt 0.046875 0.281250
vt 0.046875 0.687500
vt 0.046875 0.265625
vt 0.046875 0.671875
vt 0.046875 0.250000
vt 0.046875 0.656250
vt 0.046875 0.234375
vt 0.046875 0.640625
vt 0.046875 0.218750
vt 0.046875 0.625000
vt 0.046875 0.203125
vt 0.046875 0.609375
vt 0.046875 0.187500
vt 0.046875 0.593750
vt 0.046875 0.171875
vt 0.046875 0.578125
vt 0.054688 1.000000
vt 0.046875 0.984375
vt 0.031250 0.125000
vt 0.031250 0.109375
vt 0.031250 0.531250
vt 0.031250 0.515625
vt 0.031250 0.937500
vt 0.031250 0.921875
vt 0.031250 0.093750
vt 0.031250 0.500000
vt 0.031250 0.906250
vt 0.031250 0.078125
vt 0.031250 0.484375
vt 0.031250 0.890625
vt 0.031250 0.062500
vt 0.031250 0.468750
vt 0.031250 0.875000
vt 0.031250 0.046875
vt 0.031250 0.453125
vt 0.031250 0.859375
vt 0.031250 0.031250
vt 0.031250 0.437500
vt 0.031250 0.843750
vt 0.031250 0.015625
vt 0.031250 0.421875
vt 0.031250 0.828125
vt 0.039062 0.000000
vt 0.031250 0.406250
vt 0.031250 0.812500
vt 0.031250 0.390625
vt 0.031250 0.796875
vt 0.031250 0.375000
vt 0.031250 0.781250
vt 0.031250 0.359375
vt 0.031250 0.765625
vt 0.031250 0.343750
vt 0.031250 0.750000
vt 0.031250 0.328125
vt 0.031250 0.734375
vt 0.031250 0.312500
vt 0.031250 0.718750
vt 0.031250 0.296875
vt 0.031250 0.703125
vt 0.031250 0.281250
vt 0.031250 0.687500
vt 0.031250 0.265625
vt 0.031250 0.671875
vt 0.031250 0.250000
vt 0.031250 0.656250
vt 0.031250 0.234375
vt 0.031250 0.640625
vt 0.031250 0.218750
vt 0.031250 0.625000
vt 0.031250 0.203125
vt 0.031250 0.609375
vt 0.031250 0.187500
vt 0.031250 0.593750
vt 0.031250 0.171875
vt 0.031250 0.578125
vt 0.039062 1.000000
vt 0.031250 0.984375
vt 0.031250 0.156250
vt 0.031250 0.562500
vt 0.031250 0.968750
vt 0.031250 0.140625
vt 0.031250 0.546875
vt 0.031250 0.953125
vt 0.015625 0.093750
vt 0.015625 0.078125
vt 0.015625 0.500000
vt 0.015625 0.484375
vt 0.015625 0.906250
vt 0.015625 0.890625
vt 0.015625 0.062500
vt 0.015625 0.468750
vt 0.015625 0.875000
vt 0.015625 0.046875
vt 0.015625 0.453125
vt 0.015625 0.859375
vt 0.015625 0.031250
vt 0.015625 0.437500
vt 0.015625 0.843750
vt 0.015625 0.015625
vt 0.015625 0.421875
vt 0.015625 0.828125
vt 0.023438 0.000000
vt 0.015625 0.406250
vt 0.015625 0.812500
vt 0.015625 0.390625
vt 0.015625 0.796875
vt 0.015625 0.375000
vt 0.015625 0.781250
vt 0.015625 0.359375
vt 0.015625 0.765625
vt 0.015625 0.343750
vt 0.015625 0.750000
vt 0.015625 0.328125
vt 0.015625 0.734375
vt 0.015625 0.312500
vt 0.015625 0.718750
vt 0.015625 0.296875
vt 0.015625 0.703125
vt 0.015625 0.281250
vt 0.015625 0.687500
vt 0.015625 0.265625
vt 0.015625 0.671875
vt 0.015625 0.250000
vt 0.015625 0.656250
vt 0.015625 0.234375
vt 0.015625 0.640625
vt 0.015625 0.218750
vt 0.015625 0.625000
vt 0.015625 0.203125
vt 0.015625 0.609375
vt 0.015625 0.187500
vt 0.015625 0.593750
vt 0.015625 0.171875
vt 0.015625 0.578125
vt 0.023438 1.000000
vt 0.015625 0.984375
vt 0.015625 0.156250
vt 0.015625 0.562500
vt 0.015625 0.968750
vt 0.015625 0.140625
vt 0.015625 0.546875
vt 0.015625 0.953125
vt 0.015625 0.125000
vt 0.015625 0.531250
vt 0.015625 0.937500
vt 0.015625 0.109375
vt 0.015625 0.515625
vt 0.015625 0.921875
vt 0.000000 0.062500
vt 0.000000 0.046875
vt 0.000000 0.468750
vt 0.000000 0.453125
vt 0.000000 0.875000
vt 0.000000 0.859375
vt 0.000000 0.031250
vt 0.000000 0.437500
vt 0.000000 0.843750
vt 0.000000 0.015625
vt 0.000000 0.421875
vt 0.000000 0.828125
vt 0.007812 0.000000
vt 0.000000 0.406250
vt 0.000000 0.812500
vt 0.000000 0.390625
vt 0.000000 0.796875
vt 0.000000 0.375000
vt 0.000000 0.781250
vt 0.000000 0.359375
vt 0.000000 0.765625
vt 0.000000 0.343750
vt 0.000000 0.750000
vt 0.000000 0.328125
vt 0.000000 0.734375
vt 0.000000 0.312500
vt 0.000000 0.718750
vt 0.000000 0.296875
vt 0.000000 0.703125
vt 0.000000 0.281250
vt 0.000000 0.687500
vt 0.000000 0.265625
vt 0.000000 0.671875
vt 0.000000 0.250000
vt 0.000000 0.656250
vt 0.000000 0.234375
vt 0.000000 0.640625
vt 0.000000 0.218750
vt 0.000000 0.625000
vt 0.000000 0.203125
vt 0.000000 0.609375
vt 0.000000 0.187500
vt 0.000000 0.593750
vt 0.000000 0.171875
vt 0.000000 0.578125
vt 0.007812 1.000000
vt 0.000000 0.984375
vt 0.000000 0.156250
vt 0.000000 0.562500
vt 0.000000 0.968750
vt 0.000000 0.140625
vt 0.000000 0.546875
vt 0.000000 0.953125
vt 0.000000 0.125000
vt 0.000000 0.531250
vt 0.000000 0.937500
vt 0.000000 0.109375
vt 0.000000 0.515625
vt 0.000000 0.921875
vt 0.000000 0.093750
vt 0.000000 0.500000
vt 0.000000 0.906250
vt 0.000000 0.078125
vt 0.000000 0.484375
vt 0.000000 0.890625
vt 1.000000 0.015625
vt 0.984375 0.031250
vt 0.984375 0.015625
vt 1.000000 0.421875
vt 0.984375 0.437500
vt 0.984375 0.421875
vt 1.000000 0.828125
vt 0.984375 0.843750
vt 0.984375 0.828125
vt 0.992187 0.000000
vt 1.000000 0.406250
vt 0.984375 0.406250
vt 1.000000 0.812500
vt 0.984375 0.812500
vt 1.000000 0.390625
vt 0.984375 0.390625
vt 1.000000 0.796875
vt 0.984375 0.796875
vt 1.000000 0.375000
vt 0.984375 0.375000
vt 1.000000 0.781250
vt 0.984375 0.781250
vt 1.000000 0.359375
vt 0.984375 0.359375
vt 1.000000 0.765625
vt 0.984375 0.765625
vt 1.000000 0.343750
vt 0.984375 0.343750
vt 1.000000 0.750000
vt 0.984375 0.750000
vt 1.000000 0.328125
vt 0.984375 0.328125
vt 1.000000 0.734375
vt 0.984375 0.734375
vt 1.000000 0.312500
vt 0.984375 0.312500
vt 1.000000 0.718750
vt 0.984375 0.718750
vt 1.000000 0.296875
vt 0.984375 0.296875
vt 1.000000 0.703125
vt 0.984375 0.703125
vt 1.000000 0.281250
vt 0.984375 0.281250
vt 1.000000 0.687500
vt 0.984375 0.687500
vt 1.000000 0.265625
vt 0.984375 0.265625
vt 1.000000 0.671875
vt 0.984375 0.671875
vt 1.000000 0.250000
vt 0.984375 0.250000
vt 1.000000 0.656250
vt 0.984375 0.656250
vt 1.000000 0.234375
vt 0.984375 0.234375
vt 1.000000 0.640625
vt 0.984375 0.640625
vt 1.000000 0.218750
vt 0.984375 0.218750
vt 1.000000 0.625000
vt 0.984375 0.625000
vt 1.000000 0.203125
vt 0.984375 0.203125
vt 1.000000 0.609375
vt 0.984375 0.609375
vt 1.000000 0.187500
vt 0.984375 0.187500
vt 1.000000 0.593750
vt 0.984375 0.593750
vt 1.000000 0.171875
vt 0.984375 0.171875
vt 1.000000 0.578125
vt 0.984375 0.578125
vt 1.000000 0.984375
vt 0.992187 1.000000
vt 0.984375 0.984375
vt 1.000000 0.156250
vt 0.984375 0.156250
vt 1.000000 0.562500
vt 0.984375 0.562500
vt 1.000000 0.968750
vt 0.984375 0.968750
vt 1.000000 0.140625
vt 0.984375 0.140625
vt 1.000000 0.546875
vt 0.984375 0.546875
vt 1.000000 0.953125
vt 0.984375 0.953125
vt 1.000000 0.125000
vt 0.984375 0.125000
vt 1.000000 0.531250
vt 0.984375 0.531250
vt 1.000000 0.937500
vt 0.984375 0.937500
vt 1.000000 0.109375
vt 0.984375 0.109375
vt 1.000000 0.515625
vt 0.984375 0.515625
vt 1.000000 0.921875
vt 0.984375 0.921875
vt 1.000000 0.093750
vt 0.984375 0.093750
vt 1.000000 0.500000
vt 0.984375 0.500000
vt 1.000000 0.906250
vt 0.984375 0.906250
vt 1.000000 0.078125
vt 0.984375 0.078125
vt 1.000000 0.484375
vt 0.984375 0.484375
vt 1.000000 0.890625
vt 0.984375 0.890625
vt 1.000000 0.062500
vt 0.984375 0.062500
vt 1.000000 0.468750
vt 0.984375 0.468750
vt 1.000000 0.875000
vt 0.984375 0.875000
vt 1.000000 0.046875
vt 0.984375 0.046875
vt 1.000000 0.453125
vt 0.984375 0.453125
vt 1.000000 0.859375
vt 0.984375 0.859375
vt 1.000000 0.031250
vt 1.000000 0.437500
vt 1.000000 0.843750
vt 0.968750 0.406250
vt 0.968750 0.390625
vt 0.968750 0.812500
vt 0.968750 0.796875
vt 0.968750 0.375000
vt 0.968750 0.781250
vt 0.968750 0.359375
vt 0.968750 0.765625
vt 0.968750 0.343750
vt 0.968750 0.750000
vt 0.968750 0.328125
vt 0.968750 0.734375
vt 0.968750 0.312500
vt 0.968750 0.718750
vt 0.968750 0.296875
vt 0.968750 0.703125
vt 0.968750 0.281250
vt 0.968750 0.687500
vt 0.968750 0.265625
vt 0.968750 0.671875
vt 0.968750 0.250000
vt 0.968750 0.656250
vt 0.968750 0.234375
vt 0.968750 0.640625
vt 0.968750 0.218750
vt 0.968750 0.625000
vt 0.968750 0.203125
vt 0.968750 0.609375
vt 0.968750 0.187500
vt 0.968750 0.593750
vt 0.968750 0.171875
vt 0.968750 0.578125
vt 0.976562 1.000000
vt 0.968750 0.984375
vt 0.968750 0.156250
vt 0.968750 0.562500
vt 0.968750 0.968750
vt 0.968750 0.140625
vt 0.968750 0.546875
vt 0.968750 0.953125
vt 0.968750 0.125000
vt 0.968750 0.531250
vt 0.968750 0.937500
vt 0.968750 0.109375
vt 0.968750 0.515625
vt 0.968750 0.921875
vt 0.968750 0.093750
vt 0.968750 0.500000
vt 0.968750 0.906250
vt 0.968750 0.078125
vt 0.968750 0.484375
vt 0.968750 0.890625
vt 0.968750 0.062500
vt 0.968750 0.468750
vt 0.968750 0.875000
vt 0.968750 0.046875
vt 0.968750 0.453125
vt 0.968750 0.859375
vt 0.968750 0.031250
vt 0.968750 0.437500
vt 0.968750 0.843750
vt 0.968750 0.015625
vt 0.968750 0.421875
vt 0.968750 0.828125
vt 0.976562 0.000000
vt 0.953125 0.375000
vt 0.953125 0.359375
vt 0.953125 0.781250
vt 0.953125 0.765625
vt 0.953125 0.343750
vt 0.953125 0.750000
vt 0.953125 0.328125
vt 0.953125 0.734375
vt 0.953125 0.312500
vt 0.953125 0.718750
vt 0.953125 0.296875
vt 0.953125 0.703125
vt 0.953125 0.281250
vt 0.953125 0.687500
vt 0.953125 0.265625
vt 0.953125 0.671875
vt 0.953125 0.250000
vt 0.953125 0.656250
vt 0.953125 0.234375
vt 0.953125 0.640625
vt 0.953125 0.218750
vt 0.953125 0.625000
vt 0.953125 0.203125
vt 0.953125 0.609375
vt 0.953125 0.187500
vt 0.953125 0.593750
vt 0.953125 0.171875
vt 0.953125 0.578125
vt 0.960938 1.000000
vt 0.953125 0.984375
vt 0.953125 0.156250
vt 0.953125 0.562500
vt 0.953125 0.968750
vt 0.953125 0.140625
vt 0.953125 0.546875
vt 0.953125 0.953125
vt 0.953125 0.125000
vt 0.953125 0.531250
vt 0.953125 0.937500
vt 0.953125 0.109375
vt 0.953125 0.515625
vt 0.953125 0.921875
vt 0.953125 0.093750
vt 0.953125 0.500000
vt 0.953125 0.906250
vt 0.953125 0.078125
vt 0.953125 0.484375
vt 0.953125 0.890625
vt 0.953125 0.062500
vt 0.953125 0.468750
vt 0.953125 0.875000
vt 0.953125 0.046875
vt 0.953125 0.453125
vt 0.953125 0.859375
vt 0.953125 0.031250
vt 0.953125 0.437500
vt 0.953125 0.843750
vt 0.953125 0.015625
vt 0.953125 0.421875
vt 0.953125 0.828125
vt 0.960938 0.000000
vt 0.953125 0.406250
vt 0.953125 0.812500
vt 0.953125 0.390625
vt 0.953125 0.796875
vt 0.937500 0.406250
vt 0.937500 0.390625
vt 0.937500 0.750000
vt 0.937500 0.734375
vt 0.937500 0.375000
vt 0.937500 0.718750
vt 0.937500 0.359375
vt 0.937500 0.703125
vt 0.937500 0.343750
vt 0.937500 0.687500
vt 0.937500 0.328125
vt 0.937500 0.671875
vt 0.937500 0.312500
vt 0.937500 0.656250
vt 0.937500 0.296875
vt 0.937500 0.640625
vt 0.937500 0.281250
vt 0.937500 0.625000
vt 0.937500 0.265625
vt 0.937500 0.609375
vt 0.937500 0.250000
vt 0.937500 0.593750
vt 0.937500 0.234375
vt 0.937500 0.578125
vt 0.945312 1.000000
vt 0.937500 0.984375
vt 0.937500 0.218750
vt 0.937500 0.562500
vt 0.937500 0.968750
vt 0.937500 0.203125
vt 0.937500 0.546875
vt 0.937500 0.953125
vt 0.937500 0.187500
vt 0.937500 0.531250
vt 0.937500 0.937500
vt 0.937500 0.171875
vt 0.937500 0.515625
vt 0.937500 0.921875
vt 0.937500 0.156250
vt 0.937500 0.500000
vt 0.937500 0.906250
vt 0.937500 0.140625
vt 0.937500 0.484375
vt 0.937500 0.890625
vt 0.937500 0.125000
vt 0.937500 0.468750
vt 0.937500 0.875000
vt 0.937500 0.109375
vt 0.937500 0.453125
vt 0.937500 0.859375
vt 0.937500 0.093750
vt 0.937500 0.437500
vt 0.937500 0.843750
vt 0.937500 0.078125
vt 0.937500 0.421875
vt 0.937500 0.828125
vt 0.937500 0.062500
vt 0.937500 0.812500
vt 0.937500 0.046875
vt 0.937500 0.796875
vt 0.937500 0.031250
vt 0.937500 0.781250
vt 0.937500 0.015625
vt 0.937500 0.765625
vt 0.945312 0.000000
vt 0.921875 0.375000
vt 0.921875 0.359375
vt 0.921875 0.781250
vt 0.921875 0.765625
vt 0.921875 0.343750
vt 0.921875 0.750000
vt 0.921875 0.328125
vt 0.921875 0.734375
vt 0.921875 0.312500
vt 0.921875 0.718750
vt 0.921875 0.296875
vt 0.921875 0.703125
vt 0.921875 0.281250
vt 0.921875 0.687500
vt 0.921875 0.265625
vt 0.921875 0.671875
vt 0.921875 0.250000
vt 0.921875 0.656250
vt 0.921875 0.234375
vt 0.921875 0.640625
vt 0.921875 0.218750
vt 0.921875 0.625000
vt 0.921875 0.203125
vt 0.921875 0.609375
vt 0.921875 0.187500
vt 0.921875 0.593750
vt 0.921875 0.171875
vt 0.921875 0.578125
vt 0.929687 1.000000
vt 0.921875 0.984375
vt 0.921875 0.156250
vt 0.921875 0.562500
vt 0.921875 0.968750
vt 0.921875 0.140625
vt 0.921875 0.546875
vt 0.921875 0.953125
vt 0.921875 0.125000
vt 0.921875 0.531250
vt 0.921875 0.937500
vt 0.921875 0.109375
vt 0.921875 0.515625
vt 0.921875 0.921875
vt 0.921875 0.093750
vt 0.921875 0.500000
vt 0.921875 0.906250
vt 0.921875 0.078125
vt 0.921875 0.484375
vt 0.921875 0.890625
vt 0.921875 0.062500
vt 0.921875 0.468750
vt 0.921875 0.875000
vt 0.921875 0.046875
vt 0.921875 0.453125
vt 0.921875 0.859375
vt 0.921875 0.031250
vt 0.921875 0.437500
vt 0.921875 0.843750
vt 0.921875 0.015625
vt 0.921875 0.421875
vt 0.921875 0.828125
vt 0.929687 0.000000
vt 0.921875 0.406250
vt 0.921875 0.812500
vt 0.921875 0.390625
vt 0.921875 0.796875
vt 0.906250 0.343750
vt 0.906250 0.328125
vt 0.906250 0.750000
vt 0.906250 0.734375
vt 0.906250 0.312500
vt 0.906250 0.718750
vt 0.906250 0.296875
vt 0.906250 0.703125
vt 0.906250 0.281250
vt 0.906250 0.687500
vt 0.906250 0.265625
vt 0.906250 0.671875
vt 0.906250 0.250000
vt 0.906250 0.656250
vt 0.906250 0.234375
vt 0.906250 0.640625
vt 0.906250 0.218750
vt 0.906250 0.625000
vt 0.906250 0.203125
vt 0.906250 0.609375
vt 0.906250 0.187500
vt 0.906250 0.593750
vt 0.906250 0.171875
vt 0.906250 0.578125
vt 0.914062 1.000000
vt 0.906250 0.984375
vt 0.906250 0.156250
vt 0.906250 0.562500
vt 0.906250 0.968750
vt 0.906250 0.140625
vt 0.906250 0.546875
vt 0.906250 0.953125
vt 0.906250 0.125000
vt 0.906250 0.531250
vt 0.906250 0.937500
vt 0.906250 0.109375
vt 0.906250 0.515625
vt 0.906250 0.921875
vt 0.906250 0.093750
vt 0.906250 0.500000
vt 0.906250 0.906250
vt 0.906250 0.078125
vt 0.906250 0.484375
vt 0.906250 0.890625
vt 0.906250 0.062500
vt 0.906250 0.468750
vt 0.906250 0.875000
vt 0.906250 0.046875
vt 0.906250 0.453125
vt 0.906250 0.859375
vt 0.906250 0.031250
vt 0.906250 0.437500
vt 0.906250 0.843750
vt 0.906250 0.015625
vt 0.906250 0.421875
vt 0.906250 0.828125
vt 0.914062 0.000000
vt 0.906250 0.406250
vt 0.906250 0.812500
vt 0.906250 0.390625
vt 0.906250 0.796875
vt 0.906250 0.375000
vt 0.906250 0.781250
vt 0.906250 0.359375
vt 0.906250 0.765625
vt 0.890625 0.312500
vt 0.890625 0.296875
vt 0.890625 0.718750
vt 0.890625 0.703125
vt 0.890625 0.281250
vt 0.890625 0.687500
vt 0.890625 0.265625
vt 0.890625 0.671875
vt 0.890625 0.250000
vt 0.890625 0.656250
vt 0.890625 0.234375
vt 0.890625 0.640625
vt 0.890625 0.218750
vt 0.890625 0.625000
vt 0.890625 0.203125
vt 0.890625 0.609375
vt 0.890625 0.187500
vt 0.890625 0.593750
vt 0.890625 0.171875
vt 0.890625 0.578125
vt 0.898437 1.000000
vt 0.890625 0.984375
vt 0.890625 0.156250
vt 0.890625 0.562500
vt 0.890625 0.968750
vt 0.890625 0.140625
vt 0.890625 0.546875
vt 0.890625 0.953125
vt 0.890625 0.125000
vt 0.890625 0.531250
vt 0.890625 0.937500
vt 0.890625 0.109375
vt 0.890625 0.515625
vt 0.890625 0.921875
vt 0.890625 0.093750
vt 0.890625 0.500000
vt 0.890625 0.906250
vt 0.890625 0.078125
vt 0.890625 0.484375
vt 0.890625 0.890625
vt 0.890625 0.062500
vt 0.890625 0.468750
vt 0.890625 0.875000
vt 0.890625 0.046875
vt 0.890625 0.453125
vt 0.890625 0.859375
vt 0.890625 0.031250
vt 0.890625 0.437500
vt 0.890625 0.843750
vt 0.890625 0.015625
vt 0.890625 0.421875
vt 0.890625 0.828125
vt 0.898437 0.000000
vt 0.890625 0.406250
vt 0.890625 0.812500
vt 0.890625 0.390625
vt 0.890625 0.796875
vt 0.890625 0.375000
vt 0.890625 0.781250
vt 0.890625 0.359375
vt 0.890625 0.765625
vt 0.890625 0.343750
vt 0.890625 0.750000
vt 0.890625 0.328125
vt 0.890625 0.734375
vt 0.875000 0.281250
vt 0.875000 0.265625
vt 0.875000 0.687500
vt 0.875000 0.671875
vt 0.875000 0.250000
vt 0.875000 0.656250
vt 0.875000 0.234375
vt 0.875000 0.640625
vt 0.875000 0.218750
vt 0.875000 0.625000
vt 0.875000 0.203125
vt 0.875000 0.609375
vt 0.875000 0.187500
vt 0.875000 0.593750
vt 0.875000 0.171875
vt 0.875000 0.578125
vt 0.882812 1.000000
vt 0.875000 0.984375
vt 0.875000 0.156250
vt 0.875000 0.562500
vt 0.875000 0.968750
vt 0.875000 0.140625
vt 0.875000 0.546875
vt 0.875000 0.953125
vt 0.875000 0.125000
vt 0.875000 0.531250
vt 0.875000 0.937500
vt 0.875000 0.109375
vt 0.875000 0.515625
vt 0.875000 0.921875
vt 0.875000 0.093750
vt 0.875000 0.500000
vt 0.875000 0.906250
vt 0.875000 0.078125
vt 0.875000 0.484375
vt 0.875000 0.890625
vt 0.875000 0.062500
vt 0.875000 0.468750
vt 0.875000 0.875000
vt 0.875000 0.046875
vt 0.875000 0.453125
vt 0.875000 0.859375
vt 0.875000 0.031250
vt 0.875000 0.437500
vt 0.875000 0.843750
vt 0.875000 0.015625
vt 0.875000 0.421875
vt 0.875000 0.828125
vt 0.882812 0.000000
vt 0.875000 0.406250
vt 0.875000 0.812500
vt 0.875000 0.390625
vt 0.875000 0.796875
vt 0.875000 0.375000
vt 0.875000 0.781250
vt 0.875000 0.359375
vt 0.875000 0.765625
vt 0.875000 0.343750
vt 0.875000 0.750000
vt 0.875000 0.328125
vt 0.875000 0.734375
vt 0.875000 0.312500
vt 0.875000 0.718750
vt 0.875000 0.296875
vt 0.875000 0.703125
vt 0.859375 0.250000
vt 0.859375 0.234375
vt 0.859375 0.656250
vt 0.859375 0.640625
vt 0.859375 0.218750
vt 0.859375 0.625000
vt 0.859375 0.203125
vt 0.859375 0.609375
vt 0.859375 0.187500
vt 0.859375 0.593750
vt 0.859375 0.171875
vt 0.859375 0.578125
vt 0.867187 1.000000
vt 0.859375 0.984375
vt 0.859375 0.156250
vt 0.859375 0.562500
vt 0.859375 0.968750
vt 0.859375 0.140625
vt 0.859375 0.546875
vt 0.859375 0.953125
vt 0.859375 0.125000
vt 0.859375 0.531250
vt 0.859375 0.937500
vt 0.859375 0.109375
vt 0.859375 0.515625
vt 0.859375 0.921875
vt 0.859375 0.093750
vt 0.859375 0.500000
vt 0.859375 0.906250
vt 0.859375 0.078125
vt 0.859375 0.484375
vt 0.859375 0.890625
vt 0.859375 0.062500
vt 0.859375 0.468750
vt 0.859375 0.875000
vt 0.859375 0.046875
vt 0.859375 0.453125
vt 0.859375 0.859375
vt 0.859375 0.031250
vt 0.859375 0.437500
vt 0.859375 0.843750
vt 0.859375 0.015625
vt 0.859375 0.421875
vt 0.859375 0.828125
vt 0.867187 0.000000
vt 0.859375 0.406250
vt 0.859375 0.812500
vt 0.859375 0.390625
vt 0.859375 0.796875
vt 0.859375 0.375000
vt 0.859375 0.781250
vt 0.859375 0.359375
vt 0.859375 0.765625
vt 0.859375 0.343750
vt 0.859375 0.750000
vt 0.859375 0.328125
vt 0.859375 0.734375
vt 0.859375 0.312500
vt 0.859375 0.718750
vt 0.859375 0.296875
vt 0.859375 0.703125
vt 0.859375 0.281250
vt 0.859375 0.687500
vt 0.859375 0.265625
vt 0.859375 0.671875
vt 0.843750 0.218750
vt 0.843750 0.203125
vt 0.843750 0.625000
vt 0.843750 0.609375
vt 0.843750 0.187500
vt 0.843750 0.593750
vt 0.843750 0.171875
vt 0.843750 0.578125
vt 0.851562 1.000000
vt 0.843750 0.984375
vt 0.843750 0.156250
vt 0.843750 0.562500
vt 0.843750 0.968750
vt 0.843750 0.140625
vt 0.843750 0.546875
vt 0.843750 0.953125
vt 0.843750 0.125000
vt 0.843750 0.531250
vt 0.843750 0.937500
vt 0.843750 0.109375
vt 0.843750 0.515625
vt 0.843750 0.921875
vt 0.843750 0.093750
vt 0.843750 0.500000
vt 0.843750 0.906250
vt 0.843750 0.078125
vt 0.843750 0.484375
vt 0.843750 0.890625
vt 0.843750 0.062500
vt 0.843750 0.468750
vt 0.843750 0.875000
vt 0.843750 0.046875
vt 0.843750 0.453125
vt 0.843750 0.859375
vt 0.843750 0.031250
vt 0.843750 0.437500
vt 0.843750 0.843750
vt 0.843750 0.015625
vt 0.843750 0.421875
vt 0.843750 0.828125
vt 0.851562 0.000000
vt 0.843750 0.406250
vt 0.843750 0.812500
vt 0.843750 0.390625
vt 0.843750 0.796875
vt 0.843750 0.375000
vt 0.843750 0.781250
vt 0.843750 0.359375
vt 0.843750 0.765625
vt 0.843750 0.343750
vt 0.843750 0.750000
vt 0.843750 0.328125
vt 0.843750 0.734375
vt 0.843750 0.312500
vt 0.843750 0.718750
vt 0.843750 0.296875
vt 0.843750 0.703125
vt 0.843750 0.281250
vt 0.843750 0.687500
vt 0.843750 0.265625
vt 0.843750 0.671875
vt 0.843750 0.250000
vt 0.843750 0.656250
vt 0.843750 0.234375
vt 0.843750 0.640625
vt 0.828125 0.187500
vt 0.828125 0.171875
vt 0.828125 0.593750
vt 0.828125 0.578125
vt 0.835938 1.000000
vt 0.828125 0.984375
vt 0.828125 0.156250
vt 0.828125 0.562500
vt 0.828125 0.968750
vt 0.828125 0.140625
vt 0.828125 0.546875
vt 0.828125 0.953125
vt 0.828125 0.125000
vt 0.828125 0.531250
vt 0.828125 0.937500
vt 0.828125 0.109375
vt 0.828125 0.515625
vt 0.828125 0.921875
vt 0.828125 0.093750
vt 0.828125 0.500000
vt 0.828125 0.906250
vt 0.828125 0.078125
vt 0.828125 0.484375
vt 0.828125 0.890625
vt 0.828125 0.062500
vt 0.828125 0.468750
vt 0.828125 0.875000
vt 0.828125 0.046875
vt 0.828125 0.453125
vt 0.828125 0.859375
vt 0.828125 0.031250
vt 0.828125 0.437500
vt 0.828125 0.843750
vt 0.828125 0.015625
vt 0.828125 0.421875
vt 0.828125 0.828125
vt 0.835938 0.000000
vt 0.828125 0.406250
vt 0.828125 0.812500
vt 0.828125 0.390625
vt 0.828125 0.796875
vt 0.828125 0.375000
vt 0.828125 0.781250
vt 0.828125 0.359375
vt 0.828125 0.765625
vt 0.828125 0.343750
vt 0.828125 0.750000
vt 0.828125 0.328125
vt 0.828125 0.734375
vt 0.828125 0.312500
vt 0.828125 0.718750
vt 0.828125 0.296875
vt 0.828125 0.703125
vt 0.828125 0.281250
vt 0.828125 0.687500
vt 0.828125 0.265625
vt 0.828125 0.671875
vt 0.828125 0.250000
vt 0.828125 0.656250
vt 0.828125 0.234375
vt 0.828125 0.640625
vt 0.828125 0.218750
vt 0.828125 0.625000
vt 0.828125 0.203125
vt 0.828125 0.609375
vt 0.812500 0.984375
vt 0.812500 0.968750
vt 0.812500 0.156250
vt 0.812500 0.140625
vt 0.812500 0.562500
vt 0.812500 0.546875
vt 0.812500 0.953125
vt 0.812500 0.125000
vt 0.812500 0.531250
vt 0.812500 0.937500
vt 0.812500 0.109375
vt 0.812500 0.515625
vt 0.812500 0.921875
vt 0.812500 0.093750
vt 0.812500 0.500000
vt 0.812500 0.906250
vt 0.812500 0.078125
vt 0.812500 0.484375
vt 0.812500 0.890625
vt 0.812500 0.062500
vt 0.812500 0.468750
vt 0.812500 0.875000
vt 0.812500 0.046875
vt 0.812500 0.453125
vt 0.812500 0.859375
vt 0.812500 0.031250
vt 0.812500 0.437500
vt 0.812500 0.843750
vt 0.812500 0.015625
vt 0.812500 0.421875
vt 0.812500 0.828125
vt 0.820312 0.000000
vt 0.812500 0.406250
vt 0.812500 0.812500
vt 0.812500 0.390625
vt 0.812500 0.796875
vt 0.812500 0.375000
vt 0.812500 0.781250
vt 0.812500 0.359375
vt 0.812500 0.765625
vt 0.812500 0.343750
vt 0.812500 0.750000
vt 0.812500 0.328125
vt 0.812500 0.734375
vt 0.812500 0.312500
vt 0.812500 0.718750
vt 0.812500 0.296875
vt 0.812500 0.703125
vt 0.812500 0.281250
vt 0.812500 0.687500
vt 0.812500 0.265625
vt 0.812500 0.671875
vt 0.812500 0.250000
vt 0.812500 0.656250
vt 0.812500 0.234375
vt 0.812500 0.640625
vt 0.812500 0.218750
vt 0.812500 0.625000
vt 0.812500 0.203125
vt 0.812500 0.609375
vt 0.812500 0.187500
vt 0.812500 0.593750
vt 0.812500 0.171875
vt 0.812500 0.578125
vt 0.820312 1.000000
vt 0.796875 0.953125
vt 0.796875 0.937500
vt 0.796875 0.125000
vt 0.796875 0.109375
vt 0.796875 0.531250
vt 0.796875 0.515625
vt 0.796875 0.921875
vt 0.796875 0.093750
vt 0.796875 0.500000
vt 0.796875 0.906250
vt 0.796875 0.078125
vt 0.796875 0.484375
vt 0.796875 0.890625
vt 0.796875 0.062500
vt 0.796875 0.468750
vt 0.796875 0.875000
vt 0.796875 0.046875
vt 0.796875 0.453125
vt 0.796875 0.859375
vt 0.796875 0.031250
vt 0.796875 0.437500
vt 0.796875 0.843750
vt 0.796875 0.015625
vt 0.796875 0.421875
vt 0.796875 0.828125
vt 0.804688 0.000000
vt 0.796875 0.406250
vt 0.796875 0.812500
vt 0.796875 0.390625
vt 0.796875 0.796875
vt 0.796875 0.375000
vt 0.796875 0.781250
vt 0.796875 0.359375
vt 0.796875 0.765625
vt 0.796875 0.343750
vt 0.796875 0.750000
vt 0.796875 0.328125
vt 0.796875 0.734375
vt 0.796875 0.312500
vt 0.796875 0.718750
vt 0.796875 0.296875
vt 0.796875 0.703125
vt 0.796875 0.281250
vt 0.796875 0.687500
vt 0.796875 0.265625
vt 0.796875 0.671875
vt 0.796875 0.250000
vt 0.796875 0.656250
vt 0.796875 0.234375
vt 0.796875 0.640625
vt 0.796875 0.218750
vt 0.796875 0.625000
vt 0.796875 0.203125
vt 0.796875 0.609375
vt 0.796875 0.187500
vt 0.796875 0.593750
vt 0.796875 0.171875
vt 0.796875 0.578125
vt 0.804688 1.000000
vt 0.796875 0.984375
vt 0.796875 0.156250
vt 0.796875 0.562500
vt 0.796875 0.968750
vt 0.796875 0.140625
vt 0.796875 0.546875
vt 0.781250 0.921875
vt 0.781250 0.906250
vt 0.781250 0.093750
vt 0.781250 0.078125
vt 0.781250 0.500000
vt 0.781250 0.484375
vt 0.781250 0.890625
vt 0.781250 0.062500
vt 0.781250 0.468750
vt 0.781250 0.875000
vt 0.781250 0.046875
vt 0.781250 0.453125
vt 0.781250 0.859375
vt 0.781250 0.031250
vt 0.781250 0.437500
vt 0.781250 0.843750
vt 0.781250 0.015625
vt 0.781250 0.421875
vt 0.781250 0.828125
vt 0.789062 0.000000
vt 0.781250 0.406250
vt 0.781250 0.812500
vt 0.781250 0.390625
vt 0.781250 0.796875
vt 0.781250 0.375000
vt 0.781250 0.781250
vt 0.781250 0.359375
vt 0.781250 0.765625
vt 0.781250 0.343750
vt 0.781250 0.750000
vt 0.781250 0.328125
vt 0.781250 0.734375
vt 0.781250 0.312500
vt 0.781250 0.718750
vt 0.781250 0.296875
vt 0.781250 0.703125
vt 0.781250 0.281250
vt 0.781250 0.687500
vt 0.781250 0.265625
vt 0.781250 0.671875
vt 0.781250 0.250000
vt 0.781250 0.656250
vt 0.781250 0.234375
vt 0.781250 0.640625
vt 0.781250 0.218750
vt 0.781250 0.625000
vt 0.781250 0.203125
vt 0.781250 0.609375
vt 0.781250 0.187500
vt 0.781250 0.593750
vt 0.781250 0.171875
vt 0.781250 0.578125
vt 0.789062 1.000000
vt 0.781250 0.984375
vt 0.781250 0.156250
vt 0.781250 0.562500
vt 0.781250 0.968750
vt 0.781250 0.140625
vt 0.781250 0.546875
vt 0.781250 0.953125
vt 0.781250 0.125000
vt 0.781250 0.531250
vt 0.781250 0.937500
vt 0.781250 0.109375
vt 0.781250 0.515625
vt 0.765625 0.890625
vt 0.765625 0.875000
vt 0.765625 0.062500
vt 0.765625 0.046875
vt 0.765625 0.468750
vt 0.765625 0.453125
vt 0.765625 0.859375
vt 0.765625 0.031250
vt 0.765625 0.437500
vt 0.765625 0.843750
vt 0.765625 0.015625
vt 0.765625 0.421875
vt 0.765625 0.828125
vt 0.773437 0.000000
vt 0.765625 0.406250
vt 0.765625 0.812500
vt 0.765625 0.390625
vt 0.765625 0.796875
vt 0.765625 0.375000
vt 0.765625 0.781250
vt 0.765625 0.359375
vt 0.765625 0.765625
vt 0.765625 0.343750
vt 0.765625 0.750000
vt 0.765625 0.328125
vt 0.765625 0.734375
vt 0.765625 0.312500
vt 0.765625 0.718750
vt 0.765625 0.296875
vt 0.765625 0.703125
vt 0.765625 0.281250
vt 0.765625 0.687500
vt 0.765625 0.265625
vt 0.765625 0.671875
vt 0.765625 0.250000
vt 0.765625 0.656250
vt 0.765625 0.234375
vt 0.765625 0.640625
vt 0.765625 0.218750
vt 0.765625 0.625000
vt 0.765625 0.203125
vt 0.765625 0.609375
vt 0.765625 0.187500
vt 0.765625 0.593750
vt 0.765625 0.171875
vt 0.765625 0.578125
vt 0.773437 1.000000
vt 0.765625 0.984375
vt 0.765625 0.156250
vt 0.765625 0.562500
vt 0.765625 0.968750
vt 0.765625 0.140625
vt 0.765625 0.546875
vt 0.765625 0.953125
vt 0.765625 0.125000
vt 0.765625 0.531250
vt 0.765625 0.937500
vt 0.765625 0.109375
vt 0.765625 0.515625
vt 0.765625 0.921875
vt 0.765625 0.093750
vt 0.765625 0.500000
vt 0.765625 0.906250
vt 0.765625 0.078125
vt 0.765625 0.484375
vt 0.757812 0.000000
vt 0.757812 1.000000
s 0
f 37/1/1 96/2/1 97/3/1
f 4025/4/2 70/5/2 71/6/2
f 4014/7/3 44/8/3 45/9/3
f 38/10/4 97/3/4 98/11/4
f 17/12/5 71/6/5 72/13/5
f 4015/14/6 45/9/6 46/15/6
f 39/16/7 98/11/7 99/17/7
f 18/18/8 72/13/8 73/19/8
f 2/20/9 46/15/9 47/21/9
f 40/22/10 99/17/10 100/23/10
f 19/24/11 73/19/11 74/25/11
f 4016/26/12 47/21/12 48/27/12
f 41/28/13 100/23/13 101/29/13
f 20/30/14 74/25/14 75/31/14
f 3/32/15 48/27/15 49/33/15
f 4031/34/16 101/29/16 102/35/16
f 4026/36/17 75/31/17 76/37/17
f 4017/38/18 49/33/18 50/39/18
f 42/40/19 102/35/19 103/41/19
f 21/42/20 76/37/20 77/43/20
f 4018/44/21 50/39/21 51/45/21
f 4032/46/22 103/41/22 104/47/22
f 22/48/23 77/43/23 78/49/23
f 4019/50/24 51/45/24 52/51/24
f 4033/52/25 104/47/25 105/53/25
f 4027/54/26 78/49/26 79/55/26
f 4020/56/27 52/51/27 53/57/27
f 4034/58/28 105/53/28 106/59/28
f 23/60/29 79/55/29 80/61/29
f 4021/62/30 53/57/30 54/63/30
f 43/64/31 4034/58/31 106/59/31
f 24/65/32 80/61/32 81/66/32
f 4022/67/33 54/63/33 55/68/33
f 4028/69/34 81/66/34 82/70/34
f 4/71/35 55/68/35 56/72/35
f 25/73/36 82/70/36 83/74/36
f 4023/75/37 56/72/37 57/76/37
f 26/77/38 83/74/38 84/78/38
f 5/79/39 57/76/39 58/80/39
f 27/81/40 84/78/40 85/82/40
f 6/83/41 58/80/41 59/84/41
f 28/85/42 85/82/42 86/86/42
f 7/87/43 59/84/43 60/88/43
f 29/89/44 86/86/44 87/90/44
f 4024/91/45 60/88/45 61/92/45
f 30/93/46 87/90/46 88/94/46
f 8/95/47 61/92/47 62/96/47
f 4029/97/48 88/94/48 89/98/48
f 9/99/49 62/96/49 63/100/49
f 31/101/50 89/98/50 90/102/50
f 10/103/51 63/100/51 64/104/51
f 32/105/52 90/102/52 91/106/52
f 11/107/53 64/104/53 65/108/53
f 33/109/54 91/106/54 92/110/54
f 12/111/55 65/108/55 66/112/55
f 34/113/56 92/110/56 93/114/56
f 13/115/57 66/112/57 67/116/57
f 35/117/58 93/114/58 94/118/58
f 14/119/59 67/116/59 68/120/59
f 4030/121/60 94/118/60 95/122/60
f 15/123/61 68/120/61 69/124/61
f 36/125/62 95/122/62 96/2/62
f 16/126/63 69/124/63 70/5/63
f 4013/127/64 1/128/64 44/8/64
f 59/84/65 121/129/65 122/130/65
f 86/86/66 148/131/66 149/132/66
f 60/88/67 122/130/67 123/133/67
f 87/90/68 149/132/68 150/134/68
f 61/92/69 123/133/69 124/135/69
f 88/94/70 150/134/70 151/136/70
f 62/96/71 124/135/71 125/137/71
f 89/98/72 151/136/72 152/138/72
f 63/100/73 125/137/73 126/139/73
f 90/102/74 152/138/74 153/140/74
f 64/104/75 126/139/75 127/141/75
f 91/106/76 153/140/76 154/142/76
f 65/108/77 127/141/77 128/143/77
f 92/110/78 154/142/78 155/144/78
f 66/112/79 128/143/79 129/145/79
f 93/114/80 155/144/80 156/146/80
f 67/116/81 129/145/81 130/147/81
f 94/118/82 156/146/82 157/148/82
f 68/120/83 130/147/83 131/149/83
f 95/122/84 157/148/84 158/150/84
f 69/124/85 131/149/85 132/151/85
f 96/2/86 158/150/86 159/152/86
f 70/5/87 132/151/87 133/153/87
f 44/8/88 1/154/88 107/155/88
f 97/3/89 159/152/89 160/156/89
f 71/6/90 133/153/90 134/157/90
f 45/9/91 107/155/91 108/158/91
f 98/11/92 160/156/92 161/159/92
f 72/13/93 134/157/93 135/160/93
f 46/15/94 108/158/94 109/161/94
f 99/17/95 161/159/95 162/162/95
f 73/19/96 135/160/96 136/163/96
f 47/21/97 109/161/97 110/164/97
f 100/23/98 162/162/98 163/165/98
f 74/25/99 136/163/99 137/166/99
f 48/27/100 110/164/100 111/167/100
f 101/29/101 163/165/101 164/168/101
f 75/31/102 137/166/102 138/169/102
f 49/33/103 111/167/103 112/170/103
f 102/35/104 164/168/104 165/171/104
f 76/37/105 138/169/105 139/172/105
f 50/39/106 112/170/106 113/173/106
f 103/41/107 165/171/107 166/174/107
f 77/43/108 139/172/108 140/175/108
f 51/45/109 113/173/109 114/176/109
f 104/47/110 166/174/110 167/177/110
f 78/49/111 140/175/111 141/178/111
f 52/51/112 114/176/112 115/179/112
f 105/53/113 167/177/113 168/180/113
f 79/55/114 141/178/114 142/181/114
f 53/57/115 115/179/115 116/182/115
f 106/59/116 168/180/116 169/183/116
f 80/61/117 142/181/117 143/184/117
f 54/63/118 116/182/118 117/185/118
f 43/186/119 106/59/119 169/183/119
f 81/66/120 143/184/120 144/187/120
f 55/68/121 117/185/121 118/188/121
f 82/70/122 144/187/122 145/189/122
f 56/72/123 118/188/123 119/190/123
f 83/74/124 145/189/124 146/191/124
f 57/76/125 119/190/125 120/192/125
f 84/78/126 146/191/126 147/193/126
f 58/80/127 120/192/127 121/129/127
f 85/82/128 147/193/128 148/131/128
f 124/135/129 186/194/129 187/195/129
f 151/136/130 213/196/130 214/197/130
f 125/137/131 187/195/131 188/198/131
f 152/138/132 214/197/132 215/199/132
f 126/139/133 188/198/133 189/200/133
f 153/140/134 215/199/134 216/201/134
f 127/141/135 189/200/135 190/202/135
f 154/142/136 216/201/136 217/203/136
f 128/143/137 190/202/137 191/204/137
f 155/144/138 217/203/138 218/205/138
f 129/145/139 191/204/139 192/206/139
f 156/146/140 218/205/140 219/207/140
f 130/147/141 192/206/141 193/208/141
f 157/148/142 219/207/142 220/209/142
f 131/149/143 193/208/143 194/210/143
f 158/150/144 220/209/144 221/211/144
f 132/151/145 194/210/145 195/212/145
f 159/152/146 221/211/146 222/213/146
f 133/153/147 195/212/147 196/214/147
f 107/155/148 1/215/148 170/216/148
f 160/156/149 222/213/149 223/217/149
f 134/157/150 196/214/150 197/218/150
f 108/158/151 170/216/151 171/219/151
f 161/159/152 223/217/152 224/220/152
f 135/160/153 197/218/153 198/221/153
f 109/161/154 171/219/154 172/222/154
f 162/162/155 224/220/155 225/223/155
f 136/163/156 198/221/156 199/224/156
f 110/164/157 172/222/157 173/225/157
f 163/165/158 225/223/158 226/226/158
f 137/166/159 199/224/159 200/227/159
f 111/167/160 173/225/160 174/228/160
f 164/168/161 226/226/161 227/229/161
f 138/169/162 200/227/162 201/230/162
f 112/170/163 174/228/163 175/231/163
f 165/171/164 227/229/164 228/232/164
f 139/172/165 201/230/165 202/233/165
f 113/173/166 175/231/166 176/234/166
f 166/174/167 228/232/167 229/235/167
f 140/175/168 202/233/168 203/236/168
f 114/176/169 176/234/169 177/237/169
f 167/177/170 229/235/170 230/238/170
f 141/178/171 203/236/171 204/239/171
f 115/179/172 177/237/172 178/240/172
f 168/180/173 230/238/173 231/241/173
f 142/181/174 204/239/174 205/242/174
f 116/182/175 178/240/175 179/243/175
f 169/183/176 231/241/176 232/244/176
f 143/184/177 205/242/177 206/245/177
f 117/185/178 179/243/178 180/246/178
f 43/247/179 169/183/179 232/244/179
f 144/187/180 206/245/180 207/248/180
f 118/188/181 180/246/181 181/249/181
f 145/189/182 207/248/182 208/250/182
f 119/190/183 181/249/183 182/251/183
f 146/191/184 208/250/184 209/252/184
f 120/192/185 182/251/185 183/253/185
f 147/193/186 209/252/186 210/254/186
f 121/129/187 183/253/187 184/255/187
f 148/131/188 210/254/188 211/256/188
f 122/130/189 184/255/189 185/257/189
f 149/132/190 211/256/190 212/258/190
f 123/133/191 185/257/191 186/194/191
f 150/134/192 212/258/192 213/196/192
f 189/200/193 251/259/193 252/260/193
f 216/201/194 278/261/194 279/262/194
f 190/202/195 252/260/195 253/263/195
f 217/203/196 279/262/196 280/264/196
f 191/204/197 253/263/197 254/265/197
f 218/205/198 280/264/198 281/266/198
f 192/206/199 254/265/199 255/267/199
f 219/207/200 281/266/200 282/268/200
f 193/208/201 255/267/201 256/269/201
f 220/209/202 282/268/202 283/270/202
f 194/210/203 256/269/203 257/271/203
f 221/211/204 283/270/204 284/272/204
f 195/212/205 257/271/205 258/273/205
f 222/213/206 284/272/206 285/274/206
f 196/214/207 258/273/207 259/275/207
f 170/216/208 1/276/208 233/277/208
f 223/217/209 285/274/209 286/278/209
f 197/218/210 259/275/210 260/279/210
f 171/219/211 233/277/211 234/280/211
f 224/220/212 286/278/212 287/281/212
f 198/221/213 260/279/213 261/282/213
f 172/222/214 234/280/214 235/283/214
f 225/223/215 287/281/215 288/284/215
f 199/224/216 261/282/216 262/285/216
f 173/225/217 235/283/217 236/286/217
f 226/226/218 288/284/218 289/287/218
f 200/227/219 262/285/219 263/288/219
f 174/228/220 236/286/220 237/289/220
f 227/229/221 289/287/221 290/290/221
f 201/230/222 263/288/222 264/291/222
f 175/231/223 237/289/223 238/292/223
f 228/232/224 290/290/224 291/293/224
f 202/233/225 264/291/225 265/294/225
f 176/234/226 238/292/226 239/295/226
f 229/235/227 291/293/227 292/296/227
f 203/236/228 265/294/228 266/297/228
f 177/237/229 239/295/229 240/298/229
f 230/238/230 292/296/230 293/299/230
f 204/239/231 266/297/231 267/300/231
f 178/240/232 240/298/232 241/301/232
f 231/241/233 293/299/233 294/302/233
f 205/242/234 267/300/234 268/303/234
f 179/243/235 241/301/235 242/304/235
f 232/244/236 294/302/236 295/305/236
f 206/245/237 268/303/237 269/306/237
f 180/246/238 242/304/238 243/307/238
f 43/308/239 232/244/239 295/305/239
f 207/248/240 269/306/240 270/309/240
f 181/249/241 243/307/241 244/310/241
f 208/250/242 270/309/242 271/311/242
f 182/251/243 244/310/243 245/312/243
f 209/252/244 271/311/244 272/313/244
f 183/253/245 245/312/245 246/314/245
f 210/254/246 272/313/246 273/315/246
f 184/255/247 246/314/247 247/316/247
f 211/256/248 273/315/248 274/317/248
f 185/257/249 247/316/249 248/318/249
f 212/258/250 274/317/250 275/319/250
f 186/194/251 248/318/251 249/320/251
f 213/196/252 275/319/252 276/321/252
f 187/195/253 249/320/253 250/322/253
f 214/197/254 276/321/254 277/323/254
f 188/198/255 250/322/255 251/259/255
f 215/199/256 277/323/256 278/261/256
f 254/265/257 316/324/257 317/325/257
f 281/266/258 343/326/258 344/327/258
f 255/267/259 317/325/259 318/328/259
f 282/268/260 344/327/260 345/329/260
f 256/269/261 318/328/261 319/330/261
f 283/270/262 345/329/262 346/331/262
f 257/271/263 319/330/263 320/332/263
f 284/272/264 346/331/264 347/333/264
f 258/273/265 320/332/265 321/334/265
f 285/274/266 347/333/266 348/335/266
f 259/275/267 321/334/267 322/336/267
f 233/277/268 1/337/268 296/338/268
f 286/278/269 348/335/269 349/339/269
f 260/279/270 322/336/270 323/340/270
f 234/280/271 296/338/271 297/341/271
f 287/281/272 349/339/272 350/342/272
f 261/282/273 323/340/273 324/343/273
f 235/283/274 297/341/274 298/344/274
f 288/284/275 350/342/275 351/345/275
f 262/285/276 324/343/276 325/346/276
f 236/286/277 298/344/277 299/347/277
f 289/287/278 351/345/278 352/348/278
f 263/288/279 325/346/279 326/349/279
f 237/289/280 299/347/280 300/350/280
f 290/290/281 352/348/281 353/351/281
f 264/291/282 326/349/282 327/352/282
f 238/292/283 300/350/283 301/353/283
f 291/293/284 353/351/284 354/354/284
f 265/294/285 327/352/285 328/355/285
f 239/295/286 301/353/286 302/356/286
f 292/296/287 354/354/287 355/357/287
f 266/297/288 328/355/288 329/358/288
f 240/298/289 302/356/289 303/359/289
f 293/299/290 355/357/290 356/360/290
f 267/300/291 329/358/291 330/361/291
f 241/301/292 303/359/292 304/362/292
f 294/302/293 356/360/293 357/363/293
f 268/303/294 330/361/294 331/364/294
f 242/304/295 304/362/295 305/365/295
f 295/305/296 357/363/296 358/366/296
f 269/306/297 331/364/297 332/367/297
f 243/307/298 305/365/298 306/368/298
f 43/369/299 295/305/299 358/366/299
f 270/309/300 332/367/300 333/370/300
f 244/310/301 306/368/301 307/371/301
f 271/311/302 333/370/302 334/372/302
f 245/312/303 307/371/303 308/373/303
f 272/313/304 334/372/304 335/374/304
f 246/314/305 308/373/305 309/375/305
f 273/315/306 335/374/306 336/376/306
f 247/316/307 309/375/307 310/377/307
f 274/317/308 336/376/308 337/378/308
f 248/318/309 310/377/309 311/379/309
f 275/319/310 337/378/310 338/380/310
f 249/320/311 311/379/311 312/381/311
f 276/321/312 338/380/312 339/382/312
f 250/322/313 312/381/313 313/383/313
f 277/323/314 339/382/314 340/384/314
f 251/259/315 313/383/315 314/385/315
f 278/261/316 340/384/316 341/386/316
f 252/260/317 314/385/317 315/387/317
f 279/262/318 341/386/318 342/388/318
f 253/263/319 315/387/319 316/324/319
f 280/264/320 342/388/320 343/326/320
f 319/330/321 381/389/321 382/390/321
f 346/331/322 408/391/322 409/392/322
f 320/332/323 382/390/323 383/393/323
f 347/333/324 409/392/324 410/394/324
f 321/334/325 383/393/325 384/395/325
f 348/335/326 410/394/326 411/396/326
f 322/336/327 384/395/327 385/397/327
f 296/338/328 1/398/328 359/399/328
f 349/339/329 411/396/329 412/400/329
f 323/340/330 385/397/330 386/401/330
f 297/341/331 359/399/331 360/402/331
f 350/342/332 412/400/332 413/403/332
f 324/343/333 386/401/333 387/404/333
f 298/344/334 360/402/334 361/405/334
f 351/345/335 413/403/335 414/406/335
f 325/346/336 387/404/336 388/407/336
f 299/347/337 361/405/337 362/408/337
f 352/348/338 414/406/338 415/409/338
f 326/349/339 388/407/339 389/410/339
f 300/350/340 362/408/340 363/411/340
f 353/351/341 415/409/341 416/412/341
f 327/352/342 389/410/342 390/413/342
f 301/353/343 363/411/343 364/414/343
f 354/354/344 416/412/344 417/415/344
f 328/355/345 390/413/345 391/416/345
f 302/356/346 364/414/346 365/417/346
f 355/357/347 417/415/347 418/418/347
f 329/358/348 391/416/348 392/419/348
f 303/359/349 365/417/349 366/420/349
f 356/360/350 418/418/350 419/421/350
f 330/361/351 392/419/351 393/422/351
f 304/362/352 366/420/352 367/423/352
f 357/363/353 419/421/353 420/424/353
f 331/364/354 393/422/354 394/425/354
f 305/365/355 367/423/355 368/426/355
f 358/366/356 420/424/356 421/427/356
f 332/367/357 394/425/357 395/428/357
f 306/368/358 368/426/358 369/429/358
f 43/430/359 358/366/359 421/427/359
f 333/370/360 395/428/360 396/431/360
f 307/371/361 369/429/361 370/432/361
f 334/372/362 396/431/362 397/433/362
f 308/373/363 370/432/363 371/434/363
f 335/374/364 397/433/364 398/435/364
f 309/375/365 371/434/365 372/436/365
f 336/376/366 398/435/366 399/437/366
f 310/377/367 372/436/367 373/438/367
f 337/378/368 399/437/368 400/439/368
f 311/379/369 373/438/369 374/440/369
f 338/380/370 400/439/370 401/441/370
f 312/381/371 374/440/371 375/442/371
f 339/382/372 401/441/372 402/443/372
f 313/383/373 375/442/373 376/444/373
f 340/384/374 402/443/374 403/445/374
f 314/385/375 376/444/375 377/446/375
f 341/386/376 403/445/376 404/447/376
f 315/387/377 377/446/377 378/448/377
f 342/388/378 404/447/378 405/449/378
f 316/324/379 378/448/379 379/450/379
f 343/326/380 405/449/380 406/451/380
f 317/325/381 379/450/381 380/452/381
f 344/327/382 406/451/382 407/453/382
f 318/328/383 380/452/383 381/389/383
f 345/329/384 407/453/384 408/391/384
f 384/395/385 446/454/385 447/455/385
f 411/396/386 473/456/386 474/457/386
f 385/397/387 447/455/387 448/458/387
f 359/399/388 1/459/388 422/460/388
f 412/400/389 474/457/389 475/461/389
f 386/401/390 448/458/390 449/462/390
f 360/402/391 422/460/391 423/463/391
f 413/403/392 475/461/392 476/464/392
f 387/404/393 449/462/393 450/465/393
f 361/405/394 423/463/394 424/466/394
f 414/406/395 476/464/395 477/467/395
f 388/407/396 450/465/396 451/468/396
f 362/408/397 424/466/397 425/469/397
f 415/409/398 477/467/398 478/470/398
f 389/410/399 451/468/399 452/471/399
f 363/411/400 425/469/400 426/472/400
f 416/412/401 478/470/401 479/473/401
f 390/413/402 452/471/402 453/474/402
f 364/414/403 426/472/403 427/475/403
f 417/415/404 479/473/404 480/476/404
f 391/416/405 453/474/405 454/477/405
f 365/417/406 427/475/406 428/478/406
f 418/418/407 480/476/407 481/479/407
f 392/419/408 454/477/408 455/480/408
f 366/420/409 428/478/409 429/481/409
f 419/421/410 481/479/410 482/482/410
f 393/422/411 455/480/411 456/483/411
f 367/423/412 429/481/412 430/484/412
f 420/424/413 482/482/413 483/485/413
f 394/425/414 456/483/414 457/486/414
f 368/426/415 430/484/415 431/487/415
f 421/427/416 483/485/416 484/488/416
f 395/428/417 457/486/417 458/489/417
f 369/429/418 431/487/418 432/490/418
f 43/491/419 421/427/419 484/488/419
f 396/431/420 458/489/420 459/492/420
f 370/432/421 432/490/421 433/493/421
f 397/433/422 459/492/422 460/494/422
f 371/434/423 433/493/423 434/495/423
f 398/435/424 460/494/424 461/496/424
f 372/436/425 434/495/425 435/497/425
f 399/437/426 461/496/426 462/498/426
f 373/438/427 435/497/427 436/499/427
f 400/439/428 462/498/428 463/500/428
f 374/440/429 436/499/429 437/501/429
f 401/441/430 463/500/430 464/502/430
f 375/442/431 437/501/431 438/503/431
f 402/443/432 464/502/432 465/504/432
f 376/444/433 438/503/433 439/505/433
f 403/445/434 465/504/434 466/506/434
f 377/446/435 439/505/435 440/507/435
f 404/447/436 466/506/436 467/508/436
f 378/448/437 440/507/437 441/509/437
f 405/449/438 467/508/438 468/510/438
f 379/450/439 441/509/439 442/511/439
f 406/451/440 468/510/440 469/512/440
f 380/452/441 442/511/441 443/513/441
f 407/453/442 469/512/442 470/514/442
f 381/389/443 443/513/443 444/515/443
f 408/391/444 470/514/444 471/516/444
f 382/390/445 444/515/445 445/517/445
f 409/392/446 471/516/446 472/518/446
f 383/393/447 445/517/447 446/454/447
f 410/394/448 472/518/448 473/456/448
f 449/462/449 511/519/449 512/520/449
f 423/463/450 485/521/450 486/522/450
f 476/464/451 538/523/451 539/524/451
f 450/465/452 512/520/452 513/525/452
f 424/466/453 486/522/453 487/526/453
f 477/467/454 539/524/454 540/527/454
f 451/468/455 513/525/455 514/528/455
f 425/469/456 487/526/456 488/529/456
f 478/470/457 540/527/457 541/530/457
f 452/471/458 514/528/458 515/531/458
f 426/472/459 488/529/459 489/532/459
f 479/473/460 541/530/460 542/533/460
f 453/474/461 515/531/461 516/534/461
f 427/475/462 489/532/462 490/535/462
f 480/476/463 542/533/463 543/536/463
f 454/477/464 516/534/464 517/537/464
f 428/478/465 490/535/465 491/538/465
f 481/479/466 543/536/466 544/539/466
f 455/480/467 517/537/467 518/540/467
f 429/481/468 491/538/468 492/541/468
f 482/482/469 544/539/469 545/542/469
f 456/483/470 518/540/470 519/543/470
f 430/484/471 492/541/471 493/544/471
f 483/485/472 545/542/472 546/545/472
f 457/486/473 519/543/473 520/546/473
f 431/487/474 493/544/474 494/547/474
f 484/488/475 546/545/475 547/548/475
f 458/489/476 520/546/476 521/549/476
f 432/490/477 494/547/477 495/550/477
f 43/551/478 484/488/478 547/548/478
f 459/492/479 521/549/479 522/552/479
f 433/493/480 495/550/480 496/553/480
f 460/494/481 522/552/481 523/554/481
f 434/495/482 496/553/482 497/555/482
f 461/496/483 523/554/483 524/556/483
f 435/497/484 497/555/484 498/557/484
f 462/498/485 524/556/485 525/558/485
f 436/499/486 498/557/486 499/559/486
f 463/500/487 525/558/487 526/560/487
f 437/501/488 499/559/488 500/561/488
f 464/502/489 526/560/489 527/562/489
f 438/503/490 500/561/490 501/563/490
f 465/504/491 527/562/491 528/564/491
f 439/505/492 501/563/492 502/565/492
f 466/506/493 528/564/493 529/566/493
f 440/507/494 502/565/494 503/567/494
f 467/508/495 529/566/495 530/568/495
f 441/509/496 503/567/496 504/569/496
f 468/510/497 530/568/497 531/570/497
f 442/511/498 504/569/498 505/571/498
f 469/512/499 531/570/499 532/572/499
f 443/513/500 505/571/500 506/573/500
f 470/514/501 532/572/501 533/574/501
f 444/515/502 506/573/502 507/575/502
f 471/516/503 533/574/503 534/576/503
f 445/517/504 507/575/504 508/577/504
f 472/518/505 534/576/505 535/578/505
f 446/454/506 508/577/506 509/579/506
f 473/456/507 535/578/507 536/580/507
f 447/455/508 509/579/508 510/581/508
f 474/457/509 536/580/509 537/582/509
f 448/458/510 510/581/510 511/519/510
f 422/460/511 1/583/511 485/521/511
f 475/461/512 537/582/512 538/523/512
f 514/528/513 576/584/513 577/585/513
f 488/529/514 550/586/514 551/587/514
f 541/530/515 603/588/515 604/589/515
f 515/531/516 577/585/516 578/590/516
f 489/532/517 551/587/517 552/591/517
f 542/533/518 604/589/518 605/592/518
f 516/534/519 578/590/519 579/593/519
f 490/535/520 552/591/520 553/594/520
f 543/536/521 605/592/521 606/595/521
f 517/537/522 579/593/522 580/596/522
f 491/538/523 553/594/523 554/597/523
f 544/539/524 606/595/524 607/598/524
f 518/540/525 580/596/525 581/599/525
f 492/541/526 554/597/526 555/600/526
f 545/542/527 607/598/527 608/601/527
f 519/543/528 581/599/528 582/602/528
f 493/544/529 555/600/529 556/603/529
f 546/545/530 608/601/530 609/604/530
f 520/546/531 582/602/531 583/605/531
f 494/547/532 556/603/532 557/606/532
f 547/548/533 609/604/533 610/607/533
f 521/549/534 583/605/534 584/608/534
f 495/550/535 557/606/535 558/609/535
f 43/610/536 547/548/536 610/607/536
f 522/552/537 584/608/537 585/611/537
f 496/553/538 558/609/538 559/612/538
f 523/554/539 585/611/539 586/613/539
f 497/555/540 559/612/540 560/614/540
f 524/556/541 586/613/541 587/615/541
f 498/557/542 560/614/542 561/616/542
f 525/558/543 587/615/543 588/617/543
f 499/559/544 561/616/544 562/618/544
f 526/560/545 588/617/545 589/619/545
f 500/561/546 562/618/546 563/620/546
f 527/562/547 589/619/547 590/621/547
f 501/563/548 563/620/548 564/622/548
f 528/564/549 590/621/549 591/623/549
f 502/565/550 564/622/550 565/624/550
f 529/566/551 591/623/551 592/625/551
f 503/567/552 565/624/552 566/626/552
f 530/568/553 592/625/553 593/627/553
f 504/569/554 566/626/554 567/628/554
f 531/570/555 593/627/555 594/629/555
f 505/571/556 567/628/556 568/630/556
f 532/572/557 594/629/557 595/631/557
f 506/573/558 568/630/558 569/632/558
f 533/574/559 595/631/559 596/633/559
f 507/575/560 569/632/560 570/634/560
f 534/576/561 596/633/561 597/635/561
f 508/577/562 570/634/562 571/636/562
f 535/578/563 597/635/563 598/637/563
f 509/579/564 571/636/564 572/638/564
f 536/580/565 598/637/565 599/639/565
f 510/581/566 572/638/566 573/640/566
f 537/582/567 599/639/567 600/641/567
f 511/519/568 573/640/568 574/642/568
f 485/521/569 1/643/569 548/644/569
f 538/523/570 600/641/570 601/645/570
f 512/520/571 574/642/571 575/646/571
f 486/522/572 548/644/572 549/647/572
f 539/524/573 601/645/573 602/648/573
f 513/525/574 575/646/574 576/584/574
f 487/526/575 549/647/575 550/586/575
f 540/527/576 602/648/576 603/588/576
f 579/593/577 641/649/577 642/650/577
f 553/594/578 615/651/578 616/652/578
f 606/595/579 668/653/579 669/654/579
f 580/596/580 642/650/580 643/655/580
f 554/597/581 616/652/581 617/656/581
f 607/598/582 669/654/582 670/657/582
f 581/599/583 643/655/583 644/658/583
f 555/600/584 617/656/584 618/659/584
f 608/601/585 670/657/585 671/660/585
f 582/602/586 644/658/586 645/661/586
f 556/603/587 618/659/587 619/662/587
f 609/604/588 671/660/588 672/663/588
f 583/605/589 645/661/589 646/664/589
f 557/606/590 619/662/590 620/665/590
f 610/607/591 672/663/591 673/666/591
f 584/608/592 646/664/592 647/667/592
f 558/609/593 620/665/593 621/668/593
f 43/669/594 610/607/594 673/666/594
f 585/611/595 647/667/595 648/670/595
f 559/612/596 621/668/596 622/671/596
f 586/613/597 648/670/597 649/672/597
f 560/614/598 622/671/598 623/673/598
f 587/615/599 649/672/599 650/674/599
f 561/616/600 623/673/600 624/675/600
f 588/617/601 650/674/601 651/676/601
f 562/618/602 624/675/602 625/677/602
f 589/619/603 651/676/603 652/678/603
f 563/620/604 625/677/604 626/679/604
f 590/621/605 652/678/605 653/680/605
f 564/622/606 626/679/606 627/681/606
f 591/623/607 653/680/607 654/682/607
f 565/624/608 627/681/608 628/683/608
f 592/625/609 654/682/609 655/684/609
f 566/626/610 628/683/610 629/685/610
f 593/627/611 655/684/611 656/686/611
f 567/628/612 629/685/612 630/687/612
f 594/629/613 656/686/613 657/688/613
f 568/630/614 630/687/614 631/689/614
f 595/631/615 657/688/615 658/690/615
f 569/632/616 631/689/616 632/691/616
f 596/633/617 658/690/617 659/692/617
f 570/634/618 632/691/618 633/693/618
f 597/635/619 659/692/619 660/694/619
f 571/636/620 633/693/620 634/695/620
f 598/637/621 660/694/621 661/696/621
f 572/638/622 634/695/622 635/697/622
f 599/639/623 661/696/623 662/698/623
f 573/640/624 635/697/624 636/699/624
f 600/641/625 662/698/625 663/700/625
f 574/642/626 636/699/626 637/701/626
f 548/644/627 1/702/627 611/703/627
f 601/645/628 663/700/628 664/704/628
f 575/646/629 637/701/629 638/705/629
f 549/647/630 611/703/630 612/706/630
f 602/648/631 664/704/631 665/707/631
f 576/584/632 638/705/632 639/708/632
f 550/586/633 612/706/633 613/709/633
f 603/588/634 665/707/634 666/710/634
f 577/585/635 639/708/635 640/711/635
f 551/587/636 613/709/636 614/712/636
f 604/589/637 666/710/637 667/713/637
f 578/590/638 640/711/638 641/649/638
f 552/591/639 614/712/639 615/651/639
f 605/592/640 667/713/640 668/653/640
f 644/658/641 706/714/641 707/715/641
f 618/659/642 680/716/642 681/717/642
f 671/660/643 733/718/643 734/719/643
f 645/661/644 707/715/644 708/720/644
f 619/662/645 681/717/645 682/721/645
f 672/663/646 734/719/646 735/722/646
f 646/664/647 708/720/647 709/723/647
f 620/665/648 682/721/648 683/724/648
f 673/666/649 735/722/649 736/725/649
f 647/667/650 709/723/650 710/726/650
f 621/668/651 683/724/651 684/727/651
f 43/728/652 673/666/652 736/725/652
f 648/670/653 710/726/653 711/729/653
f 622/671/654 684/727/654 685/730/654
f 649/672/655 711/729/655 712/731/655
f 623/673/656 685/730/656 686/732/656
f 650/674/657 712/731/657 713/733/657
f 624/675/658 686/732/658 687/734/658
f 651/676/659 713/733/659 714/735/659
f 625/677/660 687/734/660 688/736/660
f 652/678/661 714/735/661 715/737/661
f 626/679/662 688/736/662 689/738/662
f 653/680/663 715/737/663 716/739/663
f 627/681/664 689/738/664 690/740/664
f 654/682/665 716/739/665 717/741/665
f 628/683/666 690/740/666 691/742/666
f 655/684/667 717/741/667 718/743/667
f 629/685/668 691/742/668 692/744/668
f 656/686/669 718/743/669 719/745/669
f 630/687/670 692/744/670 693/746/670
f 657/688/671 719/745/671 720/747/671
f 631/689/672 693/746/672 694/748/672
f 658/690/673 720/747/673 721/749/673
f 632/691/674 694/748/674 695/750/674
f 659/692/675 721/749/675 722/751/675
f 633/693/676 695/750/676 696/752/676
f 660/694/677 722/751/677 723/753/677
f 634/695/678 696/752/678 697/754/678
f 661/696/679 723/753/679 724/755/679
f 635/697/680 697/754/680 698/756/680
f 662/698/681 724/755/681 725/757/681
f 636/699/682 698/756/682 699/758/682
f 663/700/683 725/757/683 726/759/683
f 637/701/684 699/758/684 700/760/684
f 611/703/685 1/761/685 674/762/685
f 664/704/686 726/759/686 727/763/686
f 638/705/687 700/760/687 701/764/687
f 612/706/688 674/762/688 675/765/688
f 665/707/689 727/763/689 728/766/689
f 639/708/690 701/764/690 702/767/690
f 613/709/691 675/765/691 676/768/691
f 666/710/692 728/766/692 729/769/692
f 640/711/693 702/767/693 703/770/693
f 614/712/694 676/768/694 677/771/694
f 667/713/695 729/769/695 730/772/695
f 641/649/696 703/770/696 704/773/696
f 615/651/697 677/771/697 678/774/697
f 668/653/698 730/772/698 731/775/698
f 642/650/699 704/773/699 705/776/699
f 616/652/700 678/774/700 679/777/700
f 669/654/701 731/775/701 732/778/701
f 643/655/702 705/776/702 706/714/702
f 617/656/703 679/777/703 680/716/703
f 670/657/704 732/778/704 733/718/704
f 709/723/705 771/779/705 772/780/705
f 683/724/706 745/781/706 746/782/706
f 736/725/707 798/783/707 799/784/707
f 710/726/708 772/780/708 773/785/708
f 684/727/709 746/782/709 747/786/709
f 43/787/710 736/725/710 799/784/710
f 711/729/711 773/785/711 774/788/711
f 685/730/712 747/786/712 748/789/712
f 712/731/713 774/788/713 775/790/713
f 686/732/714 748/789/714 749/791/714
f 713/733/715 775/790/715 776/792/715
f 687/734/716 749/791/716 750/793/716
f 714/735/717 776/792/717 777/794/717
f 688/736/718 750/793/718 751/795/718
f 715/737/719 777/794/719 778/796/719
f 689/738/720 751/795/720 752/797/720
f 716/739/721 778/796/721 779/798/721
f 690/740/722 752/797/722 753/799/722
f 717/741/723 779/798/723 780/800/723
f 691/742/724 753/799/724 754/801/724
f 718/743/725 780/800/725 781/802/725
f 692/744/726 754/801/726 755/803/726
f 719/745/727 781/802/727 782/804/727
f 693/746/728 755/803/728 756/805/728
f 720/747/729 782/804/729 783/806/729
f 694/748/730 756/805/730 757/807/730
f 721/749/731 783/806/731 784/808/731
f 695/750/732 757/807/732 758/809/732
f 722/751/733 784/808/733 785/810/733
f 696/752/734 758/809/734 759/811/734
f 723/753/735 785/810/735 786/812/735
f 697/754/736 759/811/736 760/813/736
f 724/755/737 786/812/737 787/814/737
f 698/756/738 760/813/738 761/815/738
f 725/757/739 787/814/739 788/816/739
f 699/758/740 761/815/740 762/817/740
f 726/759/741 788/816/741 789/818/741
f 700/760/742 762/817/742 763/819/742
f 674/762/743 1/820/743 737/821/743
f 727/763/744 789/818/744 790/822/744
f 701/764/745 763/819/745 764/823/745
f 675/765/746 737/821/746 738/824/746
f 728/766/747 790/822/747 791/825/747
f 702/767/748 764/823/748 765/826/748
f 676/768/749 738/824/749 739/827/749
f 729/769/750 791/825/750 792/828/750
f 703/770/751 765/826/751 766/829/751
f 677/771/752 739/827/752 740/830/752
f 730/772/753 792/828/753 793/831/753
f 704/773/754 766/829/754 767/832/754
f 678/774/755 740/830/755 741/833/755
f 731/775/756 793/831/756 794/834/756
f 705/776/757 767/832/757 768/835/757
f 679/777/758 741/833/758 742/836/758
f 732/778/759 794/834/759 795/837/759
f 706/714/760 768/835/760 769/838/760
f 680/716/761 742/836/761 743/839/761
f 733/718/762 795/837/762 796/840/762
f 707/715/763 769/838/763 770/841/763
f 681/717/764 743/839/764 744/842/764
f 734/719/765 796/840/765 797/843/765
f 708/720/766 770/841/766 771/779/766
f 682/721/767 744/842/767 745/781/767
f 735/722/768 797/843/768 798/783/768
f 774/788/769 836/844/769 837/845/769
f 748/789/770 810/846/770 811/847/770
f 775/790/771 837/845/771 838/848/771
f 749/791/772 811/847/772 812/849/772
f 776/792/773 838/848/773 839/850/773
f 750/793/774 812/849/774 813/851/774
f 777/794/775 839/850/775 840/852/775
f 751/795/776 813/851/776 814/853/776
f 778/796/777 840/852/777 841/854/777
f 752/797/778 814/853/778 815/855/778
f 779/798/779 841/854/779 842/856/779
f 753/799/780 815/855/780 816/857/780
f 780/800/781 842/856/781 843/858/781
f 754/801/782 816/857/782 817/859/782
f 781/802/783 843/858/783 844/860/783
f 755/803/784 817/859/784 818/861/784
f 782/804/785 844/860/785 845/862/785
f 756/805/786 818/861/786 819/863/786
f 783/806/787 845/862/787 846/864/787
f 757/807/788 819/863/788 820/865/788
f 784/808/789 846/864/789 847/866/789
f 758/809/790 820/865/790 821/867/790
f 785/810/791 847/866/791 848/868/791
f 759/811/792 821/867/792 822/869/792
f 786/812/793 848/868/793 849/870/793
f 760/813/794 822/869/794 823/871/794
f 787/814/795 849/870/795 850/872/795
f 761/815/796 823/871/796 824/873/796
f 788/816/797 850/872/797 851/874/797
f 762/817/798 824/873/798 825/875/798
f 789/818/799 851/874/799 852/876/799
f 763/819/800 825/875/800 826/877/800
f 737/821/801 1/878/801 800/879/801
f 790/822/802 852/876/802 853/880/802
f 764/823/803 826/877/803 827/881/803
f 738/824/804 800/879/804 801/882/804
f 791/825/805 853/880/805 854/883/805
f 765/826/806 827/881/806 828/884/806
f 739/827/807 801/882/807 802/885/807
f 792/828/808 854/883/808 855/886/808
f 766/829/809 828/884/809 829/887/809
f 740/830/810 802/885/810 803/888/810
f 793/831/811 855/886/811 856/889/811
f 767/832/812 829/887/812 830/890/812
f 741/833/813 803/888/813 804/891/813
f 794/834/814 856/889/814 857/892/814
f 768/835/815 830/890/815 831/893/815
f 742/836/816 804/891/816 805/894/816
f 795/837/817 857/892/817 858/895/817
f 769/838/818 831/893/818 832/896/818
f 743/839/819 805/894/819 806/897/819
f 796/840/820 858/895/820 859/898/820
f 770/841/821 832/896/821 833/899/821
f 744/842/822 806/897/822 807/900/822
f 797/843/823 859/898/823 860/901/823
f 771/779/824 833/899/824 834/902/824
f 745/781/825 807/900/825 808/903/825
f 798/783/826 860/901/826 861/904/826
f 772/780/827 834/902/827 835/905/827
f 746/782/828 808/903/828 809/906/828
f 799/784/829 861/904/829 862/907/829
f 773/785/830 835/905/830 836/844/830
f 747/786/831 809/906/831 810/846/831
f 43/908/832 799/784/832 862/907/832
f 813/851/833 875/909/833 876/910/833
f 856/889/834 918/911/834 919/912/834
f 830/890/835 892/913/835 893/914/835
f 814/853/836 876/910/836 877/915/836
f 857/892/837 919/912/837 920/916/837
f 831/893/838 893/914/838 894/917/838
f 815/855/839 877/915/839 878/918/839
f 858/895/840 920/916/840 921/919/840
f 832/896/841 894/917/841 895/920/841
f 816/857/842 878/918/842 879/921/842
f 859/898/843 921/919/843 922/922/843
f 833/899/844 895/920/844 896/923/844
f 817/859/845 879/921/845 880/924/845
f 860/901/846 922/922/846 923/925/846
f 834/902/847 896/923/847 897/926/847
f 818/861/848 880/924/848 881/927/848
f 861/904/849 923/925/849 924/928/849
f 835/905/850 897/926/850 898/929/850
f 819/863/851 881/927/851 882/930/851
f 862/907/852 924/928/852 925/931/852
f 836/844/853 898/929/853 899/932/853
f 820/865/854 882/930/854 883/933/854
f 43/934/855 862/907/855 925/931/855
f 837/845/856 899/932/856 900/935/856
f 821/867/857 883/933/857 884/936/857
f 838/848/858 900/935/858 901/937/858
f 822/869/859 884/936/859 885/938/859
f 839/850/860 901/937/860 902/939/860
f 823/871/861 885/938/861 886/940/861
f 840/852/862 902/939/862 903/941/862
f 824/873/863 886/940/863 887/942/863
f 841/854/864 903/941/864 904/943/864
f 825/875/865 887/942/865 888/944/865
f 842/856/866 904/943/866 905/945/866
f 800/879/867 1/946/867 863/947/867
f 843/858/868 905/945/868 906/948/868
f 801/882/869 863/947/869 864/949/869
f 844/860/870 906/948/870 907/950/870
f 802/885/871 864/949/871 865/951/871
f 845/862/872 907/950/872 908/952/872
f 803/888/873 865/951/873 866/953/873
f 846/864/874 908/952/874 909/954/874
f 804/891/875 866/953/875 867/955/875
f 847/866/876 909/954/876 910/956/876
f 805/894/877 867/955/877 868/957/877
f 848/868/878 910/956/878 911/958/878
f 806/897/879 868/957/879 869/959/879
f 849/870/880 911/958/880 912/960/880
f 807/900/881 869/959/881 870/961/881
f 850/872/882 912/960/882 913/962/882
f 808/903/883 870/961/883 871/963/883
f 851/874/884 913/962/884 914/964/884
f 809/906/885 871/963/885 872/965/885
f 852/876/886 914/964/886 915/966/886
f 826/877/887 888/944/887 889/967/887
f 810/846/888 872/965/888 873/968/888
f 853/880/889 915/966/889 916/969/889
f 827/881/890 889/967/890 890/970/890
f 811/847/891 873/968/891 874/971/891
f 854/883/892 916/969/892 917/972/892
f 828/884/893 890/970/893 891/973/893
f 812/849/894 874/971/894 875/909/894
f 855/886/895 917/972/895 918/911/895
f 829/887/896 891/973/896 892/913/896
f 921/919/897 983/974/897 984/975/897
f 895/920/898 957/976/898 958/977/898
f 869/959/899 931/978/899 932/979/899
f 922/922/900 984/975/900 985/980/900
f 896/923/901 958/977/901 959/981/901
f 870/961/902 932/979/902 933/982/902
f 923/925/903 985/980/903 986/983/903
f 897/926/904 959/981/904 960/984/904
f 871/963/905 933/982/905 934/985/905
f 924/928/906 986/983/906 987/986/906
f 898/929/907 960/984/907 961/987/907
f 872/965/908 934/985/908 935/988/908
f 925/931/909 987/986/909 988/989/909
f 899/932/910 961/987/910 962/990/910
f 873/968/911 935/988/911 936/991/911
f 43/992/912 925/931/912 988/989/912
f 900/935/913 962/990/913 963/993/913
f 874/971/914 936/991/914 937/994/914
f 901/937/915 963/993/915 964/995/915
f 875/909/916 937/994/916 938/996/916
f 902/939/917 964/995/917 965/997/917
f 876/910/918 938/996/918 939/998/918
f 903/941/919 965/997/919 966/999/919
f 877/915/920 939/998/920 940/1000/920
f 904/943/921 966/999/921 967/1001/921
f 878/918/922 940/1000/922 941/1002/922
f 905/945/923 967/1001/923 968/1003/923
f 879/921/924 941/1002/924 942/1004/924
f 906/948/925 968/1003/925 969/1005/925
f 880/924/926 942/1004/926 943/1006/926
f 907/950/927 969/1005/927 970/1007/927
f 881/927/928 943/1006/928 944/1008/928
f 908/952/929 970/1007/929 971/1009/929
f 882/930/930 944/1008/930 945/1010/930
f 909/954/931 971/1009/931 972/1011/931
f 883/933/932 945/1010/932 946/1012/932
f 910/956/933 972/1011/933 973/1013/933
f 884/936/934 946/1012/934 947/1014/934
f 911/958/935 973/1013/935 974/1015/935
f 885/938/936 947/1014/936 948/1016/936
f 912/960/937 974/1015/937 975/1017/937
f 886/940/938 948/1016/938 949/1018/938
f 913/962/939 975/1017/939 976/1019/939
f 887/942/940 949/1018/940 950/1020/940
f 914/964/941 976/1019/941 977/1021/941
f 888/944/942 950/1020/942 951/1022/942
f 915/966/943 977/1021/943 978/1023/943
f 889/967/944 951/1022/944 952/1024/944
f 863/947/945 1/1025/945 926/1026/945
f 916/969/946 978/1023/946 979/1027/946
f 890/970/947 952/1024/947 953/1028/947
f 864/949/948 926/1026/948 927/1029/948
f 917/972/949 979/1027/949 980/1030/949
f 891/973/950 953/1028/950 954/1031/950
f 865/951/951 927/1029/951 928/1032/951
f 918/911/952 980/1030/952 981/1033/952
f 892/913/953 954/1031/953 955/1034/953
f 866/953/954 928/1032/954 929/1035/954
f 919/912/955 981/1033/955 982/1036/955
f 893/914/956 955/1034/956 956/1037/956
f 867/955/957 929/1035/957 930/1038/957
f 920/916/958 982/1036/958 983/974/958
f 894/917/959 956/1037/959 957/976/959
f 868/957/960 930/1038/960 931/978/960
f 986/983/961 1048/1039/961 1049/1040/961
f 960/984/962 1022/1041/962 1023/1042/962
f 934/985/963 996/1043/963 997/1044/963
f 987/986/964 1049/1040/964 1050/1045/964
f 961/987/965 1023/1042/965 1024/1046/965
f 935/988/966 997/1044/966 998/1047/966
f 988/989/967 1050/1045/967 1051/1048/967
f 962/990/968 1024/1046/968 1025/1049/968
f 936/991/969 998/1047/969 999/1050/969
f 43/1051/970 988/989/970 1051/1048/970
f 963/993/971 1025/1049/971 1026/1052/971
f 937/994/972 999/1050/972 1000/1053/972
f 964/995/973 1026/1052/973 1027/1054/973
f 938/996/974 1000/1053/974 1001/1055/974
f 965/997/975 1027/1054/975 1028/1056/975
f 939/998/976 1001/1055/976 1002/1057/976
f 966/999/977 1028/1056/977 1029/1058/977
f 940/1000/978 1002/1057/978 1003/1059/978
f 967/1001/979 1029/1058/979 1030/1060/979
f 941/1002/980 1003/1059/980 1004/1061/980
f 968/1003/981 1030/1060/981 1031/1062/981
f 942/1004/982 1004/1061/982 1005/1063/982
f 969/1005/983 1031/1062/983 1032/1064/983
f 943/1006/984 1005/1063/984 1006/1065/984
f 970/1007/985 1032/1064/985 1033/1066/985
f 944/1008/986 1006/1065/986 1007/1067/986
f 971/1009/987 1033/1066/987 1034/1068/987
f 945/1010/988 1007/1067/988 1008/1069/988
f 972/1011/989 1034/1068/989 1035/1070/989
f 946/1012/990 1008/1069/990 1009/1071/990
f 973/1013/991 1035/1070/991 1036/1072/991
f 947/1014/992 1009/1071/992 1010/1073/992
f 974/1015/993 1036/1072/993 1037/1074/993
f 948/1016/994 1010/1073/994 1011/1075/994
f 975/1017/995 1037/1074/995 1038/1076/995
f 949/1018/996 1011/1075/996 1012/1077/996
f 976/1019/997 1038/1076/997 1039/1078/997
f 950/1020/998 1012/1077/998 1013/1079/998
f 977/1021/999 1039/1078/999 1040/1080/999
f 951/1022/1000 1013/1079/1000 1014/1081/1000
f 978/1023/1001 1040/1080/1001 1041/1082/1001
f 952/1024/1002 1014/1081/1002 1015/1083/1002
f 926/1026/1003 1/1084/1003 989/1085/1003
f 979/1027/1004 1041/1082/1004 1042/1086/1004
f 953/1028/1005 1015/1083/1005 1016/1087/1005
f 927/1029/1006 989/1085/1006 990/1088/1006
f 980/1030/1007 1042/1086/1007 1043/1089/1007
f 954/1031/1008 1016/1087/1008 1017/1090/1008
f 928/1032/1009 990/1088/1009 991/1091/1009
f 981/1033/1010 1043/1089/1010 1044/1092/1010
f 955/1034/1011 1017/1090/1011 1018/1093/1011
f 929/1035/1012 991/1091/1012 992/1094/1012
f 982/1036/1013 1044/1092/1013 1045/1095/1013
f 956/1037/1014 1018/1093/1014 1019/1096/1014
f 930/1038/1015 992/1094/1015 993/1097/1015
f 983/974/1016 1045/1095/1016 1046/1098/1016
f 957/976/1017 1019/1096/1017 1020/1099/1017
f 931/978/1018 993/1097/1018 994/1100/1018
f 984/975/1019 1046/1098/1019 1047/1101/1019
f 958/977/1020 1020/1099/1020 1021/1102/1020
f 932/979/1021 994/1100/1021 995/1103/1021
f 985/980/1022 1047/1101/1022 1048/1039/1022
f 959/981/1023 1021/1102/1023 1022/1041/1023
f 933/982/1024 995/1103/1024 996/1043/1024
f 1051/1048/1025 1113/1104/1025 1114/1105/1025
f 1025/1049/1026 1087/1106/1026 1088/1107/1026
f 999/1050/1027 1061/1108/1027 1062/1109/1027
f 43/1110/1028 1051/1048/1028 1114/1105/1028
f 1026/1052/1029 1088/1107/1029 1089/1111/1029
f 1000/1053/1030 1062/1109/1030 1063/1112/1030
f 1027/1054/1031 1089/1111/1031 1090/1113/1031
f 1001/1055/1032 1063/1112/1032 1064/1114/1032
f 1028/1056/1033 1090/1113/1033 1091/1115/1033
f 1002/1057/1034 1064/1114/1034 1065/1116/1034
f 1029/1058/1035 1091/1115/1035 1092/1117/1035
f 1003/1059/1036 1065/1116/1036 1066/1118/1036
f 1030/1060/1037 1092/1117/1037 1093/1119/1037
f 1004/1061/1038 1066/1118/1038 1067/1120/1038
f 1031/1062/1039 1093/1119/1039 1094/1121/1039
f 1005/1063/1040 1067/1120/1040 1068/1122/1040
f 1032/1064/1041 1094/1121/1041 1095/1123/1041
f 1006/1065/1042 1068/1122/1042 1069/1124/1042
f 1033/1066/1043 1095/1123/1043 1096/1125/1043
f 1007/1067/1044 1069/1124/1044 1070/1126/1044
f 1034/1068/1045 1096/1125/1045 1097/1127/1045
f 1008/1069/1046 1070/1126/1046 1071/1128/1046
f 1035/1070/1047 1097/1127/1047 1098/1129/1047
f 1009/1071/1048 1071/1128/1048 1072/1130/1048
f 1036/1072/1049 1098/1129/1049 1099/1131/1049
f 1010/1073/1050 1072/1130/1050 1073/1132/1050
f 1037/1074/1051 1099/1131/1051 1100/1133/1051
f 1011/1075/1052 1073/1132/1052 1074/1134/1052
f 1038/1076/1053 1100/1133/1053 1101/1135/1053
f 1012/1077/1054 1074/1134/1054 1075/1136/1054
f 1039/1078/1055 1101/1135/1055 1102/1137/1055
f 1013/1079/1056 1075/1136/1056 1076/1138/1056
f 1040/1080/1057 1102/1137/1057 1103/1139/1057
f 1014/1081/1058 1076/1138/1058 1077/1140/1058
f 1041/1082/1059 1103/1139/1059 1104/1141/1059
f 1015/1083/1060 1077/1140/1060 1078/1142/1060
f 989/1085/1061 1/1143/1061 1052/1144/1061
f 1042/1086/1062 1104/1141/1062 1105/1145/1062
f 1016/1087/1063 1078/1142/1063 1079/1146/1063
f 990/1088/1064 1052/1144/1064 1053/1147/1064
f 1043/1089/1065 1105/1145/1065 1106/1148/1065
f 1017/1090/1066 1079/1146/1066 1080/1149/1066
f 991/1091/1067 1053/1147/1067 1054/1150/1067
f 1044/1092/1068 1106/1148/1068 1107/1151/1068
f 1018/1093/1069 1080/1149/1069 1081/1152/1069
f 992/1094/1070 1054/1150/1070 1055/1153/1070
f 1045/1095/1071 1107/1151/1071 1108/1154/1071
f 1019/1096/1072 1081/1152/1072 1082/1155/1072
f 993/1097/1073 1055/1153/1073 1056/1156/1073
f 1046/1098/1074 1108/1154/1074 1109/1157/1074
f 1020/1099/1075 1082/1155/1075 1083/1158/1075
f 994/1100/1076 1056/1156/1076 1057/1159/1076
f 1047/1101/1077 1109/1157/1077 1110/1160/1077
f 1021/1102/1078 1083/1158/1078 1084/1161/1078
f 995/1103/1079 1057/1159/1079 1058/1162/1079
f 1048/1039/1080 1110/1160/1080 1111/1163/1080
f 1022/1041/1081 1084/1161/1081 1085/1164/1081
f 996/1043/1082 1058/1162/1082 1059/1165/1082
f 1049/1040/1083 1111/1163/1083 1112/1166/1083
f 1023/1042/1084 1085/1164/1084 1086/1167/1084
f 997/1044/1085 1059/1165/1085 1060/1168/1085
f 1050/1045/1086 1112/1166/1086 1113/1104/1086
f 1024/1046/1087 1086/1167/1087 1087/1106/1087
f 998/1047/1088 1060/1168/1088 1061/1108/1088
f 1090/1113/1089 1152/1169/1089 1153/1170/1089
f 1064/1114/1090 1126/1171/1090 1127/1172/1090
f 1091/1115/1091 1153/1170/1091 1154/1173/1091
f 1065/1116/1092 1127/1172/1092 1128/1174/1092
f 1092/1117/1093 1154/1173/1093 1155/1175/1093
f 1066/1118/1094 1128/1174/1094 1129/1176/1094
f 1093/1119/1095 1155/1175/1095 1156/1177/1095
f 1067/1120/1096 1129/1176/1096 1130/1178/1096
f 1094/1121/1097 1156/1177/1097 1157/1179/1097
f 1068/1122/1098 1130/1178/1098 1131/1180/1098
f 1095/1123/1099 1157/1179/1099 1158/1181/1099
f 1069/1124/1100 1131/1180/1100 1132/1182/1100
f 1096/1125/1101 1158/1181/1101 1159/1183/1101
f 1070/1126/1102 1132/1182/1102 1133/1184/1102
f 1097/1127/1103 1159/1183/1103 1160/1185/1103
f 1071/1128/1104 1133/1184/1104 1134/1186/1104
f 1098/1129/1105 1160/1185/1105 1161/1187/1105
f 1072/1130/1106 1134/1186/1106 1135/1188/1106
f 1099/1131/1107 1161/1187/1107 1162/1189/1107
f 1073/1132/1108 1135/1188/1108 1136/1190/1108
f 1100/1133/1109 1162/1189/1109 1163/1191/1109
f 1074/1134/1110 1136/1190/1110 1137/1192/1110
f 1101/1135/1111 1163/1191/1111 1164/1193/1111
f 1075/1136/1112 1137/1192/1112 1138/1194/1112
f 1102/1137/1113 1164/1193/1113 1165/1195/1113
f 1076/1138/1114 1138/1194/1114 1139/1196/1114
f 1103/1139/1115 1165/1195/1115 1166/1197/1115
f 1077/1140/1116 1139/1196/1116 1140/1198/1116
f 1104/1141/1117 1166/1197/1117 1167/1199/1117
f 1078/1142/1118 1140/1198/1118 1141/1200/1118
f 1052/1144/1119 1/1201/1119 1115/1202/1119
f 1105/1145/1120 1167/1199/1120 1168/1203/1120
f 1079/1146/1121 1141/1200/1121 1142/1204/1121
f 1053/1147/1122 1115/1202/1122 1116/1205/1122
f 1106/1148/1123 1168/1203/1123 1169/1206/1123
f 1080/1149/1124 1142/1204/1124 1143/1207/1124
f 1054/1150/1125 1116/1205/1125 1117/1208/1125
f 1107/1151/1126 1169/1206/1126 1170/1209/1126
f 1081/1152/1127 1143/1207/1127 1144/1210/1127
f 1055/1153/1128 1117/1208/1128 1118/1211/1128
f 1108/1154/1129 1170/1209/1129 1171/1212/1129
f 1082/1155/1130 1144/1210/1130 1145/1213/1130
f 1056/1156/1131 1118/1211/1131 1119/1214/1131
f 1109/1157/1132 1171/1212/1132 1172/1215/1132
f 1083/1158/1133 1145/1213/1133 1146/1216/1133
f 1057/1159/1134 1119/1214/1134 1120/1217/1134
f 1110/1160/1135 1172/1215/1135 1173/1218/1135
f 1084/1161/1136 1146/1216/1136 1147/1219/1136
f 1058/1162/1137 1120/1217/1137 1121/1220/1137
f 1111/1163/1138 1173/1218/1138 1174/1221/1138
f 1085/1164/1139 1147/1219/1139 1148/1222/1139
f 1059/1165/1140 1121/1220/1140 1122/1223/1140
f 1112/1166/1141 1174/1221/1141 1175/1224/1141
f 1086/1167/1142 1148/1222/1142 1149/1225/1142
f 1060/1168/1143 1122/1223/1143 1123/1226/1143
f 1113/1104/1144 1175/1224/1144 1176/1227/1144
f 1087/1106/1145 1149/1225/1145 1150/1228/1145
f 1061/1108/1146 1123/1226/1146 1124/1229/1146
f 1114/1105/1147 1176/1227/1147 1177/1230/1147
f 1088/1107/1148 1150/1228/1148 1151/1231/1148
f 1062/1109/1149 1124/1229/1149 1125/1232/1149
f 43/1233/1150 1114/1105/1150 1177/1230/1150
f 1089/1111/1151 1151/1231/1151 1152/1169/1151
f 1063/1112/1152 1125/1232/1152 1126/1171/1152
f 1155/1175/1153 1217/1234/1153 1218/1235/1153
f 1129/1176/1154 1191/1236/1154 1192/1237/1154
f 1156/1177/1155 1218/1235/1155 1219/1238/1155
f 1130/1178/1156 1192/1237/1156 1193/1239/1156
f 1157/1179/1157 1219/1238/1157 1220/1240/1157
f 1131/1180/1158 1193/1239/1158 1194/1241/1158
f 1158/1181/1159 1220/1240/1159 1221/1242/1159
f 1132/1182/1160 1194/1241/1160 1195/1243/1160
f 1159/1183/1161 1221/1242/1161 1222/1244/1161
f 1133/1184/1162 1195/1243/1162 1196/1245/1162
f 1160/1185/1163 1222/1244/1163 1223/1246/1163
f 1134/1186/1164 1196/1245/1164 1197/1247/1164
f 1161/1187/1165 1223/1246/1165 1224/1248/1165
f 1135/1188/1166 1197/1247/1166 1198/1249/1166
f 1162/1189/1167 1224/1248/1167 1225/1250/1167
f 1136/1190/1168 1198/1249/1168 1199/1251/1168
f 1163/1191/1169 1225/1250/1169 1226/1252/1169
f 1137/1192/1170 1199/1251/1170 1200/1253/1170
f 1164/1193/1171 1226/1252/1171 1227/1254/1171
f 1138/1194/1172 1200/1253/1172 1201/1255/1172
f 1165/1195/1173 1227/1254/1173 1228/1256/1173
f 1139/1196/1174 1201/1255/1174 1202/1257/1174
f 1166/1197/1175 1228/1256/1175 1229/1258/1175
f 1140/1198/1176 1202/1257/1176 1203/1259/1176
f 1167/1199/1177 1229/1258/1177 1230/1260/1177
f 1141/1200/1178 1203/1259/1178 1204/1261/1178
f 1115/1202/1179 1/1262/1179 1178/1263/1179
f 1168/1203/1180 1230/1260/1180 1231/1264/1180
f 1142/1204/1181 1204/1261/1181 1205/1265/1181
f 1116/1205/1182 1178/1263/1182 1179/1266/1182
f 1169/1206/1183 1231/1264/1183 1232/1267/1183
f 1143/1207/1184 1205/1265/1184 1206/1268/1184
f 1117/1208/1185 1179/1266/1185 1180/1269/1185
f 1170/1209/1186 1232/1267/1186 1233/1270/1186
f 1144/1210/1187 1206/1268/1187 1207/1271/1187
f 1118/1211/1188 1180/1269/1188 1181/1272/1188
f 1171/1212/1189 1233/1270/1189 1234/1273/1189
f 1145/1213/1190 1207/1271/1190 1208/1274/1190
f 1119/1214/1191 1181/1272/1191 1182/1275/1191
f 1172/1215/1192 1234/1273/1192 1235/1276/1192
f 1146/1216/1193 1208/1274/1193 1209/1277/1193
f 1120/1217/1194 1182/1275/1194 1183/1278/1194
f 1173/1218/1195 1235/1276/1195 1236/1279/1195
f 1147/1219/1196 1209/1277/1196 1210/1280/1196
f 1121/1220/1197 1183/1278/1197 1184/1281/1197
f 1174/1221/1198 1236/1279/1198 1237/1282/1198
f 1148/1222/1199 1210/1280/1199 1211/1283/1199
f 1122/1223/1200 1184/1281/1200 1185/1284/1200
f 1175/1224/1201 1237/1282/1201 1238/1285/1201
f 1149/1225/1202 1211/1283/1202 1212/1286/1202
f 1123/1226/1203 1185/1284/1203 1186/1287/1203
f 1176/1227/1204 1238/1285/1204 1239/1288/1204
f 1150/1228/1205 1212/1286/1205 1213/1289/1205
f 1124/1229/1206 1186/1287/1206 1187/1290/1206
f 1177/1230/1207 1239/1288/1207 1240/1291/1207
f 1151/1231/1208 1213/1289/1208 1214/1292/1208
f 1125/1232/1209 1187/1290/1209 1188/1293/1209
f 43/1294/1210 1177/1230/1210 1240/1291/1210
f 1152/1169/1211 1214/1292/1211 1215/1295/1211
f 1126/1171/1212 1188/1293/1212 1189/1296/1212
f 1153/1170/1213 1215/1295/1213 1216/1297/1213
f 1127/1172/1214 1189/1296/1214 1190/1298/1214
f 1154/1173/1215 1216/1297/1215 1217/1234/1215
f 1128/1174/1216 1190/1298/1216 1191/1236/1216
f 1220/1240/1217 1282/1299/1217 1283/1300/1217
f 1194/1241/1218 1256/1301/1218 1257/1302/1218
f 1221/1242/1219 1283/1300/1219 1284/1303/1219
f 1195/1243/1220 1257/1302/1220 1258/1304/1220
f 1222/1244/1221 1284/1303/1221 1285/1305/1221
f 1196/1245/1222 1258/1304/1222 1259/1306/1222
f 1223/1246/1223 1285/1305/1223 1286/1307/1223
f 1197/1247/1224 1259/1306/1224 1260/1308/1224
f 1224/1248/1225 1286/1307/1225 1287/1309/1225
f 1198/1249/1226 1260/1308/1226 1261/1310/1226
f 1225/1250/1227 1287/1309/1227 1288/1311/1227
f 1199/1251/1228 1261/1310/1228 1262/1312/1228
f 1226/1252/1229 1288/1311/1229 1289/1313/1229
f 1200/1253/1230 1262/1312/1230 1263/1314/1230
f 1227/1254/1231 1289/1313/1231 1290/1315/1231
f 1201/1255/1232 1263/1314/1232 1264/1316/1232
f 1228/1256/1233 1290/1315/1233 1291/1317/1233
f 1202/1257/1234 1264/1316/1234 1265/1318/1234
f 1229/1258/1235 1291/1317/1235 1292/1319/1235
f 1203/1259/1236 1265/1318/1236 1266/1320/1236
f 1230/1260/1237 1292/1319/1237 1293/1321/1237
f 1204/1261/1238 1266/1320/1238 1267/1322/1238
f 1178/1263/1239 1/1323/1239 1241/1324/1239
f 1231/1264/1240 1293/1321/1240 1294/1325/1240
f 1205/1265/1241 1267/1322/1241 1268/1326/1241
f 1179/1266/1242 1241/1324/1242 1242/1327/1242
f 1232/1267/1243 1294/1325/1243 1295/1328/1243
f 1206/1268/1244 1268/1326/1244 1269/1329/1244
f 1180/1269/1245 1242/1327/1245 1243/1330/1245
f 1233/1270/1246 1295/1328/1246 1296/1331/1246
f 1207/1271/1247 1269/1329/1247 1270/1332/1247
f 1181/1272/1248 1243/1330/1248 1244/1333/1248
f 1234/1273/1249 1296/1331/1249 1297/1334/1249
f 1208/1274/1250 1270/1332/1250 1271/1335/1250
f 1182/1275/1251 1244/1333/1251 1245/1336/1251
f 1235/1276/1252 1297/1334/1252 1298/1337/1252
f 1209/1277/1253 1271/1335/1253 1272/1338/1253
f 1183/1278/1254 1245/1336/1254 1246/1339/1254
f 1236/1279/1255 1298/1337/1255 1299/1340/1255
f 1210/1280/1256 1272/1338/1256 1273/1341/1256
f 1184/1281/1257 1246/1339/1257 1247/1342/1257
f 1237/1282/1258 1299/1340/1258 1300/1343/1258
f 1211/1283/1259 1273/1341/1259 1274/1344/1259
f 1185/1284/1260 1247/1342/1260 1248/1345/1260
f 1238/1285/1261 1300/1343/1261 1301/1346/1261
f 1212/1286/1262 1274/1344/1262 1275/1347/1262
f 1186/1287/1263 1248/1345/1263 1249/1348/1263
f 1239/1288/1264 1301/1346/1264 1302/1349/1264
f 1213/1289/1265 1275/1347/1265 1276/1350/1265
f 1187/1290/1266 1249/1348/1266 1250/1351/1266
f 1240/1291/1267 1302/1349/1267 1303/1352/1267
f 1214/1292/1268 1276/1350/1268 1277/1353/1268
f 1188/1293/1269 1250/1351/1269 1251/1354/1269
f 43/1355/1270 1240/1291/1270 1303/1352/1270
f 1215/1295/1271 1277/1353/1271 1278/1356/1271
f 1189/1296/1272 1251/1354/1272 1252/1357/1272
f 1216/1297/1273 1278/1356/1273 1279/1358/1273
f 1190/1298/1274 1252/1357/1274 1253/1359/1274
f 1217/1234/1275 1279/1358/1275 1280/1360/1275
f 1191/1236/1276 1253/1359/1276 1254/1361/1276
f 1218/1235/1277 1280/1360/1277 1281/1362/1277
f 1192/1237/1278 1254/1361/1278 1255/1363/1278
f 1219/1238/1279 1281/1362/1279 1282/1299/1279
f 1193/1239/1280 1255/1363/1280 1256/1301/1280
f 1285/1305/1281 1347/1364/1281 1348/1365/1281
f 1259/1306/1282 1321/1366/1282 1322/1367/1282
f 1286/1307/1283 1348/1365/1283 1349/1368/1283
f 1260/1308/1284 1322/1367/1284 1323/1369/1284
f 1287/1309/1285 1349/1368/1285 1350/1370/1285
f 1261/1310/1286 1323/1369/1286 1324/1371/1286
f 1288/1311/1287 1350/1370/1287 1351/1372/1287
f 1262/1312/1288 1324/1371/1288 1325/1373/1288
f 1289/1313/1289 1351/1372/1289 1352/1374/1289
f 1263/1314/1290 1325/1373/1290 1326/1375/1290
f 1290/1315/1291 1352/1374/1291 1353/1376/1291
f 1264/1316/1292 1326/1375/1292 1327/1377/1292
f 1291/1317/1293 1353/1376/1293 1354/1378/1293
f 1265/1318/1294 1327/1377/1294 1328/1379/1294
f 1292/1319/1295 1354/1378/1295 1355/1380/1295
f 1266/1320/1296 1328/1379/1296 1329/1381/1296
f 1293/1321/1297 1355/1380/1297 1356/1382/1297
f 1267/1322/1298 1329/1381/1298 1330/1383/1298
f 1241/1324/1299 1/1384/1299 1304/1385/1299
f 1294/1325/1300 1356/1382/1300 1357/1386/1300
f 1268/1326/1301 1330/1383/1301 1331/1387/1301
f 1242/1327/1302 1304/1385/1302 1305/1388/1302
f 1295/1328/1303 1357/1386/1303 1358/1389/1303
f 1269/1329/1304 1331/1387/1304 1332/1390/1304
f 1243/1330/1305 1305/1388/1305 1306/1391/1305
f 1296/1331/1306 1358/1389/1306 1359/1392/1306
f 1270/1332/1307 1332/1390/1307 1333/1393/1307
f 1244/1333/1308 1306/1391/1308 1307/1394/1308
f 1297/1334/1309 1359/1392/1309 1360/1395/1309
f 1271/1335/1310 1333/1393/1310 1334/1396/1310
f 1245/1336/1311 1307/1394/1311 1308/1397/1311
f 1298/1337/1312 1360/1395/1312 1361/1398/1312
f 1272/1338/1313 1334/1396/1313 1335/1399/1313
f 1246/1339/1314 1308/1397/1314 1309/1400/1314
f 1299/1340/1315 1361/1398/1315 1362/1401/1315
f 1273/1341/1316 1335/1399/1316 1336/1402/1316
f 1247/1342/1317 1309/1400/1317 1310/1403/1317
f 1300/1343/1318 1362/1401/1318 1363/1404/1318
f 1274/1344/1319 1336/1402/1319 1337/1405/1319
f 1248/1345/1320 1310/1403/1320 1311/1406/1320
f 1301/1346/1321 1363/1404/1321 1364/1407/1321
f 1275/1347/1322 1337/1405/1322 1338/1408/1322
f 1249/1348/1323 1311/1406/1323 1312/1409/1323
f 1302/1349/1324 1364/1407/1324 1365/1410/1324
f 1276/1350/1325 1338/1408/1325 1339/1411/1325
f 1250/1351/1326 1312/1409/1326 1313/1412/1326
f 1303/1352/1327 1365/1410/1327 1366/1413/1327
f 1277/1353/1328 1339/1411/1328 1340/1414/1328
f 1251/1354/1329 1313/1412/1329 1314/1415/1329
f 43/1416/1330 1303/1352/1330 1366/1413/1330
f 1278/1356/1331 1340/1414/1331 1341/1417/1331
f 1252/1357/1332 1314/1415/1332 1315/1418/1332
f 1279/1358/1333 1341/1417/1333 1342/1419/1333
f 1253/1359/1334 1315/1418/1334 1316/1420/1334
f 1280/1360/1335 1342/1419/1335 1343/1421/1335
f 1254/1361/1336 1316/1420/1336 1317/1422/1336
f 1281/1362/1337 1343/1421/1337 1344/1423/1337
f 1255/1363/1338 1317/1422/1338 1318/1424/1338
f 1282/1299/1339 1344/1423/1339 1345/1425/1339
f 1256/1301/1340 1318/1424/1340 1319/1426/1340
f 1283/1300/1341 1345/1425/1341 1346/1427/1341
f 1257/1302/1342 1319/1426/1342 1320/1428/1342
f 1284/1303/1343 1346/1427/1343 1347/1364/1343
f 1258/1304/1344 1320/1428/1344 1321/1366/1344
f 1350/1370/1345 1412/1429/1345 1413/1430/1345
f 1324/1371/1346 1386/1431/1346 1387/1432/1346
f 1351/1372/1347 1413/1430/1347 1414/1433/1347
f 1325/1373/1348 1387/1432/1348 1388/1434/1348
f 1352/1374/1349 1414/1433/1349 1415/1435/1349
f 1326/1375/1350 1388/1434/1350 1389/1436/1350
f 1353/1376/1351 1415/1435/1351 1416/1437/1351
f 1327/1377/1352 1389/1436/1352 1390/1438/1352
f 1354/1378/1353 1416/1437/1353 1417/1439/1353
f 1328/1379/1354 1390/1438/1354 1391/1440/1354
f 1355/1380/1355 1417/1439/1355 1418/1441/1355
f 1329/1381/1356 1391/1440/1356 1392/1442/1356
f 1356/1382/1357 1418/1441/1357 1419/1443/1357
f 1330/1383/1358 1392/1442/1358 1393/1444/1358
f 1304/1385/1359 1/1445/1359 1367/1446/1359
f 1357/1386/1360 1419/1443/1360 1420/1447/1360
f 1331/1387/1361 1393/1444/1361 1394/1448/1361
f 1305/1388/1362 1367/1446/1362 1368/1449/1362
f 1358/1389/1363 1420/1447/1363 1421/1450/1363
f 1332/1390/1364 1394/1448/1364 1395/1451/1364
f 1306/1391/1365 1368/1449/1365 1369/1452/1365
f 1359/1392/1366 1421/1450/1366 1422/1453/1366
f 1333/1393/1367 1395/1451/1367 1396/1454/1367
f 1307/1394/1368 1369/1452/1368 1370/1455/1368
f 1360/1395/1369 1422/1453/1369 1423/1456/1369
f 1334/1396/1370 1396/1454/1370 1397/1457/1370
f 1308/1397/1371 1370/1455/1371 1371/1458/1371
f 1361/1398/1372 1423/1456/1372 1424/1459/1372
f 1335/1399/1373 1397/1457/1373 1398/1460/1373
f 1309/1400/1374 1371/1458/1374 1372/1461/1374
f 1362/1401/1375 1424/1459/1375 1425/1462/1375
f 1336/1402/1376 1398/1460/1376 1399/1463/1376
f 1310/1403/1377 1372/1461/1377 1373/1464/1377
f 1363/1404/1378 1425/1462/1378 1426/1465/1378
f 1337/1405/1379 1399/1463/1379 1400/1466/1379
f 1311/1406/1380 1373/1464/1380 1374/1467/1380
f 1364/1407/1381 1426/1465/1381 1427/1468/1381
f 1338/1408/1382 1400/1466/1382 1401/1469/1382
f 1312/1409/1383 1374/1467/1383 1375/1470/1383
f 1365/1410/1384 1427/1468/1384 1428/1471/1384
f 1339/1411/1385 1401/1469/1385 1402/1472/1385
f 1313/1412/1386 1375/1470/1386 1376/1473/1386
f 1366/1413/1387 1428/1471/1387 1429/1474/1387
f 1340/1414/1388 1402/1472/1388 1403/1475/1388
f 1314/1415/1389 1376/1473/1389 1377/1476/1389
f 43/1477/1390 1366/1413/1390 1429/1474/1390
f 1341/1417/1391 1403/1475/1391 1404/1478/1391
f 1315/1418/1392 1377/1476/1392 1378/1479/1392
f 1342/1419/1393 1404/1478/1393 1405/1480/1393
f 1316/1420/1394 1378/1479/1394 1379/1481/1394
f 1343/1421/1395 1405/1480/1395 1406/1482/1395
f 1317/1422/1396 1379/1481/1396 1380/1483/1396
f 1344/1423/1397 1406/1482/1397 1407/1484/1397
f 1318/1424/1398 1380/1483/1398 1381/1485/1398
f 1345/1425/1399 1407/1484/1399 1408/1486/1399
f 1319/1426/1400 1381/1485/1400 1382/1487/1400
f 1346/1427/1401 1408/1486/1401 1409/1488/1401
f 1320/1428/1402 1382/1487/1402 1383/1489/1402
f 1347/1364/1403 1409/1488/1403 1410/1490/1403
f 1321/1366/1404 1383/1489/1404 1384/1491/1404
f 1348/1365/1405 1410/1490/1405 1411/1492/1405
f 1322/1367/1406 1384/1491/1406 1385/1493/1406
f 1349/1368/1407 1411/1492/1407 1412/1429/1407
f 1323/1369/1408 1385/1493/1408 1386/1431/1408
f 1415/1435/1409 1477/1494/1409 1478/1495/1409
f 1389/1436/1410 1451/1496/1410 1452/1497/1410
f 1416/1437/1411 1478/1495/1411 1479/1498/1411
f 1390/1438/1412 1452/1497/1412 1453/1499/1412
f 1417/1439/1413 1479/1498/1413 1480/1500/1413
f 1391/1440/1414 1453/1499/1414 1454/1501/1414
f 1418/1441/1415 1480/1500/1415 1481/1502/1415
f 1392/1442/1416 1454/1501/1416 1455/1503/1416
f 1419/1443/1417 1481/1502/1417 1482/1504/1417
f 1393/1444/1418 1455/1503/1418 1456/1505/1418
f 1367/1446/1419 1/1506/1419 1430/1507/1419
f 1420/1447/1420 1482/1504/1420 1483/1508/1420
f 1394/1448/1421 1456/1505/1421 1457/1509/1421
f 1368/1449/1422 1430/1507/1422 1431/1510/1422
f 1421/1450/1423 1483/1508/1423 1484/1511/1423
f 1395/1451/1424 1457/1509/1424 1458/1512/1424
f 1369/1452/1425 1431/1510/1425 1432/1513/1425
f 1422/1453/1426 1484/1511/1426 1485/1514/1426
f 1396/1454/1427 1458/1512/1427 1459/1515/1427
f 1370/1455/1428 1432/1513/1428 1433/1516/1428
f 1423/1456/1429 1485/1514/1429 1486/1517/1429
f 1397/1457/1430 1459/1515/1430 1460/1518/1430
f 1371/1458/1431 1433/1516/1431 1434/1519/1431
f 1424/1459/1432 1486/1517/1432 1487/1520/1432
f 1398/1460/1433 1460/1518/1433 1461/1521/1433
f 1372/1461/1434 1434/1519/1434 1435/1522/1434
f 1425/1462/1435 1487/1520/1435 1488/1523/1435
f 1399/1463/1436 1461/1521/1436 1462/1524/1436
f 1373/1464/1437 1435/1522/1437 1436/1525/1437
f 1426/1465/1438 1488/1523/1438 1489/1526/1438
f 1400/1466/1439 1462/1524/1439 1463/1527/1439
f 1374/1467/1440 1436/1525/1440 1437/1528/1440
f 1427/1468/1441 1489/1526/1441 1490/1529/1441
f 1401/1469/1442 1463/1527/1442 1464/1530/1442
f 1375/1470/1443 1437/1528/1443 1438/1531/1443
f 1428/1471/1444 1490/1529/1444 1491/1532/1444
f 1402/1472/1445 1464/1530/1445 1465/1533/1445
f 1376/1473/1446 1438/1531/1446 1439/1534/1446
f 1429/1474/1447 1491/1532/1447 1492/1535/1447
f 1403/1475/1448 1465/1533/1448 1466/1536/1448
f 1377/1476/1449 1439/1534/1449 1440/1537/1449
f 43/1538/1450 1429/1474/1450 1492/1535/1450
f 1404/1478/1451 1466/1536/1451 1467/1539/1451
f 1378/1479/1452 1440/1537/1452 1441/1540/1452
f 1405/1480/1453 1467/1539/1453 1468/1541/1453
f 1379/1481/1454 1441/1540/1454 1442/1542/1454
f 1406/1482/1455 1468/1541/1455 1469/1543/1455
f 1380/1483/1456 1442/1542/1456 1443/1544/1456
f 1407/1484/1457 1469/1543/1457 1470/1545/1457
f 1381/1485/1458 1443/1544/1458 1444/1546/1458
f 1408/1486/1459 1470/1545/1459 1471/1547/1459
f 1382/1487/1460 1444/1546/1460 1445/1548/1460
f 1409/1488/1461 1471/1547/1461 1472/1549/1461
f 1383/1489/1462 1445/1548/1462 1446/1550/1462
f 1410/1490/1463 1472/1549/1463 1473/1551/1463
f 1384/1491/1464 1446/1550/1464 1447/1552/1464
f 1411/1492/1465 1473/1551/1465 1474/1553/1465
f 1385/1493/1466 1447/1552/1466 1448/1554/1466
f 1412/1429/1467 1474/1553/1467 1475/1555/1467
f 1386/1431/1468 1448/1554/1468 1449/1556/1468
f 1413/1430/1469 1475/1555/1469 1476/1557/1469
f 1387/1432/1470 1449/1556/1470 1450/1558/1470
f 1414/1433/1471 1476/1557/1471 1477/1494/1471
f 1388/1434/1472 1450/1558/1472 1451/1496/1472
f 1480/1500/1473 1542/1559/1473 1543/1560/1473
f 1454/1501/1474 1516/1561/1474 1517/1562/1474
f 1481/1502/1475 1543/1560/1475 1544/1563/1475
f 1455/1503/1476 1517/1562/1476 1518/1564/1476
f 1482/1504/1477 1544/1563/1477 1545/1565/1477
f 1456/1505/1478 1518/1564/1478 1519/1566/1478
f 1430/1507/1479 1/1567/1479 1493/1568/1479
f 1483/1508/1480 1545/1565/1480 1546/1569/1480
f 1457/1509/1481 1519/1566/1481 1520/1570/1481
f 1431/1510/1482 1493/1568/1482 1494/1571/1482
f 1484/1511/1483 1546/1569/1483 1547/1572/1483
f 1458/1512/1484 1520/1570/1484 1521/1573/1484
f 1432/1513/1485 1494/1571/1485 1495/1574/1485
f 1485/1514/1486 1547/1572/1486 1548/1575/1486
f 1459/1515/1487 1521/1573/1487 1522/1576/1487
f 1433/1516/1488 1495/1574/1488 1496/1577/1488
f 1486/1517/1489 1548/1575/1489 1549/1578/1489
f 1460/1518/1490 1522/1576/1490 1523/1579/1490
f 1434/1519/1491 1496/1577/1491 1497/1580/1491
f 1487/1520/1492 1549/1578/1492 1550/1581/1492
f 1461/1521/1493 1523/1579/1493 1524/1582/1493
f 1435/1522/1494 1497/1580/1494 1498/1583/1494
f 1488/1523/1495 1550/1581/1495 1551/1584/1495
f 1462/1524/1496 1524/1582/1496 1525/1585/1496
f 1436/1525/1497 1498/1583/1497 1499/1586/1497
f 1489/1526/1498 1551/1584/1498 1552/1587/1498
f 1463/1527/1499 1525/1585/1499 1526/1588/1499
f 1437/1528/1500 1499/1586/1500 1500/1589/1500
f 1490/1529/1501 1552/1587/1501 1553/1590/1501
f 1464/1530/1502 1526/1588/1502 1527/1591/1502
f 1438/1531/1503 1500/1589/1503 1501/1592/1503
f 1491/1532/1504 1553/1590/1504 1554/1593/1504
f 1465/1533/1505 1527/1591/1505 1528/1594/1505
f 1439/1534/1506 1501/1592/1506 1502/1595/1506
f 1492/1535/1507 1554/1593/1507 1555/1596/1507
f 1466/1536/1508 1528/1594/1508 1529/1597/1508
f 1440/1537/1509 1502/1595/1509 1503/1598/1509
f 43/1599/1510 1492/1535/1510 1555/1596/1510
f 1467/1539/1511 1529/1597/1511 1530/1600/1511
f 1441/1540/1512 1503/1598/1512 1504/1601/1512
f 1468/1541/1513 1530/1600/1513 1531/1602/1513
f 1442/1542/1514 1504/1601/1514 1505/1603/1514
f 1469/1543/1515 1531/1602/1515 1532/1604/1515
f 1443/1544/1516 1505/1603/1516 1506/1605/1516
f 1470/1545/1517 1532/1604/1517 1533/1606/1517
f 1444/1546/1518 1506/1605/1518 1507/1607/1518
f 1471/1547/1519 1533/1606/1519 1534/1608/1519
f 1445/1548/1520 1507/1607/1520 1508/1609/1520
f 1472/1549/1521 1534/1608/1521 1535/1610/1521
f 1446/1550/1522 1508/1609/1522 1509/1611/1522
f 1473/1551/1523 1535/1610/1523 1536/1612/1523
f 1447/1552/1524 1509/1611/1524 1510/1613/1524
f 1474/1553/1525 1536/1612/1525 1537/1614/1525
f 1448/1554/1526 1510/1613/1526 1511/1615/1526
f 1475/1555/1527 1537/1614/1527 1538/1616/1527
f 1449/1556/1528 1511/1615/1528 1512/1617/1528
f 1476/1557/1529 1538/1616/1529 1539/1618/1529
f 1450/1558/1530 1512/1617/1530 1513/1619/1530
f 1477/1494/1531 1539/1618/1531 1540/1620/1531
f 1451/1496/1532 1513/1619/1532 1514/1621/1532
f 1478/1495/1533 1540/1620/1533 1541/1622/1533
f 1452/1497/1534 1514/1621/1534 1515/1623/1534
f 1479/1498/1535 1541/1622/1535 1542/1559/1535
f 1453/1499/1536 1515/1623/1536 1516/1561/1536
f 1545/1565/1537 1607/1624/1537 1608/1625/1537
f 1519/1566/1538 1581/1626/1538 1582/1627/1538
f 1493/1568/1539 1/1628/1539 1556/1629/1539
f 1546/1569/1540 1608/1625/1540 1609/1630/1540
f 1520/1570/1541 1582/1627/1541 1583/1631/1541
f 1494/1571/1542 1556/1629/1542 1557/1632/1542
f 1547/1572/1543 1609/1630/1543 1610/1633/1543
f 1521/1573/1544 1583/1631/1544 1584/1634/1544
f 1495/1574/1545 1557/1632/1545 1558/1635/1545
f 1548/1575/1546 1610/1633/1546 1611/1636/1546
f 1522/1576/1547 1584/1634/1547 1585/1637/1547
f 1496/1577/1548 1558/1635/1548 1559/1638/1548
f 1549/1578/1549 1611/1636/1549 1612/1639/1549
f 1523/1579/1550 1585/1637/1550 1586/1640/1550
f 1497/1580/1551 1559/1638/1551 1560/1641/1551
f 1550/1581/1552 1612/1639/1552 1613/1642/1552
f 1524/1582/1553 1586/1640/1553 1587/1643/1553
f 1498/1583/1554 1560/1641/1554 1561/1644/1554
f 1551/1584/1555 1613/1642/1555 1614/1645/1555
f 1525/1585/1556 1587/1643/1556 1588/1646/1556
f 1499/1586/1557 1561/1644/1557 1562/1647/1557
f 1552/1587/1558 1614/1645/1558 1615/1648/1558
f 1526/1588/1559 1588/1646/1559 1589/1649/1559
f 1500/1589/1560 1562/1647/1560 1563/1650/1560
f 1553/1590/1561 1615/1648/1561 1616/1651/1561
f 1527/1591/1562 1589/1649/1562 1590/1652/1562
f 1501/1592/1563 1563/1650/1563 1564/1653/1563
f 1554/1593/1564 1616/1651/1564 1617/1654/1564
f 1528/1594/1565 1590/1652/1565 1591/1655/1565
f 1502/1595/1566 1564/1653/1566 1565/1656/1566
f 1555/1596/1567 1617/1654/1567 1618/1657/1567
f 1529/1597/1568 1591/1655/1568 1592/1658/1568
f 1503/1598/1569 1565/1656/1569 1566/1659/1569
f 43/1660/1570 1555/1596/1570 1618/1657/1570
f 1530/1600/1571 1592/1658/1571 1593/1661/1571
f 1504/1601/1572 1566/1659/1572 1567/1662/1572
f 1531/1602/1573 1593/1661/1573 1594/1663/1573
f 1505/1603/1574 1567/1662/1574 1568/1664/1574
f 1532/1604/1575 1594/1663/1575 1595/1665/1575
f 1506/1605/1576 1568/1664/1576 1569/1666/1576
f 1533/1606/1577 1595/1665/1577 1596/1667/1577
f 1507/1607/1578 1569/1666/1578 1570/1668/1578
f 1534/1608/1579 1596/1667/1579 1597/1669/1579
f 1508/1609/1580 1570/1668/1580 1571/1670/1580
f 1535/1610/1581 1597/1669/1581 1598/1671/1581
f 1509/1611/1582 1571/1670/1582 1572/1672/1582
f 1536/1612/1583 1598/1671/1583 1599/1673/1583
f 1510/1613/1584 1572/1672/1584 1573/1674/1584
f 1537/1614/1585 1599/1673/1585 1600/1675/1585
f 1511/1615/1586 1573/1674/1586 1574/1676/1586
f 1538/1616/1587 1600/1675/1587 1601/1677/1587
f 1512/1617/1588 1574/1676/1588 1575/1678/1588
f 1539/1618/1589 1601/1677/1589 1602/1679/1589
f 1513/1619/1590 1575/1678/1590 1576/1680/1590
f 1540/1620/1591 1602/1679/1591 1603/1681/1591
f 1514/1621/1592 1576/1680/1592 1577/1682/1592
f 1541/1622/1593 1603/1681/1593 1604/1683/1593
f 1515/1623/1594 1577/1682/1594 1578/1684/1594
f 1542/1559/1595 1604/1683/1595 1605/1685/1595
f 1516/1561/1596 1578/1684/1596 1579/1686/1596
f 1543/1560/1597 1605/1685/1597 1606/1687/1597
f 1517/1562/1598 1579/1686/1598 1580/1688/1598
f 1544/1563/1599 1606/1687/1599 1607/1624/1599
f 1518/1564/1600 1580/1688/1600 1581/1626/1600
f 1557/1632/1601 1619/1689/1601 1620/1690/1601
f 1610/1633/1602 1672/1691/1602 1673/1692/1602
f 1584/1634/1603 1646/1693/1603 1647/1694/1603
f 1558/1635/1604 1620/1690/1604 1621/1695/1604
f 1611/1636/1605 1673/1692/1605 1674/1696/1605
f 1585/1637/1606 1647/1694/1606 1648/1697/1606
f 1559/1638/1607 1621/1695/1607 1622/1698/1607
f 1612/1639/1608 1674/1696/1608 1675/1699/1608
f 1586/1640/1609 1648/1697/1609 1649/1700/1609
f 1560/1641/1610 1622/1698/1610 1623/1701/1610
f 1613/1642/1611 1675/1699/1611 1676/1702/1611
f 1587/1643/1612 1649/1700/1612 1650/1703/1612
f 1561/1644/1613 1623/1701/1613 1624/1704/1613
f 1614/1645/1614 1676/1702/1614 1677/1705/1614
f 1588/1646/1615 1650/1703/1615 1651/1706/1615
f 1562/1647/1616 1624/1704/1616 1625/1707/1616
f 1615/1648/1617 1677/1705/1617 1678/1708/1617
f 1589/1649/1618 1651/1706/1618 1652/1709/1618
f 1563/1650/1619 1625/1707/1619 1626/1710/1619
f 1616/1651/1620 1678/1708/1620 1679/1711/1620
f 1590/1652/1621 1652/1709/1621 1653/1712/1621
f 1564/1653/1622 1626/1710/1622 1627/1713/1622
f 1617/1654/1623 1679/1711/1623 1680/1714/1623
f 1591/1655/1624 1653/1712/1624 1654/1715/1624
f 1565/1656/1625 1627/1713/1625 1628/1716/1625
f 1618/1657/1626 1680/1714/1626 1681/1717/1626
f 1592/1658/1627 1654/1715/1627 1655/1718/1627
f 1566/1659/1628 1628/1716/1628 1629/1719/1628
f 43/1720/1629 1618/1657/1629 1681/1717/1629
f 1593/1661/1630 1655/1718/1630 1656/1721/1630
f 1567/1662/1631 1629/1719/1631 1630/1722/1631
f 1594/1663/1632 1656/1721/1632 1657/1723/1632
f 1568/1664/1633 1630/1722/1633 1631/1724/1633
f 1595/1665/1634 1657/1723/1634 1658/1725/1634
f 1569/1666/1635 1631/1724/1635 1632/1726/1635
f 1596/1667/1636 1658/1725/1636 1659/1727/1636
f 1570/1668/1637 1632/1726/1637 1633/1728/1637
f 1597/1669/1638 1659/1727/1638 1660/1729/1638
f 1571/1670/1639 1633/1728/1639 1634/1730/1639
f 1598/1671/1640 1660/1729/1640 1661/1731/1640
f 1572/1672/1641 1634/1730/1641 1635/1732/1641
f 1599/1673/1642 1661/1731/1642 1662/1733/1642
f 1573/1674/1643 1635/1732/1643 1636/1734/1643
f 1600/1675/1644 1662/1733/1644 1663/1735/1644
f 1574/1676/1645 1636/1734/1645 1637/1736/1645
f 1601/1677/1646 1663/1735/1646 1664/1737/1646
f 1575/1678/1647 1637/1736/1647 1638/1738/1647
f 1602/1679/1648 1664/1737/1648 1665/1739/1648
f 1576/1680/1649 1638/1738/1649 1639/1740/1649
f 1603/1681/1650 1665/1739/1650 1666/1741/1650
f 1577/1682/1651 1639/1740/1651 1640/1742/1651
f 1604/1683/1652 1666/1741/1652 1667/1743/1652
f 1578/1684/1653 1640/1742/1653 1641/1744/1653
f 1605/1685/1654 1667/1743/1654 1668/1745/1654
f 1579/1686/1655 1641/1744/1655 1642/1746/1655
f 1606/1687/1656 1668/1745/1656 1669/1747/1656
f 1580/1688/1657 1642/1746/1657 1643/1748/1657
f 1607/1624/1658 1669/1747/1658 1670/1749/1658
f 1581/1626/1659 1643/1748/1659 1644/1750/1659
f 1608/1625/1660 1670/1749/1660 1671/1751/1660
f 1582/1627/1661 1644/1750/1661 1645/1752/1661
f 1556/1629/1662 1/1753/1662 1619/1689/1662
f 1609/1630/1663 1671/1751/1663 1672/1691/1663
f 1583/1631/1664 1645/1752/1664 1646/1693/1664
f 1665/1739/1665 1727/1754/1665 1728/1755/1665
f 1639/1740/1666 1701/1756/1666 1702/1757/1666
f 1666/1741/1667 1728/1755/1667 1729/1758/1667
f 1640/1742/1668 1702/1757/1668 1703/1759/1668
f 1667/1743/1669 1729/1758/1669 1730/1760/1669
f 1641/1744/1670 1703/1759/1670 1704/1761/1670
f 1668/1745/1671 1730/1760/1671 1731/1762/1671
f 1642/1746/1672 1704/1761/1672 1705/1763/1672
f 1669/1747/1673 1731/1762/1673 1732/1764/1673
f 1643/1748/1674 1705/1763/1674 1706/1765/1674
f 1670/1749/1675 1732/1764/1675 1733/1766/1675
f 1644/1750/1676 1706/1765/1676 1707/1767/1676
f 1671/1751/1677 1733/1766/1677 1734/1768/1677
f 1645/1752/1678 1707/1767/1678 1708/1769/1678
f 1619/1689/1679 1/1770/1679 1682/1771/1679
f 1672/1691/1680 1734/1768/1680 1735/1772/1680
f 1646/1693/1681 1708/1769/1681 1709/1773/1681
f 1620/1690/1682 1682/1771/1682 1683/1774/1682
f 1673/1692/1683 1735/1772/1683 1736/1775/1683
f 1647/1694/1684 1709/1773/1684 1710/1776/1684
f 1621/1695/1685 1683/1774/1685 1684/1777/1685
f 1674/1696/1686 1736/1775/1686 1737/1778/1686
f 1648/1697/1687 1710/1776/1687 1711/1779/1687
f 1622/1698/1688 1684/1777/1688 1685/1780/1688
f 1675/1699/1689 1737/1778/1689 1738/1781/1689
f 1649/1700/1690 1711/1779/1690 1712/1782/1690
f 1623/1701/1691 1685/1780/1691 1686/1783/1691
f 1676/1702/1692 1738/1781/1692 1739/1784/1692
f 1650/1703/1693 1712/1782/1693 1713/1785/1693
f 1624/1704/1694 1686/1783/1694 1687/1786/1694
f 1677/1705/1695 1739/1784/1695 1740/1787/1695
f 1651/1706/1696 1713/1785/1696 1714/1788/1696
f 1625/1707/1697 1687/1786/1697 1688/1789/1697
f 1678/1708/1698 1740/1787/1698 1741/1790/1698
f 1652/1709/1699 1714/1788/1699 1715/1791/1699
f 1626/1710/1700 1688/1789/1700 1689/1792/1700
f 1679/1711/1701 1741/1790/1701 1742/1793/1701
f 1653/1712/1702 1715/1791/1702 1716/1794/1702
f 1627/1713/1703 1689/1792/1703 1690/1795/1703
f 1680/1714/1704 1742/1793/1704 1743/1796/1704
f 1654/1715/1705 1716/1794/1705 1717/1797/1705
f 1628/1716/1706 1690/1795/1706 1691/1798/1706
f 1681/1717/1707 1743/1796/1707 1744/1799/1707
f 1655/1718/1708 1717/1797/1708 1718/1800/1708
f 1629/1719/1709 1691/1798/1709 1692/1801/1709
f 43/1802/1710 1681/1717/1710 1744/1799/1710
f 1656/1721/1711 1718/1800/1711 1719/1803/1711
f 1630/1722/1712 1692/1801/1712 1693/1804/1712
f 1657/1723/1713 1719/1803/1713 1720/1805/1713
f 1631/1724/1714 1693/1804/1714 1694/1806/1714
f 1658/1725/1715 1720/1805/1715 1721/1807/1715
f 1632/1726/1716 1694/1806/1716 1695/1808/1716
f 1659/1727/1717 1721/1807/1717 1722/1809/1717
f 1633/1728/1718 1695/1808/1718 1696/1810/1718
f 1660/1729/1719 1722/1809/1719 1723/1811/1719
f 1634/1730/1720 1696/1810/1720 1697/1812/1720
f 1661/1731/1721 1723/1811/1721 1724/1813/1721
f 1635/1732/1722 1697/1812/1722 1698/1814/1722
f 1662/1733/1723 1724/1813/1723 1725/1815/1723
f 1636/1734/1724 1698/1814/1724 1699/1816/1724
f 1663/1735/1725 1725/1815/1725 1726/1817/1725
f 1637/1736/1726 1699/1816/1726 1700/1818/1726
f 1664/1737/1727 1726/1817/1727 1727/1754/1727
f 1638/1738/1728 1700/1818/1728 1701/1756/1728
f 1730/1760/1729 1792/1819/1729 1793/1820/1729
f 1704/1761/1730 1766/1821/1730 1767/1822/1730
f 1731/1762/1731 1793/1820/1731 1794/1823/1731
f 1705/1763/1732 1767/1822/1732 1768/1824/1732
f 1732/1764/1733 1794/1823/1733 1795/1825/1733
f 1706/1765/1734 1768/1824/1734 1769/1826/1734
f 1733/1766/1735 1795/1825/1735 1796/1827/1735
f 1707/1767/1736 1769/1826/1736 1770/1828/1736
f 1734/1768/1737 1796/1827/1737 1797/1829/1737
f 1708/1769/1738 1770/1828/1738 1771/1830/1738
f 1682/1771/1739 1/1831/1739 1745/1832/1739
f 1735/1772/1740 1797/1829/1740 1798/1833/1740
f 1709/1773/1741 1771/1830/1741 1772/1834/1741
f 1683/1774/1742 1745/1832/1742 1746/1835/1742
f 1736/1775/1743 1798/1833/1743 1799/1836/1743
f 1710/1776/1744 1772/1834/1744 1773/1837/1744
f 1684/1777/1745 1746/1835/1745 1747/1838/1745
f 1737/1778/1746 1799/1836/1746 1800/1839/1746
f 1711/1779/1747 1773/1837/1747 1774/1840/1747
f 1685/1780/1748 1747/1838/1748 1748/1841/1748
f 1738/1781/1749 1800/1839/1749 1801/1842/1749
f 1712/1782/1750 1774/1840/1750 1775/1843/1750
f 1686/1783/1751 1748/1841/1751 1749/1844/1751
f 1739/1784/1752 1801/1842/1752 1802/1845/1752
f 1713/1785/1753 1775/1843/1753 1776/1846/1753
f 1687/1786/1754 1749/1844/1754 1750/1847/1754
f 1740/1787/1755 1802/1845/1755 1803/1848/1755
f 1714/1788/1756 1776/1846/1756 1777/1849/1756
f 1688/1789/1757 1750/1847/1757 1751/1850/1757
f 1741/1790/1758 1803/1848/1758 1804/1851/1758
f 1715/1791/1759 1777/1849/1759 1778/1852/1759
f 1689/1792/1760 1751/1850/1760 1752/1853/1760
f 1742/1793/1761 1804/1851/1761 1805/1854/1761
f 1716/1794/1762 1778/1852/1762 1779/1855/1762
f 1690/1795/1763 1752/1853/1763 1753/1856/1763
f 1743/1796/1764 1805/1854/1764 1806/1857/1764
f 1717/1797/1765 1779/1855/1765 1780/1858/1765
f 1691/1798/1766 1753/1856/1766 1754/1859/1766
f 1744/1799/1767 1806/1857/1767 1807/1860/1767
f 1718/1800/1768 1780/1858/1768 1781/1861/1768
f 1692/1801/1769 1754/1859/1769 1755/1862/1769
f 43/1863/1770 1744/1799/1770 1807/1860/1770
f 1719/1803/1771 1781/1861/1771 1782/1864/1771
f 1693/1804/1772 1755/1862/1772 1756/1865/1772
f 1720/1805/1773 1782/1864/1773 1783/1866/1773
f 1694/1806/1774 1756/1865/1774 1757/1867/1774
f 1721/1807/1775 1783/1866/1775 1784/1868/1775
f 1695/1808/1776 1757/1867/1776 1758/1869/1776
f 1722/1809/1777 1784/1868/1777 1785/1870/1777
f 1696/1810/1778 1758/1869/1778 1759/1871/1778
f 1723/1811/1779 1785/1870/1779 1786/1872/1779
f 1697/1812/1780 1759/1871/1780 1760/1873/1780
f 1724/1813/1781 1786/1872/1781 1787/1874/1781
f 1698/1814/1782 1760/1873/1782 1761/1875/1782
f 1725/1815/1783 1787/1874/1783 1788/1876/1783
f 1699/1816/1784 1761/1875/1784 1762/1877/1784
f 1726/1817/1785 1788/1876/1785 1789/1878/1785
f 1700/1818/1786 1762/1877/1786 1763/1879/1786
f 1727/1754/1787 1789/1878/1787 1790/1880/1787
f 1701/1756/1788 1763/1879/1788 1764/1881/1788
f 1728/1755/1789 1790/1880/1789 1791/1882/1789
f 1702/1757/1790 1764/1881/1790 1765/1883/1790
f 1729/1758/1791 1791/1882/1791 1792/1819/1791
f 1703/1759/1792 1765/1883/1792 1766/1821/1792
f 1795/1825/1793 1857/1884/1793 1858/1885/1793
f 1769/1826/1794 1831/1886/1794 1832/1887/1794
f 1796/1827/1795 1858/1885/1795 1859/1888/1795
f 1770/1828/1796 1832/1887/1796 1833/1889/1796
f 1797/1829/1797 1859/1888/1797 1860/1890/1797
f 1771/1830/1798 1833/1889/1798 1834/1891/1798
f 1745/1832/1799 1/1892/1799 1808/1893/1799
f 1798/1833/1800 1860/1890/1800 1861/1894/1800
f 1772/1834/1801 1834/1891/1801 1835/1895/1801
f 1746/1835/1802 1808/1893/1802 1809/1896/1802
f 1799/1836/1803 1861/1894/1803 1862/1897/1803
f 1773/1837/1804 1835/1895/1804 1836/1898/1804
f 1747/1838/1805 1809/1896/1805 1810/1899/1805
f 1800/1839/1806 1862/1897/1806 1863/1900/1806
f 1774/1840/1807 1836/1898/1807 1837/1901/1807
f 1748/1841/1808 1810/1899/1808 1811/1902/1808
f 1801/1842/1809 1863/1900/1809 1864/1903/1809
f 1775/1843/1810 1837/1901/1810 1838/1904/1810
f 1749/1844/1811 1811/1902/1811 1812/1905/1811
f 1802/1845/1812 1864/1903/1812 1865/1906/1812
f 1776/1846/1813 1838/1904/1813 1839/1907/1813
f 1750/1847/1814 1812/1905/1814 1813/1908/1814
f 1803/1848/1815 1865/1906/1815 1866/1909/1815
f 1777/1849/1816 1839/1907/1816 1840/1910/1816
f 1751/1850/1817 1813/1908/1817 1814/1911/1817
f 1804/1851/1818 1866/1909/1818 1867/1912/1818
f 1778/1852/1819 1840/1910/1819 1841/1913/1819
f 1752/1853/1820 1814/1911/1820 1815/1914/1820
f 1805/1854/1821 1867/1912/1821 1868/1915/1821
f 1779/1855/1822 1841/1913/1822 1842/1916/1822
f 1753/1856/1823 1815/1914/1823 1816/1917/1823
f 1806/1857/1824 1868/1915/1824 1869/1918/1824
f 1780/1858/1825 1842/1916/1825 1843/1919/1825
f 1754/1859/1826 1816/1917/1826 1817/1920/1826
f 1807/1860/1827 1869/1918/1827 1870/1921/1827
f 1781/1861/1828 1843/1919/1828 1844/1922/1828
f 1755/1862/1829 1817/1920/1829 1818/1923/1829
f 43/1924/1830 1807/1860/1830 1870/1921/1830
f 1782/1864/1831 1844/1922/1831 1845/1925/1831
f 1756/1865/1832 1818/1923/1832 1819/1926/1832
f 1783/1866/1833 1845/1925/1833 1846/1927/1833
f 1757/1867/1834 1819/1926/1834 1820/1928/1834
f 1784/1868/1835 1846/1927/1835 1847/1929/1835
f 1758/1869/1836 1820/1928/1836 1821/1930/1836
f 1785/1870/1837 1847/1929/1837 1848/1931/1837
f 1759/1871/1838 1821/1930/1838 1822/1932/1838
f 1786/1872/1839 1848/1931/1839 1849/1933/1839
f 1760/1873/1840 1822/1932/1840 1823/1934/1840
f 1787/1874/1841 1849/1933/1841 1850/1935/1841
f 1761/1875/1842 1823/1934/1842 1824/1936/1842
f 1788/1876/1843 1850/1935/1843 1851/1937/1843
f 1762/1877/1844 1824/1936/1844 1825/1938/1844
f 1789/1878/1845 1851/1937/1845 1852/1939/1845
f 1763/1879/1846 1825/1938/1846 1826/1940/1846
f 1790/1880/1847 1852/1939/1847 1853/1941/1847
f 1764/1881/1848 1826/1940/1848 1827/1942/1848
f 1791/1882/1849 1853/1941/1849 1854/1943/1849
f 1765/1883/1850 1827/1942/1850 1828/1944/1850
f 1792/1819/1851 1854/1943/1851 1855/1945/1851
f 1766/1821/1852 1828/1944/1852 1829/1946/1852
f 1793/1820/1853 1855/1945/1853 1856/1947/1853
f 1767/1822/1854 1829/1946/1854 1830/1948/1854
f 1794/1823/1855 1856/1947/1855 1857/1884/1855
f 1768/1824/1856 1830/1948/1856 1831/1886/1856
f 1860/1890/1857 1922/1949/1857 1923/1950/1857
f 1834/1891/1858 1896/1951/1858 1897/1952/1858
f 1808/1893/1859 1/1953/1859 1871/1954/1859
f 1861/1894/1860 1923/1950/1860 1924/1955/1860
f 1835/1895/1861 1897/1952/1861 1898/1956/1861
f 1809/1896/1862 1871/1954/1862 1872/1957/1862
f 1862/1897/1863 1924/1955/1863 1925/1958/1863
f 1836/1898/1864 1898/1956/1864 1899/1959/1864
f 1810/1899/1865 1872/1957/1865 1873/1960/1865
f 1863/1900/1866 1925/1958/1866 1926/1961/1866
f 1837/1901/1867 1899/1959/1867 1900/1962/1867
f 1811/1902/1868 1873/1960/1868 1874/1963/1868
f 1864/1903/1869 1926/1961/1869 1927/1964/1869
f 1838/1904/1870 1900/1962/1870 1901/1965/1870
f 1812/1905/1871 1874/1963/1871 1875/1966/1871
f 1865/1906/1872 1927/1964/1872 1928/1967/1872
f 1839/1907/1873 1901/1965/1873 1902/1968/1873
f 1813/1908/1874 1875/1966/1874 1876/1969/1874
f 1866/1909/1875 1928/1967/1875 1929/1970/1875
f 1840/1910/1876 1902/1968/1876 1903/1971/1876
f 1814/1911/1877 1876/1969/1877 1877/1972/1877
f 1867/1912/1878 1929/1970/1878 1930/1973/1878
f 1841/1913/1879 1903/1971/1879 1904/1974/1879
f 1815/1914/1880 1877/1972/1880 1878/1975/1880
f 1868/1915/1881 1930/1973/1881 1931/1976/1881
f 1842/1916/1882 1904/1974/1882 1905/1977/1882
f 1816/1917/1883 1878/1975/1883 1879/1978/1883
f 1869/1918/1884 1931/1976/1884 1932/1979/1884
f 1843/1919/1885 1905/1977/1885 1906/1980/1885
f 1817/1920/1886 1879/1978/1886 1880/1981/1886
f 1870/1921/1887 1932/1979/1887 1933/1982/1887
f 1844/1922/1888 1906/1980/1888 1907/1983/1888
f 1818/1923/1889 1880/1981/1889 1881/1984/1889
f 43/1985/1890 1870/1921/1890 1933/1982/1890
f 1845/1925/1891 1907/1983/1891 1908/1986/1891
f 1819/1926/1892 1881/1984/1892 1882/1987/1892
f 1846/1927/1893 1908/1986/1893 1909/1988/1893
f 1820/1928/1894 1882/1987/1894 1883/1989/1894
f 1847/1929/1895 1909/1988/1895 1910/1990/1895
f 1821/1930/1896 1883/1989/1896 1884/1991/1896
f 1848/1931/1897 1910/1990/1897 1911/1992/1897
f 1822/1932/1898 1884/1991/1898 1885/1993/1898
f 1849/1933/1899 1911/1992/1899 1912/1994/1899
f 1823/1934/1900 1885/1993/1900 1886/1995/1900
f 1850/1935/1901 1912/1994/1901 1913/1996/1901
f 1824/1936/1902 1886/1995/1902 1887/1997/1902
f 1851/1937/1903 1913/1996/1903 1914/1998/1903
f 1825/1938/1904 1887/1997/1904 1888/1999/1904
f 1852/1939/1905 1914/1998/1905 1915/2000/1905
f 1826/1940/1906 1888/1999/1906 1889/2001/1906
f 1853/1941/1907 1915/2000/1907 1916/2002/1907
f 1827/1942/1908 1889/2001/1908 1890/2003/1908
f 1854/1943/1909 1916/2002/1909 1917/2004/1909
f 1828/1944/1910 1890/2003/1910 1891/2005/1910
f 1855/1945/1911 1917/2004/1911 1918/2006/1911
f 1829/1946/1912 1891/2005/1912 1892/2007/1912
f 1856/1947/1913 1918/2006/1913 1919/2008/1913
f 1830/1948/1914 1892/2007/1914 1893/2009/1914
f 1857/1884/1915 1919/2008/1915 1920/2010/1915
f 1831/1886/1916 1893/2009/1916 1894/2011/1916
f 1858/1885/1917 1920/2010/1917 1921/2012/1917
f 1832/1887/1918 1894/2011/1918 1895/2013/1918
f 1859/1888/1919 1921/2012/1919 1922/1949/1919
f 1833/1889/1920 1895/2013/1920 1896/1951/1920
f 1925/1958/1921 1987/2014/1921 1988/2015/1921
f 1899/1959/1922 1961/2016/1922 1962/2017/1922
f 1873/1960/1923 1935/2018/1923 1936/2019/1923
f 1926/1961/1924 1988/2015/1924 1989/2020/1924
f 1900/1962/1925 1962/2017/1925 1963/2021/1925
f 1874/1963/1926 1936/2019/1926 1937/2022/1926
f 1927/1964/1927 1989/2020/1927 1990/2023/1927
f 1901/1965/1928 1963/2021/1928 1964/2024/1928
f 1875/1966/1929 1937/2022/1929 1938/2025/1929
f 1928/1967/1930 1990/2023/1930 1991/2026/1930
f 1902/1968/1931 1964/2024/1931 1965/2027/1931
f 1876/1969/1932 1938/2025/1932 1939/2028/1932
f 1929/1970/1933 1991/2026/1933 1992/2029/1933
f 1903/1971/1934 1965/2027/1934 1966/2030/1934
f 1877/1972/1935 1939/2028/1935 1940/2031/1935
f 1930/1973/1936 1992/2029/1936 1993/2032/1936
f 1904/1974/1937 1966/2030/1937 1967/2033/1937
f 1878/1975/1938 1940/2031/1938 1941/2034/1938
f 1931/1976/1939 1993/2032/1939 1994/2035/1939
f 1905/1977/1940 1967/2033/1940 1968/2036/1940
f 1879/1978/1941 1941/2034/1941 1942/2037/1941
f 1932/1979/1942 1994/2035/1942 1995/2038/1942
f 1906/1980/1943 1968/2036/1943 1969/2039/1943
f 1880/1981/1944 1942/2037/1944 1943/2040/1944
f 1933/1982/1945 1995/2038/1945 1996/2041/1945
f 1907/1983/1946 1969/2039/1946 1970/2042/1946
f 1881/1984/1947 1943/2040/1947 1944/2043/1947
f 43/2044/1948 1933/1982/1948 1996/2041/1948
f 1908/1986/1949 1970/2042/1949 1971/2045/1949
f 1882/1987/1950 1944/2043/1950 1945/2046/1950
f 1909/1988/1951 1971/2045/1951 1972/2047/1951
f 1883/1989/1952 1945/2046/1952 1946/2048/1952
f 1910/1990/1953 1972/2047/1953 1973/2049/1953
f 1884/1991/1954 1946/2048/1954 1947/2050/1954
f 1911/1992/1955 1973/2049/1955 1974/2051/1955
f 1885/1993/1956 1947/2050/1956 1948/2052/1956
f 1912/1994/1957 1974/2051/1957 1975/2053/1957
f 1886/1995/1958 1948/2052/1958 1949/2054/1958
f 1913/1996/1959 1975/2053/1959 1976/2055/1959
f 1887/1997/1960 1949/2054/1960 1950/2056/1960
f 1914/1998/1961 1976/2055/1961 1977/2057/1961
f 1888/1999/1962 1950/2056/1962 1951/2058/1962
f 1915/2000/1963 1977/2057/1963 1978/2059/1963
f 1889/2001/1964 1951/2058/1964 1952/2060/1964
f 1916/2002/1965 1978/2059/1965 1979/2061/1965
f 1890/2003/1966 1952/2060/1966 1953/2062/1966
f 1917/2004/1967 1979/2061/1967 1980/2063/1967
f 1891/2005/1968 1953/2062/1968 1954/2064/1968
f 1918/2006/1969 1980/2063/1969 1981/2065/1969
f 1892/2007/1970 1954/2064/1970 1955/2066/1970
f 1919/2008/1971 1981/2065/1971 1982/2067/1971
f 1893/2009/1972 1955/2066/1972 1956/2068/1972
f 1920/2010/1973 1982/2067/1973 1983/2069/1973
f 1894/2011/1974 1956/2068/1974 1957/2070/1974
f 1921/2012/1975 1983/2069/1975 1984/2071/1975
f 1895/2013/1976 1957/2070/1976 1958/2072/1976
f 1922/1949/1977 1984/2071/1977 1985/2073/1977
f 1896/1951/1978 1958/2072/1978 1959/2074/1978
f 1923/1950/1979 1985/2073/1979 1986/2075/1979
f 1897/1952/1980 1959/2074/1980 1960/2076/1980
f 1871/1954/1981 1/2077/1981 1934/2078/1981
f 1924/1955/1982 1986/2075/1982 1987/2014/1982
f 1898/1956/1983 1960/2076/1983 1961/2016/1983
f 1872/1957/1984 1934/2078/1984 1935/2018/1984
f 1990/2023/1985 2052/2079/1985 2053/2080/1985
f 1964/2024/1986 2026/2081/1986 2027/2082/1986
f 1938/2025/1987 2000/2083/1987 2001/2084/1987
f 1991/2026/1988 2053/2080/1988 2054/2085/1988
f 1965/2027/1989 2027/2082/1989 2028/2086/1989
f 1939/2028/1990 2001/2084/1990 2002/2087/1990
f 1992/2029/1991 2054/2085/1991 2055/2088/1991
f 1966/2030/1992 2028/2086/1992 2029/2089/1992
f 1940/2031/1993 2002/2087/1993 2003/2090/1993
f 1993/2032/1994 2055/2088/1994 2056/2091/1994
f 1967/2033/1995 2029/2089/1995 2030/2092/1995
f 1941/2034/1996 2003/2090/1996 2004/2093/1996
f 1994/2035/1997 2056/2091/1997 2057/2094/1997
f 1968/2036/1998 2030/2092/1998 2031/2095/1998
f 1942/2037/1999 2004/2093/1999 2005/2096/1999
f 1995/2038/2000 2057/2094/2000 2058/2097/2000
f 1969/2039/2001 2031/2095/2001 2032/2098/2001
f 1943/2040/2002 2005/2096/2002 2006/2099/2002
f 1996/2041/2003 2058/2097/2003 2059/2100/2003
f 1970/2042/2004 2032/2098/2004 2033/2101/2004
f 1944/2043/2005 2006/2099/2005 2007/2102/2005
f 43/2103/2006 1996/2041/2006 2059/2100/2006
f 1971/2045/2007 2033/2101/2007 2034/2104/2007
f 1945/2046/2008 2007/2102/2008 2008/2105/2008
f 1972/2047/2009 2034/2104/2009 2035/2106/2009
f 1946/2048/2010 2008/2105/2010 2009/2107/2010
f 1973/2049/2011 2035/2106/2011 2036/2108/2011
f 1947/2050/2012 2009/2107/2012 2010/2109/2012
f 1974/2051/2013 2036/2108/2013 2037/2110/2013
f 1948/2052/2014 2010/2109/2014 2011/2111/2014
f 1975/2053/2015 2037/2110/2015 2038/2112/2015
f 1949/2054/2016 2011/2111/2016 2012/2113/2016
f 1976/2055/2017 2038/2112/2017 2039/2114/2017
f 1950/2056/2018 2012/2113/2018 2013/2115/2018
f 1977/2057/2019 2039/2114/2019 2040/2116/2019
f 1951/2058/2020 2013/2115/2020 2014/2117/2020
f 1978/2059/2021 2040/2116/2021 2041/2118/2021
f 1952/2060/2022 2014/2117/2022 2015/2119/2022
f 1979/2061/2023 2041/2118/2023 2042/2120/2023
f 1953/2062/2024 2015/2119/2024 2016/2121/2024
f 1980/2063/2025 2042/2120/2025 2043/2122/2025
f 1954/2064/2026 2016/2121/2026 2017/2123/2026
f 1981/2065/2027 2043/2122/2027 2044/2124/2027
f 1955/2066/2028 2017/2123/2028 2018/2125/2028
f 1982/2067/2029 2044/2124/2029 2045/2126/2029
f 1956/2068/2030 2018/2125/2030 2019/2127/2030
f 1983/2069/2031 2045/2126/2031 2046/2128/2031
f 1957/2070/2032 2019/2127/2032 2020/2129/2032
f 1984/2071/2033 2046/2128/2033 2047/2130/2033
f 1958/2072/2034 2020/2129/2034 2021/2131/2034
f 1985/2073/2035 2047/2130/2035 2048/2132/2035
f 1959/2074/2036 2021/2131/2036 2022/2133/2036
f 1986/2075/2037 2048/2132/2037 2049/2134/2037
f 1960/2076/2038 2022/2133/2038 2023/2135/2038
f 1934/2078/2039 1/2136/2039 1997/2137/2039
f 1987/2014/2040 2049/2134/2040 2050/2138/2040
f 1961/2016/2041 2023/2135/2041 2024/2139/2041
f 1935/2018/2042 1997/2137/2042 1998/2140/2042
f 1988/2015/2043 2050/2138/2043 2051/2141/2043
f 1962/2017/2044 2024/2139/2044 2025/2142/2044
f 1936/2019/2045 1998/2140/2045 1999/2143/2045
f 1989/2020/2046 2051/2141/2046 2052/2079/2046
f 1963/2021/2047 2025/2142/2047 2026/2081/2047
f 1937/2022/2048 1999/2143/2048 2000/2083/2048
f 2055/2088/2049 2117/2144/2049 2118/2145/2049
f 2029/2089/2050 2091/2146/2050 2092/2147/2050
f 2003/2090/2051 2065/2148/2051 2066/2149/2051
f 2056/2091/2052 2118/2145/2052 2119/2150/2052
f 2030/2092/2053 2092/2147/2053 2093/2151/2053
f 2004/2093/2054 2066/2149/2054 2067/2152/2054
f 2057/2094/2055 2119/2150/2055 2120/2153/2055
f 2031/2095/2056 2093/2151/2056 2094/2154/2056
f 2005/2096/2057 2067/2152/2057 2068/2155/2057
f 2058/2097/2058 2120/2153/2058 2121/2156/2058
f 2032/2098/2059 2094/2154/2059 2095/2157/2059
f 2006/2099/2060 2068/2155/2060 2069/2158/2060
f 2059/2100/2061 2121/2156/2061 2122/2159/2061
f 2033/2101/2062 2095/2157/2062 2096/2160/2062
f 2007/2102/2063 2069/2158/2063 2070/2161/2063
f 43/2162/2064 2059/2100/2064 2122/2159/2064
f 2034/2104/2065 2096/2160/2065 2097/2163/2065
f 2008/2105/2066 2070/2161/2066 2071/2164/2066
f 2035/2106/2067 2097/2163/2067 2098/2165/2067
f 2009/2107/2068 2071/2164/2068 2072/2166/2068
f 2036/2108/2069 2098/2165/2069 2099/2167/2069
f 2010/2109/2070 2072/2166/2070 2073/2168/2070
f 2037/2110/2071 2099/2167/2071 2100/2169/2071
f 2011/2111/2072 2073/2168/2072 2074/2170/2072
f 2038/2112/2073 2100/2169/2073 2101/2171/2073
f 2012/2113/2074 2074/2170/2074 2075/2172/2074
f 2039/2114/2075 2101/2171/2075 2102/2173/2075
f 2013/2115/2076 2075/2172/2076 2076/2174/2076
f 2040/2116/2077 2102/2173/2077 2103/2175/2077
f 2014/2117/2078 2076/2174/2078 2077/2176/2078
f 2041/2118/2079 2103/2175/2079 2104/2177/2079
f 2015/2119/2080 2077/2176/2080 2078/2178/2080
f 2042/2120/2081 2104/2177/2081 2105/2179/2081
f 2016/2121/2082 2078/2178/2082 2079/2180/2082
f 2043/2122/2083 2105/2179/2083 2106/2181/2083
f 2017/2123/2084 2079/2180/2084 2080/2182/2084
f 2044/2124/2085 2106/2181/2085 2107/2183/2085
f 2018/2125/2086 2080/2182/2086 2081/2184/2086
f 2045/2126/2087 2107/2183/2087 2108/2185/2087
f 2019/2127/2088 2081/2184/2088 2082/2186/2088
f 2046/2128/2089 2108/2185/2089 2109/2187/2089
f 2020/2129/2090 2082/2186/2090 2083/2188/2090
f 2047/2130/2091 2109/2187/2091 2110/2189/2091
f 2021/2131/2092 2083/2188/2092 2084/2190/2092
f 2048/2132/2093 2110/2189/2093 2111/2191/2093
f 2022/2133/2094 2084/2190/2094 2085/2192/2094
f 2049/2134/2095 2111/2191/2095 2112/2193/2095
f 2023/2135/2096 2085/2192/2096 2086/2194/2096
f 1997/2137/2097 1/2195/2097 2060/2196/2097
f 2050/2138/2098 2112/2193/2098 2113/2197/2098
f 2024/2139/2099 2086/2194/2099 2087/2198/2099
f 1998/2140/2100 2060/2196/2100 2061/2199/2100
f 2051/2141/2101 2113/2197/2101 2114/2200/2101
f 2025/2142/2102 2087/2198/2102 2088/2201/2102
f 1999/2143/2103 2061/2199/2103 2062/2202/2103
f 2052/2079/2104 2114/2200/2104 2115/2203/2104
f 2026/2081/2105 2088/2201/2105 2089/2204/2105
f 2000/2083/2106 2062/2202/2106 2063/2205/2106
f 2053/2080/2107 2115/2203/2107 2116/2206/2107
f 2027/2082/2108 2089/2204/2108 2090/2207/2108
f 2001/2084/2109 2063/2205/2109 2064/2208/2109
f 2054/2085/2110 2116/2206/2110 2117/2144/2110
f 2028/2086/2111 2090/2207/2111 2091/2146/2111
f 2002/2087/2112 2064/2208/2112 2065/2148/2112
f 2120/2153/2113 2182/2209/2113 2183/2210/2113
f 2094/2154/2114 2156/2211/2114 2157/2212/2114
f 2068/2155/2115 2130/2213/2115 2131/2214/2115
f 2121/2156/2116 2183/2210/2116 2184/2215/2116
f 2095/2157/2117 2157/2212/2117 2158/2216/2117
f 2069/2158/2118 2131/2214/2118 2132/2217/2118
f 2122/2159/2119 2184/2215/2119 2185/2218/2119
f 2096/2160/2120 2158/2216/2120 2159/2219/2120
f 2070/2161/2121 2132/2217/2121 2133/2220/2121
f 43/2221/2122 2122/2159/2122 2185/2218/2122
f 2097/2163/2123 2159/2219/2123 2160/2222/2123
f 2071/2164/2124 2133/2220/2124 2134/2223/2124
f 2098/2165/2125 2160/2222/2125 2161/2224/2125
f 2072/2166/2126 2134/2223/2126 2135/2225/2126
f 2099/2167/2127 2161/2224/2127 2162/2226/2127
f 2073/2168/2128 2135/2225/2128 2136/2227/2128
f 2100/2169/2129 2162/2226/2129 2163/2228/2129
f 2074/2170/2130 2136/2227/2130 2137/2229/2130
f 2101/2171/2131 2163/2228/2131 2164/2230/2131
f 2075/2172/2132 2137/2229/2132 2138/2231/2132
f 2102/2173/2133 2164/2230/2133 2165/2232/2133
f 2076/2174/2134 2138/2231/2134 2139/2233/2134
f 2103/2175/2135 2165/2232/2135 2166/2234/2135
f 2077/2176/2136 2139/2233/2136 2140/2235/2136
f 2104/2177/2137 2166/2234/2137 2167/2236/2137
f 2078/2178/2138 2140/2235/2138 2141/2237/2138
f 2105/2179/2139 2167/2236/2139 2168/2238/2139
f 2079/2180/2140 2141/2237/2140 2142/2239/2140
f 2106/2181/2141 2168/2238/2141 2169/2240/2141
f 2080/2182/2142 2142/2239/2142 2143/2241/2142
f 2107/2183/2143 2169/2240/2143 2170/2242/2143
f 2081/2184/2144 2143/2241/2144 2144/2243/2144
f 2108/2185/2145 2170/2242/2145 2171/2244/2145
f 2082/2186/2146 2144/2243/2146 2145/2245/2146
f 2109/2187/2147 2171/2244/2147 2172/2246/2147
f 2083/2188/2148 2145/2245/2148 2146/2247/2148
f 2110/2189/2149 2172/2246/2149 2173/2248/2149
f 2084/2190/2150 2146/2247/2150 2147/2249/2150
f 2111/2191/2151 2173/2248/2151 2174/2250/2151
f 2085/2192/2152 2147/2249/2152 2148/2251/2152
f 2112/2193/2153 2174/2250/2153 2175/2252/2153
f 2086/2194/2154 2148/2251/2154 2149/2253/2154
f 2060/2196/2155 1/2254/2155 2123/2255/2155
f 2113/2197/2156 2175/2252/2156 2176/2256/2156
f 2087/2198/2157 2149/2253/2157 2150/2257/2157
f 2061/2199/2158 2123/2255/2158 2124/2258/2158
f 2114/2200/2159 2176/2256/2159 2177/2259/2159
f 2088/2201/2160 2150/2257/2160 2151/2260/2160
f 2062/2202/2161 2124/2258/2161 2125/2261/2161
f 2115/2203/2162 2177/2259/2162 2178/2262/2162
f 2089/2204/2163 2151/2260/2163 2152/2263/2163
f 2063/2205/2164 2125/2261/2164 2126/2264/2164
f 2116/2206/2165 2178/2262/2165 2179/2265/2165
f 2090/2207/2166 2152/2263/2166 2153/2266/2166
f 2064/2208/2167 2126/2264/2167 2127/2267/2167
f 2117/2144/2168 2179/2265/2168 2180/2268/2168
f 2091/2146/2169 2153/2266/2169 2154/2269/2169
f 2065/2148/2170 2127/2267/2170 2128/2270/2170
f 2118/2145/2171 2180/2268/2171 2181/2271/2171
f 2092/2147/2172 2154/2269/2172 2155/2272/2172
f 2066/2149/2173 2128/2270/2173 2129/2273/2173
f 2119/2150/2174 2181/2271/2174 2182/2209/2174
f 2093/2151/2175 2155/2272/2175 2156/2211/2175
f 2067/2152/2176 2129/2273/2176 2130/2213/2176
f 2185/2218/2177 2247/2274/2177 2248/2275/2177
f 2159/2219/2178 2221/2276/2178 2222/2277/2178
f 2133/2220/2179 2195/2278/2179 2196/2279/2179
f 43/2280/2180 2185/2218/2180 2248/2275/2180
f 2160/2222/2181 2222/2277/2181 2223/2281/2181
f 2134/2223/2182 2196/2279/2182 2197/2282/2182
f 2161/2224/2183 2223/2281/2183 2224/2283/2183
f 2135/2225/2184 2197/2282/2184 2198/2284/2184
f 2162/2226/2185 2224/2283/2185 2225/2285/2185
f 2136/2227/2186 2198/2284/2186 2199/2286/2186
f 2163/2228/2187 2225/2285/2187 2226/2287/2187
f 2137/2229/2188 2199/2286/2188 2200/2288/2188
f 2164/2230/2189 2226/2287/2189 2227/2289/2189
f 2138/2231/2190 2200/2288/2190 2201/2290/2190
f 2165/2232/2191 2227/2289/2191 2228/2291/2191
f 2139/2233/2192 2201/2290/2192 2202/2292/2192
f 2166/2234/2193 2228/2291/2193 2229/2293/2193
f 2140/2235/2194 2202/2292/2194 2203/2294/2194
f 2167/2236/2195 2229/2293/2195 2230/2295/2195
f 2141/2237/2196 2203/2294/2196 2204/2296/2196
f 2168/2238/2197 2230/2295/2197 2231/2297/2197
f 2142/2239/2198 2204/2296/2198 2205/2298/2198
f 2169/2240/2199 2231/2297/2199 2232/2299/2199
f 2143/2241/2200 2205/2298/2200 2206/2300/2200
f 2170/2242/2201 2232/2299/2201 2233/2301/2201
f 2144/2243/2202 2206/2300/2202 2207/2302/2202
f 2171/2244/2203 2233/2301/2203 2234/2303/2203
f 2145/2245/2204 2207/2302/2204 2208/2304/2204
f 2172/2246/2205 2234/2303/2205 2235/2305/2205
f 2146/2247/2206 2208/2304/2206 2209/2306/2206
f 2173/2248/2207 2235/2305/2207 2236/2307/2207
f 2147/2249/2208 2209/2306/2208 2210/2308/2208
f 2174/2250/2209 2236/2307/2209 2237/2309/2209
f 2148/2251/2210 2210/2308/2210 2211/2310/2210
f 2175/2252/2211 2237/2309/2211 2238/2311/2211
f 2149/2253/2212 2211/2310/2212 2212/2312/2212
f 2123/2255/2213 1/2313/2213 2186/2314/2213
f 2176/2256/2214 2238/2311/2214 2239/2315/2214
f 2150/2257/2215 2212/2312/2215 2213/2316/2215
f 2124/2258/2216 2186/2314/2216 2187/2317/2216
f 2177/2259/2217 2239/2315/2217 2240/2318/2217
f 2151/2260/2218 2213/2316/2218 2214/2319/2218
f 2125/2261/2219 2187/2317/2219 2188/2320/2219
f 2178/2262/2220 2240/2318/2220 2241/2321/2220
f 2152/2263/2221 2214/2319/2221 2215/2322/2221
f 2126/2264/2222 2188/2320/2222 2189/2323/2222
f 2179/2265/2223 2241/2321/2223 2242/2324/2223
f 2153/2266/2224 2215/2322/2224 2216/2325/2224
f 2127/2267/2225 2189/2323/2225 2190/2326/2225
f 2180/2268/2226 2242/2324/2226 2243/2327/2226
f 2154/2269/2227 2216/2325/2227 2217/2328/2227
f 2128/2270/2228 2190/2326/2228 2191/2329/2228
f 2181/2271/2229 2243/2327/2229 2244/2330/2229
f 2155/2272/2230 2217/2328/2230 2218/2331/2230
f 2129/2273/2231 2191/2329/2231 2192/2332/2231
f 2182/2209/2232 2244/2330/2232 2245/2333/2232
f 2156/2211/2233 2218/2331/2233 2219/2334/2233
f 2130/2213/2234 2192/2332/2234 2193/2335/2234
f 2183/2210/2235 2245/2333/2235 2246/2336/2235
f 2157/2212/2236 2219/2334/2236 2220/2337/2236
f 2131/2214/2237 2193/2335/2237 2194/2338/2237
f 2184/2215/2238 2246/2336/2238 2247/2274/2238
f 2158/2216/2239 2220/2337/2239 2221/2276/2239
f 2132/2217/2240 2194/2338/2240 2195/2278/2240
f 2224/2283/2241 2286/2339/2241 2287/2340/2241
f 2198/2284/2242 2260/2341/2242 2261/2342/2242
f 2225/2285/2243 2287/2340/2243 2288/2343/2243
f 2199/2286/2244 2261/2342/2244 2262/2344/2244
f 2226/2287/2245 2288/2343/2245 2289/2345/2245
f 2200/2288/2246 2262/2344/2246 2263/2346/2246
f 2227/2289/2247 2289/2345/2247 2290/2347/2247
f 2201/2290/2248 2263/2346/2248 2264/2348/2248
f 2228/2291/2249 2290/2347/2249 2291/2349/2249
f 2202/2292/2250 2264/2348/2250 2265/2350/2250
f 2229/2293/2251 2291/2349/2251 2292/2351/2251
f 2203/2294/2252 2265/2350/2252 2266/2352/2252
f 2230/2295/2253 2292/2351/2253 2293/2353/2253
f 2204/2296/2254 2266/2352/2254 2267/2354/2254
f 2231/2297/2255 2293/2353/2255 2294/2355/2255
f 2205/2298/2256 2267/2354/2256 2268/2356/2256
f 2232/2299/2257 2294/2355/2257 2295/2357/2257
f 2206/2300/2258 2268/2356/2258 2269/2358/2258
f 2233/2301/2259 2295/2357/2259 2296/2359/2259
f 2207/2302/2260 2269/2358/2260 2270/2360/2260
f 2234/2303/2261 2296/2359/2261 2297/2361/2261
f 2208/2304/2262 2270/2360/2262 2271/2362/2262
f 2235/2305/2263 2297/2361/2263 2298/2363/2263
f 2209/2306/2264 2271/2362/2264 2272/2364/2264
f 2236/2307/2265 2298/2363/2265 2299/2365/2265
f 2210/2308/2266 2272/2364/2266 2273/2366/2266
f 2237/2309/2267 2299/2365/2267 2300/2367/2267
f 2211/2310/2268 2273/2366/2268 2274/2368/2268
f 2238/2311/2269 2300/2367/2269 2301/2369/2269
f 2212/2312/2270 2274/2368/2270 2275/2370/2270
f 2186/2314/2271 1/2371/2271 2249/2372/2271
f 2239/2315/2272 2301/2369/2272 2302/2373/2272
f 2213/2316/2273 2275/2370/2273 2276/2374/2273
f 2187/2317/2274 2249/2372/2274 2250/2375/2274
f 2240/2318/2275 2302/2373/2275 2303/2376/2275
f 2214/2319/2276 2276/2374/2276 2277/2377/2276
f 2188/2320/2277 2250/2375/2277 2251/2378/2277
f 2241/2321/2278 2303/2376/2278 2304/2379/2278
f 2215/2322/2279 2277/2377/2279 2278/2380/2279
f 2189/2323/2280 2251/2378/2280 2252/2381/2280
f 2242/2324/2281 2304/2379/2281 2305/2382/2281
f 2216/2325/2282 2278/2380/2282 2279/2383/2282
f 2190/2326/2283 2252/2381/2283 2253/2384/2283
f 2243/2327/2284 2305/2382/2284 2306/2385/2284
f 2217/2328/2285 2279/2383/2285 2280/2386/2285
f 2191/2329/2286 2253/2384/2286 2254/2387/2286
f 2244/2330/2287 2306/2385/2287 2307/2388/2287
f 2218/2331/2288 2280/2386/2288 2281/2389/2288
f 2192/2332/2289 2254/2387/2289 2255/2390/2289
f 2245/2333/2290 2307/2388/2290 2308/2391/2290
f 2219/2334/2291 2281/2389/2291 2282/2392/2291
f 2193/2335/2292 2255/2390/2292 2256/2393/2292
f 2246/2336/2293 2308/2391/2293 2309/2394/2293
f 2220/2337/2294 2282/2392/2294 2283/2395/2294
f 2194/2338/2295 2256/2393/2295 2257/2396/2295
f 2247/2274/2296 2309/2394/2296 2310/2397/2296
f 2221/2276/2297 2283/2395/2297 2284/2398/2297
f 2195/2278/2298 2257/2396/2298 2258/2399/2298
f 2248/2275/2299 2310/2397/2299 2311/2400/2299
f 2222/2277/2300 2284/2398/2300 2285/2401/2300
f 2196/2279/2301 2258/2399/2301 2259/2402/2301
f 43/2403/2302 2248/2275/2302 2311/2400/2302
f 2223/2281/2303 2285/2401/2303 2286/2339/2303
f 2197/2282/2304 2259/2402/2304 2260/2341/2304
f 2289/2345/2305 2351/2404/2305 2352/2405/2305
f 2263/2346/2306 2325/2406/2306 2326/2407/2306
f 2290/2347/2307 2352/2405/2307 2353/2408/2307
f 2264/2348/2308 2326/2407/2308 2327/2409/2308
f 2291/2349/2309 2353/2408/2309 2354/2410/2309
f 2265/2350/2310 2327/2409/2310 2328/2411/2310
f 2292/2351/2311 2354/2410/2311 2355/2412/2311
f 2266/2352/2312 2328/2411/2312 2329/2413/2312
f 2293/2353/2313 2355/2412/2313 2356/2414/2313
f 2267/2354/2314 2329/2413/2314 2330/2415/2314
f 2294/2355/2315 2356/2414/2315 2357/2416/2315
f 2268/2356/2316 2330/2415/2316 2331/2417/2316
f 2295/2357/2317 2357/2416/2317 2358/2418/2317
f 2269/2358/2318 2331/2417/2318 2332/2419/2318
f 2296/2359/2319 2358/2418/2319 2359/2420/2319
f 2270/2360/2320 2332/2419/2320 2333/2421/2320
f 2297/2361/2321 2359/2420/2321 2360/2422/2321
f 2271/2362/2322 2333/2421/2322 2334/2423/2322
f 2298/2363/2323 2360/2422/2323 2361/2424/2323
f 2272/2364/2324 2334/2423/2324 2335/2425/2324
f 2299/2365/2325 2361/2424/2325 2362/2426/2325
f 2273/2366/2326 2335/2425/2326 2336/2427/2326
f 2300/2367/2327 2362/2426/2327 2363/2428/2327
f 2274/2368/2328 2336/2427/2328 2337/2429/2328
f 2301/2369/2329 2363/2428/2329 2364/2430/2329
f 2275/2370/2330 2337/2429/2330 2338/2431/2330
f 2249/2372/2331 1/2432/2331 2312/2433/2331
f 2302/2373/2332 2364/2430/2332 2365/2434/2332
f 2276/2374/2333 2338/2431/2333 2339/2435/2333
f 2250/2375/2334 2312/2433/2334 2313/2436/2334
f 2303/2376/2335 2365/2434/2335 2366/2437/2335
f 2277/2377/2336 2339/2435/2336 2340/2438/2336
f 2251/2378/2337 2313/2436/2337 2314/2439/2337
f 2304/2379/2338 2366/2437/2338 2367/2440/2338
f 2278/2380/2339 2340/2438/2339 2341/2441/2339
f 2252/2381/2340 2314/2439/2340 2315/2442/2340
f 2305/2382/2341 2367/2440/2341 2368/2443/2341
f 2279/2383/2342 2341/2441/2342 2342/2444/2342
f 2253/2384/2343 2315/2442/2343 2316/2445/2343
f 2306/2385/2344 2368/2443/2344 2369/2446/2344
f 2280/2386/2345 2342/2444/2345 2343/2447/2345
f 2254/2387/2346 2316/2445/2346 2317/2448/2346
f 2307/2388/2347 2369/2446/2347 2370/2449/2347
f 2281/2389/2348 2343/2447/2348 2344/2450/2348
f 2255/2390/2349 2317/2448/2349 2318/2451/2349
f 2308/2391/2350 2370/2449/2350 2371/2452/2350
f 2282/2392/2351 2344/2450/2351 2345/2453/2351
f 2256/2393/2352 2318/2451/2352 2319/2454/2352
f 2309/2394/2353 2371/2452/2353 2372/2455/2353
f 2283/2395/2354 2345/2453/2354 2346/2456/2354
f 2257/2396/2355 2319/2454/2355 2320/2457/2355
f 2310/2397/2356 2372/2455/2356 2373/2458/2356
f 2284/2398/2357 2346/2456/2357 2347/2459/2357
f 2258/2399/2358 2320/2457/2358 2321/2460/2358
f 2311/2400/2359 2373/2458/2359 2374/2461/2359
f 2285/2401/2360 2347/2459/2360 2348/2462/2360
f 2259/2402/2361 2321/2460/2361 2322/2463/2361
f 43/2464/2362 2311/2400/2362 2374/2461/2362
f 2286/2339/2363 2348/2462/2363 2349/2465/2363
f 2260/2341/2364 2322/2463/2364 2323/2466/2364
f 2287/2340/2365 2349/2465/2365 2350/2467/2365
f 2261/2342/2366 2323/2466/2366 2324/2468/2366
f 2288/2343/2367 2350/2467/2367 2351/2404/2367
f 2262/2344/2368 2324/2468/2368 2325/2406/2368
f 2354/2410/2369 2416/2469/2369 2417/2470/2369
f 2328/2411/2370 2390/2471/2370 2391/2472/2370
f 2355/2412/2371 2417/2470/2371 2418/2473/2371
f 2329/2413/2372 2391/2472/2372 2392/2474/2372
f 2356/2414/2373 2418/2473/2373 2419/2475/2373
f 2330/2415/2374 2392/2474/2374 2393/2476/2374
f 2357/2416/2375 2419/2475/2375 2420/2477/2375
f 2331/2417/2376 2393/2476/2376 2394/2478/2376
f 2358/2418/2377 2420/2477/2377 2421/2479/2377
f 2332/2419/2378 2394/2478/2378 2395/2480/2378
f 2359/2420/2379 2421/2479/2379 2422/2481/2379
f 2333/2421/2380 2395/2480/2380 2396/2482/2380
f 2360/2422/2381 2422/2481/2381 2423/2483/2381
f 2334/2423/2382 2396/2482/2382 2397/2484/2382
f 2361/2424/2383 2423/2483/2383 2424/2485/2383
f 2335/2425/2384 2397/2484/2384 2398/2486/2384
f 2362/2426/2385 2424/2485/2385 2425/2487/2385
f 2336/2427/2386 2398/2486/2386 2399/2488/2386
f 2363/2428/2387 2425/2487/2387 2426/2489/2387
f 2337/2429/2388 2399/2488/2388 2400/2490/2388
f 2364/2430/2389 2426/2489/2389 2427/2491/2389
f 2338/2431/2390 2400/2490/2390 2401/2492/2390
f 2312/2433/2391 1/2493/2391 2375/2494/2391
f 2365/2434/2392 2427/2491/2392 2428/2495/2392
f 2339/2435/2393 2401/2492/2393 2402/2496/2393
f 2313/2436/2394 2375/2494/2394 2376/2497/2394
f 2366/2437/2395 2428/2495/2395 2429/2498/2395
f 2340/2438/2396 2402/2496/2396 2403/2499/2396
f 2314/2439/2397 2376/2497/2397 2377/2500/2397
f 2367/2440/2398 2429/2498/2398 2430/2501/2398
f 2341/2441/2399 2403/2499/2399 2404/2502/2399
f 2315/2442/2400 2377/2500/2400 2378/2503/2400
f 2368/2443/2401 2430/2501/2401 2431/2504/2401
f 2342/2444/2402 2404/2502/2402 2405/2505/2402
f 2316/2445/2403 2378/2503/2403 2379/2506/2403
f 2369/2446/2404 2431/2504/2404 2432/2507/2404
f 2343/2447/2405 2405/2505/2405 2406/2508/2405
f 2317/2448/2406 2379/2506/2406 2380/2509/2406
f 2370/2449/2407 2432/2507/2407 2433/2510/2407
f 2344/2450/2408 2406/2508/2408 2407/2511/2408
f 2318/2451/2409 2380/2509/2409 2381/2512/2409
f 2371/2452/2410 2433/2510/2410 2434/2513/2410
f 2345/2453/2411 2407/2511/2411 2408/2514/2411
f 2319/2454/2412 2381/2512/2412 2382/2515/2412
f 2372/2455/2413 2434/2513/2413 2435/2516/2413
f 2346/2456/2414 2408/2514/2414 2409/2517/2414
f 2320/2457/2415 2382/2515/2415 2383/2518/2415
f 2373/2458/2416 2435/2516/2416 2436/2519/2416
f 2347/2459/2417 2409/2517/2417 2410/2520/2417
f 2321/2460/2418 2383/2518/2418 2384/2521/2418
f 2374/2461/2419 2436/2519/2419 2437/2522/2419
f 2348/2462/2420 2410/2520/2420 2411/2523/2420
f 2322/2463/2421 2384/2521/2421 2385/2524/2421
f 43/2525/2422 2374/2461/2422 2437/2522/2422
f 2349/2465/2423 2411/2523/2423 2412/2526/2423
f 2323/2466/2424 2385/2524/2424 2386/2527/2424
f 2350/2467/2425 2412/2526/2425 2413/2528/2425
f 2324/2468/2426 2386/2527/2426 2387/2529/2426
f 2351/2404/2427 2413/2528/2427 2414/2530/2427
f 2325/2406/2428 2387/2529/2428 2388/2531/2428
f 2352/2405/2429 2414/2530/2429 2415/2532/2429
f 2326/2407/2430 2388/2531/2430 2389/2533/2430
f 2353/2408/2431 2415/2532/2431 2416/2469/2431
f 2327/2409/2432 2389/2533/2432 2390/2471/2432
f 2419/2475/2433 2481/2534/2433 2482/2535/2433
f 2393/2476/2434 2455/2536/2434 2456/2537/2434
f 2420/2477/2435 2482/2535/2435 2483/2538/2435
f 2394/2478/2436 2456/2537/2436 2457/2539/2436
f 2421/2479/2437 2483/2538/2437 2484/2540/2437
f 2395/2480/2438 2457/2539/2438 2458/2541/2438
f 2422/2481/2439 2484/2540/2439 2485/2542/2439
f 2396/2482/2440 2458/2541/2440 2459/2543/2440
f 2423/2483/2441 2485/2542/2441 2486/2544/2441
f 2397/2484/2442 2459/2543/2442 2460/2545/2442
f 2424/2485/2443 2486/2544/2443 2487/2546/2443
f 2398/2486/2444 2460/2545/2444 2461/2547/2444
f 2425/2487/2445 2487/2546/2445 2488/2548/2445
f 2399/2488/2446 2461/2547/2446 2462/2549/2446
f 2426/2489/2447 2488/2548/2447 2489/2550/2447
f 2400/2490/2448 2462/2549/2448 2463/2551/2448
f 2427/2491/2449 2489/2550/2449 2490/2552/2449
f 2401/2492/2450 2463/2551/2450 2464/2553/2450
f 2375/2494/2451 1/2554/2451 2438/2555/2451
f 2428/2495/2452 2490/2552/2452 2491/2556/2452
f 2402/2496/2453 2464/2553/2453 2465/2557/2453
f 2376/2497/2454 2438/2555/2454 2439/2558/2454
f 2429/2498/2455 2491/2556/2455 2492/2559/2455
f 2403/2499/2456 2465/2557/2456 2466/2560/2456
f 2377/2500/2457 2439/2558/2457 2440/2561/2457
f 2430/2501/2458 2492/2559/2458 2493/2562/2458
f 2404/2502/2459 2466/2560/2459 2467/2563/2459
f 2378/2503/2460 2440/2561/2460 2441/2564/2460
f 2431/2504/2461 2493/2562/2461 2494/2565/2461
f 2405/2505/2462 2467/2563/2462 2468/2566/2462
f 2379/2506/2463 2441/2564/2463 2442/2567/2463
f 2432/2507/2464 2494/2565/2464 2495/2568/2464
f 2406/2508/2465 2468/2566/2465 2469/2569/2465
f 2380/2509/2466 2442/2567/2466 2443/2570/2466
f 2433/2510/2467 2495/2568/2467 2496/2571/2467
f 2407/2511/2468 2469/2569/2468 2470/2572/2468
f 2381/2512/2469 2443/2570/2469 2444/2573/2469
f 2434/2513/2470 2496/2571/2470 2497/2574/2470
f 2408/2514/2471 2470/2572/2471 2471/2575/2471
f 2382/2515/2472 2444/2573/2472 2445/2576/2472
f 2435/2516/2473 2497/2574/2473 2498/2577/2473
f 2409/2517/2474 2471/2575/2474 2472/2578/2474
f 2383/2518/2475 2445/2576/2475 2446/2579/2475
f 2436/2519/2476 2498/2577/2476 2499/2580/2476
f 2410/2520/2477 2472/2578/2477 2473/2581/2477
f 2384/2521/2478 2446/2579/2478 2447/2582/2478
f 2437/2522/2479 2499/2580/2479 2500/2583/2479
f 2411/2523/2480 2473/2581/2480 2474/2584/2480
f 2385/2524/2481 2447/2582/2481 2448/2585/2481
f 43/2586/2482 2437/2522/2482 2500/2583/2482
f 2412/2526/2483 2474/2584/2483 2475/2587/2483
f 2386/2527/2484 2448/2585/2484 2449/2588/2484
f 2413/2528/2485 2475/2587/2485 2476/2589/2485
f 2387/2529/2486 2449/2588/2486 2450/2590/2486
f 2414/2530/2487 2476/2589/2487 2477/2591/2487
f 2388/2531/2488 2450/2590/2488 2451/2592/2488
f 2415/2532/2489 2477/2591/2489 2478/2593/2489
f 2389/2533/2490 2451/2592/2490 2452/2594/2490
f 2416/2469/2491 2478/2593/2491 2479/2595/2491
f 2390/2471/2492 2452/2594/2492 2453/2596/2492
f 2417/2470/2493 2479/2595/2493 2480/2597/2493
f 2391/2472/2494 2453/2596/2494 2454/2598/2494
f 2418/2473/2495 2480/2597/2495 2481/2534/2495
f 2392/2474/2496 2454/2598/2496 2455/2536/2496
f 2482/2535/2497 2544/2599/2497 2545/2600/2497
f 2456/2537/2498 2518/2601/2498 2519/2602/2498
f 2483/2538/2499 2545/2600/2499 2546/2603/2499
f 2457/2539/2500 2519/2602/2500 2520/2604/2500
f 2484/2540/2501 2546/2603/2501 2547/2605/2501
f 2458/2541/2502 2520/2604/2502 2521/2606/2502
f 2485/2542/2503 2547/2605/2503 2548/2607/2503
f 2459/2543/2504 2521/2606/2504 2522/2608/2504
f 2486/2544/2505 2548/2607/2505 2549/2609/2505
f 2460/2545/2506 2522/2608/2506 2523/2610/2506
f 2487/2546/2507 2549/2609/2507 2550/2611/2507
f 2461/2547/2508 2523/2610/2508 2524/2612/2508
f 2488/2548/2509 2550/2611/2509 2551/2613/2509
f 2462/2549/2510 2524/2612/2510 2525/2614/2510
f 2489/2550/2511 2551/2613/2511 2552/2615/2511
f 2463/2551/2512 2525/2614/2512 2526/2616/2512
f 2490/2552/2513 2552/2615/2513 2553/2617/2513
f 2464/2553/2514 2526/2616/2514 2527/2618/2514
f 2438/2555/2515 1/2619/2515 2501/2620/2515
f 2491/2556/2516 2553/2617/2516 2554/2621/2516
f 2465/2557/2517 2527/2618/2517 2528/2622/2517
f 2439/2558/2518 2501/2620/2518 2502/2623/2518
f 2492/2559/2519 2554/2621/2519 2555/2624/2519
f 2466/2560/2520 2528/2622/2520 2529/2625/2520
f 2440/2561/2521 2502/2623/2521 2503/2626/2521
f 2493/2562/2522 2555/2624/2522 2556/2627/2522
f 2467/2563/2523 2529/2625/2523 2530/2628/2523
f 2441/2564/2524 2503/2626/2524 2504/2629/2524
f 2494/2565/2525 2556/2627/2525 2557/2630/2525
f 2468/2566/2526 2530/2628/2526 2531/2631/2526
f 2442/2567/2527 2504/2629/2527 2505/2632/2527
f 2495/2568/2528 2557/2630/2528 2558/2633/2528
f 2469/2569/2529 2531/2631/2529 2532/2634/2529
f 2443/2570/2530 2505/2632/2530 2506/2635/2530
f 2496/2571/2531 2558/2633/2531 2559/2636/2531
f 2470/2572/2532 2532/2634/2532 2533/2637/2532
f 2444/2573/2533 2506/2635/2533 2507/2638/2533
f 2497/2574/2534 2559/2636/2534 2560/2639/2534
f 2471/2575/2535 2533/2637/2535 2534/2640/2535
f 2445/2576/2536 2507/2638/2536 2508/2641/2536
f 2498/2577/2537 2560/2639/2537 2561/2642/2537
f 2472/2578/2538 2534/2640/2538 2535/2643/2538
f 2446/2579/2539 2508/2641/2539 2509/2644/2539
f 2499/2580/2540 2561/2642/2540 2562/2645/2540
f 2473/2581/2541 2535/2643/2541 2536/2646/2541
f 2447/2582/2542 2509/2644/2542 2510/2647/2542
f 2500/2583/2543 2562/2645/2543 2563/2648/2543
f 2474/2584/2544 2536/2646/2544 2537/2649/2544
f 2448/2585/2545 2510/2647/2545 2511/2650/2545
f 43/2651/2546 2500/2583/2546 2563/2648/2546
f 2475/2587/2547 2537/2649/2547 2538/2652/2547
f 2449/2588/2548 2511/2650/2548 2512/2653/2548
f 2476/2589/2549 2538/2652/2549 2539/2654/2549
f 2450/2590/2550 2512/2653/2550 2513/2655/2550
f 2477/2591/2551 2539/2654/2551 2540/2656/2551
f 2451/2592/2552 2513/2655/2552 2514/2657/2552
f 2478/2593/2553 2540/2656/2553 2541/2658/2553
f 2452/2594/2554 2514/2657/2554 2515/2659/2554
f 2479/2595/2555 2541/2658/2555 2542/2660/2555
f 2453/2596/2556 2515/2659/2556 2516/2661/2556
f 2480/2597/2557 2542/2660/2557 2543/2662/2557
f 2454/2598/2558 2516/2661/2558 2517/2663/2558
f 2481/2534/2559 2543/2662/2559 2544/2599/2559
f 2455/2536/2560 2517/2663/2560 2518/2601/2560
f 2547/2605/2561 2609/2664/2561 2610/2665/2561
f 2521/2606/2562 2583/2666/2562 2584/2667/2562
f 2548/2607/2563 2610/2665/2563 2611/2668/2563
f 2522/2608/2564 2584/2667/2564 2585/2669/2564
f 2549/2609/2565 2611/2668/2565 2612/2670/2565
f 2523/2610/2566 2585/2669/2566 2586/2671/2566
f 2550/2611/2567 2612/2670/2567 2613/2672/2567
f 2524/2612/2568 2586/2671/2568 2587/2673/2568
f 2551/2613/2569 2613/2672/2569 2614/2674/2569
f 2525/2614/2570 2587/2673/2570 2588/2675/2570
f 2552/2615/2571 2614/2674/2571 2615/2676/2571
f 2526/2616/2572 2588/2675/2572 2589/2677/2572
f 2553/2617/2573 2615/2676/2573 2616/2678/2573
f 2527/2618/2574 2589/2677/2574 2590/2679/2574
f 2501/2620/2575 1/2680/2575 2564/2681/2575
f 2554/2621/2576 2616/2678/2576 2617/2682/2576
f 2528/2622/2577 2590/2679/2577 2591/2683/2577
f 2502/2623/2578 2564/2681/2578 2565/2684/2578
f 2555/2624/2579 2617/2682/2579 2618/2685/2579
f 2529/2625/2580 2591/2683/2580 2592/2686/2580
f 2503/2626/2581 2565/2684/2581 2566/2687/2581
f 2556/2627/2582 2618/2685/2582 2619/2688/2582
f 2530/2628/2583 2592/2686/2583 2593/2689/2583
f 2504/2629/2584 2566/2687/2584 2567/2690/2584
f 2557/2630/2585 2619/2688/2585 2620/2691/2585
f 2531/2631/2586 2593/2689/2586 2594/2692/2586
f 2505/2632/2587 2567/2690/2587 2568/2693/2587
f 2558/2633/2588 2620/2691/2588 2621/2694/2588
f 2532/2634/2589 2594/2692/2589 2595/2695/2589
f 2506/2635/2590 2568/2693/2590 2569/2696/2590
f 2559/2636/2591 2621/2694/2591 2622/2697/2591
f 2533/2637/2592 2595/2695/2592 2596/2698/2592
f 2507/2638/2593 2569/2696/2593 2570/2699/2593
f 2560/2639/2594 2622/2697/2594 2623/2700/2594
f 2534/2640/2595 2596/2698/2595 2597/2701/2595
f 2508/2641/2596 2570/2699/2596 2571/2702/2596
f 2561/2642/2597 2623/2700/2597 2624/2703/2597
f 2535/2643/2598 2597/2701/2598 2598/2704/2598
f 2509/2644/2599 2571/2702/2599 2572/2705/2599
f 2562/2645/2600 2624/2703/2600 2625/2706/2600
f 2536/2646/2601 2598/2704/2601 2599/2707/2601
f 2510/2647/2602 2572/2705/2602 2573/2708/2602
f 2563/2648/2603 2625/2706/2603 2626/2709/2603
f 2537/2649/2604 2599/2707/2604 2600/2710/2604
f 2511/2650/2605 2573/2708/2605 2574/2711/2605
f 43/2712/2606 2563/2648/2606 2626/2709/2606
f 2538/2652/2607 2600/2710/2607 2601/2713/2607
f 2512/2653/2608 2574/2711/2608 2575/2714/2608
f 2539/2654/2609 2601/2713/2609 2602/2715/2609
f 2513/2655/2610 2575/2714/2610 2576/2716/2610
f 2540/2656/2611 2602/2715/2611 2603/2717/2611
f 2514/2657/2612 2576/2716/2612 2577/2718/2612
f 2541/2658/2613 2603/2717/2613 2604/2719/2613
f 2515/2659/2614 2577/2718/2614 2578/2720/2614
f 2542/2660/2615 2604/2719/2615 2605/2721/2615
f 2516/2661/2616 2578/2720/2616 2579/2722/2616
f 2543/2662/2617 2605/2721/2617 2606/2723/2617
f 2517/2663/2618 2579/2722/2618 2580/2724/2618
f 2544/2599/2619 2606/2723/2619 2607/2725/2619
f 2518/2601/2620 2580/2724/2620 2581/2726/2620
f 2545/2600/2621 2607/2725/2621 2608/2727/2621
f 2519/2602/2622 2581/2726/2622 2582/2728/2622
f 2546/2603/2623 2608/2727/2623 2609/2664/2623
f 2520/2604/2624 2582/2728/2624 2583/2666/2624
f 2612/2670/2625 2674/2729/2625 2675/2730/2625
f 2586/2671/2626 2648/2731/2626 2649/2732/2626
f 2613/2672/2627 2675/2730/2627 2676/2733/2627
f 2587/2673/2628 2649/2732/2628 2650/2734/2628
f 2614/2674/2629 2676/2733/2629 2677/2735/2629
f 2588/2675/2630 2650/2734/2630 2651/2736/2630
f 2615/2676/2631 2677/2735/2631 2678/2737/2631
f 2589/2677/2632 2651/2736/2632 2652/2738/2632
f 2616/2678/2633 2678/2737/2633 2679/2739/2633
f 2590/2679/2634 2652/2738/2634 2653/2740/2634
f 2564/2681/2635 1/2741/2635 2627/2742/2635
f 2617/2682/2636 2679/2739/2636 2680/2743/2636
f 2591/2683/2637 2653/2740/2637 2654/2744/2637
f 2565/2684/2638 2627/2742/2638 2628/2745/2638
f 2618/2685/2639 2680/2743/2639 2681/2746/2639
f 2592/2686/2640 2654/2744/2640 2655/2747/2640
f 2566/2687/2641 2628/2745/2641 2629/2748/2641
f 2619/2688/2642 2681/2746/2642 2682/2749/2642
f 2593/2689/2643 2655/2747/2643 2656/2750/2643
f 2567/2690/2644 2629/2748/2644 2630/2751/2644
f 2620/2691/2645 2682/2749/2645 2683/2752/2645
f 2594/2692/2646 2656/2750/2646 2657/2753/2646
f 2568/2693/2647 2630/2751/2647 2631/2754/2647
f 2621/2694/2648 2683/2752/2648 2684/2755/2648
f 2595/2695/2649 2657/2753/2649 2658/2756/2649
f 2569/2696/2650 2631/2754/2650 2632/2757/2650
f 2622/2697/2651 2684/2755/2651 2685/2758/2651
f 2596/2698/2652 2658/2756/2652 2659/2759/2652
f 2570/2699/2653 2632/2757/2653 2633/2760/2653
f 2623/2700/2654 2685/2758/2654 2686/2761/2654
f 2597/2701/2655 2659/2759/2655 2660/2762/2655
f 2571/2702/2656 2633/2760/2656 2634/2763/2656
f 2624/2703/2657 2686/2761/2657 2687/2764/2657
f 2598/2704/2658 2660/2762/2658 2661/2765/2658
f 2572/2705/2659 2634/2763/2659 2635/2766/2659
f 2625/2706/2660 2687/2764/2660 2688/2767/2660
f 2599/2707/2661 2661/2765/2661 2662/2768/2661
f 2573/2708/2662 2635/2766/2662 2636/2769/2662
f 2626/2709/2663 2688/2767/2663 2689/2770/2663
f 2600/2710/2664 2662/2768/2664 2663/2771/2664
f 2574/2711/2665 2636/2769/2665 2637/2772/2665
f 43/2773/2666 2626/2709/2666 2689/2770/2666
f 2601/2713/2667 2663/2771/2667 2664/2774/2667
f 2575/2714/2668 2637/2772/2668 2638/2775/2668
f 2602/2715/2669 2664/2774/2669 2665/2776/2669
f 2576/2716/2670 2638/2775/2670 2639/2777/2670
f 2603/2717/2671 2665/2776/2671 2666/2778/2671
f 2577/2718/2672 2639/2777/2672 2640/2779/2672
f 2604/2719/2673 2666/2778/2673 2667/2780/2673
f 2578/2720/2674 2640/2779/2674 2641/2781/2674
f 2605/2721/2675 2667/2780/2675 2668/2782/2675
f 2579/2722/2676 2641/2781/2676 2642/2783/2676
f 2606/2723/2677 2668/2782/2677 2669/2784/2677
f 2580/2724/2678 2642/2783/2678 2643/2785/2678
f 2607/2725/2679 2669/2784/2679 2670/2786/2679
f 2581/2726/2680 2643/2785/2680 2644/2787/2680
f 2608/2727/2681 2670/2786/2681 2671/2788/2681
f 2582/2728/2682 2644/2787/2682 2645/2789/2682
f 2609/2664/2683 2671/2788/2683 2672/2790/2683
f 2583/2666/2684 2645/2789/2684 2646/2791/2684
f 2610/2665/2685 2672/2790/2685 2673/2792/2685
f 2584/2667/2686 2646/2791/2686 2647/2793/2686
f 2611/2668/2687 2673/2792/2687 2674/2729/2687
f 2585/2669/2688 2647/2793/2688 2648/2731/2688
f 2677/2735/2689 2739/2794/2689 2740/2795/2689
f 2651/2736/2690 2713/2796/2690 2714/2797/2690
f 2678/2737/2691 2740/2795/2691 2741/2798/2691
f 2652/2738/2692 2714/2797/2692 2715/2799/2692
f 2679/2739/2693 2741/2798/2693 2742/2800/2693
f 2653/2740/2694 2715/2799/2694 2716/2801/2694
f 2627/2742/2695 1/2802/2695 2690/2803/2695
f 2680/2743/2696 2742/2800/2696 2743/2804/2696
f 2654/2744/2697 2716/2801/2697 2717/2805/2697
f 2628/2745/2698 2690/2803/2698 2691/2806/2698
f 2681/2746/2699 2743/2804/2699 2744/2807/2699
f 2655/2747/2700 2717/2805/2700 2718/2808/2700
f 2629/2748/2701 2691/2806/2701 2692/2809/2701
f 2682/2749/2702 2744/2807/2702 2745/2810/2702
f 2656/2750/2703 2718/2808/2703 2719/2811/2703
f 2630/2751/2704 2692/2809/2704 2693/2812/2704
f 2683/2752/2705 2745/2810/2705 2746/2813/2705
f 2657/2753/2706 2719/2811/2706 2720/2814/2706
f 2631/2754/2707 2693/2812/2707 2694/2815/2707
f 2684/2755/2708 2746/2813/2708 2747/2816/2708
f 2658/2756/2709 2720/2814/2709 2721/2817/2709
f 2632/2757/2710 2694/2815/2710 2695/2818/2710
f 2685/2758/2711 2747/2816/2711 2748/2819/2711
f 2659/2759/2712 2721/2817/2712 2722/2820/2712
f 2633/2760/2713 2695/2818/2713 2696/2821/2713
f 2686/2761/2714 2748/2819/2714 2749/2822/2714
f 2660/2762/2715 2722/2820/2715 2723/2823/2715
f 2634/2763/2716 2696/2821/2716 2697/2824/2716
f 2687/2764/2717 2749/2822/2717 2750/2825/2717
f 2661/2765/2718 2723/2823/2718 2724/2826/2718
f 2635/2766/2719 2697/2824/2719 2698/2827/2719
f 2688/2767/2720 2750/2825/2720 2751/2828/2720
f 2662/2768/2721 2724/2826/2721 2725/2829/2721
f 2636/2769/2722 2698/2827/2722 2699/2830/2722
f 2689/2770/2723 2751/2828/2723 2752/2831/2723
f 2663/2771/2724 2725/2829/2724 2726/2832/2724
f 2637/2772/2725 2699/2830/2725 2700/2833/2725
f 43/2834/2726 2689/2770/2726 2752/2831/2726
f 2664/2774/2727 2726/2832/2727 2727/2835/2727
f 2638/2775/2728 2700/2833/2728 2701/2836/2728
f 2665/2776/2729 2727/2835/2729 2728/2837/2729
f 2639/2777/2730 2701/2836/2730 2702/2838/2730
f 2666/2778/2731 2728/2837/2731 2729/2839/2731
f 2640/2779/2732 2702/2838/2732 2703/2840/2732
f 2667/2780/2733 2729/2839/2733 2730/2841/2733
f 2641/2781/2734 2703/2840/2734 2704/2842/2734
f 2668/2782/2735 2730/2841/2735 2731/2843/2735
f 2642/2783/2736 2704/2842/2736 2705/2844/2736
f 2669/2784/2737 2731/2843/2737 2732/2845/2737
f 2643/2785/2738 2705/2844/2738 2706/2846/2738
f 2670/2786/2739 2732/2845/2739 2733/2847/2739
f 2644/2787/2740 2706/2846/2740 2707/2848/2740
f 2671/2788/2741 2733/2847/2741 2734/2849/2741
f 2645/2789/2742 2707/2848/2742 2708/2850/2742
f 2672/2790/2743 2734/2849/2743 2735/2851/2743
f 2646/2791/2744 2708/2850/2744 2709/2852/2744
f 2673/2792/2745 2735/2851/2745 2736/2853/2745
f 2647/2793/2746 2709/2852/2746 2710/2854/2746
f 2674/2729/2747 2736/2853/2747 2737/2855/2747
f 2648/2731/2748 2710/2854/2748 2711/2856/2748
f 2675/2730/2749 2737/2855/2749 2738/2857/2749
f 2649/2732/2750 2711/2856/2750 2712/2858/2750
f 2676/2733/2751 2738/2857/2751 2739/2794/2751
f 2650/2734/2752 2712/2858/2752 2713/2796/2752
f 2742/2800/2753 2804/2859/2753 2805/2860/2753
f 2716/2801/2754 2778/2861/2754 2779/2862/2754
f 2690/2803/2755 1/2863/2755 2753/2864/2755
f 2743/2804/2756 2805/2860/2756 2806/2865/2756
f 2717/2805/2757 2779/2862/2757 2780/2866/2757
f 2691/2806/2758 2753/2864/2758 2754/2867/2758
f 2744/2807/2759 2806/2865/2759 2807/2868/2759
f 2718/2808/2760 2780/2866/2760 2781/2869/2760
f 2692/2809/2761 2754/2867/2761 2755/2870/2761
f 2745/2810/2762 2807/2868/2762 2808/2871/2762
f 2719/2811/2763 2781/2869/2763 2782/2872/2763
f 2693/2812/2764 2755/2870/2764 2756/2873/2764
f 2746/2813/2765 2808/2871/2765 2809/2874/2765
f 2720/2814/2766 2782/2872/2766 2783/2875/2766
f 2694/2815/2767 2756/2873/2767 2757/2876/2767
f 2747/2816/2768 2809/2874/2768 2810/2877/2768
f 2721/2817/2769 2783/2875/2769 2784/2878/2769
f 2695/2818/2770 2757/2876/2770 2758/2879/2770
f 2748/2819/2771 2810/2877/2771 2811/2880/2771
f 2722/2820/2772 2784/2878/2772 2785/2881/2772
f 2696/2821/2773 2758/2879/2773 2759/2882/2773
f 2749/2822/2774 2811/2880/2774 2812/2883/2774
f 2723/2823/2775 2785/2881/2775 2786/2884/2775
f 2697/2824/2776 2759/2882/2776 2760/2885/2776
f 2750/2825/2777 2812/2883/2777 2813/2886/2777
f 2724/2826/2778 2786/2884/2778 2787/2887/2778
f 2698/2827/2779 2760/2885/2779 2761/2888/2779
f 2751/2828/2780 2813/2886/2780 2814/2889/2780
f 2725/2829/2781 2787/2887/2781 2788/2890/2781
f 2699/2830/2782 2761/2888/2782 2762/2891/2782
f 2752/2831/2783 2814/2889/2783 2815/2892/2783
f 2726/2832/2784 2788/2890/2784 2789/2893/2784
f 2700/2833/2785 2762/2891/2785 2763/2894/2785
f 43/2895/2786 2752/2831/2786 2815/2892/2786
f 2727/2835/2787 2789/2893/2787 2790/2896/2787
f 2701/2836/2788 2763/2894/2788 2764/2897/2788
f 2728/2837/2789 2790/2896/2789 2791/2898/2789
f 2702/2838/2790 2764/2897/2790 2765/2899/2790
f 2729/2839/2791 2791/2898/2791 2792/2900/2791
f 2703/2840/2792 2765/2899/2792 2766/2901/2792
f 2730/2841/2793 2792/2900/2793 2793/2902/2793
f 2704/2842/2794 2766/2901/2794 2767/2903/2794
f 2731/2843/2795 2793/2902/2795 2794/2904/2795
f 2705/2844/2796 2767/2903/2796 2768/2905/2796
f 2732/2845/2797 2794/2904/2797 2795/2906/2797
f 2706/2846/2798 2768/2905/2798 2769/2907/2798
f 2733/2847/2799 2795/2906/2799 2796/2908/2799
f 2707/2848/2800 2769/2907/2800 2770/2909/2800
f 2734/2849/2801 2796/2908/2801 2797/2910/2801
f 2708/2850/2802 2770/2909/2802 2771/2911/2802
f 2735/2851/2803 2797/2910/2803 2798/2912/2803
f 2709/2852/2804 2771/2911/2804 2772/2913/2804
f 2736/2853/2805 2798/2912/2805 2799/2914/2805
f 2710/2854/2806 2772/2913/2806 2773/2915/2806
f 2737/2855/2807 2799/2914/2807 2800/2916/2807
f 2711/2856/2808 2773/2915/2808 2774/2917/2808
f 2738/2857/2809 2800/2916/2809 2801/2918/2809
f 2712/2858/2810 2774/2917/2810 2775/2919/2810
f 2739/2794/2811 2801/2918/2811 2802/2920/2811
f 2713/2796/2812 2775/2919/2812 2776/2921/2812
f 2740/2795/2813 2802/2920/2813 2803/2922/2813
f 2714/2797/2814 2776/2921/2814 2777/2923/2814
f 2741/2798/2815 2803/2922/2815 2804/2859/2815
f 2715/2799/2816 2777/2923/2816 2778/2861/2816
f 2807/2868/2817 2869/2924/2817 2870/2925/2817
f 2781/2869/2818 2843/2926/2818 2844/2927/2818
f 2755/2870/2819 2817/2928/2819 2818/2929/2819
f 2808/2871/2820 2870/2925/2820 2871/2930/2820
f 2782/2872/2821 2844/2927/2821 2845/2931/2821
f 2756/2873/2822 2818/2929/2822 2819/2932/2822
f 2809/2874/2823 2871/2930/2823 2872/2933/2823
f 2783/2875/2824 2845/2931/2824 2846/2934/2824
f 2757/2876/2825 2819/2932/2825 2820/2935/2825
f 2810/2877/2826 2872/2933/2826 2873/2936/2826
f 2784/2878/2827 2846/2934/2827 2847/2937/2827
f 2758/2879/2828 2820/2935/2828 2821/2938/2828
f 2811/2880/2829 2873/2936/2829 2874/2939/2829
f 2785/2881/2830 2847/2937/2830 2848/2940/2830
f 2759/2882/2831 2821/2938/2831 2822/2941/2831
f 2812/2883/2832 2874/2939/2832 2875/2942/2832
f 2786/2884/2833 2848/2940/2833 2849/2943/2833
f 2760/2885/2834 2822/2941/2834 2823/2944/2834
f 2813/2886/2835 2875/2942/2835 2876/2945/2835
f 2787/2887/2836 2849/2943/2836 2850/2946/2836
f 2761/2888/2837 2823/2944/2837 2824/2947/2837
f 2814/2889/2838 2876/2945/2838 2877/2948/2838
f 2788/2890/2839 2850/2946/2839 2851/2949/2839
f 2762/2891/2840 2824/2947/2840 2825/2950/2840
f 2815/2892/2841 2877/2948/2841 2878/2951/2841
f 2789/2893/2842 2851/2949/2842 2852/2952/2842
f 2763/2894/2843 2825/2950/2843 2826/2953/2843
f 43/2954/2844 2815/2892/2844 2878/2951/2844
f 2790/2896/2845 2852/2952/2845 2853/2955/2845
f 2764/2897/2846 2826/2953/2846 2827/2956/2846
f 2791/2898/2847 2853/2955/2847 2854/2957/2847
f 2765/2899/2848 2827/2956/2848 2828/2958/2848
f 2792/2900/2849 2854/2957/2849 2855/2959/2849
f 2766/2901/2850 2828/2958/2850 2829/2960/2850
f 2793/2902/2851 2855/2959/2851 2856/2961/2851
f 2767/2903/2852 2829/2960/2852 2830/2962/2852
f 2794/2904/2853 2856/2961/2853 2857/2963/2853
f 2768/2905/2854 2830/2962/2854 2831/2964/2854
f 2795/2906/2855 2857/2963/2855 2858/2965/2855
f 2769/2907/2856 2831/2964/2856 2832/2966/2856
f 2796/2908/2857 2858/2965/2857 2859/2967/2857
f 2770/2909/2858 2832/2966/2858 2833/2968/2858
f 2797/2910/2859 2859/2967/2859 2860/2969/2859
f 2771/2911/2860 2833/2968/2860 2834/2970/2860
f 2798/2912/2861 2860/2969/2861 2861/2971/2861
f 2772/2913/2862 2834/2970/2862 2835/2972/2862
f 2799/2914/2863 2861/2971/2863 2862/2973/2863
f 2773/2915/2864 2835/2972/2864 2836/2974/2864
f 2800/2916/2865 2862/2973/2865 2863/2975/2865
f 2774/2917/2866 2836/2974/2866 2837/2976/2866
f 2801/2918/2867 2863/2975/2867 2864/2977/2867
f 2775/2919/2868 2837/2976/2868 2838/2978/2868
f 2802/2920/2869 2864/2977/2869 2865/2979/2869
f 2776/2921/2870 2838/2978/2870 2839/2980/2870
f 2803/2922/2871 2865/2979/2871 2866/2981/2871
f 2777/2923/2872 2839/2980/2872 2840/2982/2872
f 2804/2859/2873 2866/2981/2873 2867/2983/2873
f 2778/2861/2874 2840/2982/2874 2841/2984/2874
f 2805/2860/2875 2867/2983/2875 2868/2985/2875
f 2779/2862/2876 2841/2984/2876 2842/2986/2876
f 2753/2864/2877 1/2987/2877 2816/2988/2877
f 2806/2865/2878 2868/2985/2878 2869/2924/2878
f 2780/2866/2879 2842/2986/2879 2843/2926/2879
f 2754/2867/2880 2816/2988/2880 2817/2928/2880
f 2872/2933/2881 2934/2989/2881 2935/2990/2881
f 2846/2934/2882 2908/2991/2882 2909/2992/2882
f 2820/2935/2883 2882/2993/2883 2883/2994/2883
f 2873/2936/2884 2935/2990/2884 2936/2995/2884
f 2847/2937/2885 2909/2992/2885 2910/2996/2885
f 2821/2938/2886 2883/2994/2886 2884/2997/2886
f 2874/2939/2887 2936/2995/2887 2937/2998/2887
f 2848/2940/2888 2910/2996/2888 2911/2999/2888
f 2822/2941/2889 2884/2997/2889 2885/3000/2889
f 2875/2942/2890 2937/2998/2890 2938/3001/2890
f 2849/2943/2891 2911/2999/2891 2912/3002/2891
f 2823/2944/2892 2885/3000/2892 2886/3003/2892
f 2876/2945/2893 2938/3001/2893 2939/3004/2893
f 2850/2946/2894 2912/3002/2894 2913/3005/2894
f 2824/2947/2895 2886/3003/2895 2887/3006/2895
f 2877/2948/2896 2939/3004/2896 2940/3007/2896
f 2851/2949/2897 2913/3005/2897 2914/3008/2897
f 2825/2950/2898 2887/3006/2898 2888/3009/2898
f 2878/2951/2899 2940/3007/2899 2941/3010/2899
f 2852/2952/2900 2914/3008/2900 2915/3011/2900
f 2826/2953/2901 2888/3009/2901 2889/3012/2901
f 43/3013/2902 2878/2951/2902 2941/3010/2902
f 2853/2955/2903 2915/3011/2903 2916/3014/2903
f 2827/2956/2904 2889/3012/2904 2890/3015/2904
f 2854/2957/2905 2916/3014/2905 2917/3016/2905
f 2828/2958/2906 2890/3015/2906 2891/3017/2906
f 2855/2959/2907 2917/3016/2907 2918/3018/2907
f 2829/2960/2908 2891/3017/2908 2892/3019/2908
f 2856/2961/2909 2918/3018/2909 2919/3020/2909
f 2830/2962/2910 2892/3019/2910 2893/3021/2910
f 2857/2963/2911 2919/3020/2911 2920/3022/2911
f 2831/2964/2912 2893/3021/2912 2894/3023/2912
f 2858/2965/2913 2920/3022/2913 2921/3024/2913
f 2832/2966/2914 2894/3023/2914 2895/3025/2914
f 2859/2967/2915 2921/3024/2915 2922/3026/2915
f 2833/2968/2916 2895/3025/2916 2896/3027/2916
f 2860/2969/2917 2922/3026/2917 2923/3028/2917
f 2834/2970/2918 2896/3027/2918 2897/3029/2918
f 2861/2971/2919 2923/3028/2919 2924/3030/2919
f 2835/2972/2920 2897/3029/2920 2898/3031/2920
f 2862/2973/2921 2924/3030/2921 2925/3032/2921
f 2836/2974/2922 2898/3031/2922 2899/3033/2922
f 2863/2975/2923 2925/3032/2923 2926/3034/2923
f 2837/2976/2924 2899/3033/2924 2900/3035/2924
f 2864/2977/2925 2926/3034/2925 2927/3036/2925
f 2838/2978/2926 2900/3035/2926 2901/3037/2926
f 2865/2979/2927 2927/3036/2927 2928/3038/2927
f 2839/2980/2928 2901/3037/2928 2902/3039/2928
f 2866/2981/2929 2928/3038/2929 2929/3040/2929
f 2840/2982/2930 2902/3039/2930 2903/3041/2930
f 2867/2983/2931 2929/3040/2931 2930/3042/2931
f 2841/2984/2932 2903/3041/2932 2904/3043/2932
f 2868/2985/2933 2930/3042/2933 2931/3044/2933
f 2842/2986/2934 2904/3043/2934 2905/3045/2934
f 2816/2988/2935 1/3046/2935 2879/3047/2935
f 2869/2924/2936 2931/3044/2936 2932/3048/2936
f 2843/2926/2937 2905/3045/2937 2906/3049/2937
f 2817/2928/2938 2879/3047/2938 2880/3050/2938
f 2870/2925/2939 2932/3048/2939 2933/3051/2939
f 2844/2927/2940 2906/3049/2940 2907/3052/2940
f 2818/2929/2941 2880/3050/2941 2881/3053/2941
f 2871/2930/2942 2933/3051/2942 2934/2989/2942
f 2845/2931/2943 2907/3052/2943 2908/2991/2943
f 2819/2932/2944 2881/3053/2944 2882/2993/2944
f 2937/2998/2945 2999/3054/2945 3000/3055/2945
f 2911/2999/2946 2973/3056/2946 2974/3057/2946
f 2885/3000/2947 2947/3058/2947 2948/3059/2947
f 2938/3001/2948 3000/3055/2948 3001/3060/2948
f 2912/3002/2949 2974/3057/2949 2975/3061/2949
f 2886/3003/2950 2948/3059/2950 2949/3062/2950
f 2939/3004/2951 3001/3060/2951 3002/3063/2951
f 2913/3005/2952 2975/3061/2952 2976/3064/2952
f 2887/3006/2953 2949/3062/2953 2950/3065/2953
f 2940/3007/2954 3002/3063/2954 3003/3066/2954
f 2914/3008/2955 2976/3064/2955 2977/3067/2955
f 2888/3009/2956 2950/3065/2956 2951/3068/2956
f 2941/3010/2957 3003/3066/2957 3004/3069/2957
f 2915/3011/2958 2977/3067/2958 2978/3070/2958
f 2889/3012/2959 2951/3068/2959 2952/3071/2959
f 43/3072/2960 2941/3010/2960 3004/3069/2960
f 2916/3014/2961 2978/3070/2961 2979/3073/2961
f 2890/3015/2962 2952/3071/2962 2953/3074/2962
f 2917/3016/2963 2979/3073/2963 2980/3075/2963
f 2891/3017/2964 2953/3074/2964 2954/3076/2964
f 2918/3018/2965 2980/3075/2965 2981/3077/2965
f 2892/3019/2966 2954/3076/2966 2955/3078/2966
f 2919/3020/2967 2981/3077/2967 2982/3079/2967
f 2893/3021/2968 2955/3078/2968 2956/3080/2968
f 2920/3022/2969 2982/3079/2969 2983/3081/2969
f 2894/3023/2970 2956/3080/2970 2957/3082/2970
f 2921/3024/2971 2983/3081/2971 2984/3083/2971
f 2895/3025/2972 2957/3082/2972 2958/3084/2972
f 2922/3026/2973 2984/3083/2973 2985/3085/2973
f 2896/3027/2974 2958/3084/2974 2959/3086/2974
f 2923/3028/2975 2985/3085/2975 2986/3087/2975
f 2897/3029/2976 2959/3086/2976 2960/3088/2976
f 2924/3030/2977 2986/3087/2977 2987/3089/2977
f 2898/3031/2978 2960/3088/2978 2961/3090/2978
f 2925/3032/2979 2987/3089/2979 2988/3091/2979
f 2899/3033/2980 2961/3090/2980 2962/3092/2980
f 2926/3034/2981 2988/3091/2981 2989/3093/2981
f 2900/3035/2982 2962/3092/2982 2963/3094/2982
f 2927/3036/2983 2989/3093/2983 2990/3095/2983
f 2901/3037/2984 2963/3094/2984 2964/3096/2984
f 2928/3038/2985 2990/3095/2985 2991/3097/2985
f 2902/3039/2986 2964/3096/2986 2965/3098/2986
f 2929/3040/2987 2991/3097/2987 2992/3099/2987
f 2903/3041/2988 2965/3098/2988 2966/3100/2988
f 2930/3042/2989 2992/3099/2989 2993/3101/2989
f 2904/3043/2990 2966/3100/2990 2967/3102/2990
f 2931/3044/2991 2993/3101/2991 2994/3103/2991
f 2905/3045/2992 2967/3102/2992 2968/3104/2992
f 2879/3047/2993 1/3105/2993 2942/3106/2993
f 2932/3048/2994 2994/3103/2994 2995/3107/2994
f 2906/3049/2995 2968/3104/2995 2969/3108/2995
f 2880/3050/2996 2942/3106/2996 2943/3109/2996
f 2933/3051/2997 2995/3107/2997 2996/3110/2997
f 2907/3052/2998 2969/3108/2998 2970/3111/2998
f 2881/3053/2999 2943/3109/2999 2944/3112/2999
f 2934/2989/3000 2996/3110/3000 2997/3113/3000
f 2908/2991/3001 2970/3111/3001 2971/3114/3001
f 2882/2993/3002 2944/3112/3002 2945/3115/3002
f 2935/2990/3003 2997/3113/3003 2998/3116/3003
f 2909/2992/3004 2971/3114/3004 2972/3117/3004
f 2883/2994/3005 2945/3115/3005 2946/3118/3005
f 2936/2995/3006 2998/3116/3006 2999/3054/3006
f 2910/2996/3007 2972/3117/3007 2973/3056/3007
f 2884/2997/3008 2946/3118/3008 2947/3058/3008
f 3002/3063/3009 3064/3119/3009 3065/3120/3009
f 2976/3064/3010 3038/3121/3010 3039/3122/3010
f 2950/3065/3011 3012/3123/3011 3013/3124/3011
f 3003/3066/3012 3065/3120/3012 3066/3125/3012
f 2977/3067/3013 3039/3122/3013 3040/3126/3013
f 2951/3068/3014 3013/3124/3014 3014/3127/3014
f 3004/3069/3015 3066/3125/3015 3067/3128/3015
f 2978/3070/3016 3040/3126/3016 3041/3129/3016
f 2952/3071/3017 3014/3127/3017 3015/3130/3017
f 43/3131/3018 3004/3069/3018 3067/3128/3018
f 2979/3073/3019 3041/3129/3019 3042/3132/3019
f 2953/3074/3020 3015/3130/3020 3016/3133/3020
f 2980/3075/3021 3042/3132/3021 3043/3134/3021
f 2954/3076/3022 3016/3133/3022 3017/3135/3022
f 2981/3077/3023 3043/3134/3023 3044/3136/3023
f 2955/3078/3024 3017/3135/3024 3018/3137/3024
f 2982/3079/3025 3044/3136/3025 3045/3138/3025
f 2956/3080/3026 3018/3137/3026 3019/3139/3026
f 2983/3081/3027 3045/3138/3027 3046/3140/3027
f 2957/3082/3028 3019/3139/3028 3020/3141/3028
f 2984/3083/3029 3046/3140/3029 3047/3142/3029
f 2958/3084/3030 3020/3141/3030 3021/3143/3030
f 2985/3085/3031 3047/3142/3031 3048/3144/3031
f 2959/3086/3032 3021/3143/3032 3022/3145/3032
f 2986/3087/3033 3048/3144/3033 3049/3146/3033
f 2960/3088/3034 3022/3145/3034 3023/3147/3034
f 2987/3089/3035 3049/3146/3035 3050/3148/3035
f 2961/3090/3036 3023/3147/3036 3024/3149/3036
f 2988/3091/3037 3050/3148/3037 3051/3150/3037
f 2962/3092/3038 3024/3149/3038 3025/3151/3038
f 2989/3093/3039 3051/3150/3039 3052/3152/3039
f 2963/3094/3040 3025/3151/3040 3026/3153/3040
f 2990/3095/3041 3052/3152/3041 3053/3154/3041
f 2964/3096/3042 3026/3153/3042 3027/3155/3042
f 2991/3097/3043 3053/3154/3043 3054/3156/3043
f 2965/3098/3044 3027/3155/3044 3028/3157/3044
f 2992/3099/3045 3054/3156/3045 3055/3158/3045
f 2966/3100/3046 3028/3157/3046 3029/3159/3046
f 2993/3101/3047 3055/3158/3047 3056/3160/3047
f 2967/3102/3048 3029/3159/3048 3030/3161/3048
f 2994/3103/3049 3056/3160/3049 3057/3162/3049
f 2968/3104/3050 3030/3161/3050 3031/3163/3050
f 2942/3106/3051 1/3164/3051 3005/3165/3051
f 2995/3107/3052 3057/3162/3052 3058/3166/3052
f 2969/3108/3053 3031/3163/3053 3032/3167/3053
f 2943/3109/3054 3005/3165/3054 3006/3168/3054
f 2996/3110/3055 3058/3166/3055 3059/3169/3055
f 2970/3111/3056 3032/3167/3056 3033/3170/3056
f 2944/3112/3057 3006/3168/3057 3007/3171/3057
f 2997/3113/3058 3059/3169/3058 3060/3172/3058
f 2971/3114/3059 3033/3170/3059 3034/3173/3059
f 2945/3115/3060 3007/3171/3060 3008/3174/3060
f 2998/3116/3061 3060/3172/3061 3061/3175/3061
f 2972/3117/3062 3034/3173/3062 3035/3176/3062
f 2946/3118/3063 3008/3174/3063 3009/3177/3063
f 2999/3054/3064 3061/3175/3064 3062/3178/3064
f 2973/3056/3065 3035/3176/3065 3036/3179/3065
f 2947/3058/3066 3009/3177/3066 3010/3180/3066
f 3000/3055/3067 3062/3178/3067 3063/3181/3067
f 2974/3057/3068 3036/3179/3068 3037/3182/3068
f 2948/3059/3069 3010/3180/3069 3011/3183/3069
f 3001/3060/3070 3063/3181/3070 3064/3119/3070
f 2975/3061/3071 3037/3182/3071 3038/3121/3071
f 2949/3062/3072 3011/3183/3072 3012/3123/3072
f 3067/3184/3073 3129/3185/3073 3130/3186/3073
f 3041/3187/3074 3103/3188/3074 3104/3189/3074
f 3015/3190/3075 3077/3191/3075 3078/3192/3075
f 43/3193/3076 3067/3184/3076 3130/3186/3076
f 3042/3194/3077 3104/3189/3077 3105/3195/3077
f 3016/3196/3078 3078/3192/3078 3079/3197/3078
f 3043/3198/3079 3105/3195/3079 3106/3199/3079
f 3017/3200/3080 3079/3197/3080 3080/3201/3080
f 3044/3202/3081 3106/3199/3081 3107/3203/3081
f 3018/3204/3082 3080/3201/3082 3081/3205/3082
f 3045/3206/3083 3107/3203/3083 3108/3207/3083
f 3019/3208/3084 3081/3205/3084 3082/3209/3084
f 3046/3210/3085 3108/3207/3085 3109/3211/3085
f 3020/3212/3086 3082/3209/3086 3083/3213/3086
f 3047/3214/3087 3109/3211/3087 3110/3215/3087
f 3021/3216/3088 3083/3213/3088 3084/3217/3088
f 3048/3218/3089 3110/3215/3089 3111/3219/3089
f 3022/3220/3090 3084/3217/3090 3085/3221/3090
f 3049/3222/3091 3111/3219/3091 3112/3223/3091
f 3023/3224/3092 3085/3221/3092 3086/3225/3092
f 3050/3226/3093 3112/3223/3093 3113/3227/3093
f 3024/3228/3094 3086/3225/3094 3087/3229/3094
f 3051/3230/3095 3113/3227/3095 3114/3231/3095
f 3025/3232/3096 3087/3229/3096 3088/3233/3096
f 3052/3234/3097 3114/3231/3097 3115/3235/3097
f 3026/3236/3098 3088/3233/3098 3089/3237/3098
f 3053/3238/3099 3115/3235/3099 3116/3239/3099
f 3027/3240/3100 3089/3237/3100 3090/3241/3100
f 3054/3242/3101 3116/3239/3101 3117/3243/3101
f 3028/3244/3102 3090/3241/3102 3091/3245/3102
f 3055/3246/3103 3117/3243/3103 3118/3247/3103
f 3029/3248/3104 3091/3245/3104 3092/3249/3104
f 3056/3250/3105 3118/3247/3105 3119/3251/3105
f 3030/3252/3106 3092/3249/3106 3093/3253/3106
f 3057/3254/3107 3119/3251/3107 3120/3255/3107
f 3031/3256/3108 3093/3253/3108 3094/3257/3108
f 3005/3258/3109 1/3259/3109 3068/3260/3109
f 3058/3261/3110 3120/3255/3110 3121/3262/3110
f 3032/3263/3111 3094/3257/3111 3095/3264/3111
f 3006/3265/3112 3068/3260/3112 3069/3266/3112
f 3059/3267/3113 3121/3262/3113 3122/3268/3113
f 3033/3269/3114 3095/3264/3114 3096/3270/3114
f 3007/3271/3115 3069/3266/3115 3070/3272/3115
f 3060/3273/3116 3122/3268/3116 3123/3274/3116
f 3034/3275/3117 3096/3270/3117 3097/3276/3117
f 3008/3277/3118 3070/3272/3118 3071/3278/3118
f 3061/3279/3119 3123/3274/3119 3124/3280/3119
f 3035/3281/3120 3097/3276/3120 3098/3282/3120
f 3009/3283/3121 3071/3278/3121 3072/3284/3121
f 3062/3285/3122 3124/3280/3122 3125/3286/3122
f 3036/3287/3123 3098/3282/3123 3099/3288/3123
f 3010/3289/3124 3072/3284/3124 3073/3290/3124
f 3063/3291/3125 3125/3286/3125 3126/3292/3125
f 3037/3293/3126 3099/3288/3126 3100/3294/3126
f 3011/3295/3127 3073/3290/3127 3074/3296/3127
f 3064/3297/3128 3126/3292/3128 3127/3298/3128
f 3038/3299/3129 3100/3294/3129 3101/3300/3129
f 3012/3301/3130 3074/3296/3130 3075/3302/3130
f 3065/3303/3131 3127/3298/3131 3128/3304/3131
f 3039/3305/3132 3101/3300/3132 3102/3306/3132
f 3013/3307/3133 3075/3302/3133 3076/3308/3133
f 3066/3309/3134 3128/3304/3134 3129/3185/3134
f 3040/3310/3135 3102/3306/3135 3103/3188/3135
f 3014/3311/3136 3076/3308/3136 3077/3191/3136
f 3106/3199/3137 3168/3312/3137 3169/3313/3137
f 3080/3201/3138 3142/3314/3138 3143/3315/3138
f 3107/3203/3139 3169/3313/3139 3170/3316/3139
f 3081/3205/3140 3143/3315/3140 3144/3317/3140
f 3108/3207/3141 3170/3316/3141 3171/3318/3141
f 3082/3209/3142 3144/3317/3142 3145/3319/3142
f 3109/3211/3143 3171/3318/3143 3172/3320/3143
f 3083/3213/3144 3145/3319/3144 3146/3321/3144
f 3110/3215/3145 3172/3320/3145 3173/3322/3145
f 3084/3217/3146 3146/3321/3146 3147/3323/3146
f 3111/3219/3147 3173/3322/3147 3174/3324/3147
f 3085/3221/3148 3147/3323/3148 3148/3325/3148
f 3112/3223/3149 3174/3324/3149 3175/3326/3149
f 3086/3225/3150 3148/3325/3150 3149/3327/3150
f 3113/3227/3151 3175/3326/3151 3176/3328/3151
f 3087/3229/3152 3149/3327/3152 3150/3329/3152
f 3114/3231/3153 3176/3328/3153 3177/3330/3153
f 3088/3233/3154 3150/3329/3154 3151/3331/3154
f 3115/3235/3155 3177/3330/3155 3178/3332/3155
f 3089/3237/3156 3151/3331/3156 3152/3333/3156
f 3116/3239/3157 3178/3332/3157 3179/3334/3157
f 3090/3241/3158 3152/3333/3158 3153/3335/3158
f 3117/3243/3159 3179/3334/3159 3180/3336/3159
f 3091/3245/3160 3153/3335/3160 3154/3337/3160
f 3118/3247/3161 3180/3336/3161 3181/3338/3161
f 3092/3249/3162 3154/3337/3162 3155/3339/3162
f 3119/3251/3163 3181/3338/3163 3182/3340/3163
f 3093/3253/3164 3155/3339/3164 3156/3341/3164
f 3120/3255/3165 3182/3340/3165 3183/3342/3165
f 3094/3257/3166 3156/3341/3166 3157/3343/3166
f 3068/3260/3167 1/3344/3167 3131/3345/3167
f 3121/3262/3168 3183/3342/3168 3184/3346/3168
f 3095/3264/3169 3157/3343/3169 3158/3347/3169
f 3069/3266/3170 3131/3345/3170 3132/3348/3170
f 3122/3268/3171 3184/3346/3171 3185/3349/3171
f 3096/3270/3172 3158/3347/3172 3159/3350/3172
f 3070/3272/3173 3132/3348/3173 3133/3351/3173
f 3123/3274/3174 3185/3349/3174 3186/3352/3174
f 3097/3276/3175 3159/3350/3175 3160/3353/3175
f 3071/3278/3176 3133/3351/3176 3134/3354/3176
f 3124/3280/3177 3186/3352/3177 3187/3355/3177
f 3098/3282/3178 3160/3353/3178 3161/3356/3178
f 3072/3284/3179 3134/3354/3179 3135/3357/3179
f 3125/3286/3180 3187/3355/3180 3188/3358/3180
f 3099/3288/3181 3161/3356/3181 3162/3359/3181
f 3073/3290/3182 3135/3357/3182 3136/3360/3182
f 3126/3292/3183 3188/3358/3183 3189/3361/3183
f 3100/3294/3184 3162/3359/3184 3163/3362/3184
f 3074/3296/3185 3136/3360/3185 3137/3363/3185
f 3127/3298/3186 3189/3361/3186 3190/3364/3186
f 3101/3300/3187 3163/3362/3187 3164/3365/3187
f 3075/3302/3188 3137/3363/3188 3138/3366/3188
f 3128/3304/3189 3190/3364/3189 3191/3367/3189
f 3102/3306/3190 3164/3365/3190 3165/3368/3190
f 3076/3308/3191 3138/3366/3191 3139/3369/3191
f 3129/3185/3192 3191/3367/3192 3192/3370/3192
f 3103/3188/3193 3165/3368/3193 3166/3371/3193
f 3077/3191/3194 3139/3369/3194 3140/3372/3194
f 3130/3186/3195 3192/3370/3195 3193/3373/3195
f 3104/3189/3196 3166/3371/3196 3167/3374/3196
f 3078/3192/3197 3140/3372/3197 3141/3375/3197
f 43/3376/3198 3130/3186/3198 3193/3373/3198
f 3105/3195/3199 3167/3374/3199 3168/3312/3199
f 3079/3197/3200 3141/3375/3200 3142/3314/3200
f 3171/3318/3201 3233/3377/3201 3234/3378/3201
f 3145/3319/3202 3207/3379/3202 3208/3380/3202
f 3172/3320/3203 3234/3378/3203 3235/3381/3203
f 3146/3321/3204 3208/3380/3204 3209/3382/3204
f 3173/3322/3205 3235/3381/3205 3236/3383/3205
f 3147/3323/3206 3209/3382/3206 3210/3384/3206
f 3174/3324/3207 3236/3383/3207 3237/3385/3207
f 3148/3325/3208 3210/3384/3208 3211/3386/3208
f 3175/3326/3209 3237/3385/3209 3238/3387/3209
f 3149/3327/3210 3211/3386/3210 3212/3388/3210
f 3176/3328/3211 3238/3387/3211 3239/3389/3211
f 3150/3329/3212 3212/3388/3212 3213/3390/3212
f 3177/3330/3213 3239/3389/3213 3240/3391/3213
f 3151/3331/3214 3213/3390/3214 3214/3392/3214
f 3178/3332/3215 3240/3391/3215 3241/3393/3215
f 3152/3333/3216 3214/3392/3216 3215/3394/3216
f 3179/3334/3217 3241/3393/3217 3242/3395/3217
f 3153/3335/3218 3215/3394/3218 3216/3396/3218
f 3180/3336/3219 3242/3395/3219 3243/3397/3219
f 3154/3337/3220 3216/3396/3220 3217/3398/3220
f 3181/3338/3221 3243/3397/3221 3244/3399/3221
f 3155/3339/3222 3217/3398/3222 3218/3400/3222
f 3182/3340/3223 3244/3399/3223 3245/3401/3223
f 3156/3341/3224 3218/3400/3224 3219/3402/3224
f 3183/3342/3225 3245/3401/3225 3246/3403/3225
f 3157/3343/3226 3219/3402/3226 3220/3404/3226
f 3131/3345/3227 1/3405/3227 3194/3406/3227
f 3184/3346/3228 3246/3403/3228 3247/3407/3228
f 3158/3347/3229 3220/3404/3229 3221/3408/3229
f 3132/3348/3230 3194/3406/3230 3195/3409/3230
f 3185/3349/3231 3247/3407/3231 3248/3410/3231
f 3159/3350/3232 3221/3408/3232 3222/3411/3232
f 3133/3351/3233 3195/3409/3233 3196/3412/3233
f 3186/3352/3234 3248/3410/3234 3249/3413/3234
f 3160/3353/3235 3222/3411/3235 3223/3414/3235
f 3134/3354/3236 3196/3412/3236 3197/3415/3236
f 3187/3355/3237 3249/3413/3237 3250/3416/3237
f 3161/3356/3238 3223/3414/3238 3224/3417/3238
f 3135/3357/3239 3197/3415/3239 3198/3418/3239
f 3188/3358/3240 3250/3416/3240 3251/3419/3240
f 3162/3359/3241 3224/3417/3241 3225/3420/3241
f 3136/3360/3242 3198/3418/3242 3199/3421/3242
f 3189/3361/3243 3251/3419/3243 3252/3422/3243
f 3163/3362/3244 3225/3420/3244 3226/3423/3244
f 3137/3363/3245 3199/3421/3245 3200/3424/3245
f 3190/3364/3246 3252/3422/3246 3253/3425/3246
f 3164/3365/3247 3226/3423/3247 3227/3426/3247
f 3138/3366/3248 3200/3424/3248 3201/3427/3248
f 3191/3367/3249 3253/3425/3249 3254/3428/3249
f 3165/3368/3250 3227/3426/3250 3228/3429/3250
f 3139/3369/3251 3201/3427/3251 3202/3430/3251
f 3192/3370/3252 3254/3428/3252 3255/3431/3252
f 3166/3371/3253 3228/3429/3253 3229/3432/3253
f 3140/3372/3254 3202/3430/3254 3203/3433/3254
f 3193/3373/3255 3255/3431/3255 3256/3434/3255
f 3167/3374/3256 3229/3432/3256 3230/3435/3256
f 3141/3375/3257 3203/3433/3257 3204/3436/3257
f 43/3437/3258 3193/3373/3258 3256/3434/3258
f 3168/3312/3259 3230/3435/3259 3231/3438/3259
f 3142/3314/3260 3204/3436/3260 3205/3439/3260
f 3169/3313/3261 3231/3438/3261 3232/3440/3261
f 3143/3315/3262 3205/3439/3262 3206/3441/3262
f 3170/3316/3263 3232/3440/3263 3233/3377/3263
f 3144/3317/3264 3206/3441/3264 3207/3379/3264
f 3232/3440/3265 3294/3442/3265 3295/3443/3265
f 3210/3384/3266 3272/3444/3266 3273/3445/3266
f 3233/3377/3267 3295/3443/3267 3296/3446/3267
f 3211/3386/3268 3273/3445/3268 3274/3447/3268
f 3234/3378/3269 3296/3446/3269 3297/3448/3269
f 3212/3388/3270 3274/3447/3270 3275/3449/3270
f 3235/3381/3271 3297/3448/3271 3298/3450/3271
f 3213/3390/3272 3275/3449/3272 3276/3451/3272
f 3236/3383/3273 3298/3450/3273 3299/3452/3273
f 3214/3392/3274 3276/3451/3274 3277/3453/3274
f 3237/3385/3275 3299/3452/3275 3300/3454/3275
f 3215/3394/3276 3277/3453/3276 3278/3455/3276
f 3238/3387/3277 3300/3454/3277 3301/3456/3277
f 3216/3396/3278 3278/3455/3278 3279/3457/3278
f 3239/3389/3279 3301/3456/3279 3302/3458/3279
f 3217/3398/3280 3279/3457/3280 3280/3459/3280
f 3240/3391/3281 3302/3458/3281 3303/3460/3281
f 3218/3400/3282 3280/3459/3282 3281/3461/3282
f 3241/3393/3283 3303/3460/3283 3304/3462/3283
f 3219/3402/3284 3281/3461/3284 3282/3463/3284
f 3242/3395/3285 3304/3462/3285 3305/3464/3285
f 3220/3404/3286 3282/3463/3286 3283/3465/3286
f 3194/3406/3287 1/3466/3287 3257/3467/3287
f 3243/3397/3288 3305/3464/3288 3306/3468/3288
f 3221/3408/3289 3283/3465/3289 3284/3469/3289
f 3195/3409/3290 3257/3467/3290 3258/3470/3290
f 3244/3399/3291 3306/3468/3291 3307/3471/3291
f 3222/3411/3292 3284/3469/3292 3285/3472/3292
f 3196/3412/3293 3258/3470/3293 3259/3473/3293
f 3245/3401/3294 3307/3471/3294 3308/3474/3294
f 3223/3414/3295 3285/3472/3295 3286/3475/3295
f 3197/3415/3296 3259/3473/3296 3260/3476/3296
f 3246/3403/3297 3308/3474/3297 3309/3477/3297
f 3224/3417/3298 3286/3475/3298 3287/3478/3298
f 3198/3418/3299 3260/3476/3299 3261/3479/3299
f 3247/3407/3300 3309/3477/3300 3310/3480/3300
f 3225/3420/3301 3287/3478/3301 3288/3481/3301
f 3199/3421/3302 3261/3479/3302 3262/3482/3302
f 3248/3410/3303 3310/3480/3303 3311/3483/3303
f 3226/3423/3304 3288/3481/3304 3289/3484/3304
f 3200/3424/3305 3262/3482/3305 3263/3485/3305
f 3249/3413/3306 3311/3483/3306 3312/3486/3306
f 3227/3426/3307 3289/3484/3307 3290/3487/3307
f 3201/3427/3308 3263/3485/3308 3264/3488/3308
f 3250/3416/3309 3312/3486/3309 3313/3489/3309
f 3228/3429/3310 3290/3487/3310 3291/3490/3310
f 3202/3430/3311 3264/3488/3311 3265/3491/3311
f 3251/3419/3312 3313/3489/3312 3314/3492/3312
f 3229/3432/3313 3291/3490/3313 3292/3493/3313
f 3203/3433/3314 3265/3491/3314 3266/3494/3314
f 3252/3422/3315 3314/3492/3315 3315/3495/3315
f 3230/3435/3316 3292/3493/3316 3293/3496/3316
f 3204/3436/3317 3266/3494/3317 3267/3497/3317
f 3253/3425/3318 3315/3495/3318 3316/3498/3318
f 3231/3438/3319 3293/3496/3319 3294/3442/3319
f 3205/3439/3320 3267/3497/3320 3268/3499/3320
f 3254/3428/3321 3316/3498/3321 3317/3500/3321
f 3206/3441/3322 3268/3499/3322 3269/3501/3322
f 3255/3431/3323 3317/3500/3323 3318/3502/3323
f 3207/3379/3324 3269/3501/3324 3270/3503/3324
f 3256/3434/3325 3318/3502/3325 3319/3504/3325
f 3208/3380/3326 3270/3503/3326 3271/3505/3326
f 43/3506/3327 3256/3434/3327 3319/3504/3327
f 3209/3382/3328 3271/3505/3328 3272/3444/3328
f 3297/3448/3329 3359/3507/3329 3360/3508/3329
f 3271/3505/3330 3333/3509/3330 3334/3510/3330
f 3298/3450/3331 3360/3508/3331 3361/3511/3331
f 3272/3444/3332 3334/3510/3332 3335/3512/3332
f 3299/3452/3333 3361/3511/3333 3362/3513/3333
f 3273/3445/3334 3335/3512/3334 3336/3514/3334
f 3300/3454/3335 3362/3513/3335 3363/3515/3335
f 3274/3447/3336 3336/3514/3336 3337/3516/3336
f 3301/3456/3337 3363/3515/3337 3364/3517/3337
f 3275/3449/3338 3337/3516/3338 3338/3518/3338
f 3302/3458/3339 3364/3517/3339 3365/3519/3339
f 3276/3451/3340 3338/3518/3340 3339/3520/3340
f 3303/3460/3341 3365/3519/3341 3366/3521/3341
f 3277/3453/3342 3339/3520/3342 3340/3522/3342
f 3304/3462/3343 3366/3521/3343 3367/3523/3343
f 3278/3455/3344 3340/3522/3344 3341/3524/3344
f 3305/3464/3345 3367/3523/3345 3368/3525/3345
f 3279/3457/3346 3341/3524/3346 3342/3526/3346
f 3306/3468/3347 3368/3525/3347 3369/3527/3347
f 3280/3459/3348 3342/3526/3348 3343/3528/3348
f 3307/3471/3349 3369/3527/3349 3370/3529/3349
f 3281/3461/3350 3343/3528/3350 3344/3530/3350
f 3308/3474/3351 3370/3529/3351 3371/3531/3351
f 3282/3463/3352 3344/3530/3352 3345/3532/3352
f 3309/3477/3353 3371/3531/3353 3372/3533/3353
f 3283/3465/3354 3345/3532/3354 3346/3534/3354
f 3257/3467/3355 1/3535/3355 3320/3536/3355
f 3310/3480/3356 3372/3533/3356 3373/3537/3356
f 3284/3469/3357 3346/3534/3357 3347/3538/3357
f 3258/3470/3358 3320/3536/3358 3321/3539/3358
f 3311/3483/3359 3373/3537/3359 3374/3540/3359
f 3285/3472/3360 3347/3538/3360 3348/3541/3360
f 3259/3473/3361 3321/3539/3361 3322/3542/3361
f 3312/3486/3362 3374/3540/3362 3375/3543/3362
f 3286/3475/3363 3348/3541/3363 3349/3544/3363
f 3260/3476/3364 3322/3542/3364 3323/3545/3364
f 3313/3489/3365 3375/3543/3365 3376/3546/3365
f 3287/3478/3366 3349/3544/3366 3350/3547/3366
f 3261/3479/3367 3323/3545/3367 3324/3548/3367
f 3314/3492/3368 3376/3546/3368 3377/3549/3368
f 3288/3481/3369 3350/3547/3369 3351/3550/3369
f 3262/3482/3370 3324/3548/3370 3325/3551/3370
f 3315/3495/3371 3377/3549/3371 3378/3552/3371
f 3289/3484/3372 3351/3550/3372 3352/3553/3372
f 3263/3485/3373 3325/3551/3373 3326/3554/3373
f 3316/3498/3374 3378/3552/3374 3379/3555/3374
f 3290/3487/3375 3352/3553/3375 3353/3556/3375
f 3264/3488/3376 3326/3554/3376 3327/3557/3376
f 3317/3500/3377 3379/3555/3377 3380/3558/3377
f 3291/3490/3378 3353/3556/3378 3354/3559/3378
f 3265/3491/3379 3327/3557/3379 3328/3560/3379
f 3318/3502/3380 3380/3558/3380 3381/3561/3380
f 3292/3493/3381 3354/3559/3381 3355/3562/3381
f 3266/3494/3382 3328/3560/3382 3329/3563/3382
f 3319/3504/3383 3381/3561/3383 3382/3564/3383
f 3293/3496/3384 3355/3562/3384 3356/3565/3384
f 3267/3497/3385 3329/3563/3385 3330/3566/3385
f 43/3567/3386 3319/3504/3386 3382/3564/3386
f 3294/3442/3387 3356/3565/3387 3357/3568/3387
f 3268/3499/3388 3330/3566/3388 3331/3569/3388
f 3295/3443/3389 3357/3568/3389 3358/3570/3389
f 3269/3501/3390 3331/3569/3390 3332/3571/3390
f 3296/3446/3391 3358/3570/3391 3359/3507/3391
f 3270/3503/3392 3332/3571/3392 3333/3509/3392
f 3362/3513/3393 3424/3572/3393 3425/3573/3393
f 3336/3514/3394 3398/3574/3394 3399/3575/3394
f 3363/3515/3395 3425/3573/3395 3426/3576/3395
f 3337/3516/3396 3399/3575/3396 3400/3577/3396
f 3364/3517/3397 3426/3576/3397 3427/3578/3397
f 3338/3518/3398 3400/3577/3398 3401/3579/3398
f 3365/3519/3399 3427/3578/3399 3428/3580/3399
f 3339/3520/3400 3401/3579/3400 3402/3581/3400
f 3366/3521/3401 3428/3580/3401 3429/3582/3401
f 3340/3522/3402 3402/3581/3402 3403/3583/3402
f 3367/3523/3403 3429/3582/3403 3430/3584/3403
f 3341/3524/3404 3403/3583/3404 3404/3585/3404
f 3368/3525/3405 3430/3584/3405 3431/3586/3405
f 3342/3526/3406 3404/3585/3406 3405/3587/3406
f 3369/3527/3407 3431/3586/3407 3432/3588/3407
f 3343/3528/3408 3405/3587/3408 3406/3589/3408
f 3370/3529/3409 3432/3588/3409 3433/3590/3409
f 3344/3530/3410 3406/3589/3410 3407/3591/3410
f 3371/3531/3411 3433/3590/3411 3434/3592/3411
f 3345/3532/3412 3407/3591/3412 3408/3593/3412
f 3372/3533/3413 3434/3592/3413 3435/3594/3413
f 3346/3534/3414 3408/3593/3414 3409/3595/3414
f 3320/3536/3415 1/3596/3415 3383/3597/3415
f 3373/3537/3416 3435/3594/3416 3436/3598/3416
f 3347/3538/3417 3409/3595/3417 3410/3599/3417
f 3321/3539/3418 3383/3597/3418 3384/3600/3418
f 3374/3540/3419 3436/3598/3419 3437/3601/3419
f 3348/3541/3420 3410/3599/3420 3411/3602/3420
f 3322/3542/3421 3384/3600/3421 3385/3603/3421
f 3375/3543/3422 3437/3601/3422 3438/3604/3422
f 3349/3544/3423 3411/3602/3423 3412/3605/3423
f 3323/3545/3424 3385/3603/3424 3386/3606/3424
f 3376/3546/3425 3438/3604/3425 3439/3607/3425
f 3350/3547/3426 3412/3605/3426 3413/3608/3426
f 3324/3548/3427 3386/3606/3427 3387/3609/3427
f 3377/3549/3428 3439/3607/3428 3440/3610/3428
f 3351/3550/3429 3413/3608/3429 3414/3611/3429
f 3325/3551/3430 3387/3609/3430 3388/3612/3430
f 3378/3552/3431 3440/3610/3431 3441/3613/3431
f 3352/3553/3432 3414/3611/3432 3415/3614/3432
f 3326/3554/3433 3388/3612/3433 3389/3615/3433
f 3379/3555/3434 3441/3613/3434 3442/3616/3434
f 3353/3556/3435 3415/3614/3435 3416/3617/3435
f 3327/3557/3436 3389/3615/3436 3390/3618/3436
f 3380/3558/3437 3442/3616/3437 3443/3619/3437
f 3354/3559/3438 3416/3617/3438 3417/3620/3438
f 3328/3560/3439 3390/3618/3439 3391/3621/3439
f 3381/3561/3440 3443/3619/3440 3444/3622/3440
f 3355/3562/3441 3417/3620/3441 3418/3623/3441
f 3329/3563/3442 3391/3621/3442 3392/3624/3442
f 3382/3564/3443 3444/3622/3443 3445/3625/3443
f 3356/3565/3444 3418/3623/3444 3419/3626/3444
f 3330/3566/3445 3392/3624/3445 3393/3627/3445
f 43/3628/3446 3382/3564/3446 3445/3625/3446
f 3357/3568/3447 3419/3626/3447 3420/3629/3447
f 3331/3569/3448 3393/3627/3448 3394/3630/3448
f 3358/3570/3449 3420/3629/3449 3421/3631/3449
f 3332/3571/3450 3394/3630/3450 3395/3632/3450
f 3359/3507/3451 3421/3631/3451 3422/3633/3451
f 3333/3509/3452 3395/3632/3452 3396/3634/3452
f 3360/3508/3453 3422/3633/3453 3423/3635/3453
f 3334/3510/3454 3396/3634/3454 3397/3636/3454
f 3361/3511/3455 3423/3635/3455 3424/3572/3455
f 3335/3512/3456 3397/3636/3456 3398/3574/3456
f 3427/3578/3457 3489/3637/3457 3490/3638/3457
f 3401/3579/3458 3463/3639/3458 3464/3640/3458
f 3428/3580/3459 3490/3638/3459 3491/3641/3459
f 3402/3581/3460 3464/3640/3460 3465/3642/3460
f 3429/3582/3461 3491/3641/3461 3492/3643/3461
f 3403/3583/3462 3465/3642/3462 3466/3644/3462
f 3430/3584/3463 3492/3643/3463 3493/3645/3463
f 3404/3585/3464 3466/3644/3464 3467/3646/3464
f 3431/3586/3465 3493/3645/3465 3494/3647/3465
f 3405/3587/3466 3467/3646/3466 3468/3648/3466
f 3432/3588/3467 3494/3647/3467 3495/3649/3467
f 3406/3589/3468 3468/3648/3468 3469/3650/3468
f 3433/3590/3469 3495/3649/3469 3496/3651/3469
f 3407/3591/3470 3469/3650/3470 3470/3652/3470
f 3434/3592/3471 3496/3651/3471 3497/3653/3471
f 3408/3593/3472 3470/3652/3472 3471/3654/3472
f 3435/3594/3473 3497/3653/3473 3498/3655/3473
f 3409/3595/3474 3471/3654/3474 3472/3656/3474
f 3383/3597/3475 1/3657/3475 3446/3658/3475
f 3436/3598/3476 3498/3655/3476 3499/3659/3476
f 3410/3599/3477 3472/3656/3477 3473/3660/3477
f 3384/3600/3478 3446/3658/3478 3447/3661/3478
f 3437/3601/3479 3499/3659/3479 3500/3662/3479
f 3411/3602/3480 3473/3660/3480 3474/3663/3480
f 3385/3603/3481 3447/3661/3481 3448/3664/3481
f 3438/3604/3482 3500/3662/3482 3501/3665/3482
f 3412/3605/3483 3474/3663/3483 3475/3666/3483
f 3386/3606/3484 3448/3664/3484 3449/3667/3484
f 3439/3607/3485 3501/3665/3485 3502/3668/3485
f 3413/3608/3486 3475/3666/3486 3476/3669/3486
f 3387/3609/3487 3449/3667/3487 3450/3670/3487
f 3440/3610/3488 3502/3668/3488 3503/3671/3488
f 3414/3611/3489 3476/3669/3489 3477/3672/3489
f 3388/3612/3490 3450/3670/3490 3451/3673/3490
f 3441/3613/3491 3503/3671/3491 3504/3674/3491
f 3415/3614/3492 3477/3672/3492 3478/3675/3492
f 3389/3615/3493 3451/3673/3493 3452/3676/3493
f 3442/3616/3494 3504/3674/3494 3505/3677/3494
f 3416/3617/3495 3478/3675/3495 3479/3678/3495
f 3390/3618/3496 3452/3676/3496 3453/3679/3496
f 3443/3619/3497 3505/3677/3497 3506/3680/3497
f 3417/3620/3498 3479/3678/3498 3480/3681/3498
f 3391/3621/3499 3453/3679/3499 3454/3682/3499
f 3444/3622/3500 3506/3680/3500 3507/3683/3500
f 3418/3623/3501 3480/3681/3501 3481/3684/3501
f 3392/3624/3502 3454/3682/3502 3455/3685/3502
f 3445/3625/3503 3507/3683/3503 3508/3686/3503
f 3419/3626/3504 3481/3684/3504 3482/3687/3504
f 3393/3627/3505 3455/3685/3505 3456/3688/3505
f 43/3689/3506 3445/3625/3506 3508/3686/3506
f 3420/3629/3507 3482/3687/3507 3483/3690/3507
f 3394/3630/3508 3456/3688/3508 3457/3691/3508
f 3421/3631/3509 3483/3690/3509 3484/3692/3509
f 3395/3632/3510 3457/3691/3510 3458/3693/3510
f 3422/3633/3511 3484/3692/3511 3485/3694/3511
f 3396/3634/3512 3458/3693/3512 3459/3695/3512
f 3423/3635/3513 3485/3694/3513 3486/3696/3513
f 3397/3636/3514 3459/3695/3514 3460/3697/3514
f 3424/3572/3515 3486/3696/3515 3487/3698/3515
f 3398/3574/3516 3460/3697/3516 3461/3699/3516
f 3425/3573/3517 3487/3698/3517 3488/3700/3517
f 3399/3575/3518 3461/3699/3518 3462/3701/3518
f 3426/3576/3519 3488/3700/3519 3489/3637/3519
f 3400/3577/3520 3462/3701/3520 3463/3639/3520
f 3492/3643/3521 3554/3702/3521 3555/3703/3521
f 3466/3644/3522 3528/3704/3522 3529/3705/3522
f 3493/3645/3523 3555/3703/3523 3556/3706/3523
f 3467/3646/3524 3529/3705/3524 3530/3707/3524
f 3494/3647/3525 3556/3706/3525 3557/3708/3525
f 3468/3648/3526 3530/3707/3526 3531/3709/3526
f 3495/3649/3527 3557/3708/3527 3558/3710/3527
f 3469/3650/3528 3531/3709/3528 3532/3711/3528
f 3496/3651/3529 3558/3710/3529 3559/3712/3529
f 3470/3652/3530 3532/3711/3530 3533/3713/3530
f 3497/3653/3531 3559/3712/3531 3560/3714/3531
f 3471/3654/3532 3533/3713/3532 3534/3715/3532
f 3498/3655/3533 3560/3714/3533 3561/3716/3533
f 3472/3656/3534 3534/3715/3534 3535/3717/3534
f 3446/3658/3535 1/3718/3535 3509/3719/3535
f 3499/3659/3536 3561/3716/3536 3562/3720/3536
f 3473/3660/3537 3535/3717/3537 3536/3721/3537
f 3447/3661/3538 3509/3719/3538 3510/3722/3538
f 3500/3662/3539 3562/3720/3539 3563/3723/3539
f 3474/3663/3540 3536/3721/3540 3537/3724/3540
f 3448/3664/3541 3510/3722/3541 3511/3725/3541
f 3501/3665/3542 3563/3723/3542 3564/3726/3542
f 3475/3666/3543 3537/3724/3543 3538/3727/3543
f 3449/3667/3544 3511/3725/3544 3512/3728/3544
f 3502/3668/3545 3564/3726/3545 3565/3729/3545
f 3476/3669/3546 3538/3727/3546 3539/3730/3546
f 3450/3670/3547 3512/3728/3547 3513/3731/3547
f 3503/3671/3548 3565/3729/3548 3566/3732/3548
f 3477/3672/3549 3539/3730/3549 3540/3733/3549
f 3451/3673/3550 3513/3731/3550 3514/3734/3550
f 3504/3674/3551 3566/3732/3551 3567/3735/3551
f 3478/3675/3552 3540/3733/3552 3541/3736/3552
f 3452/3676/3553 3514/3734/3553 3515/3737/3553
f 3505/3677/3554 3567/3735/3554 3568/3738/3554
f 3479/3678/3555 3541/3736/3555 3542/3739/3555
f 3453/3679/3556 3515/3737/3556 3516/3740/3556
f 3506/3680/3557 3568/3738/3557 3569/3741/3557
f 3480/3681/3558 3542/3739/3558 3543/3742/3558
f 3454/3682/3559 3516/3740/3559 3517/3743/3559
f 3507/3683/3560 3569/3741/3560 3570/3744/3560
f 3481/3684/3561 3543/3742/3561 3544/3745/3561
f 3455/3685/3562 3517/3743/3562 3518/3746/3562
f 3508/3686/3563 3570/3744/3563 3571/3747/3563
f 3482/3687/3564 3544/3745/3564 3545/3748/3564
f 3456/3688/3565 3518/3746/3565 3519/3749/3565
f 43/3750/3566 3508/3686/3566 3571/3747/3566
f 3483/3690/3567 3545/3748/3567 3546/3751/3567
f 3457/3691/3568 3519/3749/3568 3520/3752/3568
f 3484/3692/3569 3546/3751/3569 3547/3753/3569
f 3458/3693/3570 3520/3752/3570 3521/3754/3570
f 3485/3694/3571 3547/3753/3571 3548/3755/3571
f 3459/3695/3572 3521/3754/3572 3522/3756/3572
f 3486/3696/3573 3548/3755/3573 3549/3757/3573
f 3460/3697/3574 3522/3756/3574 3523/3758/3574
f 3487/3698/3575 3549/3757/3575 3550/3759/3575
f 3461/3699/3576 3523/3758/3576 3524/3760/3576
f 3488/3700/3577 3550/3759/3577 3551/3761/3577
f 3462/3701/3578 3524/3760/3578 3525/3762/3578
f 3489/3637/3579 3551/3761/3579 3552/3763/3579
f 3463/3639/3580 3525/3762/3580 3526/3764/3580
f 3490/3638/3581 3552/3763/3581 3553/3765/3581
f 3464/3640/3582 3526/3764/3582 3527/3766/3582
f 3491/3641/3583 3553/3765/3583 3554/3702/3583
f 3465/3642/3584 3527/3766/3584 3528/3704/3584
f 3557/3708/3585 3619/3767/3585 3620/3768/3585
f 3531/3709/3586 3593/3769/3586 3594/3770/3586
f 3558/3710/3587 3620/3768/3587 3621/3771/3587
f 3532/3711/3588 3594/3770/3588 3595/3772/3588
f 3559/3712/3589 3621/3771/3589 3622/3773/3589
f 3533/3713/3590 3595/3772/3590 3596/3774/3590
f 3560/3714/3591 3622/3773/3591 3623/3775/3591
f 3534/3715/3592 3596/3774/3592 3597/3776/3592
f 3561/3716/3593 3623/3775/3593 3624/3777/3593
f 3535/3717/3594 3597/3776/3594 3598/3778/3594
f 3509/3719/3595 1/3779/3595 3572/3780/3595
f 3562/3720/3596 3624/3777/3596 3625/3781/3596
f 3536/3721/3597 3598/3778/3597 3599/3782/3597
f 3510/3722/3598 3572/3780/3598 3573/3783/3598
f 3563/3723/3599 3625/3781/3599 3626/3784/3599
f 3537/3724/3600 3599/3782/3600 3600/3785/3600
f 3511/3725/3601 3573/3783/3601 3574/3786/3601
f 3564/3726/3602 3626/3784/3602 3627/3787/3602
f 3538/3727/3603 3600/3785/3603 3601/3788/3603
f 3512/3728/3604 3574/3786/3604 3575/3789/3604
f 3565/3729/3605 3627/3787/3605 3628/3790/3605
f 3539/3730/3606 3601/3788/3606 3602/3791/3606
f 3513/3731/3607 3575/3789/3607 3576/3792/3607
f 3566/3732/3608 3628/3790/3608 3629/3793/3608
f 3540/3733/3609 3602/3791/3609 3603/3794/3609
f 3514/3734/3610 3576/3792/3610 3577/3795/3610
f 3567/3735/3611 3629/3793/3611 3630/3796/3611
f 3541/3736/3612 3603/3794/3612 3604/3797/3612
f 3515/3737/3613 3577/3795/3613 3578/3798/3613
f 3568/3738/3614 3630/3796/3614 3631/3799/3614
f 3542/3739/3615 3604/3797/3615 3605/3800/3615
f 3516/3740/3616 3578/3798/3616 3579/3801/3616
f 3569/3741/3617 3631/3799/3617 3632/3802/3617
f 3543/3742/3618 3605/3800/3618 3606/3803/3618
f 3517/3743/3619 3579/3801/3619 3580/3804/3619
f 3570/3744/3620 3632/3802/3620 3633/3805/3620
f 3544/3745/3621 3606/3803/3621 3607/3806/3621
f 3518/3746/3622 3580/3804/3622 3581/3807/3622
f 3571/3747/3623 3633/3805/3623 3634/3808/3623
f 3545/3748/3624 3607/3806/3624 3608/3809/3624
f 3519/3749/3625 3581/3807/3625 3582/3810/3625
f 43/3811/3626 3571/3747/3626 3634/3808/3626
f 3546/3751/3627 3608/3809/3627 3609/3812/3627
f 3520/3752/3628 3582/3810/3628 3583/3813/3628
f 3547/3753/3629 3609/3812/3629 3610/3814/3629
f 3521/3754/3630 3583/3813/3630 3584/3815/3630
f 3548/3755/3631 3610/3814/3631 3611/3816/3631
f 3522/3756/3632 3584/3815/3632 3585/3817/3632
f 3549/3757/3633 3611/3816/3633 3612/3818/3633
f 3523/3758/3634 3585/3817/3634 3586/3819/3634
f 3550/3759/3635 3612/3818/3635 3613/3820/3635
f 3524/3760/3636 3586/3819/3636 3587/3821/3636
f 3551/3761/3637 3613/3820/3637 3614/3822/3637
f 3525/3762/3638 3587/3821/3638 3588/3823/3638
f 3552/3763/3639 3614/3822/3639 3615/3824/3639
f 3526/3764/3640 3588/3823/3640 3589/3825/3640
f 3553/3765/3641 3615/3824/3641 3616/3826/3641
f 3527/3766/3642 3589/3825/3642 3590/3827/3642
f 3554/3702/3643 3616/3826/3643 3617/3828/3643
f 3528/3704/3644 3590/3827/3644 3591/3829/3644
f 3555/3703/3645 3617/3828/3645 3618/3830/3645
f 3529/3705/3646 3591/3829/3646 3592/3831/3646
f 3556/3706/3647 3618/3830/3647 3619/3767/3647
f 3530/3707/3648 3592/3831/3648 3593/3769/3648
f 3622/3773/3649 3684/3832/3649 3685/3833/3649
f 3596/3774/3650 3658/3834/3650 3659/3835/3650
f 3623/3775/3651 3685/3833/3651 3686/3836/3651
f 3597/3776/3652 3659/3835/3652 3660/3837/3652
f 3624/3777/3653 3686/3836/3653 3687/3838/3653
f 3598/3778/3654 3660/3837/3654 3661/3839/3654
f 3572/3780/3655 1/3840/3655 3635/3841/3655
f 3625/3781/3656 3687/3838/3656 3688/3842/3656
f 3599/3782/3657 3661/3839/3657 3662/3843/3657
f 3573/3783/3658 3635/3841/3658 3636/3844/3658
f 3626/3784/3659 3688/3842/3659 3689/3845/3659
f 3600/3785/3660 3662/3843/3660 3663/3846/3660
f 3574/3786/3661 3636/3844/3661 3637/3847/3661
f 3627/3787/3662 3689/3845/3662 3690/3848/3662
f 3601/3788/3663 3663/3846/3663 3664/3849/3663
f 3575/3789/3664 3637/3847/3664 3638/3850/3664
f 3628/3790/3665 3690/3848/3665 3691/3851/3665
f 3602/3791/3666 3664/3849/3666 3665/3852/3666
f 3576/3792/3667 3638/3850/3667 3639/3853/3667
f 3629/3793/3668 3691/3851/3668 3692/3854/3668
f 3603/3794/3669 3665/3852/3669 3666/3855/3669
f 3577/3795/3670 3639/3853/3670 3640/3856/3670
f 3630/3796/3671 3692/3854/3671 3693/3857/3671
f 3604/3797/3672 3666/3855/3672 3667/3858/3672
f 3578/3798/3673 3640/3856/3673 3641/3859/3673
f 3631/3799/3674 3693/3857/3674 3694/3860/3674
f 3605/3800/3675 3667/3858/3675 3668/3861/3675
f 3579/3801/3676 3641/3859/3676 3642/3862/3676
f 3632/3802/3677 3694/3860/3677 3695/3863/3677
f 3606/3803/3678 3668/3861/3678 3669/3864/3678
f 3580/3804/3679 3642/3862/3679 3643/3865/3679
f 3633/3805/3680 3695/3863/3680 3696/3866/3680
f 3607/3806/3681 3669/3864/3681 3670/3867/3681
f 3581/3807/3682 3643/3865/3682 3644/3868/3682
f 3634/3808/3683 3696/3866/3683 3697/3869/3683
f 3608/3809/3684 3670/3867/3684 3671/3870/3684
f 3582/3810/3685 3644/3868/3685 3645/3871/3685
f 43/3872/3686 3634/3808/3686 3697/3869/3686
f 3609/3812/3687 3671/3870/3687 3672/3873/3687
f 3583/3813/3688 3645/3871/3688 3646/3874/3688
f 3610/3814/3689 3672/3873/3689 3673/3875/3689
f 3584/3815/3690 3646/3874/3690 3647/3876/3690
f 3611/3816/3691 3673/3875/3691 3674/3877/3691
f 3585/3817/3692 3647/3876/3692 3648/3878/3692
f 3612/3818/3693 3674/3877/3693 3675/3879/3693
f 3586/3819/3694 3648/3878/3694 3649/3880/3694
f 3613/3820/3695 3675/3879/3695 3676/3881/3695
f 3587/3821/3696 3649/3880/3696 3650/3882/3696
f 3614/3822/3697 3676/3881/3697 3677/3883/3697
f 3588/3823/3698 3650/3882/3698 3651/3884/3698
f 3615/3824/3699 3677/3883/3699 3678/3885/3699
f 3589/3825/3700 3651/3884/3700 3652/3886/3700
f 3616/3826/3701 3678/3885/3701 3679/3887/3701
f 3590/3827/3702 3652/3886/3702 3653/3888/3702
f 3617/3828/3703 3679/3887/3703 3680/3889/3703
f 3591/3829/3704 3653/3888/3704 3654/3890/3704
f 3618/3830/3705 3680/3889/3705 3681/3891/3705
f 3592/3831/3706 3654/3890/3706 3655/3892/3706
f 3619/3767/3707 3681/3891/3707 3682/3893/3707
f 3593/3769/3708 3655/3892/3708 3656/3894/3708
f 3620/3768/3709 3682/3893/3709 3683/3895/3709
f 3594/3770/3710 3656/3894/3710 3657/3896/3710
f 3621/3771/3711 3683/3895/3711 3684/3832/3711
f 3595/3772/3712 3657/3896/3712 3658/3834/3712
f 3687/3838/3713 3749/3897/3713 3750/3898/3713
f 3661/3839/3714 3723/3899/3714 3724/3900/3714
f 3635/3841/3715 1/3901/3715 3698/3902/3715
f 3688/3842/3716 3750/3898/3716 3751/3903/3716
f 3662/3843/3717 3724/3900/3717 3725/3904/3717
f 3636/3844/3718 3698/3902/3718 3699/3905/3718
f 3689/3845/3719 3751/3903/3719 3752/3906/3719
f 3663/3846/3720 3725/3904/3720 3726/3907/3720
f 3637/3847/3721 3699/3905/3721 3700/3908/3721
f 3690/3848/3722 3752/3906/3722 3753/3909/3722
f 3664/3849/3723 3726/3907/3723 3727/3910/3723
f 3638/3850/3724 3700/3908/3724 3701/3911/3724
f 3691/3851/3725 3753/3909/3725 3754/3912/3725
f 3665/3852/3726 3727/3910/3726 3728/3913/3726
f 3639/3853/3727 3701/3911/3727 3702/3914/3727
f 3692/3854/3728 3754/3912/3728 3755/3915/3728
f 3666/3855/3729 3728/3913/3729 3729/3916/3729
f 3640/3856/3730 3702/3914/3730 3703/3917/3730
f 3693/3857/3731 3755/3915/3731 3756/3918/3731
f 3667/3858/3732 3729/3916/3732 3730/3919/3732
f 3641/3859/3733 3703/3917/3733 3704/3920/3733
f 3694/3860/3734 3756/3918/3734 3757/3921/3734
f 3668/3861/3735 3730/3919/3735 3731/3922/3735
f 3642/3862/3736 3704/3920/3736 3705/3923/3736
f 3695/3863/3737 3757/3921/3737 3758/3924/3737
f 3669/3864/3738 3731/3922/3738 3732/3925/3738
f 3643/3865/3739 3705/3923/3739 3706/3926/3739
f 3696/3866/3740 3758/3924/3740 3759/3927/3740
f 3670/3867/3741 3732/3925/3741 3733/3928/3741
f 3644/3868/3742 3706/3926/3742 3707/3929/3742
f 3697/3869/3743 3759/3927/3743 3760/3930/3743
f 3671/3870/3744 3733/3928/3744 3734/3931/3744
f 3645/3871/3745 3707/3929/3745 3708/3932/3745
f 43/3933/3746 3697/3869/3746 3760/3930/3746
f 3672/3873/3747 3734/3931/3747 3735/3934/3747
f 3646/3874/3748 3708/3932/3748 3709/3935/3748
f 3673/3875/3749 3735/3934/3749 3736/3936/3749
f 3647/3876/3750 3709/3935/3750 3710/3937/3750
f 3674/3877/3751 3736/3936/3751 3737/3938/3751
f 3648/3878/3752 3710/3937/3752 3711/3939/3752
f 3675/3879/3753 3737/3938/3753 3738/3940/3753
f 3649/3880/3754 3711/3939/3754 3712/3941/3754
f 3676/3881/3755 3738/3940/3755 3739/3942/3755
f 3650/3882/3756 3712/3941/3756 3713/3943/3756
f 3677/3883/3757 3739/3942/3757 3740/3944/3757
f 3651/3884/3758 3713/3943/3758 3714/3945/3758
f 3678/3885/3759 3740/3944/3759 3741/3946/3759
f 3652/3886/3760 3714/3945/3760 3715/3947/3760
f 3679/3887/3761 3741/3946/3761 3742/3948/3761
f 3653/3888/3762 3715/3947/3762 3716/3949/3762
f 3680/3889/3763 3742/3948/3763 3743/3950/3763
f 3654/3890/3764 3716/3949/3764 3717/3951/3764
f 3681/3891/3765 3743/3950/3765 3744/3952/3765
f 3655/3892/3766 3717/3951/3766 3718/3953/3766
f 3682/3893/3767 3744/3952/3767 3745/3954/3767
f 3656/3894/3768 3718/3953/3768 3719/3955/3768
f 3683/3895/3769 3745/3954/3769 3746/3956/3769
f 3657/3896/3770 3719/3955/3770 3720/3957/3770
f 3684/3832/3771 3746/3956/3771 3747/3958/3771
f 3658/3834/3772 3720/3957/3772 3721/3959/3772
f 3685/3833/3773 3747/3958/3773 3748/3960/3773
f 3659/3835/3774 3721/3959/3774 3722/3961/3774
f 3686/3836/3775 3748/3960/3775 3749/3897/3775
f 3660/3837/3776 3722/3961/3776 3723/3899/3776
f 3699/3905/3777 3761/3962/3777 3762/3963/3777
f 3752/3906/3778 3814/3964/3778 3815/3965/3778
f 3726/3907/3779 3788/3966/3779 3789/3967/3779
f 3700/3908/3780 3762/3963/3780 3763/3968/3780
f 3753/3909/3781 3815/3965/3781 3816/3969/3781
f 3727/3910/3782 3789/3967/3782 3790/3970/3782
f 3701/3911/3783 3763/3968/3783 3764/3971/3783
f 3754/3912/3784 3816/3969/3784 3817/3972/3784
f 3728/3913/3785 3790/3970/3785 3791/3973/3785
f 3702/3914/3786 3764/3971/3786 3765/3974/3786
f 3755/3915/3787 3817/3972/3787 3818/3975/3787
f 3729/3916/3788 3791/3973/3788 3792/3976/3788
f 3703/3917/3789 3765/3974/3789 3766/3977/3789
f 3756/3918/3790 3818/3975/3790 3819/3978/3790
f 3730/3919/3791 3792/3976/3791 3793/3979/3791
f 3704/3920/3792 3766/3977/3792 3767/3980/3792
f 3757/3921/3793 3819/3978/3793 3820/3981/3793
f 3731/3922/3794 3793/3979/3794 3794/3982/3794
f 3705/3923/3795 3767/3980/3795 3768/3983/3795
f 3758/3924/3796 3820/3981/3796 3821/3984/3796
f 3732/3925/3797 3794/3982/3797 3795/3985/3797
f 3706/3926/3798 3768/3983/3798 3769/3986/3798
f 3759/3927/3799 3821/3984/3799 3822/3987/3799
f 3733/3928/3800 3795/3985/3800 3796/3988/3800
f 3707/3929/3801 3769/3986/3801 3770/3989/3801
f 3760/3930/3802 3822/3987/3802 3823/3990/3802
f 3734/3931/3803 3796/3988/3803 3797/3991/3803
f 3708/3932/3804 3770/3989/3804 3771/3992/3804
f 43/3993/3805 3760/3930/3805 3823/3990/3805
f 3735/3934/3806 3797/3991/3806 3798/3994/3806
f 3709/3935/3807 3771/3992/3807 3772/3995/3807
f 3736/3936/3808 3798/3994/3808 3799/3996/3808
f 3710/3937/3809 3772/3995/3809 3773/3997/3809
f 3737/3938/3810 3799/3996/3810 3800/3998/3810
f 3711/3939/3811 3773/3997/3811 3774/3999/3811
f 3738/3940/3812 3800/3998/3812 3801/4000/3812
f 3712/3941/3813 3774/3999/3813 3775/4001/3813
f 3739/3942/3814 3801/4000/3814 3802/4002/3814
f 3713/3943/3815 3775/4001/3815 3776/4003/3815
f 3740/3944/3816 3802/4002/3816 3803/4004/3816
f 3714/3945/3817 3776/4003/3817 3777/4005/3817
f 3741/3946/3818 3803/4004/3818 3804/4006/3818
f 3715/3947/3819 3777/4005/3819 3778/4007/3819
f 3742/3948/3820 3804/4006/3820 3805/4008/3820
f 3716/3949/3821 3778/4007/3821 3779/4009/3821
f 3743/3950/3822 3805/4008/3822 3806/4010/3822
f 3717/3951/3823 3779/4009/3823 3780/4011/3823
f 3744/3952/3824 3806/4010/3824 3807/4012/3824
f 3718/3953/3825 3780/4011/3825 3781/4013/3825
f 3745/3954/3826 3807/4012/3826 3808/4014/3826
f 3719/3955/3827 3781/4013/3827 3782/4015/3827
f 3746/3956/3828 3808/4014/3828 3809/4016/3828
f 3720/3957/3829 3782/4015/3829 3783/4017/3829
f 3747/3958/3830 3809/4016/3830 3810/4018/3830
f 3721/3959/3831 3783/4017/3831 3784/4019/3831
f 3748/3960/3832 3810/4018/3832 3811/4020/3832
f 3722/3961/3833 3784/4019/3833 3785/4021/3833
f 3749/3897/3834 3811/4020/3834 3812/4022/3834
f 3723/3899/3835 3785/4021/3835 3786/4023/3835
f 3750/3898/3836 3812/4022/3836 3813/4024/3836
f 3724/3900/3837 3786/4023/3837 3787/4025/3837
f 3698/3902/3838 1/4026/3838 3761/3962/3838
f 3751/3903/3839 3813/4024/3839 3814/3964/3839
f 3725/3904/3840 3787/4025/3840 3788/3966/3840
f 3764/3971/3841 3826/4027/3841 3827/4028/3841
f 3817/3972/3842 3879/4029/3842 3880/4030/3842
f 3791/3973/3843 3853/4031/3843 3854/4032/3843
f 3765/3974/3844 3827/4028/3844 3828/4033/3844
f 3818/3975/3845 3880/4030/3845 3881/4034/3845
f 3792/3976/3846 3854/4032/3846 3855/4035/3846
f 3766/3977/3847 3828/4033/3847 3829/4036/3847
f 3819/3978/3848 3881/4034/3848 3882/4037/3848
f 3793/3979/3849 3855/4035/3849 3856/4038/3849
f 3767/3980/3850 3829/4036/3850 3830/4039/3850
f 3820/3981/3851 3882/4037/3851 3883/4040/3851
f 3794/3982/3852 3856/4038/3852 3857/4041/3852
f 3768/3983/3853 3830/4039/3853 3831/4042/3853
f 3821/3984/3854 3883/4040/3854 3884/4043/3854
f 3795/3985/3855 3857/4041/3855 3858/4044/3855
f 3769/3986/3856 3831/4042/3856 3832/4045/3856
f 3822/3987/3857 3884/4043/3857 3885/4046/3857
f 3796/3988/3858 3858/4044/3858 3859/4047/3858
f 3770/3989/3859 3832/4045/3859 3833/4048/3859
f 3823/3990/3860 3885/4046/3860 3886/4049/3860
f 3797/3991/3861 3859/4047/3861 3860/4050/3861
f 3771/3992/3862 3833/4048/3862 3834/4051/3862
f 43/4052/3863 3823/3990/3863 3886/4049/3863
f 3798/3994/3864 3860/4050/3864 3861/4053/3864
f 3772/3995/3865 3834/4051/3865 3835/4054/3865
f 3799/3996/3866 3861/4053/3866 3862/4055/3866
f 3773/3997/3867 3835/4054/3867 3836/4056/3867
f 3800/3998/3868 3862/4055/3868 3863/4057/3868
f 3774/3999/3869 3836/4056/3869 3837/4058/3869
f 3801/4000/3870 3863/4057/3870 3864/4059/3870
f 3775/4001/3871 3837/4058/3871 3838/4060/3871
f 3802/4002/3872 3864/4059/3872 3865/4061/3872
f 3776/4003/3873 3838/4060/3873 3839/4062/3873
f 3803/4004/3874 3865/4061/3874 3866/4063/3874
f 3777/4005/3875 3839/4062/3875 3840/4064/3875
f 3804/4006/3876 3866/4063/3876 3867/4065/3876
f 3778/4007/3877 3840/4064/3877 3841/4066/3877
f 3805/4008/3878 3867/4065/3878 3868/4067/3878
f 3779/4009/3879 3841/4066/3879 3842/4068/3879
f 3806/4010/3880 3868/4067/3880 3869/4069/3880
f 3780/4011/3881 3842/4068/3881 3843/4070/3881
f 3807/4012/3882 3869/4069/3882 3870/4071/3882
f 3781/4013/3883 3843/4070/3883 3844/4072/3883
f 3808/4014/3884 3870/4071/3884 3871/4073/3884
f 3782/4015/3885 3844/4072/3885 3845/4074/3885
f 3809/4016/3886 3871/4073/3886 3872/4075/3886
f 3783/4017/3887 3845/4074/3887 3846/4076/3887
f 3810/4018/3888 3872/4075/3888 3873/4077/3888
f 3784/4019/3889 3846/4076/3889 3847/4078/3889
f 3811/4020/3890 3873/4077/3890 3874/4079/3890
f 3785/4021/3891 3847/4078/3891 3848/4080/3891
f 3812/4022/3892 3874/4079/3892 3875/4081/3892
f 3786/4023/3893 3848/4080/3893 3849/4082/3893
f 3813/4024/3894 3875/4081/3894 3876/4083/3894
f 3787/4025/3895 3849/4082/3895 3850/4084/3895
f 3761/3962/3896 1/4085/3896 3824/4086/3896
f 3814/3964/3897 3876/4083/3897 3877/4087/3897
f 3788/3966/3898 3850/4084/3898 3851/4088/3898
f 3762/3963/3899 3824/4086/3899 3825/4089/3899
f 3815/3965/3900 3877/4087/3900 3878/4090/3900
f 3789/3967/3901 3851/4088/3901 3852/4091/3901
f 3763/3968/3902 3825/4089/3902 3826/4027/3902
f 3816/3969/3903 3878/4090/3903 3879/4029/3903
f 3790/3970/3904 3852/4091/3904 3853/4031/3904
f 3829/4036/3905 3891/4092/3905 3892/4093/3905
f 3882/4037/3906 3944/4094/3906 3945/4095/3906
f 3856/4038/3907 3918/4096/3907 3919/4097/3907
f 3830/4039/3908 3892/4093/3908 3893/4098/3908
f 3883/4040/3909 3945/4095/3909 3946/4099/3909
f 3857/4041/3910 3919/4097/3910 3920/4100/3910
f 3831/4042/3911 3893/4098/3911 3894/4101/3911
f 3884/4043/3912 3946/4099/3912 3947/4102/3912
f 3858/4044/3913 3920/4100/3913 3921/4103/3913
f 3832/4045/3914 3894/4101/3914 3895/4104/3914
f 3885/4046/3915 3947/4102/3915 3948/4105/3915
f 3859/4047/3916 3921/4103/3916 3922/4106/3916
f 3833/4048/3917 3895/4104/3917 3896/4107/3917
f 3886/4049/3918 3948/4105/3918 3949/4108/3918
f 3860/4050/3919 3922/4106/3919 3923/4109/3919
f 3834/4051/3920 3896/4107/3920 3897/4110/3920
f 43/4111/3921 3886/4049/3921 3949/4108/3921
f 3861/4053/3922 3923/4109/3922 3924/4112/3922
f 3835/4054/3923 3897/4110/3923 3898/4113/3923
f 3862/4055/3924 3924/4112/3924 3925/4114/3924
f 3836/4056/3925 3898/4113/3925 3899/4115/3925
f 3863/4057/3926 3925/4114/3926 3926/4116/3926
f 3837/4058/3927 3899/4115/3927 3900/4117/3927
f 3864/4059/3928 3926/4116/3928 3927/4118/3928
f 3838/4060/3929 3900/4117/3929 3901/4119/3929
f 3865/4061/3930 3927/4118/3930 3928/4120/3930
f 3839/4062/3931 3901/4119/3931 3902/4121/3931
f 3866/4063/3932 3928/4120/3932 3929/4122/3932
f 3840/4064/3933 3902/4121/3933 3903/4123/3933
f 3867/4065/3934 3929/4122/3934 3930/4124/3934
f 3841/4066/3935 3903/4123/3935 3904/4125/3935
f 3868/4067/3936 3930/4124/3936 3931/4126/3936
f 3842/4068/3937 3904/4125/3937 3905/4127/3937
f 3869/4069/3938 3931/4126/3938 3932/4128/3938
f 3843/4070/3939 3905/4127/3939 3906/4129/3939
f 3870/4071/3940 3932/4128/3940 3933/4130/3940
f 3844/4072/3941 3906/4129/3941 3907/4131/3941
f 3871/4073/3942 3933/4130/3942 3934/4132/3942
f 3845/4074/3943 3907/4131/3943 3908/4133/3943
f 3872/4075/3944 3934/4132/3944 3935/4134/3944
f 3846/4076/3945 3908/4133/3945 3909/4135/3945
f 3873/4077/3946 3935/4134/3946 3936/4136/3946
f 3847/4078/3947 3909/4135/3947 3910/4137/3947
f 3874/4079/3948 3936/4136/3948 3937/4138/3948
f 3848/4080/3949 3910/4137/3949 3911/4139/3949
f 3875/4081/3950 3937/4138/3950 3938/4140/3950
f 3849/4082/3951 3911/4139/3951 3912/4141/3951
f 3876/4083/3952 3938/4140/3952 3939/4142/3952
f 3850/4084/3953 3912/4141/3953 3913/4143/3953
f 3824/4086/3954 1/4144/3954 3887/4145/3954
f 3877/4087/3955 3939/4142/3955 3940/4146/3955
f 3851/4088/3956 3913/4143/3956 3914/4147/3956
f 3825/4089/3957 3887/4145/3957 3888/4148/3957
f 3878/4090/3958 3940/4146/3958 3941/4149/3958
f 3852/4091/3959 3914/4147/3959 3915/4150/3959
f 3826/4027/3960 3888/4148/3960 3889/4151/3960
f 3879/4029/3961 3941/4149/3961 3942/4152/3961
f 3853/4031/3962 3915/4150/3962 3916/4153/3962
f 3827/4028/3963 3889/4151/3963 3890/4154/3963
f 3880/4030/3964 3942/4152/3964 3943/4155/3964
f 3854/4032/3965 3916/4153/3965 3917/4156/3965
f 3828/4033/3966 3890/4154/3966 3891/4092/3966
f 3881/4034/3967 3943/4155/3967 3944/4094/3967
f 3855/4035/3968 3917/4156/3968 3918/4096/3968
f 3894/4101/3969 3956/4157/3969 3957/4158/3969
f 3947/4102/3970 4009/4159/3970 4010/4160/3970
f 3921/4103/3971 3983/4161/3971 3984/4162/3971
f 3895/4104/3972 3957/4158/3972 3958/4163/3972
f 3948/4105/3973 4010/4160/3973 4011/4164/3973
f 3922/4106/3974 3984/4162/3974 3985/4165/3974
f 3896/4107/3975 3958/4163/3975 3959/4166/3975
f 3949/4108/3976 4011/4164/3976 4012/4167/3976
f 3923/4109/3977 3985/4165/3977 3986/4168/3977
f 3897/4110/3978 3959/4166/3978 3960/4169/3978
f 43/4170/3979 3949/4108/3979 4012/4167/3979
f 3924/4112/3980 3986/4168/3980 3987/4171/3980
f 3898/4113/3981 3960/4169/3981 3961/4172/3981
f 3925/4114/3982 3987/4171/3982 3988/4173/3982
f 3899/4115/3983 3961/4172/3983 3962/4174/3983
f 3926/4116/3984 3988/4173/3984 3989/4175/3984
f 3900/4117/3985 3962/4174/3985 3963/4176/3985
f 3927/4118/3986 3989/4175/3986 3990/4177/3986
f 3901/4119/3987 3963/4176/3987 3964/4178/3987
f 3928/4120/3988 3990/4177/3988 3991/4179/3988
f 3902/4121/3989 3964/4178/3989 3965/4180/3989
f 3929/4122/3990 3991/4179/3990 3992/4181/3990
f 3903/4123/3991 3965/4180/3991 3966/4182/3991
f 3930/4124/3992 3992/4181/3992 3993/4183/3992
f 3904/4125/3993 3966/4182/3993 3967/4184/3993
f 3931/4126/3994 3993/4183/3994 3994/4185/3994
f 3905/4127/3995 3967/4184/3995 3968/4186/3995
f 3932/4128/3996 3994/4185/3996 3995/4187/3996
f 3906/4129/3997 3968/4186/3997 3969/4188/3997
f 3933/4130/3998 3995/4187/3998 3996/4189/3998
f 3907/4131/3999 3969/4188/3999 3970/4190/3999
f 3934/4132/4000 3996/4189/4000 3997/4191/4000
f 3908/4133/4001 3970/4190/4001 3971/4192/4001
f 3935/4134/4002 3997/4191/4002 3998/4193/4002
f 3909/4135/4003 3971/4192/4003 3972/4194/4003
f 3936/4136/4004 3998/4193/4004 3999/4195/4004
f 3910/4137/4005 3972/4194/4005 3973/4196/4005
f 3937/4138/4006 3999/4195/4006 4000/4197/4006
f 3911/4139/4007 3973/4196/4007 3974/4198/4007
f 3938/4140/4008 4000/4197/4008 4001/4199/4008
f 3912/4141/4009 3974/4198/4009 3975/4200/4009
f 3939/4142/4010 4001/4199/4010 4002/4201/4010
f 3913/4143/4011 3975/4200/4011 3976/4202/4011
f 3887/4145/4012 1/4203/4012 3950/4204/4012
f 3940/4146/4013 4002/4201/4013 4003/4205/4013
f 3914/4147/4014 3976/4202/4014 3977/4206/4014
f 3888/4148/4015 3950/4204/4015 3951/4207/4015
f 3941/4149/4016 4003/4205/4016 4004/4208/4016
f 3915/4150/4017 3977/4206/4017 3978/4209/4017
f 3889/4151/4018 3951/4207/4018 3952/4210/4018
f 3942/4152/4019 4004/4208/4019 4005/4211/4019
f 3916/4153/4020 3978/4209/4020 3979/4212/4020
f 3890/4154/4021 3952/4210/4021 3953/4213/4021
f 3943/4155/4022 4005/4211/4022 4006/4214/4022
f 3917/4156/4023 3979/4212/4023 3980/4215/4023
f 3891/4092/4024 3953/4213/4024 3954/4216/4024
f 3944/4094/4025 4006/4214/4025 4007/4217/4025
f 3918/4096/4026 3980/4215/4026 3981/4218/4026
f 3892/4093/4027 3954/4216/4027 3955/4219/4027
f 3945/4095/4028 4007/4217/4028 4008/4220/4028
f 3919/4097/4029 3981/4218/4029 3982/4221/4029
f 3893/4098/4030 3955/4219/4030 3956/4157/4030
f 3946/4099/4031 4008/4220/4031 4009/4159/4031
f 3920/4100/4032 3982/4221/4032 3983/4161/4032
f 3959/4166/4033 4019/50/4033 4020/56/4033
f 4012/4167/4034 4033/52/4034 4034/58/4034
f 3986/4168/4035 4027/54/4035 23/60/4035
f 3960/4169/4036 4020/56/4036 4021/62/4036
f 43/4222/4037 4012/4167/4037 4034/58/4037
f 3987/4171/4038 23/60/4038 24/65/4038
f 3961/4172/4039 4021/62/4039 4022/67/4039
f 3988/4173/4040 24/65/4040 4028/69/4040
f 3962/4174/4041 4022/67/4041 4/71/4041
f 3989/4175/4042 4028/69/4042 25/73/4042
f 3963/4176/4043 4/71/4043 4023/75/4043
f 3990/4177/4044 25/73/4044 26/77/4044
f 3964/4178/4045 4023/75/4045 5/79/4045
f 3991/4179/4046 26/77/4046 27/81/4046
f 3965/4180/4047 5/79/4047 6/83/4047
f 3992/4181/4048 27/81/4048 28/85/4048
f 3966/4182/4049 6/83/4049 7/87/4049
f 3993/4183/4050 28/85/4050 29/89/4050
f 3967/4184/4051 7/87/4051 4024/91/4051
f 3994/4185/4052 29/89/4052 30/93/4052
f 3968/4186/4053 4024/91/4053 8/95/4053
f 3995/4187/4054 30/93/4054 4029/97/4054
f 3969/4188/4055 8/95/4055 9/99/4055
f 3996/4189/4056 4029/97/4056 31/101/4056
f 3970/4190/4057 9/99/4057 10/103/4057
f 3997/4191/4058 31/101/4058 32/105/4058
f 3971/4192/4059 10/103/4059 11/107/4059
f 3998/4193/4060 32/105/4060 33/109/4060
f 3972/4194/4061 11/107/4061 12/111/4061
f 3999/4195/4062 33/109/4062 34/113/4062
f 3973/4196/4063 12/111/4063 13/115/4063
f 4000/4197/4064 34/113/4064 35/117/4064
f 3974/4198/4065 13/115/4065 14/119/4065
f 4001/4199/4066 35/117/4066 4030/121/4066
f 3975/4200/4067 14/119/4067 15/123/4067
f 4002/4201/4068 4030/121/4068 36/125/4068
f 3976/4202/4069 15/123/4069 16/126/4069
f 3950/4204/4070 1/4223/4070 4013/127/4070
f 4003/4205/4071 36/125/4071 37/1/4071
f 3977/4206/4072 16/126/4072 4025/4/4072
f 3951/4207/4073 4013/127/4073 4014/7/4073
f 4004/4208/4074 37/1/4074 38/10/4074
f 3978/4209/4075 4025/4/4075 17/12/4075
f 3952/4210/4076 4014/7/4076 4015/14/4076
f 4005/4211/4077 38/10/4077 39/16/4077
f 3979/4212/4078 17/12/4078 18/18/4078
f 3953/4213/4079 4015/14/4079 2/20/4079
f 4006/4214/4080 39/16/4080 40/22/4080
f 3980/4215/4081 18/18/4081 19/24/4081
f 3954/4216/4082 2/20/4082 4016/26/4082
f 4007/4217/4083 40/22/4083 41/28/4083
f 3981/4218/4084 19/24/4084 20/30/4084
f 3955/4219/4085 4016/26/4085 3/32/4085
f 4008/4220/4086 41/28/4086 4031/34/4086
f 3982/4221/4087 20/30/4087 4026/36/4087
f 3956/4157/4088 3/32/4088 4017/38/4088
f 4009/4159/4089 4031/34/4089 42/40/4089
f 3983/4161/4090 4026/36/4090 21/42/4090
f 3957/4158/4091 4017/38/4091 4018/44/4091
f 4010/4160/4092 42/40/4092 4032/46/4092
f 3984/4162/4093 21/42/4093 22/48/4093
f 3958/4163/4094 4018/44/4094 4019/50/4094
f 4011/4164/4095 4032/46/4095 4033/52/4095
f 3985/4165/4096 22/48/4096 4027/54/4096
f 37/1/1 36/125/1 96/2/1
f 4025/4/2 16/126/2 70/5/2
f 4014/7/3 4013/127/3 44/8/3
f 38/10/4 37/1/4 97/3/4
f 17/12/5 4025/4/5 71/6/5
f 4015/14/6 4014/7/6 45/9/6
f 39/16/7 38/10/7 98/11/7
f 18/18/8 17/12/8 72/13/8
f 2/20/9 4015/14/9 46/15/9
f 40/22/10 39/16/10 99/17/10
f 19/24/11 18/18/11 73/19/11
f 4016/26/12 2/20/12 47/21/12
f 41/28/13 40/22/13 100/23/13
f 20/30/14 19/24/14 74/25/14
f 3/32/15 4016/26/15 48/27/15
f 4031/34/16 41/28/16 101/29/16
f 4026/36/4097 20/30/4097 75/31/4097
f 4017/38/18 3/32/18 49/33/18
f 42/40/19 4031/34/19 102/35/19
f 21/42/20 4026/36/20 76/37/20
f 4018/44/21 4017/38/21 50/39/21
f 4032/46/22 42/40/22 103/41/22
f 22/48/23 21/42/23 77/43/23
f 4019/50/24 4018/44/24 51/45/24
f 4033/52/25 4032/46/25 104/47/25
f 4027/54/26 22/48/26 78/49/26
f 4020/56/27 4019/50/27 52/51/27
f 4034/58/28 4033/52/28 105/53/28
f 23/60/4098 4027/54/4098 79/55/4098
f 4021/62/30 4020/56/30 53/57/30
f 24/65/32 23/60/32 80/61/32
f 4022/67/33 4021/62/33 54/63/33
f 4028/69/34 24/65/34 81/66/34
f 4/71/35 4022/67/35 55/68/35
f 25/73/36 4028/69/36 82/70/36
f 4023/75/37 4/71/37 56/72/37
f 26/77/38 25/73/38 83/74/38
f 5/79/39 4023/75/39 57/76/39
f 27/81/40 26/77/40 84/78/40
f 6/83/41 5/79/41 58/80/41
f 28/85/42 27/81/42 85/82/42
f 7/87/43 6/83/43 59/84/43
f 29/89/44 28/85/44 86/86/44
f 4024/91/45 7/87/45 60/88/45
f 30/93/46 29/89/46 87/90/46
f 8/95/47 4024/91/47 61/92/47
f 4029/97/48 30/93/48 88/94/48
f 9/99/49 8/95/49 62/96/49
f 31/101/50 4029/97/50 89/98/50
f 10/103/51 9/99/51 63/100/51
f 32/105/52 31/101/52 90/102/52
f 11/107/53 10/103/53 64/104/53
f 33/109/54 32/105/54 91/106/54
f 12/111/55 11/107/55 65/108/55
f 34/113/56 33/109/56 92/110/56
f 13/115/57 12/111/57 66/112/57
f 35/117/58 34/113/58 93/114/58
f 14/119/59 13/115/59 67/116/59
f 4030/121/60 35/117/60 94/118/60
f 15/123/61 14/119/61 68/120/61
f 36/125/62 4030/121/62 95/122/62
f 16/126/63 15/123/63 69/124/63
f 59/84/65 58/80/65 121/129/65
f 86/86/4099 85/82/4099 148/131/4099
f 60/88/67 59/84/67 122/130/67
f 87/90/68 86/86/68 149/132/68
f 61/92/69 60/88/69 123/133/69
f 88/94/70 87/90/70 150/134/70
f 62/96/71 61/92/71 124/135/71
f 89/98/72 88/94/72 151/136/72
f 63/100/73 62/96/73 125/137/73
f 90/102/74 89/98/74 152/138/74
f 64/104/75 63/100/75 126/139/75
f 91/106/76 90/102/76 153/140/76
f 65/108/77 64/104/77 127/141/77
f 92/110/78 91/106/78 154/142/78
f 66/112/79 65/108/79 128/143/79
f 93/114/4100 92/110/4100 155/144/4100
f 67/116/81 66/112/81 129/145/81
f 94/118/82 93/114/82 156/146/82
f 68/120/83 67/116/83 130/147/83
f 95/122/84 94/118/84 157/148/84
f 69/124/85 68/120/85 131/149/85
f 96/2/86 95/122/86 158/150/86
f 70/5/87 69/124/87 132/151/87
f 97/3/89 96/2/89 159/152/89
f 71/6/90 70/5/90 133/153/90
f 45/9/91 44/8/91 107/155/91
f 98/11/92 97/3/92 160/156/92
f 72/13/93 71/6/93 134/157/93
f 46/15/94 45/9/94 108/158/94
f 99/17/95 98/11/95 161/159/95
f 73/19/96 72/13/96 135/160/96
f 47/21/97 46/15/97 109/161/97
f 100/23/98 99/17/98 162/162/98
f 74/25/99 73/19/99 136/163/99
f 48/27/100 47/21/100 110/164/100
f 101/29/101 100/23/101 163/165/101
f 75/31/102 74/25/102 137/166/102
f 49/33/103 48/27/103 111/167/103
f 102/35/104 101/29/104 164/168/104
f 76/37/105 75/31/105 138/169/105
f 50/39/106 49/33/106 112/170/106
f 103/41/107 102/35/107 165/171/107
f 77/43/108 76/37/108 139/172/108
f 51/45/109 50/39/109 113/173/109
f 104/47/110 103/41/110 166/174/110
f 78/49/111 77/43/111 140/175/111
f 52/51/112 51/45/112 114/176/112
f 105/53/113 104/47/113 167/177/113
f 79/55/114 78/49/114 141/178/114
f 53/57/115 52/51/115 115/179/115
f 106/59/116 105/53/116 168/180/116
f 80/61/117 79/55/117 142/181/117
f 54/63/118 53/57/118 116/182/118
f 81/66/120 80/61/120 143/184/120
f 55/68/121 54/63/121 117/185/121
f 82/70/122 81/66/122 144/187/122
f 56/72/123 55/68/123 118/188/123
f 83/74/124 82/70/124 145/189/124
f 57/76/125 56/72/125 119/190/125
f 84/78/126 83/74/126 146/191/126
f 58/80/4101 57/76/4101 120/192/4101
f 85/82/128 84/78/128 147/193/128
f 124/135/129 123/133/129 186/194/129
f 151/136/130 150/134/130 213/196/130
f 125/137/131 124/135/131 187/195/131
f 152/138/132 151/136/132 214/197/132
f 126/139/133 125/137/133 188/198/133
f 153/140/134 152/138/134 215/199/134
f 127/141/135 126/139/135 189/200/135
f 154/142/136 153/140/136 216/201/136
f 128/143/137 127/141/137 190/202/137
f 155/144/138 154/142/138 217/203/138
f 129/145/139 128/143/139 191/204/139
f 156/146/140 155/144/140 218/205/140
f 130/147/141 129/145/141 192/206/141
f 157/148/142 156/146/142 219/207/142
f 131/149/143 130/147/143 193/208/143
f 158/150/144 157/148/144 220/209/144
f 132/151/145 131/149/145 194/210/145
f 159/152/146 158/150/146 221/211/146
f 133/153/147 132/151/147 195/212/147
f 160/156/149 159/152/149 222/213/149
f 134/157/4102 133/153/4102 196/214/4102
f 108/158/151 107/155/151 170/216/151
f 161/159/152 160/156/152 223/217/152
f 135/160/153 134/157/153 197/218/153
f 109/161/154 108/158/154 171/219/154
f 162/162/155 161/159/155 224/220/155
f 136/163/156 135/160/156 198/221/156
f 110/164/157 109/161/157 172/222/157
f 163/165/158 162/162/158 225/223/158
f 137/166/159 136/163/159 199/224/159
f 111/167/160 110/164/160 173/225/160
f 164/168/161 163/165/161 226/226/161
f 138/169/162 137/166/162 200/227/162
f 112/170/163 111/167/163 174/228/163
f 165/171/164 164/168/164 227/229/164
f 139/172/165 138/169/165 201/230/165
f 113/173/166 112/170/166 175/231/166
f 166/174/167 165/171/167 228/232/167
f 140/175/168 139/172/168 202/233/168
f 114/176/169 113/173/169 176/234/169
f 167/177/170 166/174/170 229/235/170
f 141/178/171 140/175/171 203/236/171
f 115/179/172 114/176/172 177/237/172
f 168/180/173 167/177/173 230/238/173
f 142/181/174 141/178/174 204/239/174
f 116/182/175 115/179/175 178/240/175
f 169/183/176 168/180/176 231/241/176
f 143/184/4103 142/181/4103 205/242/4103
f 117/185/178 116/182/178 179/243/178
f 144/187/180 143/184/180 206/245/180
f 118/188/181 117/185/181 180/246/181
f 145/189/182 144/187/182 207/248/182
f 119/190/183 118/188/183 181/249/183
f 146/191/184 145/189/184 208/250/184
f 120/192/185 119/190/185 182/251/185
f 147/193/186 146/191/186 209/252/186
f 121/129/187 120/192/187 183/253/187
f 148/131/188 147/193/188 210/254/188
f 122/130/189 121/129/189 184/255/189
f 149/132/4104 148/131/4104 211/256/4104
f 123/133/191 122/130/191 185/257/191
f 150/134/192 149/132/192 212/258/192
f 189/200/193 188/198/193 251/259/193
f 216/201/194 215/199/194 278/261/194
f 190/202/195 189/200/195 252/260/195
f 217/203/196 216/201/196 279/262/196
f 191/204/197 190/202/197 253/263/197
f 218/205/198 217/203/198 280/264/198
f 192/206/199 191/204/199 254/265/199
f 219/207/200 218/205/200 281/266/200
f 193/208/201 192/206/201 255/267/201
f 220/209/202 219/207/202 282/268/202
f 194/210/203 193/208/203 256/269/203
f 221/211/204 220/209/204 283/270/204
f 195/212/205 194/210/205 257/271/205
f 222/213/206 221/211/206 284/272/206
f 196/214/207 195/212/207 258/273/207
f 223/217/209 222/213/209 285/274/209
f 197/218/210 196/214/210 259/275/210
f 171/219/211 170/216/211 233/277/211
f 224/220/212 223/217/212 286/278/212
f 198/221/213 197/218/213 260/279/213
f 172/222/214 171/219/214 234/280/214
f 225/223/215 224/220/215 287/281/215
f 199/224/216 198/221/216 261/282/216
f 173/225/217 172/222/217 235/283/217
f 226/226/218 225/223/218 288/284/218
f 200/227/219 199/224/219 262/285/219
f 174/228/220 173/225/220 236/286/220
f 227/229/221 226/226/221 289/287/221
f 201/230/222 200/227/222 263/288/222
f 175/231/223 174/228/223 237/289/223
f 228/232/224 227/229/224 290/290/224
f 202/233/225 201/230/225 264/291/225
f 176/234/226 175/231/226 238/292/226
f 229/235/227 228/232/227 291/293/227
f 203/236/228 202/233/228 265/294/228
f 177/237/229 176/234/229 239/295/229
f 230/238/230 229/235/230 292/296/230
f 204/239/231 203/236/231 266/297/231
f 178/240/232 177/237/232 240/298/232
f 231/241/233 230/238/233 293/299/233
f 205/242/234 204/239/234 267/300/234
f 179/243/235 178/240/235 241/301/235
f 232/244/236 231/241/236 294/302/236
f 206/245/4105 205/242/4105 268/303/4105
f 180/246/238 179/243/238 242/304/238
f 207/248/240 206/245/240 269/306/240
f 181/249/241 180/246/241 243/307/241
f 208/250/242 207/248/242 270/309/242
f 182/251/243 181/249/243 244/310/243
f 209/252/244 208/250/244 271/311/244
f 183/253/245 182/251/245 245/312/245
f 210/254/246 209/252/246 272/313/246
f 184/255/247 183/253/247 246/314/247
f 211/256/248 210/254/248 273/315/248
f 185/257/249 184/255/249 247/316/249
f 212/258/250 211/256/250 274/317/250
f 186/194/251 185/257/251 248/318/251
f 213/196/252 212/258/252 275/319/252
f 187/195/253 186/194/253 249/320/253
f 214/197/254 213/196/254 276/321/254
f 188/198/255 187/195/255 250/322/255
f 215/199/256 214/197/256 277/323/256
f 254/265/257 253/263/257 316/324/257
f 281/266/258 280/264/258 343/326/258
f 255/267/259 254/265/259 317/325/259
f 282/268/260 281/266/260 344/327/260
f 256/269/261 255/267/261 318/328/261
f 283/270/262 282/268/262 345/329/262
f 257/271/263 256/269/263 319/330/263
f 284/272/264 283/270/264 346/331/264
f 258/273/265 257/271/265 320/332/265
f 285/274/266 284/272/266 347/333/266
f 259/275/267 258/273/267 321/334/267
f 286/278/269 285/274/269 348/335/269
f 260/279/4106 259/275/4106 322/336/4106
f 234/280/271 233/277/271 296/338/271
f 287/281/272 286/278/272 349/339/272
f 261/282/273 260/279/273 323/340/273
f 235/283/274 234/280/274 297/341/274
f 288/284/275 287/281/275 350/342/275
f 262/285/276 261/282/276 324/343/276
f 236/286/277 235/283/277 298/344/277
f 289/287/278 288/284/278 351/345/278
f 263/288/279 262/285/279 325/346/279
f 237/289/280 236/286/280 299/347/280
f 290/290/281 289/287/281 352/348/281
f 264/291/282 263/288/282 326/349/282
f 238/292/283 237/289/283 300/350/283
f 291/293/284 290/290/284 353/351/284
f 265/294/285 264/291/285 327/352/285
f 239/295/286 238/292/286 301/353/286
f 292/296/287 291/293/287 354/354/287
f 266/297/288 265/294/288 328/355/288
f 240/298/289 239/295/289 302/356/289
f 293/299/290 292/296/290 355/357/290
f 267/300/291 266/297/291 329/358/291
f 241/301/292 240/298/292 303/359/292
f 294/302/293 293/299/293 356/360/293
f 268/303/294 267/300/294 330/361/294
f 242/304/295 241/301/295 304/362/295
f 295/305/296 294/302/296 357/363/296
f 269/306/297 268/303/297 331/364/297
f 243/307/298 242/304/298 305/365/298
f 270/309/300 269/306/300 332/367/300
f 244/310/301 243/307/301 306/368/301
f 271/311/302 270/309/302 333/370/302
f 245/312/303 244/310/303 307/371/303
f 272/313/304 271/311/304 334/372/304
f 246/314/305 245/312/305 308/373/305
f 273/315/306 272/313/306 335/374/306
f 247/316/307 246/314/307 309/375/307
f 274/317/308 273/315/308 336/376/308
f 248/318/309 247/316/309 310/377/309
f 275/319/310 274/317/310 337/378/310
f 249/320/311 248/318/311 311/379/311
f 276/321/312 275/319/312 338/380/312
f 250/322/313 249/320/313 312/381/313
f 277/323/314 276/321/314 339/382/314
f 251/259/315 250/322/315 313/383/315
f 278/261/316 277/323/316 340/384/316
f 252/260/317 251/259/317 314/385/317
f 279/262/318 278/261/318 341/386/318
f 253/263/319 252/260/319 315/387/319
f 280/264/320 279/262/320 342/388/320
f 319/330/321 318/328/321 381/389/321
f 346/331/322 345/329/322 408/391/322
f 320/332/323 319/330/323 382/390/323
f 347/333/324 346/331/324 409/392/324
f 321/334/325 320/332/325 383/393/325
f 348/335/326 347/333/326 410/394/326
f 322/336/327 321/334/327 384/395/327
f 349/339/329 348/335/329 411/396/329
f 323/340/4107 322/336/4107 385/397/4107
f 297/341/331 296/338/331 359/399/331
f 350/342/332 349/339/332 412/400/332
f 324/343/333 323/340/333 386/401/333
f 298/344/334 297/341/334 360/402/334
f 351/345/335 350/342/335 413/403/335
f 325/346/336 324/343/336 387/404/336
f 299/347/337 298/344/337 361/405/337
f 352/348/338 351/345/338 414/406/338
f 326/349/339 325/346/339 388/407/339
f 300/350/340 299/347/340 362/408/340
f 353/351/341 352/348/341 415/409/341
f 327/352/342 326/349/342 389/410/342
f 301/353/343 300/350/343 363/411/343
f 354/354/344 353/351/344 416/412/344
f 328/355/345 327/352/345 390/413/345
f 302/356/346 301/353/346 364/414/346
f 355/357/347 354/354/347 417/415/347
f 329/358/348 328/355/348 391/416/348
f 303/359/349 302/356/349 365/417/349
f 356/360/350 355/357/350 418/418/350
f 330/361/351 329/358/351 392/419/351
f 304/362/352 303/359/352 366/420/352
f 357/363/353 356/360/353 419/421/353
f 331/364/354 330/361/354 393/422/354
f 305/365/355 304/362/355 367/423/355
f 358/366/356 357/363/356 420/424/356
f 332/367/4108 331/364/4108 394/425/4108
f 306/368/358 305/365/358 368/426/358
f 333/370/360 332/367/360 395/428/360
f 307/371/361 306/368/361 369/429/361
f 334/372/362 333/370/362 396/431/362
f 308/373/363 307/371/363 370/432/363
f 335/374/364 334/372/364 397/433/364
f 309/375/365 308/373/365 371/434/365
f 336/376/366 335/374/366 398/435/366
f 310/377/367 309/375/367 372/436/367
f 337/378/368 336/376/368 399/437/368
f 311/379/369 310/377/369 373/438/369
f 338/380/370 337/378/370 400/439/370
f 312/381/4109 311/379/4109 374/440/4109
f 339/382/372 338/380/372 401/441/372
f 313/383/373 312/381/373 375/442/373
f 340/384/374 339/382/374 402/443/374
f 314/385/375 313/383/375 376/444/375
f 341/386/376 340/384/376 403/445/376
f 315/387/377 314/385/377 377/446/377
f 342/388/378 341/386/378 404/447/378
f 316/324/379 315/387/379 378/448/379
f 343/326/4110 342/388/4110 405/449/4110
f 317/325/381 316/324/381 379/450/381
f 344/327/382 343/326/382 406/451/382
f 318/328/383 317/325/383 380/452/383
f 345/329/384 344/327/384 407/453/384
f 384/395/385 383/393/385 446/454/385
f 411/396/386 410/394/386 473/456/386
f 385/397/387 384/395/387 447/455/387
f 412/400/389 411/396/389 474/457/389
f 386/401/4111 385/397/4111 448/458/4111
f 360/402/391 359/399/391 422/460/391
f 413/403/392 412/400/392 475/461/392
f 387/404/4112 386/401/4112 449/462/4112
f 361/405/394 360/402/394 423/463/394
f 414/406/395 413/403/395 476/464/395
f 388/407/396 387/404/396 450/465/396
f 362/408/397 361/405/397 424/466/397
f 415/409/398 414/406/398 477/467/398
f 389/410/399 388/407/399 451/468/399
f 363/411/400 362/408/400 425/469/400
f 416/412/401 415/409/401 478/470/401
f 390/413/402 389/410/402 452/471/402
f 364/414/403 363/411/403 426/472/403
f 417/415/404 416/412/404 479/473/404
f 391/416/405 390/413/405 453/474/405
f 365/417/406 364/414/406 427/475/406
f 418/418/407 417/415/407 480/476/407
f 392/419/408 391/416/408 454/477/408
f 366/420/409 365/417/409 428/478/409
f 419/421/410 418/418/410 481/479/410
f 393/422/411 392/419/411 455/480/411
f 367/423/412 366/420/412 429/481/412
f 420/424/413 419/421/413 482/482/413
f 394/425/414 393/422/414 456/483/414
f 368/426/415 367/423/415 430/484/415
f 421/427/416 420/424/416 483/485/416
f 395/428/417 394/425/417 457/486/417
f 369/429/418 368/426/418 431/487/418
f 396/431/420 395/428/420 458/489/420
f 370/432/421 369/429/421 432/490/421
f 397/433/422 396/431/422 459/492/422
f 371/434/423 370/432/423 433/493/423
f 398/435/424 397/433/424 460/494/424
f 372/436/425 371/434/425 434/495/425
f 399/437/426 398/435/426 461/496/426
f 373/438/427 372/436/427 435/497/427
f 400/439/428 399/437/428 462/498/428
f 374/440/429 373/438/429 436/499/429
f 401/441/430 400/439/430 463/500/430
f 375/442/431 374/440/431 437/501/431
f 402/443/432 401/441/432 464/502/432
f 376/444/433 375/442/433 438/503/433
f 403/445/434 402/443/434 465/504/434
f 377/446/435 376/444/435 439/505/435
f 404/447/436 403/445/436 466/506/436
f 378/448/437 377/446/437 440/507/437
f 405/449/438 404/447/438 467/508/438
f 379/450/439 378/448/439 441/509/439
f 406/451/440 405/449/440 468/510/440
f 380/452/441 379/450/441 442/511/441
f 407/453/442 406/451/442 469/512/442
f 381/389/443 380/452/443 443/513/443
f 408/391/444 407/453/444 470/514/444
f 382/390/445 381/389/445 444/515/445
f 409/392/446 408/391/446 471/516/446
f 383/393/447 382/390/447 445/517/447
f 410/394/448 409/392/448 472/518/448
f 449/462/4113 448/458/4113 511/519/4113
f 423/463/450 422/460/450 485/521/450
f 476/464/451 475/461/451 538/523/451
f 450/465/452 449/462/452 512/520/452
f 424/466/453 423/463/453 486/522/453
f 477/467/454 476/464/454 539/524/454
f 451/468/455 450/465/455 513/525/455
f 425/469/4114 424/466/4114 487/526/4114
f 478/470/457 477/467/457 540/527/457
f 452/471/458 451/468/458 514/528/458
f 426/472/459 425/469/459 488/529/459
f 479/473/460 478/470/460 541/530/460
f 453/474/461 452/471/461 515/531/461
f 427/475/462 426/472/462 489/532/462
f 480/476/463 479/473/463 542/533/463
f 454/477/464 453/474/464 516/534/464
f 428/478/465 427/475/465 490/535/465
f 481/479/466 480/476/466 543/536/466
f 455/480/467 454/477/467 517/537/467
f 429/481/468 428/478/468 491/538/468
f 482/482/469 481/479/469 544/539/469
f 456/483/470 455/480/470 518/540/470
f 430/484/471 429/481/471 492/541/471
f 483/485/472 482/482/472 545/542/472
f 457/486/473 456/483/473 519/543/473
f 431/487/474 430/484/474 493/544/474
f 484/488/475 483/485/475 546/545/475
f 458/489/476 457/486/476 520/546/476
f 432/490/477 431/487/477 494/547/477
f 459/492/479 458/489/479 521/549/479
f 433/493/480 432/490/480 495/550/480
f 460/494/481 459/492/481 522/552/481
f 434/495/482 433/493/482 496/553/482
f 461/496/483 460/494/483 523/554/483
f 435/497/484 434/495/484 497/555/484
f 462/498/485 461/496/485 524/556/485
f 436/499/486 435/497/486 498/557/486
f 463/500/487 462/498/487 525/558/487
f 437/501/488 436/499/488 499/559/488
f 464/502/489 463/500/489 526/560/489
f 438/503/490 437/501/490 500/561/490
f 465/504/491 464/502/491 527/562/491
f 439/505/492 438/503/492 501/563/492
f 466/506/493 465/504/493 528/564/493
f 440/507/494 439/505/494 502/565/494
f 467/508/495 466/506/495 529/566/495
f 441/509/496 440/507/496 503/567/496
f 468/510/497 467/508/497 530/568/497
f 442/511/498 441/509/498 504/569/498
f 469/512/499 468/510/499 531/570/499
f 443/513/500 442/511/500 505/571/500
f 470/514/501 469/512/501 532/572/501
f 444/515/502 443/513/502 506/573/502
f 471/516/503 470/514/503 533/574/503
f 445/517/504 444/515/504 507/575/504
f 472/518/505 471/516/505 534/576/505
f 446/454/506 445/517/506 508/577/506
f 473/456/507 472/518/507 535/578/507
f 447/455/508 446/454/508 509/579/508
f 474/457/509 473/456/509 536/580/509
f 448/458/510 447/455/510 510/581/510
f 475/461/512 474/457/512 537/582/512
f 514/528/513 513/525/513 576/584/513
f 488/529/514 487/526/514 550/586/514
f 541/530/515 540/527/515 603/588/515
f 515/531/516 514/528/516 577/585/516
f 489/532/517 488/529/517 551/587/517
f 542/533/518 541/530/518 604/589/518
f 516/534/519 515/531/519 578/590/519
f 490/535/520 489/532/520 552/591/520
f 543/536/521 542/533/521 605/592/521
f 517/537/522 516/534/522 579/593/522
f 491/538/523 490/535/523 553/594/523
f 544/539/524 543/536/524 606/595/524
f 518/540/525 517/537/525 580/596/525
f 492/541/526 491/538/526 554/597/526
f 545/542/527 544/539/527 607/598/527
f 519/543/528 518/540/528 581/599/528
f 493/544/529 492/541/529 555/600/529
f 546/545/530 545/542/530 608/601/530
f 520/546/531 519/543/531 582/602/531
f 494/547/532 493/544/532 556/603/532
f 547/548/533 546/545/533 609/604/533
f 521/549/4115 520/546/4115 583/605/4115
f 495/550/535 494/547/535 557/606/535
f 522/552/537 521/549/537 584/608/537
f 496/553/538 495/550/538 558/609/538
f 523/554/539 522/552/539 585/611/539
f 497/555/540 496/553/540 559/612/540
f 524/556/541 523/554/541 586/613/541
f 498/557/542 497/555/542 560/614/542
f 525/558/543 524/556/543 587/615/543
f 499/559/544 498/557/544 561/616/544
f 526/560/545 525/558/545 588/617/545
f 500/561/546 499/559/546 562/618/546
f 527/562/4116 526/560/4116 589/619/4116
f 501/563/548 500/561/548 563/620/548
f 528/564/549 527/562/549 590/621/549
f 502/565/550 501/563/550 564/622/550
f 529/566/551 528/564/551 591/623/551
f 503/567/552 502/565/552 565/624/552
f 530/568/553 529/566/553 592/625/553
f 504/569/554 503/567/554 566/626/554
f 531/570/555 530/568/555 593/627/555
f 505/571/556 504/569/556 567/628/556
f 532/572/557 531/570/557 594/629/557
f 506/573/558 505/571/558 568/630/558
f 533/574/559 532/572/559 595/631/559
f 507/575/560 506/573/560 569/632/560
f 534/576/561 533/574/561 596/633/561
f 508/577/562 507/575/562 570/634/562
f 535/578/563 534/576/563 597/635/563
f 509/579/564 508/577/564 571/636/564
f 536/580/565 535/578/565 598/637/565
f 510/581/566 509/579/566 572/638/566
f 537/582/567 536/580/567 599/639/567
f 511/519/568 510/581/568 573/640/568
f 538/523/570 537/582/570 600/641/570
f 512/520/4117 511/519/4117 574/642/4117
f 486/522/572 485/521/572 548/644/572
f 539/524/573 538/523/573 601/645/573
f 513/525/574 512/520/574 575/646/574
f 487/526/575 486/522/575 549/647/575
f 540/527/576 539/524/576 602/648/576
f 579/593/577 578/590/577 641/649/577
f 553/594/578 552/591/578 615/651/578
f 606/595/579 605/592/579 668/653/579
f 580/596/580 579/593/580 642/650/580
f 554/597/581 553/594/581 616/652/581
f 607/598/582 606/595/582 669/654/582
f 581/599/583 580/596/583 643/655/583
f 555/600/584 554/597/584 617/656/584
f 608/601/585 607/598/585 670/657/585
f 582/602/586 581/599/586 644/658/586
f 556/603/587 555/600/587 618/659/587
f 609/604/588 608/601/588 671/660/588
f 583/605/4118 582/602/4118 645/661/4118
f 557/606/590 556/603/590 619/662/590
f 610/607/591 609/604/591 672/663/591
f 584/608/4119 583/605/4119 646/664/4119
f 558/609/593 557/606/593 620/665/593
f 585/611/595 584/608/595 647/667/595
f 559/612/596 558/609/596 621/668/596
f 586/613/597 585/611/597 648/670/597
f 560/614/598 559/612/598 622/671/598
f 587/615/599 586/613/599 649/672/599
f 561/616/600 560/614/600 623/673/600
f 588/617/601 587/615/601 650/674/601
f 562/618/602 561/616/602 624/675/602
f 589/619/603 588/617/603 651/676/603
f 563/620/604 562/618/604 625/677/604
f 590/621/605 589/619/605 652/678/605
f 564/622/606 563/620/606 626/679/606
f 591/623/607 590/621/607 653/680/607
f 565/624/608 564/622/608 627/681/608
f 592/625/609 591/623/609 654/682/609
f 566/626/610 565/624/610 628/683/610
f 593/627/611 592/625/611 655/684/611
f 567/628/612 566/626/612 629/685/612
f 594/629/613 593/627/613 656/686/613
f 568/630/614 567/628/614 630/687/614
f 595/631/615 594/629/615 657/688/615
f 569/632/616 568/630/616 631/689/616
f 596/633/617 595/631/617 658/690/617
f 570/634/618 569/632/618 632/691/618
f 597/635/619 596/633/619 659/692/619
f 571/636/620 570/634/620 633/693/620
f 598/637/621 597/635/621 660/694/621
f 572/638/622 571/636/622 634/695/622
f 599/639/623 598/637/623 661/696/623
f 573/640/624 572/638/624 635/697/624
f 600/641/625 599/639/625 662/698/625
f 574/642/626 573/640/626 636/699/626
f 601/645/628 600/641/628 663/700/628
f 575/646/629 574/642/629 637/701/629
f 549/647/4120 548/644/4120 611/703/4120
f 602/648/631 601/645/631 664/704/631
f 576/584/4121 575/646/4121 638/705/4121
f 550/586/633 549/647/633 612/706/633
f 603/588/634 602/648/634 665/707/634
f 577/585/635 576/584/635 639/708/635
f 551/587/636 550/586/636 613/709/636
f 604/589/637 603/588/637 666/710/637
f 578/590/638 577/585/638 640/711/638
f 552/591/639 551/587/639 614/712/639
f 605/592/640 604/589/640 667/713/640
f 644/658/641 643/655/641 706/714/641
f 618/659/642 617/656/642 680/716/642
f 671/660/643 670/657/643 733/718/643
f 645/661/644 644/658/644 707/715/644
f 619/662/645 618/659/645 681/717/645
f 672/663/646 671/660/646 734/719/646
f 646/664/647 645/661/647 708/720/647
f 620/665/648 619/662/648 682/721/648
f 673/666/649 672/663/649 735/722/649
f 647/667/650 646/664/650 709/723/650
f 621/668/651 620/665/651 683/724/651
f 648/670/653 647/667/653 710/726/653
f 622/671/654 621/668/654 684/727/654
f 649/672/655 648/670/655 711/729/655
f 623/673/656 622/671/656 685/730/656
f 650/674/657 649/672/657 712/731/657
f 624/675/658 623/673/658 686/732/658
f 651/676/659 650/674/659 713/733/659
f 625/677/660 624/675/660 687/734/660
f 652/678/661 651/676/661 714/735/661
f 626/679/662 625/677/662 688/736/662
f 653/680/663 652/678/663 715/737/663
f 627/681/4122 626/679/4122 689/738/4122
f 654/682/665 653/680/665 716/739/665
f 628/683/666 627/681/666 690/740/666
f 655/684/667 654/682/667 717/741/667
f 629/685/668 628/683/668 691/742/668
f 656/686/669 655/684/669 718/743/669
f 630/687/670 629/685/670 692/744/670
f 657/688/671 656/686/671 719/745/671
f 631/689/672 630/687/672 693/746/672
f 658/690/673 657/688/673 720/747/673
f 632/691/674 631/689/674 694/748/674
f 659/692/675 658/690/675 721/749/675
f 633/693/676 632/691/676 695/750/676
f 660/694/677 659/692/677 722/751/677
f 634/695/678 633/693/678 696/752/678
f 661/696/679 660/694/679 723/753/679
f 635/697/680 634/695/680 697/754/680
f 662/698/681 661/696/681 724/755/681
f 636/699/682 635/697/682 698/756/682
f 663/700/683 662/698/683 725/757/683
f 637/701/684 636/699/684 699/758/684
f 664/704/686 663/700/686 726/759/686
f 638/705/687 637/701/687 700/760/687
f 612/706/688 611/703/688 674/762/688
f 665/707/689 664/704/689 727/763/689
f 639/708/690 638/705/690 701/764/690
f 613/709/691 612/706/691 675/765/691
f 666/710/692 665/707/692 728/766/692
f 640/711/693 639/708/693 702/767/693
f 614/712/694 613/709/694 676/768/694
f 667/713/695 666/710/695 729/769/695
f 641/649/696 640/711/696 703/770/696
f 615/651/697 614/712/697 677/771/697
f 668/653/698 667/713/698 730/772/698
f 642/650/699 641/649/699 704/773/699
f 616/652/700 615/651/700 678/774/700
f 669/654/701 668/653/701 731/775/701
f 643/655/702 642/650/702 705/776/702
f 617/656/703 616/652/703 679/777/703
f 670/657/704 669/654/704 732/778/704
f 709/723/705 708/720/705 771/779/705
f 683/724/706 682/721/706 745/781/706
f 736/725/707 735/722/707 798/783/707
f 710/726/708 709/723/708 772/780/708
f 684/727/709 683/724/709 746/782/709
f 711/729/711 710/726/711 773/785/711
f 685/730/712 684/727/712 747/786/712
f 712/731/713 711/729/713 774/788/713
f 686/732/714 685/730/714 748/789/714
f 713/733/715 712/731/715 775/790/715
f 687/734/716 686/732/716 749/791/716
f 714/735/717 713/733/717 776/792/717
f 688/736/718 687/734/718 750/793/718
f 715/737/719 714/735/719 777/794/719
f 689/738/720 688/736/720 751/795/720
f 716/739/721 715/737/721 778/796/721
f 690/740/722 689/738/722 752/797/722
f 717/741/723 716/739/723 779/798/723
f 691/742/724 690/740/724 753/799/724
f 718/743/725 717/741/725 780/800/725
f 692/744/726 691/742/726 754/801/726
f 719/745/727 718/743/727 781/802/727
f 693/746/728 692/744/728 755/803/728
f 720/747/729 719/745/729 782/804/729
f 694/748/730 693/746/730 756/805/730
f 721/749/731 720/747/731 783/806/731
f 695/750/732 694/748/732 757/807/732
f 722/751/733 721/749/733 784/808/733
f 696/752/734 695/750/734 758/809/734
f 723/753/735 722/751/735 785/810/735
f 697/754/736 696/752/736 759/811/736
f 724/755/737 723/753/737 786/812/737
f 698/756/738 697/754/738 760/813/738
f 725/757/739 724/755/739 787/814/739
f 699/758/740 698/756/740 761/815/740
f 726/759/741 725/757/741 788/816/741
f 700/760/742 699/758/742 762/817/742
f 727/763/744 726/759/744 789/818/744
f 701/764/745 700/760/745 763/819/745
f 675/765/746 674/762/746 737/821/746
f 728/766/747 727/763/747 790/822/747
f 702/767/748 701/764/748 764/823/748
f 676/768/749 675/765/749 738/824/749
f 729/769/750 728/766/750 791/825/750
f 703/770/751 702/767/751 765/826/751
f 677/771/752 676/768/752 739/827/752
f 730/772/753 729/769/753 792/828/753
f 704/773/754 703/770/754 766/829/754
f 678/774/755 677/771/755 740/830/755
f 731/775/756 730/772/756 793/831/756
f 705/776/757 704/773/757 767/832/757
f 679/777/758 678/774/758 741/833/758
f 732/778/759 731/775/759 794/834/759
f 706/714/760 705/776/760 768/835/760
f 680/716/761 679/777/761 742/836/761
f 733/718/762 732/778/762 795/837/762
f 707/715/763 706/714/763 769/838/763
f 681/717/764 680/716/764 743/839/764
f 734/719/765 733/718/765 796/840/765
f 708/720/766 707/715/766 770/841/766
f 682/721/767 681/717/767 744/842/767
f 735/722/768 734/719/768 797/843/768
f 774/788/769 773/785/769 836/844/769
f 748/789/770 747/786/770 810/846/770
f 775/790/771 774/788/771 837/845/771
f 749/791/772 748/789/772 811/847/772
f 776/792/773 775/790/773 838/848/773
f 750/793/774 749/791/774 812/849/774
f 777/794/4123 776/792/4123 839/850/4123
f 751/795/776 750/793/776 813/851/776
f 778/796/777 777/794/777 840/852/777
f 752/797/778 751/795/778 814/853/778
f 779/798/779 778/796/779 841/854/779
f 753/799/780 752/797/780 815/855/780
f 780/800/781 779/798/781 842/856/781
f 754/801/782 753/799/782 816/857/782
f 781/802/783 780/800/783 843/858/783
f 755/803/784 754/801/784 817/859/784
f 782/804/785 781/802/785 844/860/785
f 756/805/786 755/803/786 818/861/786
f 783/806/787 782/804/787 845/862/787
f 757/807/788 756/805/788 819/863/788
f 784/808/789 783/806/789 846/864/789
f 758/809/790 757/807/790 820/865/790
f 785/810/791 784/808/791 847/866/791
f 759/811/792 758/809/792 821/867/792
f 786/812/793 785/810/793 848/868/793
f 760/813/794 759/811/794 822/869/794
f 787/814/795 786/812/795 849/870/795
f 761/815/796 760/813/796 823/871/796
f 788/816/797 787/814/797 850/872/797
f 762/817/798 761/815/798 824/873/798
f 789/818/799 788/816/799 851/874/799
f 763/819/800 762/817/800 825/875/800
f 790/822/802 789/818/802 852/876/802
f 764/823/803 763/819/803 826/877/803
f 738/824/4124 737/821/4124 800/879/4124
f 791/825/805 790/822/805 853/880/805
f 765/826/806 764/823/806 827/881/806
f 739/827/807 738/824/807 801/882/807
f 792/828/808 791/825/808 854/883/808
f 766/829/809 765/826/809 828/884/809
f 740/830/810 739/827/810 802/885/810
f 793/831/811 792/828/811 855/886/811
f 767/832/812 766/829/812 829/887/812
f 741/833/813 740/830/813 803/888/813
f 794/834/814 793/831/814 856/889/814
f 768/835/815 767/832/815 830/890/815
f 742/836/816 741/833/816 804/891/816
f 795/837/817 794/834/817 857/892/817
f 769/838/818 768/835/818 831/893/818
f 743/839/819 742/836/819 805/894/819
f 796/840/820 795/837/820 858/895/820
f 770/841/821 769/838/821 832/896/821
f 744/842/822 743/839/822 806/897/822
f 797/843/823 796/840/823 859/898/823
f 771/779/824 770/841/824 833/899/824
f 745/781/825 744/842/825 807/900/825
f 798/783/826 797/843/826 860/901/826
f 772/780/827 771/779/827 834/902/827
f 746/782/828 745/781/828 808/903/828
f 799/784/829 798/783/829 861/904/829
f 773/785/830 772/780/830 835/905/830
f 747/786/831 746/782/831 809/906/831
f 813/851/833 812/849/833 875/909/833
f 856/889/834 855/886/834 918/911/834
f 830/890/835 829/887/835 892/913/835
f 814/853/836 813/851/836 876/910/836
f 857/892/837 856/889/837 919/912/837
f 831/893/838 830/890/838 893/914/838
f 815/855/839 814/853/839 877/915/839
f 858/895/840 857/892/840 920/916/840
f 832/896/841 831/893/841 894/917/841
f 816/857/842 815/855/842 878/918/842
f 859/898/843 858/895/843 921/919/843
f 833/899/844 832/896/844 895/920/844
f 817/859/845 816/857/845 879/921/845
f 860/901/846 859/898/846 922/922/846
f 834/902/847 833/899/847 896/923/847
f 818/861/848 817/859/848 880/924/848
f 861/904/849 860/901/849 923/925/849
f 835/905/850 834/902/850 897/926/850
f 819/863/851 818/861/851 881/927/851
f 862/907/852 861/904/852 924/928/852
f 836/844/853 835/905/853 898/929/853
f 820/865/854 819/863/854 882/930/854
f 837/845/856 836/844/856 899/932/856
f 821/867/857 820/865/857 883/933/857
f 838/848/858 837/845/858 900/935/858
f 822/869/859 821/867/859 884/936/859
f 839/850/860 838/848/860 901/937/860
f 823/871/861 822/869/861 885/938/861
f 840/852/862 839/850/862 902/939/862
f 824/873/863 823/871/863 886/940/863
f 841/854/864 840/852/864 903/941/864
f 825/875/865 824/873/865 887/942/865
f 842/856/866 841/854/866 904/943/866
f 843/858/868 842/856/868 905/945/868
f 801/882/869 800/879/869 863/947/869
f 844/860/870 843/858/870 906/948/870
f 802/885/871 801/882/871 864/949/871
f 845/862/872 844/860/872 907/950/872
f 803/888/873 802/885/873 865/951/873
f 846/864/874 845/862/874 908/952/874
f 804/891/875 803/888/875 866/953/875
f 847/866/876 846/864/876 909/954/876
f 805/894/877 804/891/877 867/955/877
f 848/868/4125 847/866/4125 910/956/4125
f 806/897/879 805/894/879 868/957/879
f 849/870/880 848/868/880 911/958/880
f 807/900/881 806/897/881 869/959/881
f 850/872/882 849/870/882 912/960/882
f 808/903/883 807/900/883 870/961/883
f 851/874/884 850/872/884 913/962/884
f 809/906/885 808/903/885 871/963/885
f 852/876/886 851/874/886 914/964/886
f 826/877/887 825/875/887 888/944/887
f 810/846/888 809/906/888 872/965/888
f 853/880/889 852/876/889 915/966/889
f 827/881/890 826/877/890 889/967/890
f 811/847/891 810/846/891 873/968/891
f 854/883/892 853/880/892 916/969/892
f 828/884/893 827/881/893 890/970/893
f 812/849/894 811/847/894 874/971/894
f 855/886/895 854/883/895 917/972/895
f 829/887/896 828/884/896 891/973/896
f 921/919/897 920/916/897 983/974/897
f 895/920/898 894/917/898 957/976/898
f 869/959/899 868/957/899 931/978/899
f 922/922/900 921/919/900 984/975/900
f 896/923/901 895/920/901 958/977/901
f 870/961/902 869/959/902 932/979/902
f 923/925/903 922/922/903 985/980/903
f 897/926/904 896/923/904 959/981/904
f 871/963/905 870/961/905 933/982/905
f 924/928/906 923/925/906 986/983/906
f 898/929/907 897/926/907 960/984/907
f 872/965/908 871/963/908 934/985/908
f 925/931/909 924/928/909 987/986/909
f 899/932/910 898/929/910 961/987/910
f 873/968/911 872/965/911 935/988/911
f 900/935/913 899/932/913 962/990/913
f 874/971/914 873/968/914 936/991/914
f 901/937/915 900/935/915 963/993/915
f 875/909/916 874/971/916 937/994/916
f 902/939/917 901/937/917 964/995/917
f 876/910/918 875/909/918 938/996/918
f 903/941/919 902/939/919 965/997/919
f 877/915/920 876/910/920 939/998/920
f 904/943/921 903/941/921 966/999/921
f 878/918/922 877/915/922 940/1000/922
f 905/945/923 904/943/923 967/1001/923
f 879/921/924 878/918/924 941/1002/924
f 906/948/925 905/945/925 968/1003/925
f 880/924/926 879/921/926 942/1004/926
f 907/950/927 906/948/927 969/1005/927
f 881/927/928 880/924/928 943/1006/928
f 908/952/929 907/950/929 970/1007/929
f 882/930/930 881/927/930 944/1008/930
f 909/954/931 908/952/931 971/1009/931
f 883/933/932 882/930/932 945/1010/932
f 910/956/933 909/954/933 972/1011/933
f 884/936/934 883/933/934 946/1012/934
f 911/958/935 910/956/935 973/1013/935
f 885/938/936 884/936/936 947/1014/936
f 912/960/937 911/958/937 974/1015/937
f 886/940/938 885/938/938 948/1016/938
f 913/962/939 912/960/939 975/1017/939
f 887/942/940 886/940/940 949/1018/940
f 914/964/941 913/962/941 976/1019/941
f 888/944/942 887/942/942 950/1020/942
f 915/966/943 914/964/943 977/1021/943
f 889/967/944 888/944/944 951/1022/944
f 916/969/946 915/966/946 978/1023/946
f 890/970/947 889/967/947 952/1024/947
f 864/949/948 863/947/948 926/1026/948
f 917/972/949 916/969/949 979/1027/949
f 891/973/950 890/970/950 953/1028/950
f 865/951/951 864/949/951 927/1029/951
f 918/911/952 917/972/952 980/1030/952
f 892/913/953 891/973/953 954/1031/953
f 866/953/954 865/951/954 928/1032/954
f 919/912/955 918/911/955 981/1033/955
f 893/914/956 892/913/956 955/1034/956
f 867/955/957 866/953/957 929/1035/957
f 920/916/958 919/912/958 982/1036/958
f 894/917/959 893/914/959 956/1037/959
f 868/957/960 867/955/960 930/1038/960
f 986/983/961 985/980/961 1048/1039/961
f 960/984/962 959/981/962 1022/1041/962
f 934/985/963 933/982/963 996/1043/963
f 987/986/964 986/983/964 1049/1040/964
f 961/987/965 960/984/965 1023/1042/965
f 935/988/966 934/985/966 997/1044/966
f 988/989/967 987/986/967 1050/1045/967
f 962/990/968 961/987/968 1024/1046/968
f 936/991/969 935/988/969 998/1047/969
f 963/993/971 962/990/971 1025/1049/971
f 937/994/972 936/991/972 999/1050/972
f 964/995/973 963/993/973 1026/1052/973
f 938/996/974 937/994/974 1000/1053/974
f 965/997/975 964/995/975 1027/1054/975
f 939/998/4126 938/996/4126 1001/1055/4126
f 966/999/977 965/997/977 1028/1056/977
f 940/1000/978 939/998/978 1002/1057/978
f 967/1001/979 966/999/979 1029/1058/979
f 941/1002/980 940/1000/980 1003/1059/980
f 968/1003/981 967/1001/981 1030/1060/981
f 942/1004/982 941/1002/982 1004/1061/982
f 969/1005/983 968/1003/983 1031/1062/983
f 943/1006/984 942/1004/984 1005/1063/984
f 970/1007/985 969/1005/985 1032/1064/985
f 944/1008/986 943/1006/986 1006/1065/986
f 971/1009/987 970/1007/987 1033/1066/987
f 945/1010/988 944/1008/988 1007/1067/988
f 972/1011/989 971/1009/989 1034/1068/989
f 946/1012/990 945/1010/990 1008/1069/990
f 973/1013/991 972/1011/991 1035/1070/991
f 947/1014/992 946/1012/992 1009/1071/992
f 974/1015/993 973/1013/993 1036/1072/993
f 948/1016/994 947/1014/994 1010/1073/994
f 975/1017/995 974/1015/995 1037/1074/995
f 949/1018/996 948/1016/996 1011/1075/996
f 976/1019/4127 975/1017/4127 1038/1076/4127
f 950/1020/998 949/1018/998 1012/1077/998
f 977/1021/999 976/1019/999 1039/1078/999
f 951/1022/1000 950/1020/1000 1013/1079/1000
f 978/1023/1001 977/1021/1001 1040/1080/1001
f 952/1024/1002 951/1022/1002 1014/1081/1002
f 979/1027/1004 978/1023/1004 1041/1082/1004
f 953/1028/1005 952/1024/1005 1015/1083/1005
f 927/1029/1006 926/1026/1006 989/1085/1006
f 980/1030/1007 979/1027/1007 1042/1086/1007
f 954/1031/1008 953/1028/1008 1016/1087/1008
f 928/1032/1009 927/1029/1009 990/1088/1009
f 981/1033/1010 980/1030/1010 1043/1089/1010
f 955/1034/1011 954/1031/1011 1017/1090/1011
f 929/1035/1012 928/1032/1012 991/1091/1012
f 982/1036/1013 981/1033/1013 1044/1092/1013
f 956/1037/1014 955/1034/1014 1018/1093/1014
f 930/1038/1015 929/1035/1015 992/1094/1015
f 983/974/1016 982/1036/1016 1045/1095/1016
f 957/976/1017 956/1037/1017 1019/1096/1017
f 931/978/1018 930/1038/1018 993/1097/1018
f 984/975/1019 983/974/1019 1046/1098/1019
f 958/977/1020 957/976/1020 1020/1099/1020
f 932/979/1021 931/978/1021 994/1100/1021
f 985/980/1022 984/975/1022 1047/1101/1022
f 959/981/1023 958/977/1023 1021/1102/1023
f 933/982/1024 932/979/1024 995/1103/1024
f 1051/1048/1025 1050/1045/1025 1113/1104/1025
f 1025/1049/1026 1024/1046/1026 1087/1106/1026
f 999/1050/1027 998/1047/1027 1061/1108/1027
f 1026/1052/1029 1025/1049/1029 1088/1107/1029
f 1000/1053/1030 999/1050/1030 1062/1109/1030
f 1027/1054/1031 1026/1052/1031 1089/1111/1031
f 1001/1055/1032 1000/1053/1032 1063/1112/1032
f 1028/1056/1033 1027/1054/1033 1090/1113/1033
f 1002/1057/4128 1001/1055/4128 1064/1114/4128
f 1029/1058/1035 1028/1056/1035 1091/1115/1035
f 1003/1059/1036 1002/1057/1036 1065/1116/1036
f 1030/1060/1037 1029/1058/1037 1092/1117/1037
f 1004/1061/1038 1003/1059/1038 1066/1118/1038
f 1031/1062/1039 1030/1060/1039 1093/1119/1039
f 1005/1063/1040 1004/1061/1040 1067/1120/1040
f 1032/1064/1041 1031/1062/1041 1094/1121/1041
f 1006/1065/1042 1005/1063/1042 1068/1122/1042
f 1033/1066/1043 1032/1064/1043 1095/1123/1043
f 1007/1067/1044 1006/1065/1044 1069/1124/1044
f 1034/1068/1045 1033/1066/1045 1096/1125/1045
f 1008/1069/1046 1007/1067/1046 1070/1126/1046
f 1035/1070/1047 1034/1068/1047 1097/1127/1047
f 1009/1071/1048 1008/1069/1048 1071/1128/1048
f 1036/1072/1049 1035/1070/1049 1098/1129/1049
f 1010/1073/1050 1009/1071/1050 1072/1130/1050
f 1037/1074/1051 1036/1072/1051 1099/1131/1051
f 1011/1075/1052 1010/1073/1052 1073/1132/1052
f 1038/1076/1053 1037/1074/1053 1100/1133/1053
f 1012/1077/1054 1011/1075/1054 1074/1134/1054
f 1039/1078/1055 1038/1076/1055 1101/1135/1055
f 1013/1079/1056 1012/1077/1056 1075/1136/1056
f 1040/1080/1057 1039/1078/1057 1102/1137/1057
f 1014/1081/1058 1013/1079/1058 1076/1138/1058
f 1041/1082/1059 1040/1080/1059 1103/1139/1059
f 1015/1083/1060 1014/1081/1060 1077/1140/1060
f 1042/1086/1062 1041/1082/1062 1104/1141/1062
f 1016/1087/1063 1015/1083/1063 1078/1142/1063
f 990/1088/1064 989/1085/1064 1052/1144/1064
f 1043/1089/1065 1042/1086/1065 1105/1145/1065
f 1017/1090/1066 1016/1087/1066 1079/1146/1066
f 991/1091/1067 990/1088/1067 1053/1147/1067
f 1044/1092/1068 1043/1089/1068 1106/1148/1068
f 1018/1093/1069 1017/1090/1069 1080/1149/1069
f 992/1094/1070 991/1091/1070 1054/1150/1070
f 1045/1095/1071 1044/1092/1071 1107/1151/1071
f 1019/1096/1072 1018/1093/1072 1081/1152/1072
f 993/1097/1073 992/1094/1073 1055/1153/1073
f 1046/1098/1074 1045/1095/1074 1108/1154/1074
f 1020/1099/1075 1019/1096/1075 1082/1155/1075
f 994/1100/1076 993/1097/1076 1056/1156/1076
f 1047/1101/1077 1046/1098/1077 1109/1157/1077
f 1021/1102/1078 1020/1099/1078 1083/1158/1078
f 995/1103/1079 994/1100/1079 1057/1159/1079
f 1048/1039/1080 1047/1101/1080 1110/1160/1080
f 1022/1041/1081 1021/1102/1081 1084/1161/1081
f 996/1043/1082 995/1103/1082 1058/1162/1082
f 1049/1040/1083 1048/1039/1083 1111/1163/1083
f 1023/1042/1084 1022/1041/1084 1085/1164/1084
f 997/1044/1085 996/1043/1085 1059/1165/1085
f 1050/1045/1086 1049/1040/1086 1112/1166/1086
f 1024/1046/1087 1023/1042/1087 1086/1167/1087
f 998/1047/1088 997/1044/1088 1060/1168/1088
f 1090/1113/1089 1089/1111/1089 1152/1169/1089
f 1064/1114/1090 1063/1112/1090 1126/1171/1090
f 1091/1115/1091 1090/1113/1091 1153/1170/1091
f 1065/1116/1092 1064/1114/1092 1127/1172/1092
f 1092/1117/1093 1091/1115/1093 1154/1173/1093
f 1066/1118/1094 1065/1116/1094 1128/1174/1094
f 1093/1119/1095 1092/1117/1095 1155/1175/1095
f 1067/1120/1096 1066/1118/1096 1129/1176/1096
f 1094/1121/1097 1093/1119/1097 1156/1177/1097
f 1068/1122/1098 1067/1120/1098 1130/1178/1098
f 1095/1123/1099 1094/1121/1099 1157/1179/1099
f 1069/1124/1100 1068/1122/1100 1131/1180/1100
f 1096/1125/1101 1095/1123/1101 1158/1181/1101
f 1070/1126/1102 1069/1124/1102 1132/1182/1102
f 1097/1127/1103 1096/1125/1103 1159/1183/1103
f 1071/1128/1104 1070/1126/1104 1133/1184/1104
f 1098/1129/1105 1097/1127/1105 1160/1185/1105
f 1072/1130/1106 1071/1128/1106 1134/1186/1106
f 1099/1131/1107 1098/1129/1107 1161/1187/1107
f 1073/1132/1108 1072/1130/1108 1135/1188/1108
f 1100/1133/1109 1099/1131/1109 1162/1189/1109
f 1074/1134/1110 1073/1132/1110 1136/1190/1110
f 1101/1135/1111 1100/1133/1111 1163/1191/1111
f 1075/1136/1112 1074/1134/1112 1137/1192/1112
f 1102/1137/1113 1101/1135/1113 1164/1193/1113
f 1076/1138/1114 1075/1136/1114 1138/1194/1114
f 1103/1139/1115 1102/1137/1115 1165/1195/1115
f 1077/1140/1116 1076/1138/1116 1139/1196/1116
f 1104/1141/1117 1103/1139/1117 1166/1197/1117
f 1078/1142/1118 1077/1140/1118 1140/1198/1118
f 1105/1145/1120 1104/1141/1120 1167/1199/1120
f 1079/1146/1121 1078/1142/1121 1141/1200/1121
f 1053/1147/1122 1052/1144/1122 1115/1202/1122
f 1106/1148/1123 1105/1145/1123 1168/1203/1123
f 1080/1149/1124 1079/1146/1124 1142/1204/1124
f 1054/1150/1125 1053/1147/1125 1116/1205/1125
f 1107/1151/1126 1106/1148/1126 1169/1206/1126
f 1081/1152/1127 1080/1149/1127 1143/1207/1127
f 1055/1153/1128 1054/1150/1128 1117/1208/1128
f 1108/1154/1129 1107/1151/1129 1170/1209/1129
f 1082/1155/1130 1081/1152/1130 1144/1210/1130
f 1056/1156/1131 1055/1153/1131 1118/1211/1131
f 1109/1157/1132 1108/1154/1132 1171/1212/1132
f 1083/1158/1133 1082/1155/1133 1145/1213/1133
f 1057/1159/1134 1056/1156/1134 1119/1214/1134
f 1110/1160/1135 1109/1157/1135 1172/1215/1135
f 1084/1161/1136 1083/1158/1136 1146/1216/1136
f 1058/1162/1137 1057/1159/1137 1120/1217/1137
f 1111/1163/1138 1110/1160/1138 1173/1218/1138
f 1085/1164/1139 1084/1161/1139 1147/1219/1139
f 1059/1165/1140 1058/1162/1140 1121/1220/1140
f 1112/1166/1141 1111/1163/1141 1174/1221/1141
f 1086/1167/1142 1085/1164/1142 1148/1222/1142
f 1060/1168/1143 1059/1165/1143 1122/1223/1143
f 1113/1104/1144 1112/1166/1144 1175/1224/1144
f 1087/1106/1145 1086/1167/1145 1149/1225/1145
f 1061/1108/1146 1060/1168/1146 1123/1226/1146
f 1114/1105/1147 1113/1104/1147 1176/1227/1147
f 1088/1107/1148 1087/1106/1148 1150/1228/1148
f 1062/1109/1149 1061/1108/1149 1124/1229/1149
f 1089/1111/1151 1088/1107/1151 1151/1231/1151
f 1063/1112/1152 1062/1109/1152 1125/1232/1152
f 1155/1175/1153 1154/1173/1153 1217/1234/1153
f 1129/1176/1154 1128/1174/1154 1191/1236/1154
f 1156/1177/1155 1155/1175/1155 1218/1235/1155
f 1130/1178/1156 1129/1176/1156 1192/1237/1156
f 1157/1179/1157 1156/1177/1157 1219/1238/1157
f 1131/1180/1158 1130/1178/1158 1193/1239/1158
f 1158/1181/1159 1157/1179/1159 1220/1240/1159
f 1132/1182/1160 1131/1180/1160 1194/1241/1160
f 1159/1183/1161 1158/1181/1161 1221/1242/1161
f 1133/1184/1162 1132/1182/1162 1195/1243/1162
f 1160/1185/1163 1159/1183/1163 1222/1244/1163
f 1134/1186/1164 1133/1184/1164 1196/1245/1164
f 1161/1187/1165 1160/1185/1165 1223/1246/1165
f 1135/1188/1166 1134/1186/1166 1197/1247/1166
f 1162/1189/1167 1161/1187/1167 1224/1248/1167
f 1136/1190/1168 1135/1188/1168 1198/1249/1168
f 1163/1191/1169 1162/1189/1169 1225/1250/1169
f 1137/1192/1170 1136/1190/1170 1199/1251/1170
f 1164/1193/1171 1163/1191/1171 1226/1252/1171
f 1138/1194/1172 1137/1192/1172 1200/1253/1172
f 1165/1195/1173 1164/1193/1173 1227/1254/1173
f 1139/1196/1174 1138/1194/1174 1201/1255/1174
f 1166/1197/1175 1165/1195/1175 1228/1256/1175
f 1140/1198/1176 1139/1196/1176 1202/1257/1176
f 1167/1199/1177 1166/1197/1177 1229/1258/1177
f 1141/1200/1178 1140/1198/1178 1203/1259/1178
f 1168/1203/1180 1167/1199/1180 1230/1260/1180
f 1142/1204/1181 1141/1200/1181 1204/1261/1181
f 1116/1205/1182 1115/1202/1182 1178/1263/1182
f 1169/1206/1183 1168/1203/1183 1231/1264/1183
f 1143/1207/1184 1142/1204/1184 1205/1265/1184
f 1117/1208/1185 1116/1205/1185 1179/1266/1185
f 1170/1209/1186 1169/1206/1186 1232/1267/1186
f 1144/1210/1187 1143/1207/1187 1206/1268/1187
f 1118/1211/1188 1117/1208/1188 1180/1269/1188
f 1171/1212/1189 1170/1209/1189 1233/1270/1189
f 1145/1213/1190 1144/1210/1190 1207/1271/1190
f 1119/1214/1191 1118/1211/1191 1181/1272/1191
f 1172/1215/1192 1171/1212/1192 1234/1273/1192
f 1146/1216/1193 1145/1213/1193 1208/1274/1193
f 1120/1217/1194 1119/1214/1194 1182/1275/1194
f 1173/1218/1195 1172/1215/1195 1235/1276/1195
f 1147/1219/1196 1146/1216/1196 1209/1277/1196
f 1121/1220/1197 1120/1217/1197 1183/1278/1197
f 1174/1221/1198 1173/1218/1198 1236/1279/1198
f 1148/1222/1199 1147/1219/1199 1210/1280/1199
f 1122/1223/1200 1121/1220/1200 1184/1281/1200
f 1175/1224/1201 1174/1221/1201 1237/1282/1201
f 1149/1225/1202 1148/1222/1202 1211/1283/1202
f 1123/1226/1203 1122/1223/1203 1185/1284/1203
f 1176/1227/1204 1175/1224/1204 1238/1285/1204
f 1150/1228/1205 1149/1225/1205 1212/1286/1205
f 1124/1229/1206 1123/1226/1206 1186/1287/1206
f 1177/1230/1207 1176/1227/1207 1239/1288/1207
f 1151/1231/1208 1150/1228/1208 1213/1289/1208
f 1125/1232/1209 1124/1229/1209 1187/1290/1209
f 1152/1169/1211 1151/1231/1211 1214/1292/1211
f 1126/1171/1212 1125/1232/1212 1188/1293/1212
f 1153/1170/1213 1152/1169/1213 1215/1295/1213
f 1127/1172/1214 1126/1171/1214 1189/1296/1214
f 1154/1173/1215 1153/1170/1215 1216/1297/1215
f 1128/1174/1216 1127/1172/1216 1190/1298/1216
f 1220/1240/1217 1219/1238/1217 1282/1299/1217
f 1194/1241/1218 1193/1239/1218 1256/1301/1218
f 1221/1242/1219 1220/1240/1219 1283/1300/1219
f 1195/1243/1220 1194/1241/1220 1257/1302/1220
f 1222/1244/1221 1221/1242/1221 1284/1303/1221
f 1196/1245/1222 1195/1243/1222 1258/1304/1222
f 1223/1246/1223 1222/1244/1223 1285/1305/1223
f 1197/1247/1224 1196/1245/1224 1259/1306/1224
f 1224/1248/1225 1223/1246/1225 1286/1307/1225
f 1198/1249/1226 1197/1247/1226 1260/1308/1226
f 1225/1250/1227 1224/1248/1227 1287/1309/1227
f 1199/1251/1228 1198/1249/1228 1261/1310/1228
f 1226/1252/1229 1225/1250/1229 1288/1311/1229
f 1200/1253/1230 1199/1251/1230 1262/1312/1230
f 1227/1254/1231 1226/1252/1231 1289/1313/1231
f 1201/1255/1232 1200/1253/1232 1263/1314/1232
f 1228/1256/1233 1227/1254/1233 1290/1315/1233
f 1202/1257/1234 1201/1255/1234 1264/1316/1234
f 1229/1258/1235 1228/1256/1235 1291/1317/1235
f 1203/1259/1236 1202/1257/1236 1265/1318/1236
f 1230/1260/1237 1229/1258/1237 1292/1319/1237
f 1204/1261/1238 1203/1259/1238 1266/1320/1238
f 1231/1264/1240 1230/1260/1240 1293/1321/1240
f 1205/1265/1241 1204/1261/1241 1267/1322/1241
f 1179/1266/1242 1178/1263/1242 1241/1324/1242
f 1232/1267/1243 1231/1264/1243 1294/1325/1243
f 1206/1268/1244 1205/1265/1244 1268/1326/1244
f 1180/1269/1245 1179/1266/1245 1242/1327/1245
f 1233/1270/1246 1232/1267/1246 1295/1328/1246
f 1207/1271/1247 1206/1268/1247 1269/1329/1247
f 1181/1272/1248 1180/1269/1248 1243/1330/1248
f 1234/1273/1249 1233/1270/1249 1296/1331/1249
f 1208/1274/1250 1207/1271/1250 1270/1332/1250
f 1182/1275/1251 1181/1272/1251 1244/1333/1251
f 1235/1276/1252 1234/1273/1252 1297/1334/1252
f 1209/1277/1253 1208/1274/1253 1271/1335/1253
f 1183/1278/1254 1182/1275/1254 1245/1336/1254
f 1236/1279/1255 1235/1276/1255 1298/1337/1255
f 1210/1280/1256 1209/1277/1256 1272/1338/1256
f 1184/1281/1257 1183/1278/1257 1246/1339/1257
f 1237/1282/1258 1236/1279/1258 1299/1340/1258
f 1211/1283/1259 1210/1280/1259 1273/1341/1259
f 1185/1284/1260 1184/1281/1260 1247/1342/1260
f 1238/1285/1261 1237/1282/1261 1300/1343/1261
f 1212/1286/1262 1211/1283/1262 1274/1344/1262
f 1186/1287/1263 1185/1284/1263 1248/1345/1263
f 1239/1288/1264 1238/1285/1264 1301/1346/1264
f 1213/1289/1265 1212/1286/1265 1275/1347/1265
f 1187/1290/1266 1186/1287/1266 1249/1348/1266
f 1240/1291/1267 1239/1288/1267 1302/1349/1267
f 1214/1292/1268 1213/1289/1268 1276/1350/1268
f 1188/1293/1269 1187/1290/1269 1250/1351/1269
f 1215/1295/1271 1214/1292/1271 1277/1353/1271
f 1189/1296/1272 1188/1293/1272 1251/1354/1272
f 1216/1297/1273 1215/1295/1273 1278/1356/1273
f 1190/1298/1274 1189/1296/1274 1252/1357/1274
f 1217/1234/1275 1216/1297/1275 1279/1358/1275
f 1191/1236/1276 1190/1298/1276 1253/1359/1276
f 1218/1235/4129 1217/1234/4129 1280/1360/4129
f 1192/1237/1278 1191/1236/1278 1254/1361/1278
f 1219/1238/1279 1218/1235/1279 1281/1362/1279
f 1193/1239/1280 1192/1237/1280 1255/1363/1280
f 1285/1305/1281 1284/1303/1281 1347/1364/1281
f 1259/1306/1282 1258/1304/1282 1321/1366/1282
f 1286/1307/1283 1285/1305/1283 1348/1365/1283
f 1260/1308/1284 1259/1306/1284 1322/1367/1284
f 1287/1309/1285 1286/1307/1285 1349/1368/1285
f 1261/1310/1286 1260/1308/1286 1323/1369/1286
f 1288/1311/1287 1287/1309/1287 1350/1370/1287
f 1262/1312/1288 1261/1310/1288 1324/1371/1288
f 1289/1313/1289 1288/1311/1289 1351/1372/1289
f 1263/1314/1290 1262/1312/1290 1325/1373/1290
f 1290/1315/1291 1289/1313/1291 1352/1374/1291
f 1264/1316/1292 1263/1314/1292 1326/1375/1292
f 1291/1317/1293 1290/1315/1293 1353/1376/1293
f 1265/1318/1294 1264/1316/1294 1327/1377/1294
f 1292/1319/1295 1291/1317/1295 1354/1378/1295
f 1266/1320/1296 1265/1318/1296 1328/1379/1296
f 1293/1321/1297 1292/1319/1297 1355/1380/1297
f 1267/1322/1298 1266/1320/1298 1329/1381/1298
f 1294/1325/1300 1293/1321/1300 1356/1382/1300
f 1268/1326/1301 1267/1322/1301 1330/1383/1301
f 1242/1327/1302 1241/1324/1302 1304/1385/1302
f 1295/1328/1303 1294/1325/1303 1357/1386/1303
f 1269/1329/1304 1268/1326/1304 1331/1387/1304
f 1243/1330/1305 1242/1327/1305 1305/1388/1305
f 1296/1331/1306 1295/1328/1306 1358/1389/1306
f 1270/1332/1307 1269/1329/1307 1332/1390/1307
f 1244/1333/1308 1243/1330/1308 1306/1391/1308
f 1297/1334/1309 1296/1331/1309 1359/1392/1309
f 1271/1335/1310 1270/1332/1310 1333/1393/1310
f 1245/1336/1311 1244/1333/1311 1307/1394/1311
f 1298/1337/1312 1297/1334/1312 1360/1395/1312
f 1272/1338/1313 1271/1335/1313 1334/1396/1313
f 1246/1339/1314 1245/1336/1314 1308/1397/1314
f 1299/1340/1315 1298/1337/1315 1361/1398/1315
f 1273/1341/1316 1272/1338/1316 1335/1399/1316
f 1247/1342/1317 1246/1339/1317 1309/1400/1317
f 1300/1343/1318 1299/1340/1318 1362/1401/1318
f 1274/1344/1319 1273/1341/1319 1336/1402/1319
f 1248/1345/1320 1247/1342/1320 1310/1403/1320
f 1301/1346/1321 1300/1343/1321 1363/1404/1321
f 1275/1347/1322 1274/1344/1322 1337/1405/1322
f 1249/1348/1323 1248/1345/1323 1311/1406/1323
f 1302/1349/1324 1301/1346/1324 1364/1407/1324
f 1276/1350/1325 1275/1347/1325 1338/1408/1325
f 1250/1351/1326 1249/1348/1326 1312/1409/1326
f 1303/1352/1327 1302/1349/1327 1365/1410/1327
f 1277/1353/1328 1276/1350/1328 1339/1411/1328
f 1251/1354/1329 1250/1351/1329 1313/1412/1329
f 1278/1356/1331 1277/1353/1331 1340/1414/1331
f 1252/1357/1332 1251/1354/1332 1314/1415/1332
f 1279/1358/1333 1278/1356/1333 1341/1417/1333
f 1253/1359/1334 1252/1357/1334 1315/1418/1334
f 1280/1360/1335 1279/1358/1335 1342/1419/1335
f 1254/1361/1336 1253/1359/1336 1316/1420/1336
f 1281/1362/1337 1280/1360/1337 1343/1421/1337
f 1255/1363/1338 1254/1361/1338 1317/1422/1338
f 1282/1299/1339 1281/1362/1339 1344/1423/1339
f 1256/1301/1340 1255/1363/1340 1318/1424/1340
f 1283/1300/1341 1282/1299/1341 1345/1425/1341
f 1257/1302/1342 1256/1301/1342 1319/1426/1342
f 1284/1303/1343 1283/1300/1343 1346/1427/1343
f 1258/1304/1344 1257/1302/1344 1320/1428/1344
f 1350/1370/1345 1349/1368/1345 1412/1429/1345
f 1324/1371/1346 1323/1369/1346 1386/1431/1346
f 1351/1372/1347 1350/1370/1347 1413/1430/1347
f 1325/1373/1348 1324/1371/1348 1387/1432/1348
f 1352/1374/1349 1351/1372/1349 1414/1433/1349
f 1326/1375/1350 1325/1373/1350 1388/1434/1350
f 1353/1376/1351 1352/1374/1351 1415/1435/1351
f 1327/1377/1352 1326/1375/1352 1389/1436/1352
f 1354/1378/1353 1353/1376/1353 1416/1437/1353
f 1328/1379/1354 1327/1377/1354 1390/1438/1354
f 1355/1380/1355 1354/1378/1355 1417/1439/1355
f 1329/1381/1356 1328/1379/1356 1391/1440/1356
f 1356/1382/1357 1355/1380/1357 1418/1441/1357
f 1330/1383/1358 1329/1381/1358 1392/1442/1358
f 1357/1386/1360 1356/1382/1360 1419/1443/1360
f 1331/1387/1361 1330/1383/1361 1393/1444/1361
f 1305/1388/1362 1304/1385/1362 1367/1446/1362
f 1358/1389/1363 1357/1386/1363 1420/1447/1363
f 1332/1390/1364 1331/1387/1364 1394/1448/1364
f 1306/1391/1365 1305/1388/1365 1368/1449/1365
f 1359/1392/1366 1358/1389/1366 1421/1450/1366
f 1333/1393/1367 1332/1390/1367 1395/1451/1367
f 1307/1394/1368 1306/1391/1368 1369/1452/1368
f 1360/1395/1369 1359/1392/1369 1422/1453/1369
f 1334/1396/1370 1333/1393/1370 1396/1454/1370
f 1308/1397/1371 1307/1394/1371 1370/1455/1371
f 1361/1398/1372 1360/1395/1372 1423/1456/1372
f 1335/1399/1373 1334/1396/1373 1397/1457/1373
f 1309/1400/1374 1308/1397/1374 1371/1458/1374
f 1362/1401/1375 1361/1398/1375 1424/1459/1375
f 1336/1402/1376 1335/1399/1376 1398/1460/1376
f 1310/1403/1377 1309/1400/1377 1372/1461/1377
f 1363/1404/1378 1362/1401/1378 1425/1462/1378
f 1337/1405/1379 1336/1402/1379 1399/1463/1379
f 1311/1406/1380 1310/1403/1380 1373/1464/1380
f 1364/1407/1381 1363/1404/1381 1426/1465/1381
f 1338/1408/1382 1337/1405/1382 1400/1466/1382
f 1312/1409/1383 1311/1406/1383 1374/1467/1383
f 1365/1410/1384 1364/1407/1384 1427/1468/1384
f 1339/1411/1385 1338/1408/1385 1401/1469/1385
f 1313/1412/1386 1312/1409/1386 1375/1470/1386
f 1366/1413/1387 1365/1410/1387 1428/1471/1387
f 1340/1414/1388 1339/1411/1388 1402/1472/1388
f 1314/1415/1389 1313/1412/1389 1376/1473/1389
f 1341/1417/1391 1340/1414/1391 1403/1475/1391
f 1315/1418/1392 1314/1415/1392 1377/1476/1392
f 1342/1419/1393 1341/1417/1393 1404/1478/1393
f 1316/1420/1394 1315/1418/1394 1378/1479/1394
f 1343/1421/1395 1342/1419/1395 1405/1480/1395
f 1317/1422/1396 1316/1420/1396 1379/1481/1396
f 1344/1423/1397 1343/1421/1397 1406/1482/1397
f 1318/1424/1398 1317/1422/1398 1380/1483/1398
f 1345/1425/1399 1344/1423/1399 1407/1484/1399
f 1319/1426/1400 1318/1424/1400 1381/1485/1400
f 1346/1427/1401 1345/1425/1401 1408/1486/1401
f 1320/1428/1402 1319/1426/1402 1382/1487/1402
f 1347/1364/1403 1346/1427/1403 1409/1488/1403
f 1321/1366/1404 1320/1428/1404 1383/1489/1404
f 1348/1365/1405 1347/1364/1405 1410/1490/1405
f 1322/1367/1406 1321/1366/1406 1384/1491/1406
f 1349/1368/1407 1348/1365/1407 1411/1492/1407
f 1323/1369/1408 1322/1367/1408 1385/1493/1408
f 1415/1435/1409 1414/1433/1409 1477/1494/1409
f 1389/1436/1410 1388/1434/1410 1451/1496/1410
f 1416/1437/1411 1415/1435/1411 1478/1495/1411
f 1390/1438/1412 1389/1436/1412 1452/1497/1412
f 1417/1439/1413 1416/1437/1413 1479/1498/1413
f 1391/1440/1414 1390/1438/1414 1453/1499/1414
f 1418/1441/1415 1417/1439/1415 1480/1500/1415
f 1392/1442/1416 1391/1440/1416 1454/1501/1416
f 1419/1443/1417 1418/1441/1417 1481/1502/1417
f 1393/1444/1418 1392/1442/1418 1455/1503/1418
f 1420/1447/1420 1419/1443/1420 1482/1504/1420
f 1394/1448/1421 1393/1444/1421 1456/1505/1421
f 1368/1449/1422 1367/1446/1422 1430/1507/1422
f 1421/1450/1423 1420/1447/1423 1483/1508/1423
f 1395/1451/1424 1394/1448/1424 1457/1509/1424
f 1369/1452/1425 1368/1449/1425 1431/1510/1425
f 1422/1453/1426 1421/1450/1426 1484/1511/1426
f 1396/1454/1427 1395/1451/1427 1458/1512/1427
f 1370/1455/1428 1369/1452/1428 1432/1513/1428
f 1423/1456/1429 1422/1453/1429 1485/1514/1429
f 1397/1457/1430 1396/1454/1430 1459/1515/1430
f 1371/1458/1431 1370/1455/1431 1433/1516/1431
f 1424/1459/1432 1423/1456/1432 1486/1517/1432
f 1398/1460/1433 1397/1457/1433 1460/1518/1433
f 1372/1461/1434 1371/1458/1434 1434/1519/1434
f 1425/1462/1435 1424/1459/1435 1487/1520/1435
f 1399/1463/1436 1398/1460/1436 1461/1521/1436
f 1373/1464/1437 1372/1461/1437 1435/1522/1437
f 1426/1465/1438 1425/1462/1438 1488/1523/1438
f 1400/1466/1439 1399/1463/1439 1462/1524/1439
f 1374/1467/1440 1373/1464/1440 1436/1525/1440
f 1427/1468/1441 1426/1465/1441 1489/1526/1441
f 1401/1469/1442 1400/1466/1442 1463/1527/1442
f 1375/1470/1443 1374/1467/1443 1437/1528/1443
f 1428/1471/1444 1427/1468/1444 1490/1529/1444
f 1402/1472/1445 1401/1469/1445 1464/1530/1445
f 1376/1473/1446 1375/1470/1446 1438/1531/1446
f 1429/1474/1447 1428/1471/1447 1491/1532/1447
f 1403/1475/1448 1402/1472/1448 1465/1533/1448
f 1377/1476/1449 1376/1473/1449 1439/1534/1449
f 1404/1478/1451 1403/1475/1451 1466/1536/1451
f 1378/1479/1452 1377/1476/1452 1440/1537/1452
f 1405/1480/1453 1404/1478/1453 1467/1539/1453
f 1379/1481/1454 1378/1479/1454 1441/1540/1454
f 1406/1482/1455 1405/1480/1455 1468/1541/1455
f 1380/1483/1456 1379/1481/1456 1442/1542/1456
f 1407/1484/1457 1406/1482/1457 1469/1543/1457
f 1381/1485/1458 1380/1483/1458 1443/1544/1458
f 1408/1486/1459 1407/1484/1459 1470/1545/1459
f 1382/1487/1460 1381/1485/1460 1444/1546/1460
f 1409/1488/1461 1408/1486/1461 1471/1547/1461
f 1383/1489/1462 1382/1487/1462 1445/1548/1462
f 1410/1490/1463 1409/1488/1463 1472/1549/1463
f 1384/1491/1464 1383/1489/1464 1446/1550/1464
f 1411/1492/1465 1410/1490/1465 1473/1551/1465
f 1385/1493/1466 1384/1491/1466 1447/1552/1466
f 1412/1429/1467 1411/1492/1467 1474/1553/1467
f 1386/1431/1468 1385/1493/1468 1448/1554/1468
f 1413/1430/1469 1412/1429/1469 1475/1555/1469
f 1387/1432/1470 1386/1431/1470 1449/1556/1470
f 1414/1433/1471 1413/1430/1471 1476/1557/1471
f 1388/1434/1472 1387/1432/1472 1450/1558/1472
f 1480/1500/1473 1479/1498/1473 1542/1559/1473
f 1454/1501/1474 1453/1499/1474 1516/1561/1474
f 1481/1502/1475 1480/1500/1475 1543/1560/1475
f 1455/1503/1476 1454/1501/1476 1517/1562/1476
f 1482/1504/1477 1481/1502/1477 1544/1563/1477
f 1456/1505/1478 1455/1503/1478 1518/1564/1478
f 1483/1508/1480 1482/1504/1480 1545/1565/1480
f 1457/1509/1481 1456/1505/1481 1519/1566/1481
f 1431/1510/1482 1430/1507/1482 1493/1568/1482
f 1484/1511/1483 1483/1508/1483 1546/1569/1483
f 1458/1512/1484 1457/1509/1484 1520/1570/1484
f 1432/1513/1485 1431/1510/1485 1494/1571/1485
f 1485/1514/1486 1484/1511/1486 1547/1572/1486
f 1459/1515/1487 1458/1512/1487 1521/1573/1487
f 1433/1516/1488 1432/1513/1488 1495/1574/1488
f 1486/1517/1489 1485/1514/1489 1548/1575/1489
f 1460/1518/1490 1459/1515/1490 1522/1576/1490
f 1434/1519/1491 1433/1516/1491 1496/1577/1491
f 1487/1520/1492 1486/1517/1492 1549/1578/1492
f 1461/1521/1493 1460/1518/1493 1523/1579/1493
f 1435/1522/1494 1434/1519/1494 1497/1580/1494
f 1488/1523/1495 1487/1520/1495 1550/1581/1495
f 1462/1524/1496 1461/1521/1496 1524/1582/1496
f 1436/1525/1497 1435/1522/1497 1498/1583/1497
f 1489/1526/1498 1488/1523/1498 1551/1584/1498
f 1463/1527/1499 1462/1524/1499 1525/1585/1499
f 1437/1528/1500 1436/1525/1500 1499/1586/1500
f 1490/1529/1501 1489/1526/1501 1552/1587/1501
f 1464/1530/1502 1463/1527/1502 1526/1588/1502
f 1438/1531/1503 1437/1528/1503 1500/1589/1503
f 1491/1532/1504 1490/1529/1504 1553/1590/1504
f 1465/1533/1505 1464/1530/1505 1527/1591/1505
f 1439/1534/1506 1438/1531/1506 1501/1592/1506
f 1492/1535/1507 1491/1532/1507 1554/1593/1507
f 1466/1536/1508 1465/1533/1508 1528/1594/1508
f 1440/1537/1509 1439/1534/1509 1502/1595/1509
f 1467/1539/1511 1466/1536/1511 1529/1597/1511
f 1441/1540/1512 1440/1537/1512 1503/1598/1512
f 1468/1541/1513 1467/1539/1513 1530/1600/1513
f 1442/1542/1514 1441/1540/1514 1504/1601/1514
f 1469/1543/1515 1468/1541/1515 1531/1602/1515
f 1443/1544/1516 1442/1542/1516 1505/1603/1516
f 1470/1545/1517 1469/1543/1517 1532/1604/1517
f 1444/1546/1518 1443/1544/1518 1506/1605/1518
f 1471/1547/1519 1470/1545/1519 1533/1606/1519
f 1445/1548/1520 1444/1546/1520 1507/1607/1520
f 1472/1549/1521 1471/1547/1521 1534/1608/1521
f 1446/1550/1522 1445/1548/1522 1508/1609/1522
f 1473/1551/1523 1472/1549/1523 1535/1610/1523
f 1447/1552/1524 1446/1550/1524 1509/1611/1524
f 1474/1553/1525 1473/1551/1525 1536/1612/1525
f 1448/1554/1526 1447/1552/1526 1510/1613/1526
f 1475/1555/1527 1474/1553/1527 1537/1614/1527
f 1449/1556/1528 1448/1554/1528 1511/1615/1528
f 1476/1557/1529 1475/1555/1529 1538/1616/1529
f 1450/1558/1530 1449/1556/1530 1512/1617/1530
f 1477/1494/1531 1476/1557/1531 1539/1618/1531
f 1451/1496/1532 1450/1558/1532 1513/1619/1532
f 1478/1495/1533 1477/1494/1533 1540/1620/1533
f 1452/1497/1534 1451/1496/1534 1514/1621/1534
f 1479/1498/1535 1478/1495/1535 1541/1622/1535
f 1453/1499/1536 1452/1497/1536 1515/1623/1536
f 1545/1565/1537 1544/1563/1537 1607/1624/1537
f 1519/1566/1538 1518/1564/1538 1581/1626/1538
f 1546/1569/1540 1545/1565/1540 1608/1625/1540
f 1520/1570/1541 1519/1566/1541 1582/1627/1541
f 1494/1571/1542 1493/1568/1542 1556/1629/1542
f 1547/1572/1543 1546/1569/1543 1609/1630/1543
f 1521/1573/1544 1520/1570/1544 1583/1631/1544
f 1495/1574/1545 1494/1571/1545 1557/1632/1545
f 1548/1575/1546 1547/1572/1546 1610/1633/1546
f 1522/1576/1547 1521/1573/1547 1584/1634/1547
f 1496/1577/1548 1495/1574/1548 1558/1635/1548
f 1549/1578/1549 1548/1575/1549 1611/1636/1549
f 1523/1579/1550 1522/1576/1550 1585/1637/1550
f 1497/1580/1551 1496/1577/1551 1559/1638/1551
f 1550/1581/1552 1549/1578/1552 1612/1639/1552
f 1524/1582/1553 1523/1579/1553 1586/1640/1553
f 1498/1583/1554 1497/1580/1554 1560/1641/1554
f 1551/1584/1555 1550/1581/1555 1613/1642/1555
f 1525/1585/1556 1524/1582/1556 1587/1643/1556
f 1499/1586/1557 1498/1583/1557 1561/1644/1557
f 1552/1587/1558 1551/1584/1558 1614/1645/1558
f 1526/1588/1559 1525/1585/1559 1588/1646/1559
f 1500/1589/1560 1499/1586/1560 1562/1647/1560
f 1553/1590/4130 1552/1587/4130 1615/1648/4130
f 1527/1591/1562 1526/1588/1562 1589/1649/1562
f 1501/1592/1563 1500/1589/1563 1563/1650/1563
f 1554/1593/1564 1553/1590/1564 1616/1651/1564
f 1528/1594/1565 1527/1591/1565 1590/1652/1565
f 1502/1595/1566 1501/1592/1566 1564/1653/1566
f 1555/1596/1567 1554/1593/1567 1617/1654/1567
f 1529/1597/1568 1528/1594/1568 1591/1655/1568
f 1503/1598/1569 1502/1595/1569 1565/1656/1569
f 1530/1600/1571 1529/1597/1571 1592/1658/1571
f 1504/1601/1572 1503/1598/1572 1566/1659/1572
f 1531/1602/1573 1530/1600/1573 1593/1661/1573
f 1505/1603/1574 1504/1601/1574 1567/1662/1574
f 1532/1604/1575 1531/1602/1575 1594/1663/1575
f 1506/1605/1576 1505/1603/1576 1568/1664/1576
f 1533/1606/1577 1532/1604/1577 1595/1665/1577
f 1507/1607/1578 1506/1605/1578 1569/1666/1578
f 1534/1608/1579 1533/1606/1579 1596/1667/1579
f 1508/1609/1580 1507/1607/1580 1570/1668/1580
f 1535/1610/1581 1534/1608/1581 1597/1669/1581
f 1509/1611/1582 1508/1609/1582 1571/1670/1582
f 1536/1612/1583 1535/1610/1583 1598/1671/1583
f 1510/1613/1584 1509/1611/1584 1572/1672/1584
f 1537/1614/1585 1536/1612/1585 1599/1673/1585
f 1511/1615/1586 1510/1613/1586 1573/1674/1586
f 1538/1616/1587 1537/1614/1587 1600/1675/1587
f 1512/1617/1588 1511/1615/1588 1574/1676/1588
f 1539/1618/1589 1538/1616/1589 1601/1677/1589
f 1513/1619/1590 1512/1617/1590 1575/1678/1590
f 1540/1620/1591 1539/1618/1591 1602/1679/1591
f 1514/1621/1592 1513/1619/1592 1576/1680/1592
f 1541/1622/1593 1540/1620/1593 1603/1681/1593
f 1515/1623/1594 1514/1621/1594 1577/1682/1594
f 1542/1559/1595 1541/1622/1595 1604/1683/1595
f 1516/1561/1596 1515/1623/1596 1578/1684/1596
f 1543/1560/1597 1542/1559/1597 1605/1685/1597
f 1517/1562/1598 1516/1561/1598 1579/1686/1598
f 1544/1563/1599 1543/1560/1599 1606/1687/1599
f 1518/1564/1600 1517/1562/1600 1580/1688/1600
f 1557/1632/1601 1556/1629/1601 1619/1689/1601
f 1610/1633/1602 1609/1630/1602 1672/1691/1602
f 1584/1634/1603 1583/1631/1603 1646/1693/1603
f 1558/1635/1604 1557/1632/1604 1620/1690/1604
f 1611/1636/1605 1610/1633/1605 1673/1692/1605
f 1585/1637/1606 1584/1634/1606 1647/1694/1606
f 1559/1638/1607 1558/1635/1607 1621/1695/1607
f 1612/1639/1608 1611/1636/1608 1674/1696/1608
f 1586/1640/1609 1585/1637/1609 1648/1697/1609
f 1560/1641/1610 1559/1638/1610 1622/1698/1610
f 1613/1642/1611 1612/1639/1611 1675/1699/1611
f 1587/1643/1612 1586/1640/1612 1649/1700/1612
f 1561/1644/1613 1560/1641/1613 1623/1701/1613
f 1614/1645/1614 1613/1642/1614 1676/1702/1614
f 1588/1646/1615 1587/1643/1615 1650/1703/1615
f 1562/1647/1616 1561/1644/1616 1624/1704/1616
f 1615/1648/1617 1614/1645/1617 1677/1705/1617
f 1589/1649/1618 1588/1646/1618 1651/1706/1618
f 1563/1650/1619 1562/1647/1619 1625/1707/1619
f 1616/1651/1620 1615/1648/1620 1678/1708/1620
f 1590/1652/1621 1589/1649/1621 1652/1709/1621
f 1564/1653/1622 1563/1650/1622 1626/1710/1622
f 1617/1654/1623 1616/1651/1623 1679/1711/1623
f 1591/1655/1624 1590/1652/1624 1653/1712/1624
f 1565/1656/1625 1564/1653/1625 1627/1713/1625
f 1618/1657/1626 1617/1654/1626 1680/1714/1626
f 1592/1658/1627 1591/1655/1627 1654/1715/1627
f 1566/1659/1628 1565/1656/1628 1628/1716/1628
f 1593/1661/1630 1592/1658/1630 1655/1718/1630
f 1567/1662/1631 1566/1659/1631 1629/1719/1631
f 1594/1663/1632 1593/1661/1632 1656/1721/1632
f 1568/1664/1633 1567/1662/1633 1630/1722/1633
f 1595/1665/1634 1594/1663/1634 1657/1723/1634
f 1569/1666/1635 1568/1664/1635 1631/1724/1635
f 1596/1667/1636 1595/1665/1636 1658/1725/1636
f 1570/1668/1637 1569/1666/1637 1632/1726/1637
f 1597/1669/1638 1596/1667/1638 1659/1727/1638
f 1571/1670/1639 1570/1668/1639 1633/1728/1639
f 1598/1671/1640 1597/1669/1640 1660/1729/1640
f 1572/1672/1641 1571/1670/1641 1634/1730/1641
f 1599/1673/1642 1598/1671/1642 1661/1731/1642
f 1573/1674/1643 1572/1672/1643 1635/1732/1643
f 1600/1675/1644 1599/1673/1644 1662/1733/1644
f 1574/1676/1645 1573/1674/1645 1636/1734/1645
f 1601/1677/1646 1600/1675/1646 1663/1735/1646
f 1575/1678/1647 1574/1676/1647 1637/1736/1647
f 1602/1679/1648 1601/1677/1648 1664/1737/1648
f 1576/1680/1649 1575/1678/1649 1638/1738/1649
f 1603/1681/1650 1602/1679/1650 1665/1739/1650
f 1577/1682/1651 1576/1680/1651 1639/1740/1651
f 1604/1683/1652 1603/1681/1652 1666/1741/1652
f 1578/1684/1653 1577/1682/1653 1640/1742/1653
f 1605/1685/1654 1604/1683/1654 1667/1743/1654
f 1579/1686/1655 1578/1684/1655 1641/1744/1655
f 1606/1687/1656 1605/1685/1656 1668/1745/1656
f 1580/1688/1657 1579/1686/1657 1642/1746/1657
f 1607/1624/1658 1606/1687/1658 1669/1747/1658
f 1581/1626/1659 1580/1688/1659 1643/1748/1659
f 1608/1625/1660 1607/1624/1660 1670/1749/1660
f 1582/1627/1661 1581/1626/1661 1644/1750/1661
f 1609/1630/1663 1608/1625/1663 1671/1751/1663
f 1583/1631/1664 1582/1627/1664 1645/1752/1664
f 1665/1739/1665 1664/1737/1665 1727/1754/1665
f 1639/1740/1666 1638/1738/1666 1701/1756/1666
f 1666/1741/4131 1665/1739/4131 1728/1755/4131
f 1640/1742/1668 1639/1740/1668 1702/1757/1668
f 1667/1743/1669 1666/1741/1669 1729/1758/1669
f 1641/1744/1670 1640/1742/1670 1703/1759/1670
f 1668/1745/1671 1667/1743/1671 1730/1760/1671
f 1642/1746/1672 1641/1744/1672 1704/1761/1672
f 1669/1747/1673 1668/1745/1673 1731/1762/1673
f 1643/1748/1674 1642/1746/1674 1705/1763/1674
f 1670/1749/1675 1669/1747/1675 1732/1764/1675
f 1644/1750/1676 1643/1748/1676 1706/1765/1676
f 1671/1751/1677 1670/1749/1677 1733/1766/1677
f 1645/1752/1678 1644/1750/1678 1707/1767/1678
f 1672/1691/1680 1671/1751/1680 1734/1768/1680
f 1646/1693/1681 1645/1752/1681 1708/1769/1681
f 1620/1690/1682 1619/1689/1682 1682/1771/1682
f 1673/1692/1683 1672/1691/1683 1735/1772/1683
f 1647/1694/1684 1646/1693/1684 1709/1773/1684
f 1621/1695/1685 1620/1690/1685 1683/1774/1685
f 1674/1696/1686 1673/1692/1686 1736/1775/1686
f 1648/1697/1687 1647/1694/1687 1710/1776/1687
f 1622/1698/1688 1621/1695/1688 1684/1777/1688
f 1675/1699/1689 1674/1696/1689 1737/1778/1689
f 1649/1700/1690 1648/1697/1690 1711/1779/1690
f 1623/1701/1691 1622/1698/1691 1685/1780/1691
f 1676/1702/1692 1675/1699/1692 1738/1781/1692
f 1650/1703/1693 1649/1700/1693 1712/1782/1693
f 1624/1704/1694 1623/1701/1694 1686/1783/1694
f 1677/1705/1695 1676/1702/1695 1739/1784/1695
f 1651/1706/1696 1650/1703/1696 1713/1785/1696
f 1625/1707/1697 1624/1704/1697 1687/1786/1697
f 1678/1708/1698 1677/1705/1698 1740/1787/1698
f 1652/1709/1699 1651/1706/1699 1714/1788/1699
f 1626/1710/1700 1625/1707/1700 1688/1789/1700
f 1679/1711/1701 1678/1708/1701 1741/1790/1701
f 1653/1712/1702 1652/1709/1702 1715/1791/1702
f 1627/1713/1703 1626/1710/1703 1689/1792/1703
f 1680/1714/1704 1679/1711/1704 1742/1793/1704
f 1654/1715/1705 1653/1712/1705 1716/1794/1705
f 1628/1716/1706 1627/1713/1706 1690/1795/1706
f 1681/1717/1707 1680/1714/1707 1743/1796/1707
f 1655/1718/1708 1654/1715/1708 1717/1797/1708
f 1629/1719/1709 1628/1716/1709 1691/1798/1709
f 1656/1721/1711 1655/1718/1711 1718/1800/1711
f 1630/1722/1712 1629/1719/1712 1692/1801/1712
f 1657/1723/1713 1656/1721/1713 1719/1803/1713
f 1631/1724/1714 1630/1722/1714 1693/1804/1714
f 1658/1725/1715 1657/1723/1715 1720/1805/1715
f 1632/1726/1716 1631/1724/1716 1694/1806/1716
f 1659/1727/1717 1658/1725/1717 1721/1807/1717
f 1633/1728/1718 1632/1726/1718 1695/1808/1718
f 1660/1729/1719 1659/1727/1719 1722/1809/1719
f 1634/1730/1720 1633/1728/1720 1696/1810/1720
f 1661/1731/1721 1660/1729/1721 1723/1811/1721
f 1635/1732/4132 1634/1730/4132 1697/1812/4132
f 1662/1733/1723 1661/1731/1723 1724/1813/1723
f 1636/1734/1724 1635/1732/1724 1698/1814/1724
f 1663/1735/1725 1662/1733/1725 1725/1815/1725
f 1637/1736/1726 1636/1734/1726 1699/1816/1726
f 1664/1737/1727 1663/1735/1727 1726/1817/1727
f 1638/1738/1728 1637/1736/1728 1700/1818/1728
f 1730/1760/1729 1729/1758/1729 1792/1819/1729
f 1704/1761/1730 1703/1759/1730 1766/1821/1730
f 1731/1762/1731 1730/1760/1731 1793/1820/1731
f 1705/1763/1732 1704/1761/1732 1767/1822/1732
f 1732/1764/1733 1731/1762/1733 1794/1823/1733
f 1706/1765/1734 1705/1763/1734 1768/1824/1734
f 1733/1766/1735 1732/1764/1735 1795/1825/1735
f 1707/1767/1736 1706/1765/1736 1769/1826/1736
f 1734/1768/1737 1733/1766/1737 1796/1827/1737
f 1708/1769/1738 1707/1767/1738 1770/1828/1738
f 1735/1772/1740 1734/1768/1740 1797/1829/1740
f 1709/1773/1741 1708/1769/1741 1771/1830/1741
f 1683/1774/1742 1682/1771/1742 1745/1832/1742
f 1736/1775/1743 1735/1772/1743 1798/1833/1743
f 1710/1776/1744 1709/1773/1744 1772/1834/1744
f 1684/1777/1745 1683/1774/1745 1746/1835/1745
f 1737/1778/1746 1736/1775/1746 1799/1836/1746
f 1711/1779/1747 1710/1776/1747 1773/1837/1747
f 1685/1780/1748 1684/1777/1748 1747/1838/1748
f 1738/1781/1749 1737/1778/1749 1800/1839/1749
f 1712/1782/1750 1711/1779/1750 1774/1840/1750
f 1686/1783/1751 1685/1780/1751 1748/1841/1751
f 1739/1784/1752 1738/1781/1752 1801/1842/1752
f 1713/1785/1753 1712/1782/1753 1775/1843/1753
f 1687/1786/1754 1686/1783/1754 1749/1844/1754
f 1740/1787/1755 1739/1784/1755 1802/1845/1755
f 1714/1788/1756 1713/1785/1756 1776/1846/1756
f 1688/1789/1757 1687/1786/1757 1750/1847/1757
f 1741/1790/1758 1740/1787/1758 1803/1848/1758
f 1715/1791/1759 1714/1788/1759 1777/1849/1759
f 1689/1792/1760 1688/1789/1760 1751/1850/1760
f 1742/1793/1761 1741/1790/1761 1804/1851/1761
f 1716/1794/1762 1715/1791/1762 1778/1852/1762
f 1690/1795/1763 1689/1792/1763 1752/1853/1763
f 1743/1796/1764 1742/1793/1764 1805/1854/1764
f 1717/1797/1765 1716/1794/1765 1779/1855/1765
f 1691/1798/1766 1690/1795/1766 1753/1856/1766
f 1744/1799/1767 1743/1796/1767 1806/1857/1767
f 1718/1800/1768 1717/1797/1768 1780/1858/1768
f 1692/1801/1769 1691/1798/1769 1754/1859/1769
f 1719/1803/1771 1718/1800/1771 1781/1861/1771
f 1693/1804/1772 1692/1801/1772 1755/1862/1772
f 1720/1805/1773 1719/1803/1773 1782/1864/1773
f 1694/1806/1774 1693/1804/1774 1756/1865/1774
f 1721/1807/1775 1720/1805/1775 1783/1866/1775
f 1695/1808/1776 1694/1806/1776 1757/1867/1776
f 1722/1809/1777 1721/1807/1777 1784/1868/1777
f 1696/1810/1778 1695/1808/1778 1758/1869/1778
f 1723/1811/1779 1722/1809/1779 1785/1870/1779
f 1697/1812/1780 1696/1810/1780 1759/1871/1780
f 1724/1813/1781 1723/1811/1781 1786/1872/1781
f 1698/1814/1782 1697/1812/1782 1760/1873/1782
f 1725/1815/1783 1724/1813/1783 1787/1874/1783
f 1699/1816/1784 1698/1814/1784 1761/1875/1784
f 1726/1817/1785 1725/1815/1785 1788/1876/1785
f 1700/1818/1786 1699/1816/1786 1762/1877/1786
f 1727/1754/1787 1726/1817/1787 1789/1878/1787
f 1701/1756/4133 1700/1818/4133 1763/1879/4133
f 1728/1755/1789 1727/1754/1789 1790/1880/1789
f 1702/1757/1790 1701/1756/1790 1764/1881/1790
f 1729/1758/1791 1728/1755/1791 1791/1882/1791
f 1703/1759/1792 1702/1757/1792 1765/1883/1792
f 1795/1825/1793 1794/1823/1793 1857/1884/1793
f 1769/1826/1794 1768/1824/1794 1831/1886/1794
f 1796/1827/1795 1795/1825/1795 1858/1885/1795
f 1770/1828/1796 1769/1826/1796 1832/1887/1796
f 1797/1829/1797 1796/1827/1797 1859/1888/1797
f 1771/1830/1798 1770/1828/1798 1833/1889/1798
f 1798/1833/1800 1797/1829/1800 1860/1890/1800
f 1772/1834/1801 1771/1830/1801 1834/1891/1801
f 1746/1835/1802 1745/1832/1802 1808/1893/1802
f 1799/1836/1803 1798/1833/1803 1861/1894/1803
f 1773/1837/1804 1772/1834/1804 1835/1895/1804
f 1747/1838/1805 1746/1835/1805 1809/1896/1805
f 1800/1839/1806 1799/1836/1806 1862/1897/1806
f 1774/1840/1807 1773/1837/1807 1836/1898/1807
f 1748/1841/1808 1747/1838/1808 1810/1899/1808
f 1801/1842/1809 1800/1839/1809 1863/1900/1809
f 1775/1843/1810 1774/1840/1810 1837/1901/1810
f 1749/1844/1811 1748/1841/1811 1811/1902/1811
f 1802/1845/1812 1801/1842/1812 1864/1903/1812
f 1776/1846/1813 1775/1843/1813 1838/1904/1813
f 1750/1847/1814 1749/1844/1814 1812/1905/1814
f 1803/1848/1815 1802/1845/1815 1865/1906/1815
f 1777/1849/1816 1776/1846/1816 1839/1907/1816
f 1751/1850/1817 1750/1847/1817 1813/1908/1817
f 1804/1851/1818 1803/1848/1818 1866/1909/1818
f 1778/1852/1819 1777/1849/1819 1840/1910/1819
f 1752/1853/1820 1751/1850/1820 1814/1911/1820
f 1805/1854/1821 1804/1851/1821 1867/1912/1821
f 1779/1855/1822 1778/1852/1822 1841/1913/1822
f 1753/1856/1823 1752/1853/1823 1815/1914/1823
f 1806/1857/1824 1805/1854/1824 1868/1915/1824
f 1780/1858/1825 1779/1855/1825 1842/1916/1825
f 1754/1859/1826 1753/1856/1826 1816/1917/1826
f 1807/1860/1827 1806/1857/1827 1869/1918/1827
f 1781/1861/1828 1780/1858/1828 1843/1919/1828
f 1755/1862/1829 1754/1859/1829 1817/1920/1829
f 1782/1864/1831 1781/1861/1831 1844/1922/1831
f 1756/1865/1832 1755/1862/1832 1818/1923/1832
f 1783/1866/1833 1782/1864/1833 1845/1925/1833
f 1757/1867/1834 1756/1865/1834 1819/1926/1834
f 1784/1868/1835 1783/1866/1835 1846/1927/1835
f 1758/1869/1836 1757/1867/1836 1820/1928/1836
f 1785/1870/4134 1784/1868/4134 1847/1929/4134
f 1759/1871/1838 1758/1869/1838 1821/1930/1838
f 1786/1872/1839 1785/1870/1839 1848/1931/1839
f 1760/1873/1840 1759/1871/1840 1822/1932/1840
f 1787/1874/1841 1786/1872/1841 1849/1933/1841
f 1761/1875/1842 1760/1873/1842 1823/1934/1842
f 1788/1876/1843 1787/1874/1843 1850/1935/1843
f 1762/1877/1844 1761/1875/1844 1824/1936/1844
f 1789/1878/1845 1788/1876/1845 1851/1937/1845
f 1763/1879/1846 1762/1877/1846 1825/1938/1846
f 1790/1880/1847 1789/1878/1847 1852/1939/1847
f 1764/1881/1848 1763/1879/1848 1826/1940/1848
f 1791/1882/1849 1790/1880/1849 1853/1941/1849
f 1765/1883/1850 1764/1881/1850 1827/1942/1850
f 1792/1819/1851 1791/1882/1851 1854/1943/1851
f 1766/1821/1852 1765/1883/1852 1828/1944/1852
f 1793/1820/1853 1792/1819/1853 1855/1945/1853
f 1767/1822/1854 1766/1821/1854 1829/1946/1854
f 1794/1823/1855 1793/1820/1855 1856/1947/1855
f 1768/1824/4135 1767/1822/4135 1830/1948/4135
f 1860/1890/1857 1859/1888/1857 1922/1949/1857
f 1834/1891/1858 1833/1889/1858 1896/1951/1858
f 1861/1894/1860 1860/1890/1860 1923/1950/1860
f 1835/1895/1861 1834/1891/1861 1897/1952/1861
f 1809/1896/1862 1808/1893/1862 1871/1954/1862
f 1862/1897/1863 1861/1894/1863 1924/1955/1863
f 1836/1898/1864 1835/1895/1864 1898/1956/1864
f 1810/1899/1865 1809/1896/1865 1872/1957/1865
f 1863/1900/1866 1862/1897/1866 1925/1958/1866
f 1837/1901/1867 1836/1898/1867 1899/1959/1867
f 1811/1902/1868 1810/1899/1868 1873/1960/1868
f 1864/1903/1869 1863/1900/1869 1926/1961/1869
f 1838/1904/1870 1837/1901/1870 1900/1962/1870
f 1812/1905/1871 1811/1902/1871 1874/1963/1871
f 1865/1906/1872 1864/1903/1872 1927/1964/1872
f 1839/1907/1873 1838/1904/1873 1901/1965/1873
f 1813/1908/1874 1812/1905/1874 1875/1966/1874
f 1866/1909/1875 1865/1906/1875 1928/1967/1875
f 1840/1910/1876 1839/1907/1876 1902/1968/1876
f 1814/1911/1877 1813/1908/1877 1876/1969/1877
f 1867/1912/1878 1866/1909/1878 1929/1970/1878
f 1841/1913/1879 1840/1910/1879 1903/1971/1879
f 1815/1914/1880 1814/1911/1880 1877/1972/1880
f 1868/1915/1881 1867/1912/1881 1930/1973/1881
f 1842/1916/1882 1841/1913/1882 1904/1974/1882
f 1816/1917/1883 1815/1914/1883 1878/1975/1883
f 1869/1918/1884 1868/1915/1884 1931/1976/1884
f 1843/1919/1885 1842/1916/1885 1905/1977/1885
f 1817/1920/1886 1816/1917/1886 1879/1978/1886
f 1870/1921/1887 1869/1918/1887 1932/1979/1887
f 1844/1922/1888 1843/1919/1888 1906/1980/1888
f 1818/1923/1889 1817/1920/1889 1880/1981/1889
f 1845/1925/1891 1844/1922/1891 1907/1983/1891
f 1819/1926/1892 1818/1923/1892 1881/1984/1892
f 1846/1927/1893 1845/1925/1893 1908/1986/1893
f 1820/1928/1894 1819/1926/1894 1882/1987/1894
f 1847/1929/1895 1846/1927/1895 1909/1988/1895
f 1821/1930/1896 1820/1928/1896 1883/1989/1896
f 1848/1931/1897 1847/1929/1897 1910/1990/1897
f 1822/1932/1898 1821/1930/1898 1884/1991/1898
f 1849/1933/1899 1848/1931/1899 1911/1992/1899
f 1823/1934/1900 1822/1932/1900 1885/1993/1900
f 1850/1935/1901 1849/1933/1901 1912/1994/1901
f 1824/1936/1902 1823/1934/1902 1886/1995/1902
f 1851/1937/1903 1850/1935/1903 1913/1996/1903
f 1825/1938/1904 1824/1936/1904 1887/1997/1904
f 1852/1939/1905 1851/1937/1905 1914/1998/1905
f 1826/1940/1906 1825/1938/1906 1888/1999/1906
f 1853/1941/1907 1852/1939/1907 1915/2000/1907
f 1827/1942/1908 1826/1940/1908 1889/2001/1908
f 1854/1943/1909 1853/1941/1909 1916/2002/1909
f 1828/1944/1910 1827/1942/1910 1890/2003/1910
f 1855/1945/1911 1854/1943/1911 1917/2004/1911
f 1829/1946/1912 1828/1944/1912 1891/2005/1912
f 1856/1947/1913 1855/1945/1913 1918/2006/1913
f 1830/1948/1914 1829/1946/1914 1892/2007/1914
f 1857/1884/1915 1856/1947/1915 1919/2008/1915
f 1831/1886/1916 1830/1948/1916 1893/2009/1916
f 1858/1885/1917 1857/1884/1917 1920/2010/1917
f 1832/1887/1918 1831/1886/1918 1894/2011/1918
f 1859/1888/1919 1858/1885/1919 1921/2012/1919
f 1833/1889/1920 1832/1887/1920 1895/2013/1920
f 1925/1958/1921 1924/1955/1921 1987/2014/1921
f 1899/1959/4136 1898/1956/4136 1961/2016/4136
f 1873/1960/1923 1872/1957/1923 1935/2018/1923
f 1926/1961/1924 1925/1958/1924 1988/2015/1924
f 1900/1962/1925 1899/1959/1925 1962/2017/1925
f 1874/1963/1926 1873/1960/1926 1936/2019/1926
f 1927/1964/1927 1926/1961/1927 1989/2020/1927
f 1901/1965/1928 1900/1962/1928 1963/2021/1928
f 1875/1966/1929 1874/1963/1929 1937/2022/1929
f 1928/1967/1930 1927/1964/1930 1990/2023/1930
f 1902/1968/1931 1901/1965/1931 1964/2024/1931
f 1876/1969/1932 1875/1966/1932 1938/2025/1932
f 1929/1970/1933 1928/1967/1933 1991/2026/1933
f 1903/1971/1934 1902/1968/1934 1965/2027/1934
f 1877/1972/1935 1876/1969/1935 1939/2028/1935
f 1930/1973/1936 1929/1970/1936 1992/2029/1936
f 1904/1974/1937 1903/1971/1937 1966/2030/1937
f 1878/1975/1938 1877/1972/1938 1940/2031/1938
f 1931/1976/1939 1930/1973/1939 1993/2032/1939
f 1905/1977/1940 1904/1974/1940 1967/2033/1940
f 1879/1978/1941 1878/1975/1941 1941/2034/1941
f 1932/1979/1942 1931/1976/1942 1994/2035/1942
f 1906/1980/4137 1905/1977/4137 1968/2036/4137
f 1880/1981/1944 1879/1978/1944 1942/2037/1944
f 1933/1982/1945 1932/1979/1945 1995/2038/1945
f 1907/1983/1946 1906/1980/1946 1969/2039/1946
f 1881/1984/1947 1880/1981/1947 1943/2040/1947
f 1908/1986/1949 1907/1983/1949 1970/2042/1949
f 1882/1987/1950 1881/1984/1950 1944/2043/1950
f 1909/1988/1951 1908/1986/1951 1971/2045/1951
f 1883/1989/1952 1882/1987/1952 1945/2046/1952
f 1910/1990/1953 1909/1988/1953 1972/2047/1953
f 1884/1991/1954 1883/1989/1954 1946/2048/1954
f 1911/1992/1955 1910/1990/1955 1973/2049/1955
f 1885/1993/4138 1884/1991/4138 1947/2050/4138
f 1912/1994/1957 1911/1992/1957 1974/2051/1957
f 1886/1995/1958 1885/1993/1958 1948/2052/1958
f 1913/1996/1959 1912/1994/1959 1975/2053/1959
f 1887/1997/1960 1886/1995/1960 1949/2054/1960
f 1914/1998/1961 1913/1996/1961 1976/2055/1961
f 1888/1999/1962 1887/1997/1962 1950/2056/1962
f 1915/2000/1963 1914/1998/1963 1977/2057/1963
f 1889/2001/1964 1888/1999/1964 1951/2058/1964
f 1916/2002/1965 1915/2000/1965 1978/2059/1965
f 1890/2003/1966 1889/2001/1966 1952/2060/1966
f 1917/2004/1967 1916/2002/1967 1979/2061/1967
f 1891/2005/1968 1890/2003/1968 1953/2062/1968
f 1918/2006/1969 1917/2004/1969 1980/2063/1969
f 1892/2007/1970 1891/2005/1970 1954/2064/1970
f 1919/2008/1971 1918/2006/1971 1981/2065/1971
f 1893/2009/1972 1892/2007/1972 1955/2066/1972
f 1920/2010/4139 1919/2008/4139 1982/2067/4139
f 1894/2011/1974 1893/2009/1974 1956/2068/1974
f 1921/2012/1975 1920/2010/1975 1983/2069/1975
f 1895/2013/1976 1894/2011/1976 1957/2070/1976
f 1922/1949/1977 1921/2012/1977 1984/2071/1977
f 1896/1951/1978 1895/2013/1978 1958/2072/1978
f 1923/1950/1979 1922/1949/1979 1985/2073/1979
f 1897/1952/1980 1896/1951/1980 1959/2074/1980
f 1924/1955/1982 1923/1950/1982 1986/2075/1982
f 1898/1956/1983 1897/1952/1983 1960/2076/1983
f 1872/1957/1984 1871/1954/1984 1934/2078/1984
f 1990/2023/1985 1989/2020/1985 2052/2079/1985
f 1964/2024/1986 1963/2021/1986 2026/2081/1986
f 1938/2025/1987 1937/2022/1987 2000/2083/1987
f 1991/2026/1988 1990/2023/1988 2053/2080/1988
f 1965/2027/1989 1964/2024/1989 2027/2082/1989
f 1939/2028/1990 1938/2025/1990 2001/2084/1990
f 1992/2029/1991 1991/2026/1991 2054/2085/1991
f 1966/2030/1992 1965/2027/1992 2028/2086/1992
f 1940/2031/1993 1939/2028/1993 2002/2087/1993
f 1993/2032/1994 1992/2029/1994 2055/2088/1994
f 1967/2033/1995 1966/2030/1995 2029/2089/1995
f 1941/2034/1996 1940/2031/1996 2003/2090/1996
f 1994/2035/1997 1993/2032/1997 2056/2091/1997
f 1968/2036/1998 1967/2033/1998 2030/2092/1998
f 1942/2037/1999 1941/2034/1999 2004/2093/1999
f 1995/2038/2000 1994/2035/2000 2057/2094/2000
f 1969/2039/2001 1968/2036/2001 2031/2095/2001
f 1943/2040/2002 1942/2037/2002 2005/2096/2002
f 1996/2041/2003 1995/2038/2003 2058/2097/2003
f 1970/2042/2004 1969/2039/2004 2032/2098/2004
f 1944/2043/2005 1943/2040/2005 2006/2099/2005
f 1971/2045/2007 1970/2042/2007 2033/2101/2007
f 1945/2046/2008 1944/2043/2008 2007/2102/2008
f 1972/2047/2009 1971/2045/2009 2034/2104/2009
f 1946/2048/2010 1945/2046/2010 2008/2105/2010
f 1973/2049/2011 1972/2047/2011 2035/2106/2011
f 1947/2050/2012 1946/2048/2012 2009/2107/2012
f 1974/2051/2013 1973/2049/2013 2036/2108/2013
f 1948/2052/2014 1947/2050/2014 2010/2109/2014
f 1975/2053/2015 1974/2051/2015 2037/2110/2015
f 1949/2054/2016 1948/2052/2016 2011/2111/2016
f 1976/2055/4140 1975/2053/4140 2038/2112/4140
f 1950/2056/2018 1949/2054/2018 2012/2113/2018
f 1977/2057/2019 1976/2055/2019 2039/2114/2019
f 1951/2058/2020 1950/2056/2020 2013/2115/2020
f 1978/2059/4141 1977/2057/4141 2040/2116/4141
f 1952/2060/2022 1951/2058/2022 2014/2117/2022
f 1979/2061/2023 1978/2059/2023 2041/2118/2023
f 1953/2062/2024 1952/2060/2024 2015/2119/2024
f 1980/2063/2025 1979/2061/2025 2042/2120/2025
f 1954/2064/2026 1953/2062/2026 2016/2121/2026
f 1981/2065/2027 1980/2063/2027 2043/2122/2027
f 1955/2066/4142 1954/2064/4142 2017/2123/4142
f 1982/2067/2029 1981/2065/2029 2044/2124/2029
f 1956/2068/2030 1955/2066/2030 2018/2125/2030
f 1983/2069/2031 1982/2067/2031 2045/2126/2031
f 1957/2070/2032 1956/2068/2032 2019/2127/2032
f 1984/2071/4143 1983/2069/4143 2046/2128/4143
f 1958/2072/2034 1957/2070/2034 2020/2129/2034
f 1985/2073/2035 1984/2071/2035 2047/2130/2035
f 1959/2074/2036 1958/2072/2036 2021/2131/2036
f 1986/2075/2037 1985/2073/2037 2048/2132/2037
f 1960/2076/2038 1959/2074/2038 2022/2133/2038
f 1987/2014/2040 1986/2075/2040 2049/2134/2040
f 1961/2016/2041 1960/2076/2041 2023/2135/2041
f 1935/2018/2042 1934/2078/2042 1997/2137/2042
f 1988/2015/2043 1987/2014/2043 2050/2138/2043
f 1962/2017/2044 1961/2016/2044 2024/2139/2044
f 1936/2019/2045 1935/2018/2045 1998/2140/2045
f 1989/2020/2046 1988/2015/2046 2051/2141/2046
f 1963/2021/2047 1962/2017/2047 2025/2142/2047
f 1937/2022/2048 1936/2019/2048 1999/2143/2048
f 2055/2088/2049 2054/2085/2049 2117/2144/2049
f 2029/2089/2050 2028/2086/2050 2091/2146/2050
f 2003/2090/2051 2002/2087/2051 2065/2148/2051
f 2056/2091/2052 2055/2088/2052 2118/2145/2052
f 2030/2092/2053 2029/2089/2053 2092/2147/2053
f 2004/2093/2054 2003/2090/2054 2066/2149/2054
f 2057/2094/2055 2056/2091/2055 2119/2150/2055
f 2031/2095/2056 2030/2092/2056 2093/2151/2056
f 2005/2096/2057 2004/2093/2057 2067/2152/2057
f 2058/2097/2058 2057/2094/2058 2120/2153/2058
f 2032/2098/4144 2031/2095/4144 2094/2154/4144
f 2006/2099/2060 2005/2096/2060 2068/2155/2060
f 2059/2100/2061 2058/2097/2061 2121/2156/2061
f 2033/2101/2062 2032/2098/2062 2095/2157/2062
f 2007/2102/2063 2006/2099/2063 2069/2158/2063
f 2034/2104/2065 2033/2101/2065 2096/2160/2065
f 2008/2105/2066 2007/2102/2066 2070/2161/2066
f 2035/2106/2067 2034/2104/2067 2097/2163/2067
f 2009/2107/2068 2008/2105/2068 2071/2164/2068
f 2036/2108/2069 2035/2106/2069 2098/2165/2069
f 2010/2109/4145 2009/2107/4145 2072/2166/4145
f 2037/2110/2071 2036/2108/2071 2099/2167/2071
f 2011/2111/2072 2010/2109/2072 2073/2168/2072
f 2038/2112/2073 2037/2110/2073 2100/2169/2073
f 2012/2113/2074 2011/2111/2074 2074/2170/2074
f 2039/2114/4146 2038/2112/4146 2101/2171/4146
f 2013/2115/2076 2012/2113/2076 2075/2172/2076
f 2040/2116/2077 2039/2114/2077 2102/2173/2077
f 2014/2117/2078 2013/2115/2078 2076/2174/2078
f 2041/2118/2079 2040/2116/2079 2103/2175/2079
f 2015/2119/2080 2014/2117/2080 2077/2176/2080
f 2042/2120/2081 2041/2118/2081 2104/2177/2081
f 2016/2121/2082 2015/2119/2082 2078/2178/2082
f 2043/2122/2083 2042/2120/2083 2105/2179/2083
f 2017/2123/2084 2016/2121/2084 2079/2180/2084
f 2044/2124/2085 2043/2122/2085 2106/2181/2085
f 2018/2125/2086 2017/2123/2086 2080/2182/2086
f 2045/2126/2087 2044/2124/2087 2107/2183/2087
f 2019/2127/2088 2018/2125/2088 2081/2184/2088
f 2046/2128/2089 2045/2126/2089 2108/2185/2089
f 2020/2129/2090 2019/2127/2090 2082/2186/2090
f 2047/2130/4147 2046/2128/4147 2109/2187/4147
f 2021/2131/2092 2020/2129/2092 2083/2188/2092
f 2048/2132/2093 2047/2130/2093 2110/2189/2093
f 2022/2133/2094 2021/2131/2094 2084/2190/2094
f 2049/2134/2095 2048/2132/2095 2111/2191/2095
f 2023/2135/2096 2022/2133/2096 2085/2192/2096
f 2050/2138/2098 2049/2134/2098 2112/2193/2098
f 2024/2139/2099 2023/2135/2099 2086/2194/2099
f 1998/2140/2100 1997/2137/2100 2060/2196/2100
f 2051/2141/2101 2050/2138/2101 2113/2197/2101
f 2025/2142/4148 2024/2139/4148 2087/2198/4148
f 1999/2143/2103 1998/2140/2103 2061/2199/2103
f 2052/2079/2104 2051/2141/2104 2114/2200/2104
f 2026/2081/2105 2025/2142/2105 2088/2201/2105
f 2000/2083/2106 1999/2143/2106 2062/2202/2106
f 2053/2080/2107 2052/2079/2107 2115/2203/2107
f 2027/2082/2108 2026/2081/2108 2089/2204/2108
f 2001/2084/2109 2000/2083/2109 2063/2205/2109
f 2054/2085/2110 2053/2080/2110 2116/2206/2110
f 2028/2086/2111 2027/2082/2111 2090/2207/2111
f 2002/2087/2112 2001/2084/2112 2064/2208/2112
f 2120/2153/2113 2119/2150/2113 2182/2209/2113
f 2094/2154/2114 2093/2151/2114 2156/2211/2114
f 2068/2155/2115 2067/2152/2115 2130/2213/2115
f 2121/2156/2116 2120/2153/2116 2183/2210/2116
f 2095/2157/2117 2094/2154/2117 2157/2212/2117
f 2069/2158/2118 2068/2155/2118 2131/2214/2118
f 2122/2159/2119 2121/2156/2119 2184/2215/2119
f 2096/2160/2120 2095/2157/2120 2158/2216/2120
f 2070/2161/2121 2069/2158/2121 2132/2217/2121
f 2097/2163/2123 2096/2160/2123 2159/2219/2123
f 2071/2164/2124 2070/2161/2124 2133/2220/2124
f 2098/2165/2125 2097/2163/2125 2160/2222/2125
f 2072/2166/2126 2071/2164/2126 2134/2223/2126
f 2099/2167/2127 2098/2165/2127 2161/2224/2127
f 2073/2168/2128 2072/2166/2128 2135/2225/2128
f 2100/2169/2129 2099/2167/2129 2162/2226/2129
f 2074/2170/4149 2073/2168/4149 2136/2227/4149
f 2101/2171/2131 2100/2169/2131 2163/2228/2131
f 2075/2172/2132 2074/2170/2132 2137/2229/2132
f 2102/2173/4150 2101/2171/4150 2164/2230/4150
f 2076/2174/2134 2075/2172/2134 2138/2231/2134
f 2103/2175/2135 2102/2173/2135 2165/2232/2135
f 2077/2176/2136 2076/2174/2136 2139/2233/2136
f 2104/2177/4151 2103/2175/4151 2166/2234/4151
f 2078/2178/2138 2077/2176/2138 2140/2235/2138
f 2105/2179/2139 2104/2177/2139 2167/2236/2139
f 2079/2180/4152 2078/2178/4152 2141/2237/4152
f 2106/2181/2141 2105/2179/2141 2168/2238/2141
f 2080/2182/2142 2079/2180/2142 2142/2239/2142
f 2107/2183/2143 2106/2181/2143 2169/2240/2143
f 2081/2184/2144 2080/2182/2144 2143/2241/2144
f 2108/2185/2145 2107/2183/2145 2170/2242/2145
f 2082/2186/2146 2081/2184/2146 2144/2243/2146
f 2109/2187/4153 2108/2185/4153 2171/2244/4153
f 2083/2188/2148 2082/2186/2148 2145/2245/2148
f 2110/2189/2149 2109/2187/2149 2172/2246/2149
f 2084/2190/2150 2083/2188/2150 2146/2247/2150
f 2111/2191/2151 2110/2189/2151 2173/2248/2151
f 2085/2192/2152 2084/2190/2152 2147/2249/2152
f 2112/2193/2153 2111/2191/2153 2174/2250/2153
f 2086/2194/2154 2085/2192/2154 2148/2251/2154
f 2113/2197/2156 2112/2193/2156 2175/2252/2156
f 2087/2198/2157 2086/2194/2157 2149/2253/2157
f 2061/2199/2158 2060/2196/2158 2123/2255/2158
f 2114/2200/2159 2113/2197/2159 2176/2256/2159
f 2088/2201/4154 2087/2198/4154 2150/2257/4154
f 2062/2202/2161 2061/2199/2161 2124/2258/2161
f 2115/2203/2162 2114/2200/2162 2177/2259/2162
f 2089/2204/2163 2088/2201/2163 2151/2260/2163
f 2063/2205/2164 2062/2202/2164 2125/2261/2164
f 2116/2206/2165 2115/2203/2165 2178/2262/2165
f 2090/2207/2166 2089/2204/2166 2152/2263/2166
f 2064/2208/2167 2063/2205/2167 2126/2264/2167
f 2117/2144/2168 2116/2206/2168 2179/2265/2168
f 2091/2146/2169 2090/2207/2169 2153/2266/2169
f 2065/2148/2170 2064/2208/2170 2127/2267/2170
f 2118/2145/2171 2117/2144/2171 2180/2268/2171
f 2092/2147/2172 2091/2146/2172 2154/2269/2172
f 2066/2149/2173 2065/2148/2173 2128/2270/2173
f 2119/2150/2174 2118/2145/2174 2181/2271/2174
f 2093/2151/2175 2092/2147/2175 2155/2272/2175
f 2067/2152/2176 2066/2149/2176 2129/2273/2176
f 2185/2218/2177 2184/2215/2177 2247/2274/2177
f 2159/2219/2178 2158/2216/2178 2221/2276/2178
f 2133/2220/2179 2132/2217/2179 2195/2278/2179
f 2160/2222/2181 2159/2219/2181 2222/2277/2181
f 2134/2223/2182 2133/2220/2182 2196/2279/2182
f 2161/2224/2183 2160/2222/2183 2223/2281/2183
f 2135/2225/2184 2134/2223/2184 2197/2282/2184
f 2162/2226/2185 2161/2224/2185 2224/2283/2185
f 2136/2227/2186 2135/2225/2186 2198/2284/2186
f 2163/2228/2187 2162/2226/2187 2225/2285/2187
f 2137/2229/2188 2136/2227/2188 2199/2286/2188
f 2164/2230/2189 2163/2228/2189 2226/2287/2189
f 2138/2231/2190 2137/2229/2190 2200/2288/2190
f 2165/2232/2191 2164/2230/2191 2227/2289/2191
f 2139/2233/2192 2138/2231/2192 2201/2290/2192
f 2166/2234/2193 2165/2232/2193 2228/2291/2193
f 2140/2235/2194 2139/2233/2194 2202/2292/2194
f 2167/2236/4155 2166/2234/4155 2229/2293/4155
f 2141/2237/2196 2140/2235/2196 2203/2294/2196
f 2168/2238/2197 2167/2236/2197 2230/2295/2197
f 2142/2239/2198 2141/2237/2198 2204/2296/2198
f 2169/2240/2199 2168/2238/2199 2231/2297/2199
f 2143/2241/2200 2142/2239/2200 2205/2298/2200
f 2170/2242/2201 2169/2240/2201 2232/2299/2201
f 2144/2243/2202 2143/2241/2202 2206/2300/2202
f 2171/2244/2203 2170/2242/2203 2233/2301/2203
f 2145/2245/2204 2144/2243/2204 2207/2302/2204
f 2172/2246/2205 2171/2244/2205 2234/2303/2205
f 2146/2247/2206 2145/2245/2206 2208/2304/2206
f 2173/2248/2207 2172/2246/2207 2235/2305/2207
f 2147/2249/2208 2146/2247/2208 2209/2306/2208
f 2174/2250/2209 2173/2248/2209 2236/2307/2209
f 2148/2251/2210 2147/2249/2210 2210/2308/2210
f 2175/2252/2211 2174/2250/2211 2237/2309/2211
f 2149/2253/2212 2148/2251/2212 2211/2310/2212
f 2176/2256/2214 2175/2252/2214 2238/2311/2214
f 2150/2257/2215 2149/2253/2215 2212/2312/2215
f 2124/2258/2216 2123/2255/2216 2186/2314/2216
f 2177/2259/2217 2176/2256/2217 2239/2315/2217
f 2151/2260/2218 2150/2257/2218 2213/2316/2218
f 2125/2261/2219 2124/2258/2219 2187/2317/2219
f 2178/2262/2220 2177/2259/2220 2240/2318/2220
f 2152/2263/2221 2151/2260/2221 2214/2319/2221
f 2126/2264/2222 2125/2261/2222 2188/2320/2222
f 2179/2265/2223 2178/2262/2223 2241/2321/2223
f 2153/2266/2224 2152/2263/2224 2215/2322/2224
f 2127/2267/2225 2126/2264/2225 2189/2323/2225
f 2180/2268/2226 2179/2265/2226 2242/2324/2226
f 2154/2269/2227 2153/2266/2227 2216/2325/2227
f 2128/2270/2228 2127/2267/2228 2190/2326/2228
f 2181/2271/2229 2180/2268/2229 2243/2327/2229
f 2155/2272/2230 2154/2269/2230 2217/2328/2230
f 2129/2273/2231 2128/2270/2231 2191/2329/2231
f 2182/2209/2232 2181/2271/2232 2244/2330/2232
f 2156/2211/2233 2155/2272/2233 2218/2331/2233
f 2130/2213/2234 2129/2273/2234 2192/2332/2234
f 2183/2210/2235 2182/2209/2235 2245/2333/2235
f 2157/2212/2236 2156/2211/2236 2219/2334/2236
f 2131/2214/2237 2130/2213/2237 2193/2335/2237
f 2184/2215/2238 2183/2210/2238 2246/2336/2238
f 2158/2216/2239 2157/2212/2239 2220/2337/2239
f 2132/2217/4156 2131/2214/4156 2194/2338/4156
f 2224/2283/2241 2223/2281/2241 2286/2339/2241
f 2198/2284/2242 2197/2282/2242 2260/2341/2242
f 2225/2285/2243 2224/2283/2243 2287/2340/2243
f 2199/2286/2244 2198/2284/2244 2261/2342/2244
f 2226/2287/4157 2225/2285/4157 2288/2343/4157
f 2200/2288/2246 2199/2286/2246 2262/2344/2246
f 2227/2289/2247 2226/2287/2247 2289/2345/2247
f 2201/2290/2248 2200/2288/2248 2263/2346/2248
f 2228/2291/2249 2227/2289/2249 2290/2347/2249
f 2202/2292/2250 2201/2290/2250 2264/2348/2250
f 2229/2293/2251 2228/2291/2251 2291/2349/2251
f 2203/2294/2252 2202/2292/2252 2265/2350/2252
f 2230/2295/4158 2229/2293/4158 2292/2351/4158
f 2204/2296/2254 2203/2294/2254 2266/2352/2254
f 2231/2297/2255 2230/2295/2255 2293/2353/2255
f 2205/2298/4159 2204/2296/4159 2267/2354/4159
f 2232/2299/2257 2231/2297/2257 2294/2355/2257
f 2206/2300/2258 2205/2298/2258 2268/2356/2258
f 2233/2301/2259 2232/2299/2259 2295/2357/2259
f 2207/2302/2260 2206/2300/2260 2269/2358/2260
f 2234/2303/2261 2233/2301/2261 2296/2359/2261
f 2208/2304/2262 2207/2302/2262 2270/2360/2262
f 2235/2305/2263 2234/2303/2263 2297/2361/2263
f 2209/2306/4160 2208/2304/4160 2271/2362/4160
f 2236/2307/2265 2235/2305/2265 2298/2363/2265
f 2210/2308/2266 2209/2306/2266 2272/2364/2266
f 2237/2309/2267 2236/2307/2267 2299/2365/2267
f 2211/2310/2268 2210/2308/2268 2273/2366/2268
f 2238/2311/4161 2237/2309/4161 2300/2367/4161
f 2212/2312/2270 2211/2310/2270 2274/2368/2270
f 2239/2315/2272 2238/2311/2272 2301/2369/2272
f 2213/2316/2273 2212/2312/2273 2275/2370/2273
f 2187/2317/2274 2186/2314/2274 2249/2372/2274
f 2240/2318/2275 2239/2315/2275 2302/2373/2275
f 2214/2319/2276 2213/2316/2276 2276/2374/2276
f 2188/2320/2277 2187/2317/2277 2250/2375/2277
f 2241/2321/2278 2240/2318/2278 2303/2376/2278
f 2215/2322/2279 2214/2319/2279 2277/2377/2279
f 2189/2323/2280 2188/2320/2280 2251/2378/2280
f 2242/2324/2281 2241/2321/2281 2304/2379/2281
f 2216/2325/2282 2215/2322/2282 2278/2380/2282
f 2190/2326/2283 2189/2323/2283 2252/2381/2283
f 2243/2327/2284 2242/2324/2284 2305/2382/2284
f 2217/2328/2285 2216/2325/2285 2279/2383/2285
f 2191/2329/2286 2190/2326/2286 2253/2384/2286
f 2244/2330/2287 2243/2327/2287 2306/2385/2287
f 2218/2331/2288 2217/2328/2288 2280/2386/2288
f 2192/2332/2289 2191/2329/2289 2254/2387/2289
f 2245/2333/2290 2244/2330/2290 2307/2388/2290
f 2219/2334/2291 2218/2331/2291 2281/2389/2291
f 2193/2335/2292 2192/2332/2292 2255/2390/2292
f 2246/2336/2293 2245/2333/2293 2308/2391/2293
f 2220/2337/2294 2219/2334/2294 2282/2392/2294
f 2194/2338/2295 2193/2335/2295 2256/2393/2295
f 2247/2274/2296 2246/2336/2296 2309/2394/2296
f 2221/2276/4162 2220/2337/4162 2283/2395/4162
f 2195/2278/2298 2194/2338/2298 2257/2396/2298
f 2248/2275/2299 2247/2274/2299 2310/2397/2299
f 2222/2277/2300 2221/2276/2300 2284/2398/2300
f 2196/2279/2301 2195/2278/2301 2258/2399/2301
f 2223/2281/2303 2222/2277/2303 2285/2401/2303
f 2197/2282/4163 2196/2279/4163 2259/2402/4163
f 2289/2345/2305 2288/2343/2305 2351/2404/2305
f 2263/2346/2306 2262/2344/2306 2325/2406/2306
f 2290/2347/2307 2289/2345/2307 2352/2405/2307
f 2264/2348/2308 2263/2346/2308 2326/2407/2308
f 2291/2349/2309 2290/2347/2309 2353/2408/2309
f 2265/2350/2310 2264/2348/2310 2327/2409/2310
f 2292/2351/2311 2291/2349/2311 2354/2410/2311
f 2266/2352/2312 2265/2350/2312 2328/2411/2312
f 2293/2353/2313 2292/2351/2313 2355/2412/2313
f 2267/2354/2314 2266/2352/2314 2329/2413/2314
f 2294/2355/2315 2293/2353/2315 2356/2414/2315
f 2268/2356/2316 2267/2354/2316 2330/2415/2316
f 2295/2357/2317 2294/2355/2317 2357/2416/2317
f 2269/2358/2318 2268/2356/2318 2331/2417/2318
f 2296/2359/2319 2295/2357/2319 2358/2418/2319
f 2270/2360/2320 2269/2358/2320 2332/2419/2320
f 2297/2361/2321 2296/2359/2321 2359/2420/2321
f 2271/2362/2322 2270/2360/2322 2333/2421/2322
f 2298/2363/2323 2297/2361/2323 2360/2422/2323
f 2272/2364/2324 2271/2362/2324 2334/2423/2324
f 2299/2365/2325 2298/2363/2325 2361/2424/2325
f 2273/2366/2326 2272/2364/2326 2335/2425/2326
f 2300/2367/2327 2299/2365/2327 2362/2426/2327
f 2274/2368/2328 2273/2366/2328 2336/2427/2328
f 2301/2369/2329 2300/2367/2329 2363/2428/2329
f 2275/2370/2330 2274/2368/2330 2337/2429/2330
f 2302/2373/2332 2301/2369/2332 2364/2430/2332
f 2276/2374/2333 2275/2370/2333 2338/2431/2333
f 2250/2375/2334 2249/2372/2334 2312/2433/2334
f 2303/2376/2335 2302/2373/2335 2365/2434/2335
f 2277/2377/2336 2276/2374/2336 2339/2435/2336
f 2251/2378/2337 2250/2375/2337 2313/2436/2337
f 2304/2379/2338 2303/2376/2338 2366/2437/2338
f 2278/2380/2339 2277/2377/2339 2340/2438/2339
f 2252/2381/2340 2251/2378/2340 2314/2439/2340
f 2305/2382/2341 2304/2379/2341 2367/2440/2341
f 2279/2383/2342 2278/2380/2342 2341/2441/2342
f 2253/2384/2343 2252/2381/2343 2315/2442/2343
f 2306/2385/2344 2305/2382/2344 2368/2443/2344
f 2280/2386/2345 2279/2383/2345 2342/2444/2345
f 2254/2387/2346 2253/2384/2346 2316/2445/2346
f 2307/2388/2347 2306/2385/2347 2369/2446/2347
f 2281/2389/2348 2280/2386/2348 2343/2447/2348
f 2255/2390/2349 2254/2387/2349 2317/2448/2349
f 2308/2391/2350 2307/2388/2350 2370/2449/2350
f 2282/2392/2351 2281/2389/2351 2344/2450/2351
f 2256/2393/2352 2255/2390/2352 2318/2451/2352
f 2309/2394/2353 2308/2391/2353 2371/2452/2353
f 2283/2395/2354 2282/2392/2354 2345/2453/2354
f 2257/2396/2355 2256/2393/2355 2319/2454/2355
f 2310/2397/2356 2309/2394/2356 2372/2455/2356
f 2284/2398/2357 2283/2395/2357 2346/2456/2357
f 2258/2399/2358 2257/2396/2358 2320/2457/2358
f 2311/2400/2359 2310/2397/2359 2373/2458/2359
f 2285/2401/2360 2284/2398/2360 2347/2459/2360
f 2259/2402/2361 2258/2399/2361 2321/2460/2361
f 2286/2339/2363 2285/2401/2363 2348/2462/2363
f 2260/2341/2364 2259/2402/2364 2322/2463/2364
f 2287/2340/2365 2286/2339/2365 2349/2465/2365
f 2261/2342/2366 2260/2341/2366 2323/2466/2366
f 2288/2343/2367 2287/2340/2367 2350/2467/2367
f 2262/2344/2368 2261/2342/2368 2324/2468/2368
f 2354/2410/2369 2353/2408/2369 2416/2469/2369
f 2328/2411/2370 2327/2409/2370 2390/2471/2370
f 2355/2412/2371 2354/2410/2371 2417/2470/2371
f 2329/2413/2372 2328/2411/2372 2391/2472/2372
f 2356/2414/4164 2355/2412/4164 2418/2473/4164
f 2330/2415/2374 2329/2413/2374 2392/2474/2374
f 2357/2416/2375 2356/2414/2375 2419/2475/2375
f 2331/2417/2376 2330/2415/2376 2393/2476/2376
f 2358/2418/2377 2357/2416/2377 2420/2477/2377
f 2332/2419/2378 2331/2417/2378 2394/2478/2378
f 2359/2420/2379 2358/2418/2379 2421/2479/2379
f 2333/2421/2380 2332/2419/2380 2395/2480/2380
f 2360/2422/2381 2359/2420/2381 2422/2481/2381
f 2334/2423/2382 2333/2421/2382 2396/2482/2382
f 2361/2424/2383 2360/2422/2383 2423/2483/2383
f 2335/2425/2384 2334/2423/2384 2397/2484/2384
f 2362/2426/2385 2361/2424/2385 2424/2485/2385
f 2336/2427/2386 2335/2425/2386 2398/2486/2386
f 2363/2428/2387 2362/2426/2387 2425/2487/2387
f 2337/2429/2388 2336/2427/2388 2399/2488/2388
f 2364/2430/2389 2363/2428/2389 2426/2489/2389
f 2338/2431/2390 2337/2429/2390 2400/2490/2390
f 2365/2434/2392 2364/2430/2392 2427/2491/2392
f 2339/2435/2393 2338/2431/2393 2401/2492/2393
f 2313/2436/2394 2312/2433/2394 2375/2494/2394
f 2366/2437/2395 2365/2434/2395 2428/2495/2395
f 2340/2438/2396 2339/2435/2396 2402/2496/2396
f 2314/2439/2397 2313/2436/2397 2376/2497/2397
f 2367/2440/2398 2366/2437/2398 2429/2498/2398
f 2341/2441/2399 2340/2438/2399 2403/2499/2399
f 2315/2442/2400 2314/2439/2400 2377/2500/2400
f 2368/2443/2401 2367/2440/2401 2430/2501/2401
f 2342/2444/2402 2341/2441/2402 2404/2502/2402
f 2316/2445/2403 2315/2442/2403 2378/2503/2403
f 2369/2446/2404 2368/2443/2404 2431/2504/2404
f 2343/2447/2405 2342/2444/2405 2405/2505/2405
f 2317/2448/2406 2316/2445/2406 2379/2506/2406
f 2370/2449/2407 2369/2446/2407 2432/2507/2407
f 2344/2450/2408 2343/2447/2408 2406/2508/2408
f 2318/2451/2409 2317/2448/2409 2380/2509/2409
f 2371/2452/2410 2370/2449/2410 2433/2510/2410
f 2345/2453/2411 2344/2450/2411 2407/2511/2411
f 2319/2454/2412 2318/2451/2412 2381/2512/2412
f 2372/2455/2413 2371/2452/2413 2434/2513/2413
f 2346/2456/2414 2345/2453/2414 2408/2514/2414
f 2320/2457/2415 2319/2454/2415 2382/2515/2415
f 2373/2458/2416 2372/2455/2416 2435/2516/2416
f 2347/2459/2417 2346/2456/2417 2409/2517/2417
f 2321/2460/2418 2320/2457/2418 2383/2518/2418
f 2374/2461/2419 2373/2458/2419 2436/2519/2419
f 2348/2462/2420 2347/2459/2420 2410/2520/2420
f 2322/2463/2421 2321/2460/2421 2384/2521/2421
f 2349/2465/2423 2348/2462/2423 2411/2523/2423
f 2323/2466/2424 2322/2463/2424 2385/2524/2424
f 2350/2467/2425 2349/2465/2425 2412/2526/2425
f 2324/2468/2426 2323/2466/2426 2386/2527/2426
f 2351/2404/2427 2350/2467/2427 2413/2528/2427
f 2325/2406/2428 2324/2468/2428 2387/2529/2428
f 2352/2405/2429 2351/2404/2429 2414/2530/2429
f 2326/2407/2430 2325/2406/2430 2388/2531/2430
f 2353/2408/2431 2352/2405/2431 2415/2532/2431
f 2327/2409/2432 2326/2407/2432 2389/2533/2432
f 2419/2475/4165 2418/2473/4165 2481/2534/4165
f 2393/2476/2434 2392/2474/2434 2455/2536/2434
f 2420/2477/2435 2419/2475/2435 2482/2535/2435
f 2394/2478/4166 2393/2476/4166 2456/2537/4166
f 2421/2479/2437 2420/2477/2437 2483/2538/2437
f 2395/2480/2438 2394/2478/2438 2457/2539/2438
f 2422/2481/2439 2421/2479/2439 2484/2540/2439
f 2396/2482/2440 2395/2480/2440 2458/2541/2440
f 2423/2483/2441 2422/2481/2441 2485/2542/2441
f 2397/2484/2442 2396/2482/2442 2459/2543/2442
f 2424/2485/2443 2423/2483/2443 2486/2544/2443
f 2398/2486/2444 2397/2484/2444 2460/2545/2444
f 2425/2487/2445 2424/2485/2445 2487/2546/2445
f 2399/2488/2446 2398/2486/2446 2461/2547/2446
f 2426/2489/2447 2425/2487/2447 2488/2548/2447
f 2400/2490/2448 2399/2488/2448 2462/2549/2448
f 2427/2491/2449 2426/2489/2449 2489/2550/2449
f 2401/2492/2450 2400/2490/2450 2463/2551/2450
f 2428/2495/2452 2427/2491/2452 2490/2552/2452
f 2402/2496/2453 2401/2492/2453 2464/2553/2453
f 2376/2497/2454 2375/2494/2454 2438/2555/2454
f 2429/2498/2455 2428/2495/2455 2491/2556/2455
f 2403/2499/2456 2402/2496/2456 2465/2557/2456
f 2377/2500/2457 2376/2497/2457 2439/2558/2457
f 2430/2501/2458 2429/2498/2458 2492/2559/2458
f 2404/2502/2459 2403/2499/2459 2466/2560/2459
f 2378/2503/2460 2377/2500/2460 2440/2561/2460
f 2431/2504/2461 2430/2501/2461 2493/2562/2461
f 2405/2505/2462 2404/2502/2462 2467/2563/2462
f 2379/2506/2463 2378/2503/2463 2441/2564/2463
f 2432/2507/2464 2431/2504/2464 2494/2565/2464
f 2406/2508/2465 2405/2505/2465 2468/2566/2465
f 2380/2509/2466 2379/2506/2466 2442/2567/2466
f 2433/2510/2467 2432/2507/2467 2495/2568/2467
f 2407/2511/2468 2406/2508/2468 2469/2569/2468
f 2381/2512/2469 2380/2509/2469 2443/2570/2469
f 2434/2513/2470 2433/2510/2470 2496/2571/2470
f 2408/2514/2471 2407/2511/2471 2470/2572/2471
f 2382/2515/2472 2381/2512/2472 2444/2573/2472
f 2435/2516/2473 2434/2513/2473 2497/2574/2473
f 2409/2517/2474 2408/2514/2474 2471/2575/2474
f 2383/2518/2475 2382/2515/2475 2445/2576/2475
f 2436/2519/2476 2435/2516/2476 2498/2577/2476
f 2410/2520/2477 2409/2517/2477 2472/2578/2477
f 2384/2521/2478 2383/2518/2478 2446/2579/2478
f 2437/2522/4167 2436/2519/4167 2499/2580/4167
f 2411/2523/2480 2410/2520/2480 2473/2581/2480
f 2385/2524/2481 2384/2521/2481 2447/2582/2481
f 2412/2526/2483 2411/2523/2483 2474/2584/2483
f 2386/2527/2484 2385/2524/2484 2448/2585/2484
f 2413/2528/2485 2412/2526/2485 2475/2587/2485
f 2387/2529/2486 2386/2527/2486 2449/2588/2486
f 2414/2530/2487 2413/2528/2487 2476/2589/2487
f 2388/2531/2488 2387/2529/2488 2450/2590/2488
f 2415/2532/2489 2414/2530/2489 2477/2591/2489
f 2389/2533/2490 2388/2531/2490 2451/2592/2490
f 2416/2469/2491 2415/2532/2491 2478/2593/2491
f 2390/2471/2492 2389/2533/2492 2452/2594/2492
f 2417/2470/2493 2416/2469/2493 2479/2595/2493
f 2391/2472/2494 2390/2471/2494 2453/2596/2494
f 2418/2473/2495 2417/2470/2495 2480/2597/2495
f 2392/2474/2496 2391/2472/2496 2454/2598/2496
f 2482/2535/2497 2481/2534/2497 2544/2599/2497
f 2456/2537/2498 2455/2536/2498 2518/2601/2498
f 2483/2538/2499 2482/2535/2499 2545/2600/2499
f 2457/2539/4168 2456/2537/4168 2519/2602/4168
f 2484/2540/2501 2483/2538/2501 2546/2603/2501
f 2458/2541/2502 2457/2539/2502 2520/2604/2502
f 2485/2542/2503 2484/2540/2503 2547/2605/2503
f 2459/2543/2504 2458/2541/2504 2521/2606/2504
f 2486/2544/2505 2485/2542/2505 2548/2607/2505
f 2460/2545/2506 2459/2543/2506 2522/2608/2506
f 2487/2546/2507 2486/2544/2507 2549/2609/2507
f 2461/2547/2508 2460/2545/2508 2523/2610/2508
f 2488/2548/2509 2487/2546/2509 2550/2611/2509
f 2462/2549/2510 2461/2547/2510 2524/2612/2510
f 2489/2550/2511 2488/2548/2511 2551/2613/2511
f 2463/2551/2512 2462/2549/2512 2525/2614/2512
f 2490/2552/2513 2489/2550/2513 2552/2615/2513
f 2464/2553/2514 2463/2551/2514 2526/2616/2514
f 2491/2556/2516 2490/2552/2516 2553/2617/2516
f 2465/2557/2517 2464/2553/2517 2527/2618/2517
f 2439/2558/2518 2438/2555/2518 2501/2620/2518
f 2492/2559/2519 2491/2556/2519 2554/2621/2519
f 2466/2560/2520 2465/2557/2520 2528/2622/2520
f 2440/2561/2521 2439/2558/2521 2502/2623/2521
f 2493/2562/2522 2492/2559/2522 2555/2624/2522
f 2467/2563/2523 2466/2560/2523 2529/2625/2523
f 2441/2564/2524 2440/2561/2524 2503/2626/2524
f 2494/2565/2525 2493/2562/2525 2556/2627/2525
f 2468/2566/2526 2467/2563/2526 2530/2628/2526
f 2442/2567/2527 2441/2564/2527 2504/2629/2527
f 2495/2568/2528 2494/2565/2528 2557/2630/2528
f 2469/2569/2529 2468/2566/2529 2531/2631/2529
f 2443/2570/2530 2442/2567/2530 2505/2632/2530
f 2496/2571/2531 2495/2568/2531 2558/2633/2531
f 2470/2572/2532 2469/2569/2532 2532/2634/2532
f 2444/2573/2533 2443/2570/2533 2506/2635/2533
f 2497/2574/2534 2496/2571/2534 2559/2636/2534
f 2471/2575/2535 2470/2572/2535 2533/2637/2535
f 2445/2576/2536 2444/2573/2536 2507/2638/2536
f 2498/2577/2537 2497/2574/2537 2560/2639/2537
f 2472/2578/2538 2471/2575/2538 2534/2640/2538
f 2446/2579/2539 2445/2576/2539 2508/2641/2539
f 2499/2580/2540 2498/2577/2540 2561/2642/2540
f 2473/2581/4169 2472/2578/4169 2535/2643/4169
f 2447/2582/2542 2446/2579/2542 2509/2644/2542
f 2500/2583/2543 2499/2580/2543 2562/2645/2543
f 2474/2584/2544 2473/2581/2544 2536/2646/2544
f 2448/2585/2545 2447/2582/2545 2510/2647/2545
f 2475/2587/2547 2474/2584/2547 2537/2649/2547
f 2449/2588/2548 2448/2585/2548 2511/2650/2548
f 2476/2589/2549 2475/2587/2549 2538/2652/2549
f 2450/2590/2550 2449/2588/2550 2512/2653/2550
f 2477/2591/2551 2476/2589/2551 2539/2654/2551
f 2451/2592/2552 2450/2590/2552 2513/2655/2552
f 2478/2593/2553 2477/2591/2553 2540/2656/2553
f 2452/2594/2554 2451/2592/2554 2514/2657/2554
f 2479/2595/2555 2478/2593/2555 2541/2658/2555
f 2453/2596/2556 2452/2594/2556 2515/2659/2556
f 2480/2597/2557 2479/2595/2557 2542/2660/2557
f 2454/2598/2558 2453/2596/2558 2516/2661/2558
f 2481/2534/2559 2480/2597/2559 2543/2662/2559
f 2455/2536/2560 2454/2598/2560 2517/2663/2560
f 2547/2605/2561 2546/2603/2561 2609/2664/2561
f 2521/2606/2562 2520/2604/2562 2583/2666/2562
f 2548/2607/2563 2547/2605/2563 2610/2665/2563
f 2522/2608/2564 2521/2606/2564 2584/2667/2564
f 2549/2609/2565 2548/2607/2565 2611/2668/2565
f 2523/2610/2566 2522/2608/2566 2585/2669/2566
f 2550/2611/2567 2549/2609/2567 2612/2670/2567
f 2524/2612/2568 2523/2610/2568 2586/2671/2568
f 2551/2613/2569 2550/2611/2569 2613/2672/2569
f 2525/2614/2570 2524/2612/2570 2587/2673/2570
f 2552/2615/2571 2551/2613/2571 2614/2674/2571
f 2526/2616/2572 2525/2614/2572 2588/2675/2572
f 2553/2617/2573 2552/2615/2573 2615/2676/2573
f 2527/2618/2574 2526/2616/2574 2589/2677/2574
f 2554/2621/2576 2553/2617/2576 2616/2678/2576
f 2528/2622/2577 2527/2618/2577 2590/2679/2577
f 2502/2623/2578 2501/2620/2578 2564/2681/2578
f 2555/2624/2579 2554/2621/2579 2617/2682/2579
f 2529/2625/2580 2528/2622/2580 2591/2683/2580
f 2503/2626/2581 2502/2623/2581 2565/2684/2581
f 2556/2627/2582 2555/2624/2582 2618/2685/2582
f 2530/2628/2583 2529/2625/2583 2592/2686/2583
f 2504/2629/2584 2503/2626/2584 2566/2687/2584
f 2557/2630/2585 2556/2627/2585 2619/2688/2585
f 2531/2631/2586 2530/2628/2586 2593/2689/2586
f 2505/2632/2587 2504/2629/2587 2567/2690/2587
f 2558/2633/2588 2557/2630/2588 2620/2691/2588
f 2532/2634/2589 2531/2631/2589 2594/2692/2589
f 2506/2635/2590 2505/2632/2590 2568/2693/2590
f 2559/2636/2591 2558/2633/2591 2621/2694/2591
f 2533/2637/2592 2532/2634/2592 2595/2695/2592
f 2507/2638/2593 2506/2635/2593 2569/2696/2593
f 2560/2639/2594 2559/2636/2594 2622/2697/2594
f 2534/2640/2595 2533/2637/2595 2596/2698/2595
f 2508/2641/2596 2507/2638/2596 2570/2699/2596
f 2561/2642/2597 2560/2639/2597 2623/2700/2597
f 2535/2643/2598 2534/2640/2598 2597/2701/2598
f 2509/2644/2599 2508/2641/2599 2571/2702/2599
f 2562/2645/2600 2561/2642/2600 2624/2703/2600
f 2536/2646/2601 2535/2643/2601 2598/2704/2601
f 2510/2647/2602 2509/2644/2602 2572/2705/2602
f 2563/2648/2603 2562/2645/2603 2625/2706/2603
f 2537/2649/2604 2536/2646/2604 2599/2707/2604
f 2511/2650/2605 2510/2647/2605 2573/2708/2605
f 2538/2652/2607 2537/2649/2607 2600/2710/2607
f 2512/2653/2608 2511/2650/2608 2574/2711/2608
f 2539/2654/2609 2538/2652/2609 2601/2713/2609
f 2513/2655/2610 2512/2653/2610 2575/2714/2610
f 2540/2656/2611 2539/2654/2611 2602/2715/2611
f 2514/2657/2612 2513/2655/2612 2576/2716/2612
f 2541/2658/2613 2540/2656/2613 2603/2717/2613
f 2515/2659/2614 2514/2657/2614 2577/2718/2614
f 2542/2660/2615 2541/2658/2615 2604/2719/2615
f 2516/2661/2616 2515/2659/2616 2578/2720/2616
f 2543/2662/2617 2542/2660/2617 2605/2721/2617
f 2517/2663/2618 2516/2661/2618 2579/2722/2618
f 2544/2599/2619 2543/2662/2619 2606/2723/2619
f 2518/2601/2620 2517/2663/2620 2580/2724/2620
f 2545/2600/2621 2544/2599/2621 2607/2725/2621
f 2519/2602/2622 2518/2601/2622 2581/2726/2622
f 2546/2603/2623 2545/2600/2623 2608/2727/2623
f 2520/2604/2624 2519/2602/2624 2582/2728/2624
f 2612/2670/2625 2611/2668/2625 2674/2729/2625
f 2586/2671/2626 2585/2669/2626 2648/2731/2626
f 2613/2672/2627 2612/2670/2627 2675/2730/2627
f 2587/2673/2628 2586/2671/2628 2649/2732/2628
f 2614/2674/2629 2613/2672/2629 2676/2733/2629
f 2588/2675/2630 2587/2673/2630 2650/2734/2630
f 2615/2676/2631 2614/2674/2631 2677/2735/2631
f 2589/2677/2632 2588/2675/2632 2651/2736/2632
f 2616/2678/2633 2615/2676/2633 2678/2737/2633
f 2590/2679/2634 2589/2677/2634 2652/2738/2634
f 2617/2682/2636 2616/2678/2636 2679/2739/2636
f 2591/2683/2637 2590/2679/2637 2653/2740/2637
f 2565/2684/2638 2564/2681/2638 2627/2742/2638
f 2618/2685/2639 2617/2682/2639 2680/2743/2639
f 2592/2686/2640 2591/2683/2640 2654/2744/2640
f 2566/2687/2641 2565/2684/2641 2628/2745/2641
f 2619/2688/2642 2618/2685/2642 2681/2746/2642
f 2593/2689/2643 2592/2686/2643 2655/2747/2643
f 2567/2690/2644 2566/2687/2644 2629/2748/2644
f 2620/2691/2645 2619/2688/2645 2682/2749/2645
f 2594/2692/2646 2593/2689/2646 2656/2750/2646
f 2568/2693/2647 2567/2690/2647 2630/2751/2647
f 2621/2694/2648 2620/2691/2648 2683/2752/2648
f 2595/2695/2649 2594/2692/2649 2657/2753/2649
f 2569/2696/2650 2568/2693/2650 2631/2754/2650
f 2622/2697/2651 2621/2694/2651 2684/2755/2651
f 2596/2698/2652 2595/2695/2652 2658/2756/2652
f 2570/2699/2653 2569/2696/2653 2632/2757/2653
f 2623/2700/2654 2622/2697/2654 2685/2758/2654
f 2597/2701/2655 2596/2698/2655 2659/2759/2655
f 2571/2702/2656 2570/2699/2656 2633/2760/2656
f 2624/2703/2657 2623/2700/2657 2686/2761/2657
f 2598/2704/2658 2597/2701/2658 2660/2762/2658
f 2572/2705/2659 2571/2702/2659 2634/2763/2659
f 2625/2706/2660 2624/2703/2660 2687/2764/2660
f 2599/2707/2661 2598/2704/2661 2661/2765/2661
f 2573/2708/2662 2572/2705/2662 2635/2766/2662
f 2626/2709/2663 2625/2706/2663 2688/2767/2663
f 2600/2710/2664 2599/2707/2664 2662/2768/2664
f 2574/2711/2665 2573/2708/2665 2636/2769/2665
f 2601/2713/2667 2600/2710/2667 2663/2771/2667
f 2575/2714/2668 2574/2711/2668 2637/2772/2668
f 2602/2715/2669 2601/2713/2669 2664/2774/2669
f 2576/2716/2670 2575/2714/2670 2638/2775/2670
f 2603/2717/2671 2602/2715/2671 2665/2776/2671
f 2577/2718/2672 2576/2716/2672 2639/2777/2672
f 2604/2719/2673 2603/2717/2673 2666/2778/2673
f 2578/2720/2674 2577/2718/2674 2640/2779/2674
f 2605/2721/2675 2604/2719/2675 2667/2780/2675
f 2579/2722/2676 2578/2720/2676 2641/2781/2676
f 2606/2723/2677 2605/2721/2677 2668/2782/2677
f 2580/2724/2678 2579/2722/2678 2642/2783/2678
f 2607/2725/2679 2606/2723/2679 2669/2784/2679
f 2581/2726/2680 2580/2724/2680 2643/2785/2680
f 2608/2727/2681 2607/2725/2681 2670/2786/2681
f 2582/2728/2682 2581/2726/2682 2644/2787/2682
f 2609/2664/2683 2608/2727/2683 2671/2788/2683
f 2583/2666/4170 2582/2728/4170 2645/2789/4170
f 2610/2665/2685 2609/2664/2685 2672/2790/2685
f 2584/2667/2686 2583/2666/2686 2646/2791/2686
f 2611/2668/2687 2610/2665/2687 2673/2792/2687
f 2585/2669/2688 2584/2667/2688 2647/2793/2688
f 2677/2735/2689 2676/2733/2689 2739/2794/2689
f 2651/2736/2690 2650/2734/2690 2713/2796/2690
f 2678/2737/2691 2677/2735/2691 2740/2795/2691
f 2652/2738/2692 2651/2736/2692 2714/2797/2692
f 2679/2739/2693 2678/2737/2693 2741/2798/2693
f 2653/2740/2694 2652/2738/2694 2715/2799/2694
f 2680/2743/2696 2679/2739/2696 2742/2800/2696
f 2654/2744/2697 2653/2740/2697 2716/2801/2697
f 2628/2745/2698 2627/2742/2698 2690/2803/2698
f 2681/2746/2699 2680/2743/2699 2743/2804/2699
f 2655/2747/2700 2654/2744/2700 2717/2805/2700
f 2629/2748/2701 2628/2745/2701 2691/2806/2701
f 2682/2749/2702 2681/2746/2702 2744/2807/2702
f 2656/2750/2703 2655/2747/2703 2718/2808/2703
f 2630/2751/2704 2629/2748/2704 2692/2809/2704
f 2683/2752/2705 2682/2749/2705 2745/2810/2705
f 2657/2753/2706 2656/2750/2706 2719/2811/2706
f 2631/2754/2707 2630/2751/2707 2693/2812/2707
f 2684/2755/2708 2683/2752/2708 2746/2813/2708
f 2658/2756/2709 2657/2753/2709 2720/2814/2709
f 2632/2757/2710 2631/2754/2710 2694/2815/2710
f 2685/2758/2711 2684/2755/2711 2747/2816/2711
f 2659/2759/2712 2658/2756/2712 2721/2817/2712
f 2633/2760/2713 2632/2757/2713 2695/2818/2713
f 2686/2761/2714 2685/2758/2714 2748/2819/2714
f 2660/2762/2715 2659/2759/2715 2722/2820/2715
f 2634/2763/2716 2633/2760/2716 2696/2821/2716
f 2687/2764/2717 2686/2761/2717 2749/2822/2717
f 2661/2765/2718 2660/2762/2718 2723/2823/2718
f 2635/2766/2719 2634/2763/2719 2697/2824/2719
f 2688/2767/2720 2687/2764/2720 2750/2825/2720
f 2662/2768/2721 2661/2765/2721 2724/2826/2721
f 2636/2769/2722 2635/2766/2722 2698/2827/2722
f 2689/2770/2723 2688/2767/2723 2751/2828/2723
f 2663/2771/2724 2662/2768/2724 2725/2829/2724
f 2637/2772/2725 2636/2769/2725 2699/2830/2725
f 2664/2774/2727 2663/2771/2727 2726/2832/2727
f 2638/2775/2728 2637/2772/2728 2700/2833/2728
f 2665/2776/2729 2664/2774/2729 2727/2835/2729
f 2639/2777/2730 2638/2775/2730 2701/2836/2730
f 2666/2778/2731 2665/2776/2731 2728/2837/2731
f 2640/2779/2732 2639/2777/2732 2702/2838/2732
f 2667/2780/2733 2666/2778/2733 2729/2839/2733
f 2641/2781/2734 2640/2779/2734 2703/2840/2734
f 2668/2782/2735 2667/2780/2735 2730/2841/2735
f 2642/2783/2736 2641/2781/2736 2704/2842/2736
f 2669/2784/2737 2668/2782/2737 2731/2843/2737
f 2643/2785/2738 2642/2783/2738 2705/2844/2738
f 2670/2786/2739 2669/2784/2739 2732/2845/2739
f 2644/2787/2740 2643/2785/2740 2706/2846/2740
f 2671/2788/2741 2670/2786/2741 2733/2847/2741
f 2645/2789/2742 2644/2787/2742 2707/2848/2742
f 2672/2790/2743 2671/2788/2743 2734/2849/2743
f 2646/2791/2744 2645/2789/2744 2708/2850/2744
f 2673/2792/2745 2672/2790/2745 2735/2851/2745
f 2647/2793/2746 2646/2791/2746 2709/2852/2746
f 2674/2729/4171 2673/2792/4171 2736/2853/4171
f 2648/2731/2748 2647/2793/2748 2710/2854/2748
f 2675/2730/2749 2674/2729/2749 2737/2855/2749
f 2649/2732/2750 2648/2731/2750 2711/2856/2750
f 2676/2733/2751 2675/2730/2751 2738/2857/2751
f 2650/2734/2752 2649/2732/2752 2712/2858/2752
f 2742/2800/2753 2741/2798/2753 2804/2859/2753
f 2716/2801/2754 2715/2799/2754 2778/2861/2754
f 2743/2804/2756 2742/2800/2756 2805/2860/2756
f 2717/2805/2757 2716/2801/2757 2779/2862/2757
f 2691/2806/2758 2690/2803/2758 2753/2864/2758
f 2744/2807/2759 2743/2804/2759 2806/2865/2759
f 2718/2808/2760 2717/2805/2760 2780/2866/2760
f 2692/2809/2761 2691/2806/2761 2754/2867/2761
f 2745/2810/2762 2744/2807/2762 2807/2868/2762
f 2719/2811/2763 2718/2808/2763 2781/2869/2763
f 2693/2812/2764 2692/2809/2764 2755/2870/2764
f 2746/2813/2765 2745/2810/2765 2808/2871/2765
f 2720/2814/2766 2719/2811/2766 2782/2872/2766
f 2694/2815/2767 2693/2812/2767 2756/2873/2767
f 2747/2816/2768 2746/2813/2768 2809/2874/2768
f 2721/2817/2769 2720/2814/2769 2783/2875/2769
f 2695/2818/2770 2694/2815/2770 2757/2876/2770
f 2748/2819/2771 2747/2816/2771 2810/2877/2771
f 2722/2820/2772 2721/2817/2772 2784/2878/2772
f 2696/2821/2773 2695/2818/2773 2758/2879/2773
f 2749/2822/2774 2748/2819/2774 2811/2880/2774
f 2723/2823/2775 2722/2820/2775 2785/2881/2775
f 2697/2824/2776 2696/2821/2776 2759/2882/2776
f 2750/2825/2777 2749/2822/2777 2812/2883/2777
f 2724/2826/2778 2723/2823/2778 2786/2884/2778
f 2698/2827/2779 2697/2824/2779 2760/2885/2779
f 2751/2828/2780 2750/2825/2780 2813/2886/2780
f 2725/2829/2781 2724/2826/2781 2787/2887/2781
f 2699/2830/2782 2698/2827/2782 2761/2888/2782
f 2752/2831/2783 2751/2828/2783 2814/2889/2783
f 2726/2832/2784 2725/2829/2784 2788/2890/2784
f 2700/2833/2785 2699/2830/2785 2762/2891/2785
f 2727/2835/2787 2726/2832/2787 2789/2893/2787
f 2701/2836/2788 2700/2833/2788 2763/2894/2788
f 2728/2837/2789 2727/2835/2789 2790/2896/2789
f 2702/2838/4172 2701/2836/4172 2764/2897/4172
f 2729/2839/2791 2728/2837/2791 2791/2898/2791
f 2703/2840/2792 2702/2838/2792 2765/2899/2792
f 2730/2841/2793 2729/2839/2793 2792/2900/2793
f 2704/2842/2794 2703/2840/2794 2766/2901/2794
f 2731/2843/2795 2730/2841/2795 2793/2902/2795
f 2705/2844/2796 2704/2842/2796 2767/2903/2796
f 2732/2845/2797 2731/2843/2797 2794/2904/2797
f 2706/2846/2798 2705/2844/2798 2768/2905/2798
f 2733/2847/2799 2732/2845/2799 2795/2906/2799
f 2707/2848/2800 2706/2846/2800 2769/2907/2800
f 2734/2849/2801 2733/2847/2801 2796/2908/2801
f 2708/2850/2802 2707/2848/2802 2770/2909/2802
f 2735/2851/2803 2734/2849/2803 2797/2910/2803
f 2709/2852/4173 2708/2850/4173 2771/2911/4173
f 2736/2853/2805 2735/2851/2805 2798/2912/2805
f 2710/2854/2806 2709/2852/2806 2772/2913/2806
f 2737/2855/2807 2736/2853/2807 2799/2914/2807
f 2711/2856/2808 2710/2854/2808 2773/2915/2808
f 2738/2857/2809 2737/2855/2809 2800/2916/2809
f 2712/2858/2810 2711/2856/2810 2774/2917/2810
f 2739/2794/2811 2738/2857/2811 2801/2918/2811
f 2713/2796/2812 2712/2858/2812 2775/2919/2812
f 2740/2795/2813 2739/2794/2813 2802/2920/2813
f 2714/2797/2814 2713/2796/2814 2776/2921/2814
f 2741/2798/2815 2740/2795/2815 2803/2922/2815
f 2715/2799/2816 2714/2797/2816 2777/2923/2816
f 2807/2868/2817 2806/2865/2817 2869/2924/2817
f 2781/2869/2818 2780/2866/2818 2843/2926/2818
f 2755/2870/2819 2754/2867/2819 2817/2928/2819
f 2808/2871/2820 2807/2868/2820 2870/2925/2820
f 2782/2872/2821 2781/2869/2821 2844/2927/2821
f 2756/2873/2822 2755/2870/2822 2818/2929/2822
f 2809/2874/2823 2808/2871/2823 2871/2930/2823
f 2783/2875/2824 2782/2872/2824 2845/2931/2824
f 2757/2876/2825 2756/2873/2825 2819/2932/2825
f 2810/2877/2826 2809/2874/2826 2872/2933/2826
f 2784/2878/2827 2783/2875/2827 2846/2934/2827
f 2758/2879/2828 2757/2876/2828 2820/2935/2828
f 2811/2880/2829 2810/2877/2829 2873/2936/2829
f 2785/2881/2830 2784/2878/2830 2847/2937/2830
f 2759/2882/2831 2758/2879/2831 2821/2938/2831
f 2812/2883/2832 2811/2880/2832 2874/2939/2832
f 2786/2884/2833 2785/2881/2833 2848/2940/2833
f 2760/2885/2834 2759/2882/2834 2822/2941/2834
f 2813/2886/2835 2812/2883/2835 2875/2942/2835
f 2787/2887/2836 2786/2884/2836 2849/2943/2836
f 2761/2888/2837 2760/2885/2837 2823/2944/2837
f 2814/2889/2838 2813/2886/2838 2876/2945/2838
f 2788/2890/2839 2787/2887/2839 2850/2946/2839
f 2762/2891/2840 2761/2888/2840 2824/2947/2840
f 2815/2892/2841 2814/2889/2841 2877/2948/2841
f 2789/2893/2842 2788/2890/2842 2851/2949/2842
f 2763/2894/2843 2762/2891/2843 2825/2950/2843
f 2790/2896/2845 2789/2893/2845 2852/2952/2845
f 2764/2897/2846 2763/2894/2846 2826/2953/2846
f 2791/2898/2847 2790/2896/2847 2853/2955/2847
f 2765/2899/2848 2764/2897/2848 2827/2956/2848
f 2792/2900/2849 2791/2898/2849 2854/2957/2849
f 2766/2901/2850 2765/2899/2850 2828/2958/2850
f 2793/2902/4174 2792/2900/4174 2855/2959/4174
f 2767/2903/2852 2766/2901/2852 2829/2960/2852
f 2794/2904/2853 2793/2902/2853 2856/2961/2853
f 2768/2905/2854 2767/2903/2854 2830/2962/2854
f 2795/2906/2855 2794/2904/2855 2857/2963/2855
f 2769/2907/2856 2768/2905/2856 2831/2964/2856
f 2796/2908/2857 2795/2906/2857 2858/2965/2857
f 2770/2909/2858 2769/2907/2858 2832/2966/2858
f 2797/2910/2859 2796/2908/2859 2859/2967/2859
f 2771/2911/2860 2770/2909/2860 2833/2968/2860
f 2798/2912/2861 2797/2910/2861 2860/2969/2861
f 2772/2913/2862 2771/2911/2862 2834/2970/2862
f 2799/2914/2863 2798/2912/2863 2861/2971/2863
f 2773/2915/2864 2772/2913/2864 2835/2972/2864
f 2800/2916/2865 2799/2914/2865 2862/2973/2865
f 2774/2917/2866 2773/2915/2866 2836/2974/2866
f 2801/2918/2867 2800/2916/2867 2863/2975/2867
f 2775/2919/2868 2774/2917/2868 2837/2976/2868
f 2802/2920/2869 2801/2918/2869 2864/2977/2869
f 2776/2921/4175 2775/2919/4175 2838/2978/4175
f 2803/2922/2871 2802/2920/2871 2865/2979/2871
f 2777/2923/2872 2776/2921/2872 2839/2980/2872
f 2804/2859/2873 2803/2922/2873 2866/2981/2873
f 2778/2861/2874 2777/2923/2874 2840/2982/2874
f 2805/2860/2875 2804/2859/2875 2867/2983/2875
f 2779/2862/2876 2778/2861/2876 2841/2984/2876
f 2806/2865/2878 2805/2860/2878 2868/2985/2878
f 2780/2866/2879 2779/2862/2879 2842/2986/2879
f 2754/2867/4176 2753/2864/4176 2816/2988/4176
f 2872/2933/2881 2871/2930/2881 2934/2989/2881
f 2846/2934/2882 2845/2931/2882 2908/2991/2882
f 2820/2935/2883 2819/2932/2883 2882/2993/2883
f 2873/2936/2884 2872/2933/2884 2935/2990/2884
f 2847/2937/2885 2846/2934/2885 2909/2992/2885
f 2821/2938/2886 2820/2935/2886 2883/2994/2886
f 2874/2939/2887 2873/2936/2887 2936/2995/2887
f 2848/2940/2888 2847/2937/2888 2910/2996/2888
f 2822/2941/2889 2821/2938/2889 2884/2997/2889
f 2875/2942/2890 2874/2939/2890 2937/2998/2890
f 2849/2943/2891 2848/2940/2891 2911/2999/2891
f 2823/2944/2892 2822/2941/2892 2885/3000/2892
f 2876/2945/2893 2875/2942/2893 2938/3001/2893
f 2850/2946/2894 2849/2943/2894 2912/3002/2894
f 2824/2947/2895 2823/2944/2895 2886/3003/2895
f 2877/2948/2896 2876/2945/2896 2939/3004/2896
f 2851/2949/2897 2850/2946/2897 2913/3005/2897
f 2825/2950/2898 2824/2947/2898 2887/3006/2898
f 2878/2951/2899 2877/2948/2899 2940/3007/2899
f 2852/2952/2900 2851/2949/2900 2914/3008/2900
f 2826/2953/2901 2825/2950/2901 2888/3009/2901
f 2853/2955/2903 2852/2952/2903 2915/3011/2903
f 2827/2956/2904 2826/2953/2904 2889/3012/2904
f 2854/2957/2905 2853/2955/2905 2916/3014/2905
f 2828/2958/2906 2827/2956/2906 2890/3015/2906
f 2855/2959/2907 2854/2957/2907 2917/3016/2907
f 2829/2960/2908 2828/2958/2908 2891/3017/2908
f 2856/2961/2909 2855/2959/2909 2918/3018/2909
f 2830/2962/2910 2829/2960/2910 2892/3019/2910
f 2857/2963/2911 2856/2961/2911 2919/3020/2911
f 2831/2964/4177 2830/2962/4177 2893/3021/4177
f 2858/2965/4178 2857/2963/4178 2920/3022/4178
f 2832/2966/2914 2831/2964/2914 2894/3023/2914
f 2859/2967/2915 2858/2965/2915 2921/3024/2915
f 2833/2968/2916 2832/2966/2916 2895/3025/2916
f 2860/2969/2917 2859/2967/2917 2922/3026/2917
f 2834/2970/2918 2833/2968/2918 2896/3027/2918
f 2861/2971/2919 2860/2969/2919 2923/3028/2919
f 2835/2972/2920 2834/2970/2920 2897/3029/2920
f 2862/2973/2921 2861/2971/2921 2924/3030/2921
f 2836/2974/2922 2835/2972/2922 2898/3031/2922
f 2863/2975/2923 2862/2973/2923 2925/3032/2923
f 2837/2976/2924 2836/2974/2924 2899/3033/2924
f 2864/2977/2925 2863/2975/2925 2926/3034/2925
f 2838/2978/2926 2837/2976/2926 2900/3035/2926
f 2865/2979/2927 2864/2977/2927 2927/3036/2927
f 2839/2980/2928 2838/2978/2928 2901/3037/2928
f 2866/2981/2929 2865/2979/2929 2928/3038/2929
f 2840/2982/2930 2839/2980/2930 2902/3039/2930
f 2867/2983/2931 2866/2981/2931 2929/3040/2931
f 2841/2984/2932 2840/2982/2932 2903/3041/2932
f 2868/2985/2933 2867/2983/2933 2930/3042/2933
f 2842/2986/2934 2841/2984/2934 2904/3043/2934
f 2869/2924/2936 2868/2985/2936 2931/3044/2936
f 2843/2926/2937 2842/2986/2937 2905/3045/2937
f 2817/2928/2938 2816/2988/2938 2879/3047/2938
f 2870/2925/2939 2869/2924/2939 2932/3048/2939
f 2844/2927/2940 2843/2926/2940 2906/3049/2940
f 2818/2929/2941 2817/2928/2941 2880/3050/2941
f 2871/2930/2942 2870/2925/2942 2933/3051/2942
f 2845/2931/2943 2844/2927/2943 2907/3052/2943
f 2819/2932/2944 2818/2929/2944 2881/3053/2944
f 2937/2998/2945 2936/2995/2945 2999/3054/2945
f 2911/2999/2946 2910/2996/2946 2973/3056/2946
f 2885/3000/2947 2884/2997/2947 2947/3058/2947
f 2938/3001/2948 2937/2998/2948 3000/3055/2948
f 2912/3002/2949 2911/2999/2949 2974/3057/2949
f 2886/3003/2950 2885/3000/2950 2948/3059/2950
f 2939/3004/2951 2938/3001/2951 3001/3060/2951
f 2913/3005/2952 2912/3002/2952 2975/3061/2952
f 2887/3006/2953 2886/3003/2953 2949/3062/2953
f 2940/3007/2954 2939/3004/2954 3002/3063/2954
f 2914/3008/2955 2913/3005/2955 2976/3064/2955
f 2888/3009/2956 2887/3006/2956 2950/3065/2956
f 2941/3010/2957 2940/3007/2957 3003/3066/2957
f 2915/3011/2958 2914/3008/2958 2977/3067/2958
f 2889/3012/2959 2888/3009/2959 2951/3068/2959
f 2916/3014/2961 2915/3011/2961 2978/3070/2961
f 2890/3015/2962 2889/3012/2962 2952/3071/2962
f 2917/3016/2963 2916/3014/2963 2979/3073/2963
f 2891/3017/2964 2890/3015/2964 2953/3074/2964
f 2918/3018/2965 2917/3016/2965 2980/3075/2965
f 2892/3019/2966 2891/3017/2966 2954/3076/2966
f 2919/3020/2967 2918/3018/2967 2981/3077/2967
f 2893/3021/2968 2892/3019/2968 2955/3078/2968
f 2920/3022/2969 2919/3020/2969 2982/3079/2969
f 2894/3023/2970 2893/3021/2970 2956/3080/2970
f 2921/3024/4179 2920/3022/4179 2983/3081/4179
f 2895/3025/2972 2894/3023/2972 2957/3082/2972
f 2922/3026/2973 2921/3024/2973 2984/3083/2973
f 2896/3027/2974 2895/3025/2974 2958/3084/2974
f 2923/3028/2975 2922/3026/2975 2985/3085/2975
f 2897/3029/2976 2896/3027/2976 2959/3086/2976
f 2924/3030/2977 2923/3028/2977 2986/3087/2977
f 2898/3031/2978 2897/3029/2978 2960/3088/2978
f 2925/3032/2979 2924/3030/2979 2987/3089/2979
f 2899/3033/2980 2898/3031/2980 2961/3090/2980
f 2926/3034/2981 2925/3032/2981 2988/3091/2981
f 2900/3035/2982 2899/3033/2982 2962/3092/2982
f 2927/3036/2983 2926/3034/2983 2989/3093/2983
f 2901/3037/2984 2900/3035/2984 2963/3094/2984
f 2928/3038/2985 2927/3036/2985 2990/3095/2985
f 2902/3039/2986 2901/3037/2986 2964/3096/2986
f 2929/3040/2987 2928/3038/2987 2991/3097/2987
f 2903/3041/2988 2902/3039/2988 2965/3098/2988
f 2930/3042/2989 2929/3040/2989 2992/3099/2989
f 2904/3043/2990 2903/3041/2990 2966/3100/2990
f 2931/3044/2991 2930/3042/2991 2993/3101/2991
f 2905/3045/2992 2904/3043/2992 2967/3102/2992
f 2932/3048/2994 2931/3044/2994 2994/3103/2994
f 2906/3049/2995 2905/3045/2995 2968/3104/2995
f 2880/3050/2996 2879/3047/2996 2942/3106/2996
f 2933/3051/2997 2932/3048/2997 2995/3107/2997
f 2907/3052/2998 2906/3049/2998 2969/3108/2998
f 2881/3053/2999 2880/3050/2999 2943/3109/2999
f 2934/2989/3000 2933/3051/3000 2996/3110/3000
f 2908/2991/3001 2907/3052/3001 2970/3111/3001
f 2882/2993/3002 2881/3053/3002 2944/3112/3002
f 2935/2990/3003 2934/2989/3003 2997/3113/3003
f 2909/2992/3004 2908/2991/3004 2971/3114/3004
f 2883/2994/3005 2882/2993/3005 2945/3115/3005
f 2936/2995/3006 2935/2990/3006 2998/3116/3006
f 2910/2996/3007 2909/2992/3007 2972/3117/3007
f 2884/2997/3008 2883/2994/3008 2946/3118/3008
f 3002/3063/3009 3001/3060/3009 3064/3119/3009
f 2976/3064/3010 2975/3061/3010 3038/3121/3010
f 2950/3065/3011 2949/3062/3011 3012/3123/3011
f 3003/3066/3012 3002/3063/3012 3065/3120/3012
f 2977/3067/3013 2976/3064/3013 3039/3122/3013
f 2951/3068/3014 2950/3065/3014 3013/3124/3014
f 3004/3069/3015 3003/3066/3015 3066/3125/3015
f 2978/3070/3016 2977/3067/3016 3040/3126/3016
f 2952/3071/3017 2951/3068/3017 3014/3127/3017
f 2979/3073/3019 2978/3070/3019 3041/3129/3019
f 2953/3074/3020 2952/3071/3020 3015/3130/3020
f 2980/3075/3021 2979/3073/3021 3042/3132/3021
f 2954/3076/3022 2953/3074/3022 3016/3133/3022
f 2981/3077/3023 2980/3075/3023 3043/3134/3023
f 2955/3078/3024 2954/3076/3024 3017/3135/3024
f 2982/3079/3025 2981/3077/3025 3044/3136/3025
f 2956/3080/3026 2955/3078/3026 3018/3137/3026
f 2983/3081/3027 2982/3079/3027 3045/3138/3027
f 2957/3082/3028 2956/3080/3028 3019/3139/3028
f 2984/3083/3029 2983/3081/3029 3046/3140/3029
f 2958/3084/3030 2957/3082/3030 3020/3141/3030
f 2985/3085/3031 2984/3083/3031 3047/3142/3031
f 2959/3086/3032 2958/3084/3032 3021/3143/3032
f 2986/3087/3033 2985/3085/3033 3048/3144/3033
f 2960/3088/3034 2959/3086/3034 3022/3145/3034
f 2987/3089/3035 2986/3087/3035 3049/3146/3035
f 2961/3090/3036 2960/3088/3036 3023/3147/3036
f 2988/3091/3037 2987/3089/3037 3050/3148/3037
f 2962/3092/3038 2961/3090/3038 3024/3149/3038
f 2989/3093/3039 2988/3091/3039 3051/3150/3039
f 2963/3094/3040 2962/3092/3040 3025/3151/3040
f 2990/3095/3041 2989/3093/3041 3052/3152/3041
f 2964/3096/3042 2963/3094/3042 3026/3153/3042
f 2991/3097/3043 2990/3095/3043 3053/3154/3043
f 2965/3098/3044 2964/3096/3044 3027/3155/3044
f 2992/3099/3045 2991/3097/3045 3054/3156/3045
f 2966/3100/3046 2965/3098/3046 3028/3157/3046
f 2993/3101/3047 2992/3099/3047 3055/3158/3047
f 2967/3102/3048 2966/3100/3048 3029/3159/3048
f 2994/3103/3049 2993/3101/3049 3056/3160/3049
f 2968/3104/3050 2967/3102/3050 3030/3161/3050
f 2995/3107/3052 2994/3103/3052 3057/3162/3052
f 2969/3108/3053 2968/3104/3053 3031/3163/3053
f 2943/3109/3054 2942/3106/3054 3005/3165/3054
f 2996/3110/3055 2995/3107/3055 3058/3166/3055
f 2970/3111/3056 2969/3108/3056 3032/3167/3056
f 2944/3112/3057 2943/3109/3057 3006/3168/3057
f 2997/3113/3058 2996/3110/3058 3059/3169/3058
f 2971/3114/3059 2970/3111/3059 3033/3170/3059
f 2945/3115/3060 2944/3112/3060 3007/3171/3060
f 2998/3116/3061 2997/3113/3061 3060/3172/3061
f 2972/3117/3062 2971/3114/3062 3034/3173/3062
f 2946/3118/3063 2945/3115/3063 3008/3174/3063
f 2999/3054/3064 2998/3116/3064 3061/3175/3064
f 2973/3056/3065 2972/3117/3065 3035/3176/3065
f 2947/3058/3066 2946/3118/3066 3009/3177/3066
f 3000/3055/3067 2999/3054/3067 3062/3178/3067
f 2974/3057/3068 2973/3056/3068 3036/3179/3068
f 2948/3059/3069 2947/3058/3069 3010/3180/3069
f 3001/3060/3070 3000/3055/3070 3063/3181/3070
f 2975/3061/3071 2974/3057/3071 3037/3182/3071
f 2949/3062/3072 2948/3059/3072 3011/3183/3072
f 3067/3184/3073 3066/3309/3073 3129/3185/3073
f 3041/3187/3074 3040/3310/3074 3103/3188/3074
f 3015/3190/3075 3014/3311/3075 3077/3191/3075
f 3042/3194/3077 3041/3187/3077 3104/3189/3077
f 3016/3196/3078 3015/3190/3078 3078/3192/3078
f 3043/3198/3079 3042/3194/3079 3105/3195/3079
f 3017/3200/3080 3016/3196/3080 3079/3197/3080
f 3044/3202/3081 3043/3198/3081 3106/3199/3081
f 3018/3204/3082 3017/3200/3082 3080/3201/3082
f 3045/3206/3083 3044/3202/3083 3107/3203/3083
f 3019/3208/3084 3018/3204/3084 3081/3205/3084
f 3046/3210/3085 3045/3206/3085 3108/3207/3085
f 3020/3212/3086 3019/3208/3086 3082/3209/3086
f 3047/3214/3087 3046/3210/3087 3109/3211/3087
f 3021/3216/3088 3020/3212/3088 3083/3213/3088
f 3048/3218/3089 3047/3214/3089 3110/3215/3089
f 3022/3220/3090 3021/3216/3090 3084/3217/3090
f 3049/3222/3091 3048/3218/3091 3111/3219/3091
f 3023/3224/3092 3022/3220/3092 3085/3221/3092
f 3050/3226/3093 3049/3222/3093 3112/3223/3093
f 3024/3228/3094 3023/3224/3094 3086/3225/3094
f 3051/3230/3095 3050/3226/3095 3113/3227/3095
f 3025/3232/3096 3024/3228/3096 3087/3229/3096
f 3052/3234/3097 3051/3230/3097 3114/3231/3097
f 3026/3236/3098 3025/3232/3098 3088/3233/3098
f 3053/3238/3099 3052/3234/3099 3115/3235/3099
f 3027/3240/3100 3026/3236/3100 3089/3237/3100
f 3054/3242/3101 3053/3238/3101 3116/3239/3101
f 3028/3244/3102 3027/3240/3102 3090/3241/3102
f 3055/3246/3103 3054/3242/3103 3117/3243/3103
f 3029/3248/3104 3028/3244/3104 3091/3245/3104
f 3056/3250/3105 3055/3246/3105 3118/3247/3105
f 3030/3252/3106 3029/3248/3106 3092/3249/3106
f 3057/3254/3107 3056/3250/3107 3119/3251/3107
f 3031/3256/3108 3030/3252/3108 3093/3253/3108
f 3058/3261/3110 3057/3254/3110 3120/3255/3110
f 3032/3263/3111 3031/3256/3111 3094/3257/3111
f 3006/3265/3112 3005/3258/3112 3068/3260/3112
f 3059/3267/3113 3058/3261/3113 3121/3262/3113
f 3033/3269/3114 3032/3263/3114 3095/3264/3114
f 3007/3271/3115 3006/3265/3115 3069/3266/3115
f 3060/3273/3116 3059/3267/3116 3122/3268/3116
f 3034/3275/3117 3033/3269/3117 3096/3270/3117
f 3008/3277/3118 3007/3271/3118 3070/3272/3118
f 3061/3279/3119 3060/3273/3119 3123/3274/3119
f 3035/3281/3120 3034/3275/3120 3097/3276/3120
f 3009/3283/3121 3008/3277/3121 3071/3278/3121
f 3062/3285/3122 3061/3279/3122 3124/3280/3122
f 3036/3287/3123 3035/3281/3123 3098/3282/3123
f 3010/3289/3124 3009/3283/3124 3072/3284/3124
f 3063/3291/3125 3062/3285/3125 3125/3286/3125
f 3037/3293/3126 3036/3287/3126 3099/3288/3126
f 3011/3295/3127 3010/3289/3127 3073/3290/3127
f 3064/3297/3128 3063/3291/3128 3126/3292/3128
f 3038/3299/3129 3037/3293/3129 3100/3294/3129
f 3012/3301/3130 3011/3295/3130 3074/3296/3130
f 3065/3303/3131 3064/3297/3131 3127/3298/3131
f 3039/3305/3132 3038/3299/3132 3101/3300/3132
f 3013/3307/3133 3012/3301/3133 3075/3302/3133
f 3066/3309/3134 3065/3303/3134 3128/3304/3134
f 3040/3310/3135 3039/3305/3135 3102/3306/3135
f 3014/3311/3136 3013/3307/3136 3076/3308/3136
f 3106/3199/3137 3105/3195/3137 3168/3312/3137
f 3080/3201/3138 3079/3197/3138 3142/3314/3138
f 3107/3203/3139 3106/3199/3139 3169/3313/3139
f 3081/3205/3140 3080/3201/3140 3143/3315/3140
f 3108/3207/3141 3107/3203/3141 3170/3316/3141
f 3082/3209/3142 3081/3205/3142 3144/3317/3142
f 3109/3211/3143 3108/3207/3143 3171/3318/3143
f 3083/3213/3144 3082/3209/3144 3145/3319/3144
f 3110/3215/3145 3109/3211/3145 3172/3320/3145
f 3084/3217/3146 3083/3213/3146 3146/3321/3146
f 3111/3219/3147 3110/3215/3147 3173/3322/3147
f 3085/3221/3148 3084/3217/3148 3147/3323/3148
f 3112/3223/3149 3111/3219/3149 3174/3324/3149
f 3086/3225/3150 3085/3221/3150 3148/3325/3150
f 3113/3227/3151 3112/3223/3151 3175/3326/3151
f 3087/3229/3152 3086/3225/3152 3149/3327/3152
f 3114/3231/3153 3113/3227/3153 3176/3328/3153
f 3088/3233/3154 3087/3229/3154 3150/3329/3154
f 3115/3235/3155 3114/3231/3155 3177/3330/3155
f 3089/3237/3156 3088/3233/3156 3151/3331/3156
f 3116/3239/3157 3115/3235/3157 3178/3332/3157
f 3090/3241/3158 3089/3237/3158 3152/3333/3158
f 3117/3243/3159 3116/3239/3159 3179/3334/3159
f 3091/3245/3160 3090/3241/3160 3153/3335/3160
f 3118/3247/3161 3117/3243/3161 3180/3336/3161
f 3092/3249/3162 3091/3245/3162 3154/3337/3162
f 3119/3251/3163 3118/3247/3163 3181/3338/3163
f 3093/3253/3164 3092/3249/3164 3155/3339/3164
f 3120/3255/3165 3119/3251/3165 3182/3340/3165
f 3094/3257/3166 3093/3253/3166 3156/3341/3166
f 3121/3262/3168 3120/3255/3168 3183/3342/3168
f 3095/3264/3169 3094/3257/3169 3157/3343/3169
f 3069/3266/3170 3068/3260/3170 3131/3345/3170
f 3122/3268/3171 3121/3262/3171 3184/3346/3171
f 3096/3270/3172 3095/3264/3172 3158/3347/3172
f 3070/3272/3173 3069/3266/3173 3132/3348/3173
f 3123/3274/3174 3122/3268/3174 3185/3349/3174
f 3097/3276/3175 3096/3270/3175 3159/3350/3175
f 3071/3278/3176 3070/3272/3176 3133/3351/3176
f 3124/3280/3177 3123/3274/3177 3186/3352/3177
f 3098/3282/3178 3097/3276/3178 3160/3353/3178
f 3072/3284/3179 3071/3278/3179 3134/3354/3179
f 3125/3286/3180 3124/3280/3180 3187/3355/3180
f 3099/3288/3181 3098/3282/3181 3161/3356/3181
f 3073/3290/3182 3072/3284/3182 3135/3357/3182
f 3126/3292/3183 3125/3286/3183 3188/3358/3183
f 3100/3294/3184 3099/3288/3184 3162/3359/3184
f 3074/3296/3185 3073/3290/3185 3136/3360/3185
f 3127/3298/3186 3126/3292/3186 3189/3361/3186
f 3101/3300/3187 3100/3294/3187 3163/3362/3187
f 3075/3302/3188 3074/3296/3188 3137/3363/3188
f 3128/3304/3189 3127/3298/3189 3190/3364/3189
f 3102/3306/3190 3101/3300/3190 3164/3365/3190
f 3076/3308/3191 3075/3302/3191 3138/3366/3191
f 3129/3185/3192 3128/3304/3192 3191/3367/3192
f 3103/3188/3193 3102/3306/3193 3165/3368/3193
f 3077/3191/3194 3076/3308/3194 3139/3369/3194
f 3130/3186/3195 3129/3185/3195 3192/3370/3195
f 3104/3189/3196 3103/3188/3196 3166/3371/3196
f 3078/3192/3197 3077/3191/3197 3140/3372/3197
f 3105/3195/3199 3104/3189/3199 3167/3374/3199
f 3079/3197/3200 3078/3192/3200 3141/3375/3200
f 3171/3318/3201 3170/3316/3201 3233/3377/3201
f 3145/3319/3202 3144/3317/3202 3207/3379/3202
f 3172/3320/3203 3171/3318/3203 3234/3378/3203
f 3146/3321/3204 3145/3319/3204 3208/3380/3204
f 3173/3322/3205 3172/3320/3205 3235/3381/3205
f 3147/3323/3206 3146/3321/3206 3209/3382/3206
f 3174/3324/3207 3173/3322/3207 3236/3383/3207
f 3148/3325/3208 3147/3323/3208 3210/3384/3208
f 3175/3326/3209 3174/3324/3209 3237/3385/3209
f 3149/3327/3210 3148/3325/3210 3211/3386/3210
f 3176/3328/3211 3175/3326/3211 3238/3387/3211
f 3150/3329/3212 3149/3327/3212 3212/3388/3212
f 3177/3330/3213 3176/3328/3213 3239/3389/3213
f 3151/3331/3214 3150/3329/3214 3213/3390/3214
f 3178/3332/3215 3177/3330/3215 3240/3391/3215
f 3152/3333/3216 3151/3331/3216 3214/3392/3216
f 3179/3334/4180 3178/3332/4180 3241/3393/4180
f 3153/3335/3218 3152/3333/3218 3215/3394/3218
f 3180/3336/3219 3179/3334/3219 3242/3395/3219
f 3154/3337/3220 3153/3335/3220 3216/3396/3220
f 3181/3338/3221 3180/3336/3221 3243/3397/3221
f 3155/3339/3222 3154/3337/3222 3217/3398/3222
f 3182/3340/3223 3181/3338/3223 3244/3399/3223
f 3156/3341/3224 3155/3339/3224 3218/3400/3224
f 3183/3342/3225 3182/3340/3225 3245/3401/3225
f 3157/3343/3226 3156/3341/3226 3219/3402/3226
f 3184/3346/3228 3183/3342/3228 3246/3403/3228
f 3158/3347/3229 3157/3343/3229 3220/3404/3229
f 3132/3348/3230 3131/3345/3230 3194/3406/3230
f 3185/3349/3231 3184/3346/3231 3247/3407/3231
f 3159/3350/3232 3158/3347/3232 3221/3408/3232
f 3133/3351/3233 3132/3348/3233 3195/3409/3233
f 3186/3352/3234 3185/3349/3234 3248/3410/3234
f 3160/3353/3235 3159/3350/3235 3222/3411/3235
f 3134/3354/3236 3133/3351/3236 3196/3412/3236
f 3187/3355/3237 3186/3352/3237 3249/3413/3237
f 3161/3356/3238 3160/3353/3238 3223/3414/3238
f 3135/3357/3239 3134/3354/3239 3197/3415/3239
f 3188/3358/3240 3187/3355/3240 3250/3416/3240
f 3162/3359/3241 3161/3356/3241 3224/3417/3241
f 3136/3360/3242 3135/3357/3242 3198/3418/3242
f 3189/3361/3243 3188/3358/3243 3251/3419/3243
f 3163/3362/3244 3162/3359/3244 3225/3420/3244
f 3137/3363/3245 3136/3360/3245 3199/3421/3245
f 3190/3364/3246 3189/3361/3246 3252/3422/3246
f 3164/3365/3247 3163/3362/3247 3226/3423/3247
f 3138/3366/3248 3137/3363/3248 3200/3424/3248
f 3191/3367/3249 3190/3364/3249 3253/3425/3249
f 3165/3368/3250 3164/3365/3250 3227/3426/3250
f 3139/3369/3251 3138/3366/3251 3201/3427/3251
f 3192/3370/3252 3191/3367/3252 3254/3428/3252
f 3166/3371/3253 3165/3368/3253 3228/3429/3253
f 3140/3372/3254 3139/3369/3254 3202/3430/3254
f 3193/3373/3255 3192/3370/3255 3255/3431/3255
f 3167/3374/3256 3166/3371/3256 3229/3432/3256
f 3141/3375/3257 3140/3372/3257 3203/3433/3257
f 3168/3312/3259 3167/3374/3259 3230/3435/3259
f 3142/3314/3260 3141/3375/3260 3204/3436/3260
f 3169/3313/3261 3168/3312/3261 3231/3438/3261
f 3143/3315/3262 3142/3314/3262 3205/3439/3262
f 3170/3316/3263 3169/3313/3263 3232/3440/3263
f 3144/3317/3264 3143/3315/3264 3206/3441/3264
f 3232/3440/3265 3231/3438/3265 3294/3442/3265
f 3210/3384/3266 3209/3382/3266 3272/3444/3266
f 3233/3377/3267 3232/3440/3267 3295/3443/3267
f 3211/3386/3268 3210/3384/3268 3273/3445/3268
f 3234/3378/4181 3233/3377/4181 3296/3446/4181
f 3212/3388/3270 3211/3386/3270 3274/3447/3270
f 3235/3381/3271 3234/3378/3271 3297/3448/3271
f 3213/3390/3272 3212/3388/3272 3275/3449/3272
f 3236/3383/3273 3235/3381/3273 3298/3450/3273
f 3214/3392/3274 3213/3390/3274 3276/3451/3274
f 3237/3385/3275 3236/3383/3275 3299/3452/3275
f 3215/3394/3276 3214/3392/3276 3277/3453/3276
f 3238/3387/3277 3237/3385/3277 3300/3454/3277
f 3216/3396/3278 3215/3394/3278 3278/3455/3278
f 3239/3389/3279 3238/3387/3279 3301/3456/3279
f 3217/3398/4182 3216/3396/4182 3279/3457/4182
f 3240/3391/3281 3239/3389/3281 3302/3458/3281
f 3218/3400/3282 3217/3398/3282 3280/3459/3282
f 3241/3393/3283 3240/3391/3283 3303/3460/3283
f 3219/3402/3284 3218/3400/3284 3281/3461/3284
f 3242/3395/3285 3241/3393/3285 3304/3462/3285
f 3220/3404/3286 3219/3402/3286 3282/3463/3286
f 3243/3397/3288 3242/3395/3288 3305/3464/3288
f 3221/3408/3289 3220/3404/3289 3283/3465/3289
f 3195/3409/3290 3194/3406/3290 3257/3467/3290
f 3244/3399/3291 3243/3397/3291 3306/3468/3291
f 3222/3411/3292 3221/3408/3292 3284/3469/3292
f 3196/3412/3293 3195/3409/3293 3258/3470/3293
f 3245/3401/3294 3244/3399/3294 3307/3471/3294
f 3223/3414/3295 3222/3411/3295 3285/3472/3295
f 3197/3415/3296 3196/3412/3296 3259/3473/3296
f 3246/3403/4183 3245/3401/4183 3308/3474/4183
f 3224/3417/3298 3223/3414/3298 3286/3475/3298
f 3198/3418/3299 3197/3415/3299 3260/3476/3299
f 3247/3407/3300 3246/3403/3300 3309/3477/3300
f 3225/3420/3301 3224/3417/3301 3287/3478/3301
f 3199/3421/3302 3198/3418/3302 3261/3479/3302
f 3248/3410/3303 3247/3407/3303 3310/3480/3303
f 3226/3423/3304 3225/3420/3304 3288/3481/3304
f 3200/3424/3305 3199/3421/3305 3262/3482/3305
f 3249/3413/3306 3248/3410/3306 3311/3483/3306
f 3227/3426/3307 3226/3423/3307 3289/3484/3307
f 3201/3427/3308 3200/3424/3308 3263/3485/3308
f 3250/3416/3309 3249/3413/3309 3312/3486/3309
f 3228/3429/3310 3227/3426/3310 3290/3487/3310
f 3202/3430/3311 3201/3427/3311 3264/3488/3311
f 3251/3419/3312 3250/3416/3312 3313/3489/3312
f 3229/3432/3313 3228/3429/3313 3291/3490/3313
f 3203/3433/3314 3202/3430/3314 3265/3491/3314
f 3252/3422/3315 3251/3419/3315 3314/3492/3315
f 3230/3435/3316 3229/3432/3316 3292/3493/3316
f 3204/3436/3317 3203/3433/3317 3266/3494/3317
f 3253/3425/3318 3252/3422/3318 3315/3495/3318
f 3231/3438/3319 3230/3435/3319 3293/3496/3319
f 3205/3439/3320 3204/3436/3320 3267/3497/3320
f 3254/3428/3321 3253/3425/3321 3316/3498/3321
f 3206/3441/3322 3205/3439/3322 3268/3499/3322
f 3255/3431/3323 3254/3428/3323 3317/3500/3323
f 3207/3379/3324 3206/3441/3324 3269/3501/3324
f 3256/3434/4184 3255/3431/4184 3318/3502/4184
f 3208/3380/3326 3207/3379/3326 3270/3503/3326
f 3209/3382/3328 3208/3380/3328 3271/3505/3328
f 3297/3448/3329 3296/3446/3329 3359/3507/3329
f 3271/3505/3330 3270/3503/3330 3333/3509/3330
f 3298/3450/3331 3297/3448/3331 3360/3508/3331
f 3272/3444/3332 3271/3505/3332 3334/3510/3332
f 3299/3452/3333 3298/3450/3333 3361/3511/3333
f 3273/3445/3334 3272/3444/3334 3335/3512/3334
f 3300/3454/3335 3299/3452/3335 3362/3513/3335
f 3274/3447/3336 3273/3445/3336 3336/3514/3336
f 3301/3456/3337 3300/3454/3337 3363/3515/3337
f 3275/3449/3338 3274/3447/3338 3337/3516/3338
f 3302/3458/3339 3301/3456/3339 3364/3517/3339
f 3276/3451/3340 3275/3449/3340 3338/3518/3340
f 3303/3460/3341 3302/3458/3341 3365/3519/3341
f 3277/3453/3342 3276/3451/3342 3339/3520/3342
f 3304/3462/3343 3303/3460/3343 3366/3521/3343
f 3278/3455/3344 3277/3453/3344 3340/3522/3344
f 3305/3464/3345 3304/3462/3345 3367/3523/3345
f 3279/3457/3346 3278/3455/3346 3341/3524/3346
f 3306/3468/3347 3305/3464/3347 3368/3525/3347
f 3280/3459/3348 3279/3457/3348 3342/3526/3348
f 3307/3471/3349 3306/3468/3349 3369/3527/3349
f 3281/3461/3350 3280/3459/3350 3343/3528/3350
f 3308/3474/3351 3307/3471/3351 3370/3529/3351
f 3282/3463/3352 3281/3461/3352 3344/3530/3352
f 3309/3477/3353 3308/3474/3353 3371/3531/3353
f 3283/3465/3354 3282/3463/3354 3345/3532/3354
f 3310/3480/3356 3309/3477/3356 3372/3533/3356
f 3284/3469/3357 3283/3465/3357 3346/3534/3357
f 3258/3470/3358 3257/3467/3358 3320/3536/3358
f 3311/3483/3359 3310/3480/3359 3373/3537/3359
f 3285/3472/3360 3284/3469/3360 3347/3538/3360
f 3259/3473/3361 3258/3470/3361 3321/3539/3361
f 3312/3486/3362 3311/3483/3362 3374/3540/3362
f 3286/3475/3363 3285/3472/3363 3348/3541/3363
f 3260/3476/3364 3259/3473/3364 3322/3542/3364
f 3313/3489/3365 3312/3486/3365 3375/3543/3365
f 3287/3478/3366 3286/3475/3366 3349/3544/3366
f 3261/3479/3367 3260/3476/3367 3323/3545/3367
f 3314/3492/3368 3313/3489/3368 3376/3546/3368
f 3288/3481/3369 3287/3478/3369 3350/3547/3369
f 3262/3482/3370 3261/3479/3370 3324/3548/3370
f 3315/3495/3371 3314/3492/3371 3377/3549/3371
f 3289/3484/3372 3288/3481/3372 3351/3550/3372
f 3263/3485/3373 3262/3482/3373 3325/3551/3373
f 3316/3498/3374 3315/3495/3374 3378/3552/3374
f 3290/3487/3375 3289/3484/3375 3352/3553/3375
f 3264/3488/3376 3263/3485/3376 3326/3554/3376
f 3317/3500/3377 3316/3498/3377 3379/3555/3377
f 3291/3490/3378 3290/3487/3378 3353/3556/3378
f 3265/3491/3379 3264/3488/3379 3327/3557/3379
f 3318/3502/3380 3317/3500/3380 3380/3558/3380
f 3292/3493/3381 3291/3490/3381 3354/3559/3381
f 3266/3494/3382 3265/3491/3382 3328/3560/3382
f 3319/3504/3383 3318/3502/3383 3381/3561/3383
f 3293/3496/3384 3292/3493/3384 3355/3562/3384
f 3267/3497/3385 3266/3494/3385 3329/3563/3385
f 3294/3442/3387 3293/3496/3387 3356/3565/3387
f 3268/3499/3388 3267/3497/3388 3330/3566/3388
f 3295/3443/3389 3294/3442/3389 3357/3568/3389
f 3269/3501/3390 3268/3499/3390 3331/3569/3390
f 3296/3446/3391 3295/3443/3391 3358/3570/3391
f 3270/3503/3392 3269/3501/3392 3332/3571/3392
f 3362/3513/3393 3361/3511/3393 3424/3572/3393
f 3336/3514/3394 3335/3512/3394 3398/3574/3394
f 3363/3515/3395 3362/3513/3395 3425/3573/3395
f 3337/3516/3396 3336/3514/3396 3399/3575/3396
f 3364/3517/3397 3363/3515/3397 3426/3576/3397
f 3338/3518/3398 3337/3516/3398 3400/3577/3398
f 3365/3519/3399 3364/3517/3399 3427/3578/3399
f 3339/3520/3400 3338/3518/3400 3401/3579/3400
f 3366/3521/3401 3365/3519/3401 3428/3580/3401
f 3340/3522/3402 3339/3520/3402 3402/3581/3402
f 3367/3523/3403 3366/3521/3403 3429/3582/3403
f 3341/3524/3404 3340/3522/3404 3403/3583/3404
f 3368/3525/3405 3367/3523/3405 3430/3584/3405
f 3342/3526/3406 3341/3524/3406 3404/3585/3406
f 3369/3527/3407 3368/3525/3407 3431/3586/3407
f 3343/3528/3408 3342/3526/3408 3405/3587/3408
f 3370/3529/3409 3369/3527/3409 3432/3588/3409
f 3344/3530/3410 3343/3528/3410 3406/3589/3410
f 3371/3531/3411 3370/3529/3411 3433/3590/3411
f 3345/3532/3412 3344/3530/3412 3407/3591/3412
f 3372/3533/3413 3371/3531/3413 3434/3592/3413
f 3346/3534/3414 3345/3532/3414 3408/3593/3414
f 3373/3537/3416 3372/3533/3416 3435/3594/3416
f 3347/3538/3417 3346/3534/3417 3409/3595/3417
f 3321/3539/3418 3320/3536/3418 3383/3597/3418
f 3374/3540/3419 3373/3537/3419 3436/3598/3419
f 3348/3541/3420 3347/3538/3420 3410/3599/3420
f 3322/3542/3421 3321/3539/3421 3384/3600/3421
f 3375/3543/3422 3374/3540/3422 3437/3601/3422
f 3349/3544/3423 3348/3541/3423 3411/3602/3423
f 3323/3545/3424 3322/3542/3424 3385/3603/3424
f 3376/3546/3425 3375/3543/3425 3438/3604/3425
f 3350/3547/3426 3349/3544/3426 3412/3605/3426
f 3324/3548/3427 3323/3545/3427 3386/3606/3427
f 3377/3549/3428 3376/3546/3428 3439/3607/3428
f 3351/3550/3429 3350/3547/3429 3413/3608/3429
f 3325/3551/3430 3324/3548/3430 3387/3609/3430
f 3378/3552/3431 3377/3549/3431 3440/3610/3431
f 3352/3553/3432 3351/3550/3432 3414/3611/3432
f 3326/3554/4185 3325/3551/4185 3388/3612/4185
f 3379/3555/3434 3378/3552/3434 3441/3613/3434
f 3353/3556/3435 3352/3553/3435 3415/3614/3435
f 3327/3557/3436 3326/3554/3436 3389/3615/3436
f 3380/3558/3437 3379/3555/3437 3442/3616/3437
f 3354/3559/3438 3353/3556/3438 3416/3617/3438
f 3328/3560/3439 3327/3557/3439 3390/3618/3439
f 3381/3561/3440 3380/3558/3440 3443/3619/3440
f 3355/3562/3441 3354/3559/3441 3417/3620/3441
f 3329/3563/3442 3328/3560/3442 3391/3621/3442
f 3382/3564/3443 3381/3561/3443 3444/3622/3443
f 3356/3565/3444 3355/3562/3444 3418/3623/3444
f 3330/3566/3445 3329/3563/3445 3392/3624/3445
f 3357/3568/3447 3356/3565/3447 3419/3626/3447
f 3331/3569/3448 3330/3566/3448 3393/3627/3448
f 3358/3570/3449 3357/3568/3449 3420/3629/3449
f 3332/3571/3450 3331/3569/3450 3394/3630/3450
f 3359/3507/3451 3358/3570/3451 3421/3631/3451
f 3333/3509/3452 3332/3571/3452 3395/3632/3452
f 3360/3508/3453 3359/3507/3453 3422/3633/3453
f 3334/3510/3454 3333/3509/3454 3396/3634/3454
f 3361/3511/3455 3360/3508/3455 3423/3635/3455
f 3335/3512/3456 3334/3510/3456 3397/3636/3456
f 3427/3578/3457 3426/3576/3457 3489/3637/3457
f 3401/3579/3458 3400/3577/3458 3463/3639/3458
f 3428/3580/3459 3427/3578/3459 3490/3638/3459
f 3402/3581/3460 3401/3579/3460 3464/3640/3460
f 3429/3582/3461 3428/3580/3461 3491/3641/3461
f 3403/3583/3462 3402/3581/3462 3465/3642/3462
f 3430/3584/3463 3429/3582/3463 3492/3643/3463
f 3404/3585/3464 3403/3583/3464 3466/3644/3464
f 3431/3586/3465 3430/3584/3465 3493/3645/3465
f 3405/3587/3466 3404/3585/3466 3467/3646/3466
f 3432/3588/3467 3431/3586/3467 3494/3647/3467
f 3406/3589/3468 3405/3587/3468 3468/3648/3468
f 3433/3590/3469 3432/3588/3469 3495/3649/3469
f 3407/3591/3470 3406/3589/3470 3469/3650/3470
f 3434/3592/3471 3433/3590/3471 3496/3651/3471
f 3408/3593/3472 3407/3591/3472 3470/3652/3472
f 3435/3594/3473 3434/3592/3473 3497/3653/3473
f 3409/3595/3474 3408/3593/3474 3471/3654/3474
f 3436/3598/3476 3435/3594/3476 3498/3655/3476
f 3410/3599/3477 3409/3595/3477 3472/3656/3477
f 3384/3600/3478 3383/3597/3478 3446/3658/3478
f 3437/3601/3479 3436/3598/3479 3499/3659/3479
f 3411/3602/3480 3410/3599/3480 3473/3660/3480
f 3385/3603/3481 3384/3600/3481 3447/3661/3481
f 3438/3604/3482 3437/3601/3482 3500/3662/3482
f 3412/3605/3483 3411/3602/3483 3474/3663/3483
f 3386/3606/3484 3385/3603/3484 3448/3664/3484
f 3439/3607/3485 3438/3604/3485 3501/3665/3485
f 3413/3608/3486 3412/3605/3486 3475/3666/3486
f 3387/3609/3487 3386/3606/3487 3449/3667/3487
f 3440/3610/3488 3439/3607/3488 3502/3668/3488
f 3414/3611/3489 3413/3608/3489 3476/3669/3489
f 3388/3612/3490 3387/3609/3490 3450/3670/3490
f 3441/3613/3491 3440/3610/3491 3503/3671/3491
f 3415/3614/3492 3414/3611/3492 3477/3672/3492
f 3389/3615/3493 3388/3612/3493 3451/3673/3493
f 3442/3616/3494 3441/3613/3494 3504/3674/3494
f 3416/3617/3495 3415/3614/3495 3478/3675/3495
f 3390/3618/3496 3389/3615/3496 3452/3676/3496
f 3443/3619/3497 3442/3616/3497 3505/3677/3497
f 3417/3620/3498 3416/3617/3498 3479/3678/3498
f 3391/3621/3499 3390/3618/3499 3453/3679/3499
f 3444/3622/3500 3443/3619/3500 3506/3680/3500
f 3418/3623/3501 3417/3620/3501 3480/3681/3501
f 3392/3624/3502 3391/3621/3502 3454/3682/3502
f 3445/3625/4186 3444/3622/4186 3507/3683/4186
f 3419/3626/3504 3418/3623/3504 3481/3684/3504
f 3393/3627/3505 3392/3624/3505 3455/3685/3505
f 3420/3629/3507 3419/3626/3507 3482/3687/3507
f 3394/3630/3508 3393/3627/3508 3456/3688/3508
f 3421/3631/3509 3420/3629/3509 3483/3690/3509
f 3395/3632/3510 3394/3630/3510 3457/3691/3510
f 3422/3633/3511 3421/3631/3511 3484/3692/3511
f 3396/3634/3512 3395/3632/3512 3458/3693/3512
f 3423/3635/3513 3422/3633/3513 3485/3694/3513
f 3397/3636/3514 3396/3634/3514 3459/3695/3514
f 3424/3572/3515 3423/3635/3515 3486/3696/3515
f 3398/3574/3516 3397/3636/3516 3460/3697/3516
f 3425/3573/3517 3424/3572/3517 3487/3698/3517
f 3399/3575/3518 3398/3574/3518 3461/3699/3518
f 3426/3576/3519 3425/3573/3519 3488/3700/3519
f 3400/3577/3520 3399/3575/3520 3462/3701/3520
f 3492/3643/3521 3491/3641/3521 3554/3702/3521
f 3466/3644/3522 3465/3642/3522 3528/3704/3522
f 3493/3645/3523 3492/3643/3523 3555/3703/3523
f 3467/3646/3524 3466/3644/3524 3529/3705/3524
f 3494/3647/3525 3493/3645/3525 3556/3706/3525
f 3468/3648/3526 3467/3646/3526 3530/3707/3526
f 3495/3649/3527 3494/3647/3527 3557/3708/3527
f 3469/3650/3528 3468/3648/3528 3531/3709/3528
f 3496/3651/3529 3495/3649/3529 3558/3710/3529
f 3470/3652/3530 3469/3650/3530 3532/3711/3530
f 3497/3653/3531 3496/3651/3531 3559/3712/3531
f 3471/3654/3532 3470/3652/3532 3533/3713/3532
f 3498/3655/3533 3497/3653/3533 3560/3714/3533
f 3472/3656/3534 3471/3654/3534 3534/3715/3534
f 3499/3659/3536 3498/3655/3536 3561/3716/3536
f 3473/3660/3537 3472/3656/3537 3535/3717/3537
f 3447/3661/3538 3446/3658/3538 3509/3719/3538
f 3500/3662/3539 3499/3659/3539 3562/3720/3539
f 3474/3663/3540 3473/3660/3540 3536/3721/3540
f 3448/3664/3541 3447/3661/3541 3510/3722/3541
f 3501/3665/3542 3500/3662/3542 3563/3723/3542
f 3475/3666/3543 3474/3663/3543 3537/3724/3543
f 3449/3667/3544 3448/3664/3544 3511/3725/3544
f 3502/3668/3545 3501/3665/3545 3564/3726/3545
f 3476/3669/3546 3475/3666/3546 3538/3727/3546
f 3450/3670/3547 3449/3667/3547 3512/3728/3547
f 3503/3671/3548 3502/3668/3548 3565/3729/3548
f 3477/3672/3549 3476/3669/3549 3539/3730/3549
f 3451/3673/3550 3450/3670/3550 3513/3731/3550
f 3504/3674/3551 3503/3671/3551 3566/3732/3551
f 3478/3675/3552 3477/3672/3552 3540/3733/3552
f 3452/3676/3553 3451/3673/3553 3514/3734/3553
f 3505/3677/3554 3504/3674/3554 3567/3735/3554
f 3479/3678/3555 3478/3675/3555 3541/3736/3555
f 3453/3679/3556 3452/3676/3556 3515/3737/3556
f 3506/3680/3557 3505/3677/3557 3568/3738/3557
f 3480/3681/3558 3479/3678/3558 3542/3739/3558
f 3454/3682/3559 3453/3679/3559 3516/3740/3559
f 3507/3683/3560 3506/3680/3560 3569/3741/3560
f 3481/3684/3561 3480/3681/3561 3543/3742/3561
f 3455/3685/3562 3454/3682/3562 3517/3743/3562
f 3508/3686/4187 3507/3683/4187 3570/3744/4187
f 3482/3687/3564 3481/3684/3564 3544/3745/3564
f 3456/3688/3565 3455/3685/3565 3518/3746/3565
f 3483/3690/3567 3482/3687/3567 3545/3748/3567
f 3457/3691/3568 3456/3688/3568 3519/3749/3568
f 3484/3692/3569 3483/3690/3569 3546/3751/3569
f 3458/3693/3570 3457/3691/3570 3520/3752/3570
f 3485/3694/3571 3484/3692/3571 3547/3753/3571
f 3459/3695/3572 3458/3693/3572 3521/3754/3572
f 3486/3696/3573 3485/3694/3573 3548/3755/3573
f 3460/3697/3574 3459/3695/3574 3522/3756/3574
f 3487/3698/3575 3486/3696/3575 3549/3757/3575
f 3461/3699/3576 3460/3697/3576 3523/3758/3576
f 3488/3700/4188 3487/3698/4188 3550/3759/4188
f 3462/3701/3578 3461/3699/3578 3524/3760/3578
f 3489/3637/3579 3488/3700/3579 3551/3761/3579
f 3463/3639/3580 3462/3701/3580 3525/3762/3580
f 3490/3638/3581 3489/3637/3581 3552/3763/3581
f 3464/3640/3582 3463/3639/3582 3526/3764/3582
f 3491/3641/3583 3490/3638/3583 3553/3765/3583
f 3465/3642/3584 3464/3640/3584 3527/3766/3584
f 3557/3708/3585 3556/3706/3585 3619/3767/3585
f 3531/3709/3586 3530/3707/3586 3593/3769/3586
f 3558/3710/3587 3557/3708/3587 3620/3768/3587
f 3532/3711/3588 3531/3709/3588 3594/3770/3588
f 3559/3712/3589 3558/3710/3589 3621/3771/3589
f 3533/3713/3590 3532/3711/3590 3595/3772/3590
f 3560/3714/3591 3559/3712/3591 3622/3773/3591
f 3534/3715/3592 3533/3713/3592 3596/3774/3592
f 3561/3716/3593 3560/3714/3593 3623/3775/3593
f 3535/3717/3594 3534/3715/3594 3597/3776/3594
f 3562/3720/3596 3561/3716/3596 3624/3777/3596
f 3536/3721/3597 3535/3717/3597 3598/3778/3597
f 3510/3722/3598 3509/3719/3598 3572/3780/3598
f 3563/3723/3599 3562/3720/3599 3625/3781/3599
f 3537/3724/3600 3536/3721/3600 3599/3782/3600
f 3511/3725/3601 3510/3722/3601 3573/3783/3601
f 3564/3726/3602 3563/3723/3602 3626/3784/3602
f 3538/3727/3603 3537/3724/3603 3600/3785/3603
f 3512/3728/3604 3511/3725/3604 3574/3786/3604
f 3565/3729/3605 3564/3726/3605 3627/3787/3605
f 3539/3730/3606 3538/3727/3606 3601/3788/3606
f 3513/3731/3607 3512/3728/3607 3575/3789/3607
f 3566/3732/3608 3565/3729/3608 3628/3790/3608
f 3540/3733/3609 3539/3730/3609 3602/3791/3609
f 3514/3734/3610 3513/3731/3610 3576/3792/3610
f 3567/3735/3611 3566/3732/3611 3629/3793/3611
f 3541/3736/3612 3540/3733/3612 3603/3794/3612
f 3515/3737/3613 3514/3734/3613 3577/3795/3613
f 3568/3738/3614 3567/3735/3614 3630/3796/3614
f 3542/3739/3615 3541/3736/3615 3604/3797/3615
f 3516/3740/3616 3515/3737/3616 3578/3798/3616
f 3569/3741/4189 3568/3738/4189 3631/3799/4189
f 3543/3742/3618 3542/3739/3618 3605/3800/3618
f 3517/3743/3619 3516/3740/3619 3579/3801/3619
f 3570/3744/3620 3569/3741/3620 3632/3802/3620
f 3544/3745/3621 3543/3742/3621 3606/3803/3621
f 3518/3746/3622 3517/3743/3622 3580/3804/3622
f 3571/3747/3623 3570/3744/3623 3633/3805/3623
f 3545/3748/3624 3544/3745/3624 3607/3806/3624
f 3519/3749/3625 3518/3746/3625 3581/3807/3625
f 3546/3751/3627 3545/3748/3627 3608/3809/3627
f 3520/3752/3628 3519/3749/3628 3582/3810/3628
f 3547/3753/3629 3546/3751/3629 3609/3812/3629
f 3521/3754/3630 3520/3752/3630 3583/3813/3630
f 3548/3755/3631 3547/3753/3631 3610/3814/3631
f 3522/3756/3632 3521/3754/3632 3584/3815/3632
f 3549/3757/3633 3548/3755/3633 3611/3816/3633
f 3523/3758/3634 3522/3756/3634 3585/3817/3634
f 3550/3759/3635 3549/3757/3635 3612/3818/3635
f 3524/3760/3636 3523/3758/3636 3586/3819/3636
f 3551/3761/4190 3550/3759/4190 3613/3820/4190
f 3525/3762/3638 3524/3760/3638 3587/3821/3638
f 3552/3763/3639 3551/3761/3639 3614/3822/3639
f 3526/3764/3640 3525/3762/3640 3588/3823/3640
f 3553/3765/3641 3552/3763/3641 3615/3824/3641
f 3527/3766/3642 3526/3764/3642 3589/3825/3642
f 3554/3702/3643 3553/3765/3643 3616/3826/3643
f 3528/3704/3644 3527/3766/3644 3590/3827/3644
f 3555/3703/3645 3554/3702/3645 3617/3828/3645
f 3529/3705/3646 3528/3704/3646 3591/3829/3646
f 3556/3706/3647 3555/3703/3647 3618/3830/3647
f 3530/3707/4191 3529/3705/4191 3592/3831/4191
f 3622/3773/3649 3621/3771/3649 3684/3832/3649
f 3596/3774/3650 3595/3772/3650 3658/3834/3650
f 3623/3775/3651 3622/3773/3651 3685/3833/3651
f 3597/3776/3652 3596/3774/3652 3659/3835/3652
f 3624/3777/3653 3623/3775/3653 3686/3836/3653
f 3598/3778/3654 3597/3776/3654 3660/3837/3654
f 3625/3781/3656 3624/3777/3656 3687/3838/3656
f 3599/3782/3657 3598/3778/3657 3661/3839/3657
f 3573/3783/3658 3572/3780/3658 3635/3841/3658
f 3626/3784/3659 3625/3781/3659 3688/3842/3659
f 3600/3785/3660 3599/3782/3660 3662/3843/3660
f 3574/3786/3661 3573/3783/3661 3636/3844/3661
f 3627/3787/3662 3626/3784/3662 3689/3845/3662
f 3601/3788/3663 3600/3785/3663 3663/3846/3663
f 3575/3789/3664 3574/3786/3664 3637/3847/3664
f 3628/3790/3665 3627/3787/3665 3690/3848/3665
f 3602/3791/3666 3601/3788/3666 3664/3849/3666
f 3576/3792/3667 3575/3789/3667 3638/3850/3667
f 3629/3793/3668 3628/3790/3668 3691/3851/3668
f 3603/3794/3669 3602/3791/3669 3665/3852/3669
f 3577/3795/3670 3576/3792/3670 3639/3853/3670
f 3630/3796/3671 3629/3793/3671 3692/3854/3671
f 3604/3797/3672 3603/3794/3672 3666/3855/3672
f 3578/3798/3673 3577/3795/3673 3640/3856/3673
f 3631/3799/3674 3630/3796/3674 3693/3857/3674
f 3605/3800/3675 3604/3797/3675 3667/3858/3675
f 3579/3801/3676 3578/3798/3676 3641/3859/3676
f 3632/3802/3677 3631/3799/3677 3694/3860/3677
f 3606/3803/3678 3605/3800/3678 3668/3861/3678
f 3580/3804/3679 3579/3801/3679 3642/3862/3679
f 3633/3805/3680 3632/3802/3680 3695/3863/3680
f 3607/3806/3681 3606/3803/3681 3669/3864/3681
f 3581/3807/3682 3580/3804/3682 3643/3865/3682
f 3634/3808/3683 3633/3805/3683 3696/3866/3683
f 3608/3809/3684 3607/3806/3684 3670/3867/3684
f 3582/3810/3685 3581/3807/3685 3644/3868/3685
f 3609/3812/3687 3608/3809/3687 3671/3870/3687
f 3583/3813/3688 3582/3810/3688 3645/3871/3688
f 3610/3814/3689 3609/3812/3689 3672/3873/3689
f 3584/3815/3690 3583/3813/3690 3646/3874/3690
f 3611/3816/3691 3610/3814/3691 3673/3875/3691
f 3585/3817/3692 3584/3815/3692 3647/3876/3692
f 3612/3818/4192 3611/3816/4192 3674/3877/4192
f 3586/3819/3694 3585/3817/3694 3648/3878/3694
f 3613/3820/3695 3612/3818/3695 3675/3879/3695
f 3587/3821/3696 3586/3819/3696 3649/3880/3696
f 3614/3822/4193 3613/3820/4193 3676/3881/4193
f 3588/3823/3698 3587/3821/3698 3650/3882/3698
f 3615/3824/3699 3614/3822/3699 3677/3883/3699
f 3589/3825/3700 3588/3823/3700 3651/3884/3700
f 3616/3826/3701 3615/3824/3701 3678/3885/3701
f 3590/3827/3702 3589/3825/3702 3652/3886/3702
f 3617/3828/3703 3616/3826/3703 3679/3887/3703
f 3591/3829/3704 3590/3827/3704 3653/3888/3704
f 3618/3830/3705 3617/3828/3705 3680/3889/3705
f 3592/3831/3706 3591/3829/3706 3654/3890/3706
f 3619/3767/3707 3618/3830/3707 3681/3891/3707
f 3593/3769/3708 3592/3831/3708 3655/3892/3708
f 3620/3768/3709 3619/3767/3709 3682/3893/3709
f 3594/3770/3710 3593/3769/3710 3656/3894/3710
f 3621/3771/3711 3620/3768/3711 3683/3895/3711
f 3595/3772/3712 3594/3770/3712 3657/3896/3712
f 3687/3838/3713 3686/3836/3713 3749/3897/3713
f 3661/3839/3714 3660/3837/3714 3723/3899/3714
f 3688/3842/3716 3687/3838/3716 3750/3898/3716
f 3662/3843/3717 3661/3839/3717 3724/3900/3717
f 3636/3844/3718 3635/3841/3718 3698/3902/3718
f 3689/3845/3719 3688/3842/3719 3751/3903/3719
f 3663/3846/3720 3662/3843/3720 3725/3904/3720
f 3637/3847/3721 3636/3844/3721 3699/3905/3721
f 3690/3848/3722 3689/3845/3722 3752/3906/3722
f 3664/3849/3723 3663/3846/3723 3726/3907/3723
f 3638/3850/3724 3637/3847/3724 3700/3908/3724
f 3691/3851/3725 3690/3848/3725 3753/3909/3725
f 3665/3852/3726 3664/3849/3726 3727/3910/3726
f 3639/3853/3727 3638/3850/3727 3701/3911/3727
f 3692/3854/3728 3691/3851/3728 3754/3912/3728
f 3666/3855/3729 3665/3852/3729 3728/3913/3729
f 3640/3856/3730 3639/3853/3730 3702/3914/3730
f 3693/3857/3731 3692/3854/3731 3755/3915/3731
f 3667/3858/3732 3666/3855/3732 3729/3916/3732
f 3641/3859/3733 3640/3856/3733 3703/3917/3733
f 3694/3860/3734 3693/3857/3734 3756/3918/3734
f 3668/3861/3735 3667/3858/3735 3730/3919/3735
f 3642/3862/3736 3641/3859/3736 3704/3920/3736
f 3695/3863/3737 3694/3860/3737 3757/3921/3737
f 3669/3864/3738 3668/3861/3738 3731/3922/3738
f 3643/3865/3739 3642/3862/3739 3705/3923/3739
f 3696/3866/3740 3695/3863/3740 3758/3924/3740
f 3670/3867/3741 3669/3864/3741 3732/3925/3741
f 3644/3868/3742 3643/3865/3742 3706/3926/3742
f 3697/3869/3743 3696/3866/3743 3759/3927/3743
f 3671/3870/3744 3670/3867/3744 3733/3928/3744
f 3645/3871/3745 3644/3868/3745 3707/3929/3745
f 3672/3873/3747 3671/3870/3747 3734/3931/3747
f 3646/3874/3748 3645/3871/3748 3708/3932/3748
f 3673/3875/3749 3672/3873/3749 3735/3934/3749
f 3647/3876/3750 3646/3874/3750 3709/3935/3750
f 3674/3877/3751 3673/3875/3751 3736/3936/3751
f 3648/3878/3752 3647/3876/3752 3710/3937/3752
f 3675/3879/3753 3674/3877/3753 3737/3938/3753
f 3649/3880/3754 3648/3878/3754 3711/3939/3754
f 3676/3881/3755 3675/3879/3755 3738/3940/3755
f 3650/3882/3756 3649/3880/3756 3712/3941/3756
f 3677/3883/4194 3676/3881/4194 3739/3942/4194
f 3651/3884/3758 3650/3882/3758 3713/3943/3758
f 3678/3885/3759 3677/3883/3759 3740/3944/3759
f 3652/3886/3760 3651/3884/3760 3714/3945/3760
f 3679/3887/3761 3678/3885/3761 3741/3946/3761
f 3653/3888/3762 3652/3886/3762 3715/3947/3762
f 3680/3889/3763 3679/3887/3763 3742/3948/3763
f 3654/3890/3764 3653/3888/3764 3716/3949/3764
f 3681/3891/3765 3680/3889/3765 3743/3950/3765
f 3655/3892/3766 3654/3890/3766 3717/3951/3766
f 3682/3893/3767 3681/3891/3767 3744/3952/3767
f 3656/3894/4195 3655/3892/4195 3718/3953/4195
f 3683/3895/3769 3682/3893/3769 3745/3954/3769
f 3657/3896/3770 3656/3894/3770 3719/3955/3770
f 3684/3832/3771 3683/3895/3771 3746/3956/3771
f 3658/3834/3772 3657/3896/3772 3720/3957/3772
f 3685/3833/3773 3684/3832/3773 3747/3958/3773
f 3659/3835/3774 3658/3834/3774 3721/3959/3774
f 3686/3836/3775 3685/3833/3775 3748/3960/3775
f 3660/3837/4196 3659/3835/4196 3722/3961/4196
f 3699/3905/3777 3698/3902/3777 3761/3962/3777
f 3752/3906/3778 3751/3903/3778 3814/3964/3778
f 3726/3907/3779 3725/3904/3779 3788/3966/3779
f 3700/3908/3780 3699/3905/3780 3762/3963/3780
f 3753/3909/3781 3752/3906/3781 3815/3965/3781
f 3727/3910/3782 3726/3907/3782 3789/3967/3782
f 3701/3911/3783 3700/3908/3783 3763/3968/3783
f 3754/3912/3784 3753/3909/3784 3816/3969/3784
f 3728/3913/3785 3727/3910/3785 3790/3970/3785
f 3702/3914/3786 3701/3911/3786 3764/3971/3786
f 3755/3915/3787 3754/3912/3787 3817/3972/3787
f 3729/3916/3788 3728/3913/3788 3791/3973/3788
f 3703/3917/3789 3702/3914/3789 3765/3974/3789
f 3756/3918/3790 3755/3915/3790 3818/3975/3790
f 3730/3919/3791 3729/3916/3791 3792/3976/3791
f 3704/3920/3792 3703/3917/3792 3766/3977/3792
f 3757/3921/3793 3756/3918/3793 3819/3978/3793
f 3731/3922/3794 3730/3919/3794 3793/3979/3794
f 3705/3923/3795 3704/3920/3795 3767/3980/3795
f 3758/3924/3796 3757/3921/3796 3820/3981/3796
f 3732/3925/3797 3731/3922/3797 3794/3982/3797
f 3706/3926/3798 3705/3923/3798 3768/3983/3798
f 3759/3927/3799 3758/3924/3799 3821/3984/3799
f 3733/3928/3800 3732/3925/3800 3795/3985/3800
f 3707/3929/3801 3706/3926/3801 3769/3986/3801
f 3760/3930/3802 3759/3927/3802 3822/3987/3802
f 3734/3931/3803 3733/3928/3803 3796/3988/3803
f 3708/3932/3804 3707/3929/3804 3770/3989/3804
f 3735/3934/3806 3734/3931/3806 3797/3991/3806
f 3709/3935/3807 3708/3932/3807 3771/3992/3807
f 3736/3936/3808 3735/3934/3808 3798/3994/3808
f 3710/3937/3809 3709/3935/3809 3772/3995/3809
f 3737/3938/3810 3736/3936/3810 3799/3996/3810
f 3711/3939/3811 3710/3937/3811 3773/3997/3811
f 3738/3940/3812 3737/3938/3812 3800/3998/3812
f 3712/3941/3813 3711/3939/3813 3774/3999/3813
f 3739/3942/3814 3738/3940/3814 3801/4000/3814
f 3713/3943/3815 3712/3941/3815 3775/4001/3815
f 3740/3944/4197 3739/3942/4197 3802/4002/4197
f 3714/3945/3817 3713/3943/3817 3776/4003/3817
f 3741/3946/3818 3740/3944/3818 3803/4004/3818
f 3715/3947/3819 3714/3945/3819 3777/4005/3819
f 3742/3948/3820 3741/3946/3820 3804/4006/3820
f 3716/3949/3821 3715/3947/3821 3778/4007/3821
f 3743/3950/3822 3742/3948/3822 3805/4008/3822
f 3717/3951/3823 3716/3949/3823 3779/4009/3823
f 3744/3952/3824 3743/3950/3824 3806/4010/3824
f 3718/3953/3825 3717/3951/3825 3780/4011/3825
f 3745/3954/3826 3744/3952/3826 3807/4012/3826
f 3719/3955/4198 3718/3953/4198 3781/4013/4198
f 3746/3956/3828 3745/3954/3828 3808/4014/3828
f 3720/3957/3829 3719/3955/3829 3782/4015/3829
f 3747/3958/3830 3746/3956/3830 3809/4016/3830
f 3721/3959/3831 3720/3957/3831 3783/4017/3831
f 3748/3960/3832 3747/3958/3832 3810/4018/3832
f 3722/3961/3833 3721/3959/3833 3784/4019/3833
f 3749/3897/3834 3748/3960/3834 3811/4020/3834
f 3723/3899/3835 3722/3961/3835 3785/4021/3835
f 3750/3898/3836 3749/3897/3836 3812/4022/3836
f 3724/3900/3837 3723/3899/3837 3786/4023/3837
f 3751/3903/3839 3750/3898/3839 3813/4024/3839
f 3725/3904/3840 3724/3900/3840 3787/4025/3840
f 3764/3971/3841 3763/3968/3841 3826/4027/3841
f 3817/3972/3842 3816/3969/3842 3879/4029/3842
f 3791/3973/3843 3790/3970/3843 3853/4031/3843
f 3765/3974/3844 3764/3971/3844 3827/4028/3844
f 3818/3975/3845 3817/3972/3845 3880/4030/3845
f 3792/3976/3846 3791/3973/3846 3854/4032/3846
f 3766/3977/3847 3765/3974/3847 3828/4033/3847
f 3819/3978/3848 3818/3975/3848 3881/4034/3848
f 3793/3979/3849 3792/3976/3849 3855/4035/3849
f 3767/3980/3850 3766/3977/3850 3829/4036/3850
f 3820/3981/3851 3819/3978/3851 3882/4037/3851
f 3794/3982/3852 3793/3979/3852 3856/4038/3852
f 3768/3983/3853 3767/3980/3853 3830/4039/3853
f 3821/3984/3854 3820/3981/3854 3883/4040/3854
f 3795/3985/3855 3794/3982/3855 3857/4041/3855
f 3769/3986/3856 3768/3983/3856 3831/4042/3856
f 3822/3987/3857 3821/3984/3857 3884/4043/3857
f 3796/3988/3858 3795/3985/3858 3858/4044/3858
f 3770/3989/3859 3769/3986/3859 3832/4045/3859
f 3823/3990/3860 3822/3987/3860 3885/4046/3860
f 3797/3991/3861 3796/3988/3861 3859/4047/3861
f 3771/3992/3862 3770/3989/3862 3833/4048/3862
f 3798/3994/3864 3797/3991/3864 3860/4050/3864
f 3772/3995/3865 3771/3992/3865 3834/4051/3865
f 3799/3996/3866 3798/3994/3866 3861/4053/3866
f 3773/3997/3867 3772/3995/3867 3835/4054/3867
f 3800/3998/3868 3799/3996/3868 3862/4055/3868
f 3774/3999/3869 3773/3997/3869 3836/4056/3869
f 3801/4000/3870 3800/3998/3870 3863/4057/3870
f 3775/4001/3871 3774/3999/3871 3837/4058/3871
f 3802/4002/3872 3801/4000/3872 3864/4059/3872
f 3776/4003/3873 3775/4001/3873 3838/4060/3873
f 3803/4004/4199 3802/4002/4199 3865/4061/4199
f 3777/4005/3875 3776/4003/3875 3839/4062/3875
f 3804/4006/3876 3803/4004/3876 3866/4063/3876
f 3778/4007/3877 3777/4005/3877 3840/4064/3877
f 3805/4008/3878 3804/4006/3878 3867/4065/3878
f 3779/4009/3879 3778/4007/3879 3841/4066/3879
f 3806/4010/3880 3805/4008/3880 3868/4067/3880
f 3780/4011/3881 3779/4009/3881 3842/4068/3881
f 3807/4012/3882 3806/4010/3882 3869/4069/3882
f 3781/4013/3883 3780/4011/3883 3843/4070/3883
f 3808/4014/3884 3807/4012/3884 3870/4071/3884
f 3782/4015/4200 3781/4013/4200 3844/4072/4200
f 3809/4016/3886 3808/4014/3886 3871/4073/3886
f 3783/4017/3887 3782/4015/3887 3845/4074/3887
f 3810/4018/3888 3809/4016/3888 3872/4075/3888
f 3784/4019/3889 3783/4017/3889 3846/4076/3889
f 3811/4020/3890 3810/4018/3890 3873/4077/3890
f 3785/4021/3891 3784/4019/3891 3847/4078/3891
f 3812/4022/3892 3811/4020/3892 3874/4079/3892
f 3786/4023/3893 3785/4021/3893 3848/4080/3893
f 3813/4024/3894 3812/4022/3894 3875/4081/3894
f 3787/4025/3895 3786/4023/3895 3849/4082/3895
f 3814/3964/3897 3813/4024/3897 3876/4083/3897
f 3788/3966/3898 3787/4025/3898 3850/4084/3898
f 3762/3963/3899 3761/3962/3899 3824/4086/3899
f 3815/3965/3900 3814/3964/3900 3877/4087/3900
f 3789/3967/3901 3788/3966/3901 3851/4088/3901
f 3763/3968/3902 3762/3963/3902 3825/4089/3902
f 3816/3969/3903 3815/3965/3903 3878/4090/3903
f 3790/3970/3904 3789/3967/3904 3852/4091/3904
f 3829/4036/3905 3828/4033/3905 3891/4092/3905
f 3882/4037/3906 3881/4034/3906 3944/4094/3906
f 3856/4038/3907 3855/4035/3907 3918/4096/3907
f 3830/4039/3908 3829/4036/3908 3892/4093/3908
f 3883/4040/3909 3882/4037/3909 3945/4095/3909
f 3857/4041/3910 3856/4038/3910 3919/4097/3910
f 3831/4042/3911 3830/4039/3911 3893/4098/3911
f 3884/4043/3912 3883/4040/3912 3946/4099/3912
f 3858/4044/3913 3857/4041/3913 3920/4100/3913
f 3832/4045/3914 3831/4042/3914 3894/4101/3914
f 3885/4046/3915 3884/4043/3915 3947/4102/3915
f 3859/4047/3916 3858/4044/3916 3921/4103/3916
f 3833/4048/3917 3832/4045/3917 3895/4104/3917
f 3886/4049/3918 3885/4046/3918 3948/4105/3918
f 3860/4050/3919 3859/4047/3919 3922/4106/3919
f 3834/4051/3920 3833/4048/3920 3896/4107/3920
f 3861/4053/3922 3860/4050/3922 3923/4109/3922
f 3835/4054/3923 3834/4051/3923 3897/4110/3923
f 3862/4055/3924 3861/4053/3924 3924/4112/3924
f 3836/4056/3925 3835/4054/3925 3898/4113/3925
f 3863/4057/3926 3862/4055/3926 3925/4114/3926
f 3837/4058/3927 3836/4056/3927 3899/4115/3927
f 3864/4059/3928 3863/4057/3928 3926/4116/3928
f 3838/4060/3929 3837/4058/3929 3900/4117/3929
f 3865/4061/3930 3864/4059/3930 3927/4118/3930
f 3839/4062/3931 3838/4060/3931 3901/4119/3931
f 3866/4063/4201 3865/4061/4201 3928/4120/4201
f 3840/4064/3933 3839/4062/3933 3902/4121/3933
f 3867/4065/3934 3866/4063/3934 3929/4122/3934
f 3841/4066/3935 3840/4064/3935 3903/4123/3935
f 3868/4067/3936 3867/4065/3936 3930/4124/3936
f 3842/4068/3937 3841/4066/3937 3904/4125/3937
f 3869/4069/3938 3868/4067/3938 3931/4126/3938
f 3843/4070/3939 3842/4068/3939 3905/4127/3939
f 3870/4071/3940 3869/4069/3940 3932/4128/3940
f 3844/4072/3941 3843/4070/3941 3906/4129/3941
f 3871/4073/3942 3870/4071/3942 3933/4130/3942
f 3845/4074/3943 3844/4072/3943 3907/4131/3943
f 3872/4075/4202 3871/4073/4202 3934/4132/4202
f 3846/4076/3945 3845/4074/3945 3908/4133/3945
f 3873/4077/3946 3872/4075/3946 3935/4134/3946
f 3847/4078/3947 3846/4076/3947 3909/4135/3947
f 3874/4079/3948 3873/4077/3948 3936/4136/3948
f 3848/4080/3949 3847/4078/3949 3910/4137/3949
f 3875/4081/3950 3874/4079/3950 3937/4138/3950
f 3849/4082/3951 3848/4080/3951 3911/4139/3951
f 3876/4083/3952 3875/4081/3952 3938/4140/3952
f 3850/4084/3953 3849/4082/3953 3912/4141/3953
f 3877/4087/3955 3876/4083/3955 3939/4142/3955
f 3851/4088/3956 3850/4084/3956 3913/4143/3956
f 3825/4089/3957 3824/4086/3957 3887/4145/3957
f 3878/4090/4203 3877/4087/4203 3940/4146/4203
f 3852/4091/3959 3851/4088/3959 3914/4147/3959
f 3826/4027/3960 3825/4089/3960 3888/4148/3960
f 3879/4029/3961 3878/4090/3961 3941/4149/3961
f 3853/4031/3962 3852/4091/3962 3915/4150/3962
f 3827/4028/3963 3826/4027/3963 3889/4151/3963
f 3880/4030/3964 3879/4029/3964 3942/4152/3964
f 3854/4032/3965 3853/4031/3965 3916/4153/3965
f 3828/4033/3966 3827/4028/3966 3890/4154/3966
f 3881/4034/3967 3880/4030/3967 3943/4155/3967
f 3855/4035/3968 3854/4032/3968 3917/4156/3968
f 3894/4101/3969 3893/4098/3969 3956/4157/3969
f 3947/4102/3970 3946/4099/3970 4009/4159/3970
f 3921/4103/3971 3920/4100/3971 3983/4161/3971
f 3895/4104/3972 3894/4101/3972 3957/4158/3972
f 3948/4105/3973 3947/4102/3973 4010/4160/3973
f 3922/4106/3974 3921/4103/3974 3984/4162/3974
f 3896/4107/3975 3895/4104/3975 3958/4163/3975
f 3949/4108/3976 3948/4105/3976 4011/4164/3976
f 3923/4109/3977 3922/4106/3977 3985/4165/3977
f 3897/4110/3978 3896/4107/3978 3959/4166/3978
f 3924/4112/3980 3923/4109/3980 3986/4168/3980
f 3898/4113/3981 3897/4110/3981 3960/4169/3981
f 3925/4114/3982 3924/4112/3982 3987/4171/3982
f 3899/4115/3983 3898/4113/3983 3961/4172/3983
f 3926/4116/3984 3925/4114/3984 3988/4173/3984
f 3900/4117/3985 3899/4115/3985 3962/4174/3985
f 3927/4118/3986 3926/4116/3986 3989/4175/3986
f 3901/4119/3987 3900/4117/3987 3963/4176/3987
f 3928/4120/3988 3927/4118/3988 3990/4177/3988
f 3902/4121/3989 3901/4119/3989 3964/4178/3989
f 3929/4122/3990 3928/4120/3990 3991/4179/3990
f 3903/4123/3991 3902/4121/3991 3965/4180/3991
f 3930/4124/3992 3929/4122/3992 3992/4181/3992
f 3904/4125/3993 3903/4123/3993 3966/4182/3993
f 3931/4126/3994 3930/4124/3994 3993/4183/3994
f 3905/4127/3995 3904/4125/3995 3967/4184/3995
f 3932/4128/3996 3931/4126/3996 3994/4185/3996
f 3906/4129/3997 3905/4127/3997 3968/4186/3997
f 3933/4130/3998 3932/4128/3998 3995/4187/3998
f 3907/4131/3999 3906/4129/3999 3969/4188/3999
f 3934/4132/4000 3933/4130/4000 3996/4189/4000
f 3908/4133/4001 3907/4131/4001 3970/4190/4001
f 3935/4134/4002 3934/4132/4002 3997/4191/4002
f 3909/4135/4003 3908/4133/4003 3971/4192/4003
f 3936/4136/4004 3935/4134/4004 3998/4193/4004
f 3910/4137/4005 3909/4135/4005 3972/4194/4005
f 3937/4138/4006 3936/4136/4006 3999/4195/4006
f 3911/4139/4007 3910/4137/4007 3973/4196/4007
f 3938/4140/4008 3937/4138/4008 4000/4197/4008
f 3912/4141/4009 3911/4139/4009 3974/4198/4009
f 3939/4142/4010 3938/4140/4010 4001/4199/4010
f 3913/4143/4011 3912/4141/4011 3975/4200/4011
f 3940/4146/4013 3939/4142/4013 4002/4201/4013
f 3914/4147/4014 3913/4143/4014 3976/4202/4014
f 3888/4148/4015 3887/4145/4015 3950/4204/4015
f 3941/4149/4016 3940/4146/4016 4003/4205/4016
f 3915/4150/4017 3914/4147/4017 3977/4206/4017
f 3889/4151/4018 3888/4148/4018 3951/4207/4018
f 3942/4152/4019 3941/4149/4019 4004/4208/4019
f 3916/4153/4020 3915/4150/4020 3978/4209/4020
f 3890/4154/4021 3889/4151/4021 3952/4210/4021
f 3943/4155/4022 3942/4152/4022 4005/4211/4022
f 3917/4156/4023 3916/4153/4023 3979/4212/4023
f 3891/4092/4024 3890/4154/4024 3953/4213/4024
f 3944/4094/4025 3943/4155/4025 4006/4214/4025
f 3918/4096/4026 3917/4156/4026 3980/4215/4026
f 3892/4093/4027 3891/4092/4027 3954/4216/4027
f 3945/4095/4028 3944/4094/4028 4007/4217/4028
f 3919/4097/4029 3918/4096/4029 3981/4218/4029
f 3893/4098/4030 3892/4093/4030 3955/4219/4030
f 3946/4099/4031 3945/4095/4031 4008/4220/4031
f 3920/4100/4032 3919/4097/4032 3982/4221/4032
f 3959/4166/4033 3958/4163/4033 4019/50/4033
f 4012/4167/4034 4011/4164/4034 4033/52/4034
f 3986/4168/4204 3985/4165/4204 4027/54/4204
f 3960/4169/4036 3959/4166/4036 4020/56/4036
f 3987/4171/4038 3986/4168/4038 23/60/4038
f 3961/4172/4039 3960/4169/4039 4021/62/4039
f 3988/4173/4040 3987/4171/4040 24/65/4040
f 3962/4174/4041 3961/4172/4041 4022/67/4041
f 3989/4175/4042 3988/4173/4042 4028/69/4042
f 3963/4176/4205 3962/4174/4205 4/71/4205
f 3990/4177/4044 3989/4175/4044 25/73/4044
f 3964/4178/4045 3963/4176/4045 4023/75/4045
f 3991/4179/4046 3990/4177/4046 26/77/4046
f 3965/4180/4047 3964/4178/4047 5/79/4047
f 3992/4181/4206 3991/4179/4206 27/81/4206
f 3966/4182/4049 3965/4180/4049 6/83/4049
f 3993/4183/4050 3992/4181/4050 28/85/4050
f 3967/4184/4051 3966/4182/4051 7/87/4051
f 3994/4185/4207 3993/4183/4207 29/89/4207
f 3968/4186/4053 3967/4184/4053 4024/91/4053
f 3995/4187/4054 3994/4185/4054 30/93/4054
f 3969/4188/4208 3968/4186/4208 8/95/4208
f 3996/4189/4056 3995/4187/4056 4029/97/4056
f 3970/4190/4057 3969/4188/4057 9/99/4057
f 3997/4191/4058 3996/4189/4058 31/101/4058
f 3971/4192/4209 3970/4190/4209 10/103/4209
f 3998/4193/4060 3997/4191/4060 32/105/4060
f 3972/4194/4061 3971/4192/4061 11/107/4061
f 3999/4195/4062 3998/4193/4062 33/109/4062
f 3973/4196/4063 3972/4194/4063 12/111/4063
f 4000/4197/4064 3999/4195/4064 34/113/4064
f 3974/4198/4065 3973/4196/4065 13/115/4065
f 4001/4199/4066 4000/4197/4066 35/117/4066
f 3975/4200/4067 3974/4198/4067 14/119/4067
f 4002/4201/4068 4001/4199/4068 4030/121/4068
f 3976/4202/4069 3975/4200/4069 15/123/4069
f 4003/4205/4071 4002/4201/4071 36/125/4071
f 3977/4206/4072 3976/4202/4072 16/126/4072
f 3951/4207/4073 3950/4204/4073 4013/127/4073
f 4004/4208/4074 4003/4205/4074 37/1/4074
f 3978/4209/4210 3977/4206/4210 4025/4/4210
f 3952/4210/4076 3951/4207/4076 4014/7/4076
f 4005/4211/4077 4004/4208/4077 38/10/4077
f 3979/4212/4078 3978/4209/4078 17/12/4078
f 3953/4213/4079 3952/4210/4079 4015/14/4079
f 4006/4214/4080 4005/4211/4080 39/16/4080
f 3980/4215/4081 3979/4212/4081 18/18/4081
f 3954/4216/4082 3953/4213/4082 2/20/4082
f 4007/4217/4083 4006/4214/4083 40/22/4083
f 3981/4218/4084 3980/4215/4084 19/24/4084
f 3955/4219/4085 3954/4216/4085 4016/26/4085
f 4008/4220/4086 4007/4217/4086 41/28/4086
f 3982/4221/4087 3981/4218/4087 20/30/4087
f 3956/4157/4088 3955/4219/4088 3/32/4088
f 4009/4159/4089 4008/4220/4089 4031/34/4089
f 3983/4161/4090 3982/4221/4090 4026/36/4090
f 3957/4158/4091 3956/4157/4091 4017/38/4091
f 4010/4160/4092 4009/4159/4092 42/40/4092
f 3984/4162/4093 3983/4161/4093 21/42/4093
f 3958/4163/4094 3957/4158/4094 4018/44/4094
f 4011/4164/4095 4010/4160/4095 4032/46/4095
f 3985/4165/4211 3984/4162/4211 22/48/4211
