# Blender 5.1.0
# www.blender.org
mtllib city.mtl
o group2043001566
v 1.079490 -0.919481 -1.684611
v 0.885822 -0.919481 -1.684611
v 0.885821 1.076171 -1.684610
v 1.079490 1.076171 -1.684610
v 1.079490 -0.919481 -2.048686
v 1.079490 1.076171 -2.048686
v 0.885821 1.076171 -2.048686
v 0.885822 -0.919481 -2.048686
v 1.022548 0.747475 -1.855010
v 1.011836 0.747475 -1.855010
v 1.011836 1.248344 -1.855010
v 1.022548 1.248344 -1.855010
v 1.022548 0.747475 -1.867194
v 1.022548 1.248344 -1.867194
v 1.011836 1.248344 -1.867194
v 1.011836 0.747475 -1.867194
v 1.799125 -0.133830 -2.265465
v 1.609125 -0.133830 -2.265465
v 1.609125 0.266170 -2.265465
v 1.799125 0.266170 -2.265465
v 1.799125 -0.133830 -2.455465
v 1.799125 0.266170 -2.455465
v 1.609125 0.266170 -2.455465
v 1.609125 -0.133830 -2.455465
v 0.466070 1.185735 -1.221899
v 0.444311 1.185735 -1.221899
v 0.444311 2.203126 -1.221899
v 0.466070 2.203126 -1.221899
v 0.466070 1.185735 -1.246648
v 0.466070 2.203126 -1.246647
v 0.444311 2.203126 -1.246647
v 0.444311 1.185735 -1.246648
v 0.769516 -0.880351 1.092553
v 0.769516 -0.880351 0.763467
v 0.769515 0.191823 0.763467
v 0.769515 0.191823 1.092553
v 1.212076 -0.880351 1.092553
v 1.212076 0.191823 1.092553
v 1.212076 0.191823 0.763467
v 1.212076 -0.880351 0.763467
v -0.345972 -0.989917 1.620310
v -0.811142 -0.989917 1.620310
v -0.811142 -0.230786 1.620311
v -0.345972 -0.230787 1.620311
v -0.345972 -0.989917 0.994742
v -0.345972 -0.230787 0.994742
v -0.811142 -0.230786 0.994742
v -0.811142 -0.989916 0.994742
v -2.436796 1.966170 -1.464807
v -2.444709 1.966170 -1.464807
v -2.444709 2.336170 -1.464807
v -2.436796 2.336170 -1.464807
v -2.436796 1.966170 -1.473808
v -2.436796 2.336170 -1.473808
v -2.444709 2.336170 -1.473808
v -2.444709 1.966170 -1.473808
v -0.477318 1.156170 0.138092
v -0.493564 1.150441 0.109953
v -0.477318 1.150441 0.105600
v -0.505457 1.150441 0.121846
v -0.509810 1.150441 0.138092
v -0.505457 1.150441 0.154338
v -0.493564 1.150441 0.166231
v -0.477318 1.150441 0.170584
v -0.461073 1.150441 0.166231
v -0.449180 1.150441 0.154338
v -0.444827 1.150441 0.138092
v -0.449180 1.150441 0.121846
v -0.461073 1.150441 0.109953
v -0.507851 1.133945 0.085208
v -0.477318 1.133945 0.077027
v -0.530202 1.133944 0.107559
v -0.538383 1.133944 0.138092
v -0.530202 1.133944 0.168624
v -0.507851 1.133944 0.190975
v -0.477318 1.133944 0.199157
v -0.446786 1.133944 0.190975
v -0.424435 1.133945 0.168624
v -0.416254 1.133945 0.138092
v -0.424435 1.133945 0.107559
v -0.446786 1.133945 0.085208
v -0.518455 1.108670 0.066842
v -0.477318 1.108670 0.055819
v -0.548568 1.108670 0.096956
v -0.559591 1.108670 0.138092
v -0.548568 1.108670 0.179228
v -0.518455 1.108670 0.209342
v -0.477318 1.108670 0.220364
v -0.436182 1.108670 0.209342
v -0.406068 1.108670 0.179228
v -0.395046 1.108670 0.138092
v -0.406068 1.108670 0.096956
v -0.436182 1.108670 0.066842
v -0.524097 1.077667 0.057069
v -0.477318 1.077667 0.044535
v -0.558341 1.077667 0.091313
v -0.570875 1.077667 0.138092
v -0.558341 1.077667 0.184870
v -0.524097 1.077667 0.219114
v -0.477318 1.077667 0.231649
v -0.430540 1.077667 0.219114
v -0.396296 1.077667 0.184870
v -0.383762 1.077667 0.138092
v -0.396296 1.077667 0.091313
v -0.430540 1.077667 0.057069
v -0.524097 1.044674 0.057069
v -0.477318 1.044674 0.044535
v -0.558341 1.044674 0.091313
v -0.570875 1.044674 0.138092
v -0.558341 1.044674 0.184870
v -0.524097 1.044674 0.219114
v -0.477318 1.044674 0.231648
v -0.430540 1.044674 0.219114
v -0.396296 1.044674 0.184870
v -0.383762 1.044674 0.138092
v -0.396296 1.044674 0.091313
v -0.430540 1.044674 0.057069
v -0.518455 1.013670 0.066842
v -0.477318 1.013670 0.055819
v -0.548568 1.013670 0.096955
v -0.559591 1.013670 0.138092
v -0.548568 1.013670 0.179228
v -0.518455 1.013670 0.209342
v -0.477318 1.013670 0.220364
v -0.436182 1.013670 0.209342
v -0.406068 1.013670 0.179228
v -0.395046 1.013670 0.138092
v -0.406068 1.013670 0.096956
v -0.436182 1.013670 0.066842
v -0.507851 0.988396 0.085208
v -0.477318 0.988396 0.077027
v -0.530202 0.988396 0.107559
v -0.538383 0.988396 0.138092
v -0.530202 0.988396 0.168624
v -0.507851 0.988396 0.190975
v -0.477318 0.988396 0.199157
v -0.446786 0.988396 0.190975
v -0.424435 0.988396 0.168624
v -0.416254 0.988396 0.138092
v -0.424435 0.988396 0.107559
v -0.446786 0.988396 0.085208
v -0.493564 0.971899 0.109953
v -0.477318 0.971899 0.105600
v -0.505457 0.971899 0.121846
v -0.509810 0.971899 0.138092
v -0.505457 0.971899 0.154338
v -0.493564 0.971899 0.166231
v -0.477318 0.971899 0.170584
v -0.461072 0.971899 0.166231
v -0.449180 0.971899 0.154338
v -0.444827 0.971899 0.138092
v -0.449180 0.971899 0.121846
v -0.461072 0.971899 0.109953
v -0.477318 0.966170 0.138092
v -0.453762 0.006170 -2.802578
v -0.486254 -0.005288 -2.858856
v -0.453762 -0.005288 -2.867562
v -0.510039 -0.005288 -2.835070
v -0.518745 -0.005288 -2.802578
v -0.510039 -0.005288 -2.770087
v -0.486254 -0.005288 -2.746301
v -0.453762 -0.005288 -2.737595
v -0.421270 -0.005288 -2.746301
v -0.397484 -0.005288 -2.770087
v -0.388778 -0.005288 -2.802578
v -0.397484 -0.005288 -2.835070
v -0.421270 -0.005288 -2.858856
v -0.514826 -0.038282 -2.908346
v -0.453762 -0.038282 -2.924708
v -0.559529 -0.038282 -2.863643
v -0.575891 -0.038282 -2.802578
v -0.559529 -0.038282 -2.741513
v -0.514826 -0.038282 -2.696811
v -0.453762 -0.038282 -2.680449
v -0.392697 -0.038282 -2.696811
v -0.347994 -0.038282 -2.741513
v -0.331632 -0.038282 -2.802578
v -0.347994 -0.038281 -2.863643
v -0.392697 -0.038281 -2.908346
v -0.536034 -0.088830 -2.945078
v -0.453762 -0.088830 -2.967123
v -0.596262 -0.088830 -2.884851
v -0.618307 -0.088830 -2.802578
v -0.596262 -0.088830 -2.720306
v -0.536034 -0.088830 -2.660079
v -0.453762 -0.088830 -2.638034
v -0.371489 -0.088830 -2.660079
v -0.311262 -0.088830 -2.720306
v -0.289217 -0.088830 -2.802578
v -0.311262 -0.088830 -2.884851
v -0.371489 -0.088830 -2.945078
v -0.547318 -0.150837 -2.964623
v -0.453762 -0.150837 -2.989692
v -0.615807 -0.150837 -2.896135
v -0.640875 -0.150837 -2.802578
v -0.615807 -0.150837 -2.709022
v -0.547319 -0.150837 -2.640533
v -0.453762 -0.150837 -2.615465
v -0.360205 -0.150837 -2.640533
v -0.291717 -0.150837 -2.709022
v -0.266648 -0.150837 -2.802578
v -0.291717 -0.150837 -2.896135
v -0.360205 -0.150837 -2.964623
v -0.547318 -0.216823 -2.964623
v -0.453762 -0.216823 -2.989692
v -0.615807 -0.216823 -2.896135
v -0.640875 -0.216823 -2.802578
v -0.615807 -0.216823 -2.709022
v -0.547319 -0.216823 -2.640533
v -0.453762 -0.216823 -2.615465
v -0.360205 -0.216823 -2.640533
v -0.291717 -0.216823 -2.709022
v -0.266648 -0.216823 -2.802578
v -0.291717 -0.216823 -2.896135
v -0.360205 -0.216823 -2.964623
v -0.536034 -0.278830 -2.945079
v -0.453762 -0.278830 -2.967123
v -0.596262 -0.278830 -2.884851
v -0.618307 -0.278830 -2.802578
v -0.596262 -0.278830 -2.720306
v -0.536034 -0.278830 -2.660079
v -0.453762 -0.278830 -2.638034
v -0.371489 -0.278830 -2.660079
v -0.311262 -0.278830 -2.720306
v -0.289217 -0.278830 -2.802578
v -0.311262 -0.278830 -2.884851
v -0.371489 -0.278830 -2.945079
v -0.514826 -0.329378 -2.908346
v -0.453762 -0.329378 -2.924708
v -0.559529 -0.329378 -2.863643
v -0.575891 -0.329378 -2.802578
v -0.559529 -0.329379 -2.741514
v -0.514826 -0.329379 -2.696811
v -0.453762 -0.329378 -2.680449
v -0.392697 -0.329378 -2.696811
v -0.347994 -0.329378 -2.741514
v -0.331632 -0.329378 -2.802578
v -0.347994 -0.329378 -2.863643
v -0.392697 -0.329378 -2.908346
v -0.486253 -0.362372 -2.858856
v -0.453762 -0.362372 -2.867562
v -0.510039 -0.362372 -2.835070
v -0.518745 -0.362372 -2.802578
v -0.510039 -0.362372 -2.770087
v -0.486254 -0.362372 -2.746301
v -0.453762 -0.362372 -2.737595
v -0.421270 -0.362372 -2.746301
v -0.397484 -0.362372 -2.770087
v -0.388778 -0.362372 -2.802578
v -0.397484 -0.362372 -2.835070
v -0.421270 -0.362372 -2.858856
v -0.453762 -0.373830 -2.802578
v 1.028783 -0.880351 2.400607
v 0.670766 -0.880351 2.400607
v 0.670766 0.669214 2.400607
v 1.028782 0.669214 2.400607
v 1.028783 -0.880351 1.919140
v 1.028783 0.669214 1.919141
v 0.670766 0.669214 1.919141
v 0.670766 -0.880351 1.919140
v 1.752533 -0.880351 2.038624
v 1.558865 -0.880351 2.038624
v 1.558865 -0.880351 2.140363
v 1.752533 -0.880351 2.140363
v 1.752533 -0.880351 1.799766
v 1.752533 0.130116 1.799766
v 1.752534 0.130116 1.619766
v 1.752534 -0.880351 1.619766
v 1.558865 -0.880351 1.799766
v 1.752533 0.371823 2.038624
v 1.558864 0.371823 2.038624
v 1.558864 0.371823 1.799766
v 1.752533 0.371823 1.799766
v 1.752533 -0.221551 2.038624
v 1.558865 0.126703 1.799766
v 1.558864 -0.225759 2.038624
v 1.558865 0.126704 1.619766
v 1.558865 -0.880351 1.619766
v 1.558865 -0.225759 2.140363
v 1.752533 -0.221551 2.140363
v -1.586147 0.056170 -1.043546
v -1.609245 0.056170 -1.043546
v -1.609245 1.136170 -1.043546
v -1.586147 1.136170 -1.043545
v -1.586147 0.056170 -1.069817
v -1.586147 1.136170 -1.069817
v -1.609245 1.136170 -1.069817
v -1.609245 0.056170 -1.069817
v 2.227630 -0.853830 0.536949
v 2.211539 -0.853830 0.536949
v 2.211539 -0.713830 0.536949
v 2.227630 -0.713830 0.536949
v 2.227630 -0.853830 0.516029
v 2.227630 -0.713830 0.516029
v 2.211539 -0.713830 0.516029
v 2.211539 -0.853830 0.516029
v -3.601033 0.238994 -1.287881
v -3.601033 0.238994 -1.025465
v -3.601034 -0.451005 -1.025464
v -3.601034 -0.451005 -1.287881
v -3.214679 0.238993 -1.287882
v -3.214680 -0.451006 -1.287881
v -3.214680 -0.451006 -1.025465
v -3.214679 0.238994 -1.025465
v -2.130875 0.546170 0.534535
v -1.910875 0.546170 0.534535
v -1.910875 0.976170 0.534535
v -2.130875 0.976170 0.534535
v -2.130875 0.546170 0.754535
v -2.130875 1.086170 0.754535
v -1.910875 1.086170 0.754535
v -1.910875 0.546170 0.754535
v -1.910875 1.086170 0.644535
v -2.130875 1.086170 0.644535
v 2.562305 -0.893830 2.719384
v 2.296606 -0.893830 2.719384
v 2.296606 -0.453830 2.719384
v 2.562305 -0.453830 2.719384
v 2.562305 -0.893830 2.362067
v 2.562305 -0.383830 2.362067
v 2.296606 -0.383830 2.362067
v 2.296606 -0.893830 2.362067
v 2.296606 -0.383830 2.540725
v 2.562305 -0.383830 2.540725
v 2.296606 -0.323830 2.362067
v 2.296606 -0.323830 2.540726
v 2.562305 -0.323830 2.362067
v 2.429456 -0.323830 2.362067
v 2.562305 -0.323830 2.540726
v 2.429456 -0.323830 2.540726
v 2.296606 -0.273829 2.362067
v 2.296606 -0.273829 2.540726
v 2.429456 -0.273829 2.362067
v 2.429456 -0.273829 2.540726
v -1.883386 -0.843829 1.877226
v -2.259986 -0.843829 1.877226
v -2.259987 0.786171 1.877226
v -1.883386 0.786171 1.877226
v -1.883386 -0.843829 1.370768
v -1.883386 0.786171 1.370768
v -2.259986 0.786171 1.370768
v -2.259986 -0.843829 1.370767
v 1.889652 -0.966438 0.154521
v 1.555114 -0.966438 0.154520
v 1.555114 -0.066438 0.154521
v 1.889652 -0.066438 0.154521
v 1.889652 -0.966438 -0.225207
v 1.889652 -0.066438 -0.225207
v 1.555114 -0.066438 -0.225207
v 1.555114 -0.966438 -0.225207
v 1.717757 1.586170 1.223168
v 1.702367 1.580742 1.196510
v 1.717757 1.580742 1.192386
v 1.691100 1.580742 1.207777
v 1.686976 1.580742 1.223168
v 1.691100 1.580742 1.238559
v 1.702367 1.580742 1.249825
v 1.717757 1.580742 1.253950
v 1.733148 1.580742 1.249825
v 1.744415 1.580742 1.238559
v 1.748539 1.580742 1.223168
v 1.744415 1.580742 1.207777
v 1.733148 1.580742 1.196510
v 1.688832 1.565114 1.173067
v 1.717757 1.565114 1.165317
v 1.667657 1.565114 1.194242
v 1.659907 1.565114 1.223168
v 1.667657 1.565114 1.252093
v 1.688832 1.565114 1.273268
v 1.717757 1.565114 1.281019
v 1.746683 1.565114 1.273268
v 1.767858 1.565114 1.252093
v 1.775608 1.565114 1.223168
v 1.767858 1.565114 1.194242
v 1.746683 1.565114 1.173067
v 1.678786 1.541170 1.155668
v 1.717757 1.541170 1.145226
v 1.650257 1.541170 1.184196
v 1.639815 1.541170 1.223168
v 1.650257 1.541170 1.262139
v 1.678786 1.541170 1.290668
v 1.717757 1.541170 1.301110
v 1.756729 1.541170 1.290668
v 1.785257 1.541170 1.262139
v 1.795700 1.541170 1.223168
v 1.785257 1.541170 1.184197
v 1.756729 1.541170 1.155668
v 1.673441 1.511799 1.146410
v 1.717757 1.511799 1.134535
v 1.640999 1.511799 1.178851
v 1.629125 1.511799 1.223168
v 1.640999 1.511799 1.267484
v 1.673441 1.511799 1.299926
v 1.717757 1.511799 1.311800
v 1.762074 1.511799 1.299926
v 1.794516 1.511799 1.267484
v 1.806390 1.511799 1.223168
v 1.794516 1.511799 1.178851
v 1.762074 1.511799 1.146410
v 1.673441 1.480542 1.146410
v 1.717757 1.480542 1.134535
v 1.640999 1.480542 1.178851
v 1.629125 1.480542 1.223168
v 1.640999 1.480542 1.267484
v 1.673441 1.480542 1.299926
v 1.717757 1.480542 1.311800
v 1.762074 1.480542 1.299926
v 1.794516 1.480542 1.267484
v 1.806390 1.480542 1.223168
v 1.794516 1.480542 1.178851
v 1.762074 1.480542 1.146410
v 1.678786 1.451170 1.155668
v 1.717757 1.451170 1.145226
v 1.650257 1.451170 1.184196
v 1.639815 1.451170 1.223168
v 1.650257 1.451170 1.262139
v 1.678786 1.451170 1.290668
v 1.717757 1.451170 1.301110
v 1.756729 1.451170 1.290668
v 1.785257 1.451170 1.262139
v 1.795700 1.451170 1.223168
v 1.785257 1.451170 1.184196
v 1.756729 1.451170 1.155668
v 1.688832 1.427226 1.173067
v 1.717757 1.427226 1.165317
v 1.667657 1.427226 1.194242
v 1.659907 1.427226 1.223168
v 1.667657 1.427226 1.252093
v 1.688832 1.427226 1.273268
v 1.717757 1.427226 1.281018
v 1.746683 1.427226 1.273268
v 1.767858 1.427226 1.252093
v 1.775608 1.427226 1.223168
v 1.767858 1.427226 1.194242
v 1.746683 1.427226 1.173067
v 1.702367 1.411598 1.196510
v 1.717757 1.411598 1.192386
v 1.691100 1.411598 1.207777
v 1.686976 1.411598 1.223168
v 1.691100 1.411598 1.238559
v 1.702367 1.411598 1.249825
v 1.717757 1.411598 1.253949
v 1.733148 1.411598 1.249825
v 1.744415 1.411598 1.238559
v 1.748539 1.411598 1.223168
v 1.744415 1.411598 1.207777
v 1.733148 1.411598 1.196510
v 1.717757 1.406170 1.223168
v -1.173166 -0.729317 -4.133711
v -1.173166 -0.356609 -4.133710
v -2.153165 -0.356608 -4.133712
v -2.153165 -0.729316 -4.133712
v -1.173167 -0.729317 -3.584976
v -2.153166 -0.729317 -3.584977
v -2.153165 -0.356609 -3.584977
v -1.173166 -0.356610 -3.584975
v -1.200875 -0.433830 -3.985465
v -1.330875 -0.433830 -3.985465
v -1.330875 -0.303830 -3.985465
v -1.200875 -0.303830 -3.985465
v -1.200875 -0.433830 -4.115465
v -1.200875 -0.303830 -4.115465
v -1.330875 -0.303830 -4.115465
v -1.330875 -0.433830 -4.115465
v 1.374125 -0.823830 4.089535
v 1.174125 -0.823830 4.089535
v 1.174125 -0.123829 4.089535
v 1.374125 -0.123829 4.089535
v 1.374125 -0.823830 3.929535
v 1.374125 -0.123829 3.929535
v 1.174125 -0.123829 3.929535
v 1.174125 -0.823830 3.929535
v -2.890875 0.096170 -3.125465
v -3.300875 0.096170 -3.125465
v -3.300875 0.506170 -3.125465
v -2.890875 0.506170 -3.125465
v -2.890875 0.096170 -3.535465
v -2.890875 0.506170 -3.535465
v -3.300875 0.506170 -3.535465
v -3.300875 0.096170 -3.535465
v 2.427391 -0.663830 4.176269
v 2.390624 -0.676795 4.112586
v 2.427391 -0.676795 4.102734
v 2.363709 -0.676795 4.139502
v 2.353857 -0.676795 4.176269
v 2.363709 -0.676795 4.213036
v 2.390624 -0.676795 4.239951
v 2.427391 -0.676795 4.249803
v 2.464159 -0.676795 4.239951
v 2.491074 -0.676795 4.213036
v 2.500926 -0.676795 4.176269
v 2.491074 -0.676795 4.139502
v 2.464158 -0.676795 4.112586
v 2.358292 -0.714130 4.056584
v 2.427391 -0.714130 4.038069
v 2.307707 -0.714130 4.107169
v 2.289192 -0.714130 4.176269
v 2.307707 -0.714130 4.245368
v 2.358292 -0.714130 4.295953
v 2.427391 -0.714130 4.314468
v 2.496491 -0.714130 4.295953
v 2.547076 -0.714130 4.245368
v 2.565591 -0.714130 4.176269
v 2.547076 -0.714130 4.107169
v 2.496491 -0.714130 4.056584
v 2.334294 -0.771329 4.015018
v 2.427391 -0.771329 3.990073
v 2.266141 -0.771330 4.083171
v 2.241196 -0.771330 4.176269
v 2.266141 -0.771330 4.269366
v 2.334294 -0.771329 4.337519
v 2.427391 -0.771329 4.362464
v 2.520489 -0.771329 4.337519
v 2.588641 -0.771329 4.269366
v 2.613587 -0.771329 4.176269
v 2.588641 -0.771329 4.083171
v 2.520489 -0.771329 4.015018
v 2.321524 -0.841495 3.992902
v 2.427391 -0.841495 3.964535
v 2.244025 -0.841495 4.070402
v 2.215657 -0.841495 4.176269
v 2.244025 -0.841495 4.282135
v 2.321524 -0.841495 4.359635
v 2.427391 -0.841495 4.388002
v 2.533258 -0.841495 4.359635
v 2.610758 -0.841495 4.282135
v 2.639125 -0.841495 4.176269
v 2.610758 -0.841495 4.070402
v 2.533258 -0.841495 3.992902
v 2.321524 -0.916164 3.992902
v 2.427391 -0.916164 3.964535
v 2.244025 -0.916164 4.070402
v 2.215658 -0.916164 4.176269
v 2.244025 -0.916164 4.282135
v 2.321524 -0.916164 4.359635
v 2.427391 -0.916164 4.388002
v 2.533258 -0.916164 4.359635
v 2.610758 -0.916164 4.282135
v 2.639125 -0.916164 4.176269
v 2.610758 -0.916164 4.070402
v 2.533258 -0.916164 3.992902
v 2.334294 -0.986329 4.015018
v 2.427391 -0.986329 3.990073
v 2.266141 -0.986329 4.083171
v 2.241196 -0.986329 4.176269
v 2.266141 -0.986329 4.269366
v 2.334294 -0.986329 4.337519
v 2.427391 -0.986329 4.362464
v 2.520489 -0.986329 4.337519
v 2.588641 -0.986329 4.269366
v 2.613587 -0.986329 4.176269
v 2.588641 -0.986329 4.083171
v 2.520489 -0.986329 4.015018
v 2.358292 -1.043529 4.056584
v 2.427391 -1.043529 4.038069
v 2.307707 -1.043529 4.107169
v 2.289192 -1.043529 4.176269
v 2.307707 -1.043529 4.245368
v 2.358292 -1.043529 4.295953
v 2.427391 -1.043529 4.314468
v 2.496491 -1.043529 4.295953
v 2.547076 -1.043529 4.245368
v 2.565591 -1.043529 4.176269
v 2.547076 -1.043529 4.107169
v 2.496491 -1.043529 4.056584
v 2.390624 -1.080864 4.112586
v 2.427391 -1.080864 4.102734
v 2.363709 -1.080864 4.139502
v 2.353857 -1.080864 4.176269
v 2.363709 -1.080864 4.213036
v 2.390624 -1.080864 4.239951
v 2.427391 -1.080864 4.249803
v 2.464159 -1.080864 4.239951
v 2.491074 -1.080864 4.213036
v 2.500926 -1.080864 4.176269
v 2.491074 -1.080864 4.139502
v 2.464159 -1.080864 4.112586
v 2.427391 -1.093830 4.176269
v -0.600996 -0.896003 4.157749
v -0.931889 -0.896003 4.157749
v -0.931889 0.536170 4.157750
v -0.600995 0.536170 4.157750
v -0.600996 -0.896003 3.712758
v -0.600995 0.536170 3.712758
v -0.931889 0.536170 3.712758
v -0.931890 -0.896003 3.712758
v 1.915226 -0.853830 -3.072870
v 1.572861 -0.853830 -3.072870
v 1.572861 -0.232526 -3.072870
v 1.915226 -0.232526 -3.072870
v 1.915226 -0.853830 -3.401728
v 1.930226 -0.473178 -3.401728
v 1.915225 -0.853830 -3.631728
v 1.572862 -0.853830 -3.401728
v 1.602861 -0.092526 -3.401728
v 1.945226 -0.092526 -3.401728
v 1.587861 -0.473178 -3.401728
v 1.577861 -0.603178 -3.631728
v 1.920226 -0.603178 -3.631728
v 1.572861 -0.853830 -3.631728
v -1.929036 0.726170 -2.174719
v -1.938019 0.726170 -2.174719
v -1.938019 1.146170 -2.174719
v -1.929036 1.146170 -2.174719
v -1.929036 0.726170 -2.184935
v -1.929036 1.146170 -2.184935
v -1.938019 1.146170 -2.184935
v -1.938019 0.726170 -2.184935
v 0.874084 -0.856873 3.104638
v 0.874084 -0.856872 2.771246
v 0.874084 0.066606 2.771246
v 0.874084 0.066606 3.104639
v 1.144104 -0.856873 3.104638
v 1.144104 0.066606 3.104639
v 1.144104 0.066606 2.771247
v 1.144104 -0.856872 2.771246
v -0.680875 0.246170 -3.305465
v -0.810875 0.246170 -3.305465
v -0.810875 0.376170 -3.305465
v -0.680875 0.376170 -3.305465
v -0.680875 0.246170 -3.435465
v -0.680875 0.376170 -3.435465
v -0.810875 0.376170 -3.435465
v -0.810875 0.246170 -3.435465
v -3.698370 -0.863830 0.816361
v -4.015697 -0.863830 0.816360
v -4.015697 1.556170 0.816360
v -3.698370 1.556170 0.816360
v -3.698370 -0.863830 0.369567
v -3.698370 1.556170 0.369566
v -4.015697 1.556170 0.369566
v -4.015697 -0.863830 0.369566
v -2.565883 -0.873830 2.303641
v -2.565883 -0.873830 2.634535
v -2.565883 0.558344 2.634535
v -2.565883 0.558344 2.303641
v -3.010875 -0.873830 2.303641
v -3.010875 0.558344 2.303641
v -3.010875 0.558344 2.634535
v -3.010875 -0.873830 2.634535
v 2.036711 -0.853830 -1.526959
v 2.020619 -0.853830 -1.526959
v 2.020619 -0.713830 -1.526959
v 2.036711 -0.713830 -1.526959
v 2.036711 -0.853830 -1.547879
v 2.036711 -0.713830 -1.547879
v 2.020619 -0.713830 -1.547879
v 2.020619 -0.853830 -1.547879
v 1.764435 -0.896003 2.516015
v 1.570766 -0.896003 2.516015
v 1.570766 0.176170 2.516015
v 1.764435 0.176170 2.516015
v 1.764435 -0.896003 2.277157
v 1.764435 0.176170 2.277157
v 1.570766 0.176170 2.277157
v 1.570766 -0.896003 2.277157
v -2.273852 -0.843830 -1.675465
v -2.273852 -0.843830 -1.257269
v -2.273852 2.126170 -1.257269
v -2.273852 2.126170 -1.675465
v -2.570875 -0.843830 -1.675465
v -2.570875 2.126170 -1.675465
v -2.570875 2.126170 -1.257269
v -2.570875 -0.843830 -1.257269
v -1.225987 -0.843829 1.317750
v -1.556881 -0.843829 1.317750
v -1.556882 0.598344 1.317750
v -1.225988 0.598344 1.317750
v -1.225987 -0.843830 1.052758
v -1.225988 0.598344 1.052758
v -1.556882 0.598344 1.052758
v -1.556881 -0.843830 1.052758
v 0.967766 0.786605 -1.894141
v 0.957053 0.786605 -1.894141
v 0.957053 1.287475 -1.894140
v 0.967766 1.287475 -1.894140
v 0.967766 0.786605 -1.906324
v 0.967765 1.287475 -1.906324
v 0.957053 1.287475 -1.906324
v 0.957053 0.786605 -1.906324
v 1.006768 -0.489047 2.205604
v 0.821216 -0.489047 2.205604
v 0.821216 0.872692 2.205604
v 1.006767 0.872692 2.205604
v 1.006768 -0.489047 1.994557
v 1.006768 0.872692 1.994557
v 0.821216 0.872692 1.994557
v 0.821216 -0.489047 1.994557
v -1.210875 -0.863829 1.990316
v -1.210875 -0.863829 2.304535
v -1.210875 0.496170 2.304536
v -1.210875 0.496170 1.990317
v -1.633442 -0.863829 1.990316
v -1.633442 0.496170 1.990317
v -1.633442 0.496170 2.304535
v -1.633442 -0.863829 2.304535
v -1.878603 0.736170 -2.723701
v -1.887585 0.736170 -2.723701
v -1.887585 1.156170 -2.723701
v -1.878603 1.156170 -2.723701
v -1.878603 0.736170 -2.733918
v -1.878603 1.156170 -2.733918
v -1.887585 1.156170 -2.733918
v -1.887585 0.736170 -2.733918
v -2.129255 0.746170 1.683106
v -2.137168 0.746170 1.683106
v -2.137168 1.116170 1.683106
v -2.129255 1.116170 1.683106
v -2.129255 0.746170 1.674105
v -2.129255 1.116170 1.674105
v -2.137168 1.116170 1.674105
v -2.137168 0.746170 1.674105
v -2.660164 0.066171 2.353492
v -2.660164 0.066170 2.584535
v -2.660164 1.066170 2.584535
v -2.660164 1.066170 2.353492
v -2.970875 0.066170 2.353492
v -2.970875 1.066170 2.353492
v -2.970875 1.066170 2.584535
v -2.970875 0.066170 2.584535
v -0.016164 0.056170 -0.472319
v -0.282242 0.056170 -0.472319
v -0.282243 1.516170 -0.472320
v -0.016165 1.516170 -0.472320
v -0.016164 0.056170 -0.748335
v -0.016164 1.516170 -0.748336
v -0.282242 1.516170 -0.748336
v -0.282242 0.056170 -0.748335
v 0.689125 -0.483830 -2.919965
v 0.413625 -0.483830 -2.919965
v 0.413625 0.096170 -2.919965
v 0.689125 0.096170 -2.919965
v 0.689125 -0.483830 -3.195465
v 0.689125 0.096170 -3.195465
v 0.413625 0.096170 -3.195465
v 0.413625 -0.483830 -3.195465
v -1.160995 -0.883830 0.557750
v -1.491889 -0.883830 0.557750
v -1.491890 0.358343 0.557750
v -1.160996 0.358343 0.557750
v -1.160995 -0.883830 0.112758
v -1.160995 0.358343 0.112758
v -1.491889 0.358343 0.112758
v -1.491889 -0.883830 0.112758
v -0.780875 0.436171 4.134535
v -0.910875 0.436171 4.134535
v -0.910875 0.566171 4.134535
v -0.780875 0.566171 4.134535
v -0.780875 0.436171 4.004535
v -0.780875 0.566171 4.004535
v -0.910875 0.566171 4.004535
v -0.910875 0.436171 4.004535
v 2.379125 -0.843829 1.044535
v 2.179125 -0.843830 1.044535
v 2.179125 -0.643830 1.044535
v 2.379125 -0.643830 1.044535
v 2.379125 -0.843829 0.794535
v 2.379125 -0.643829 0.794535
v 2.179125 -0.643830 0.794535
v 2.179125 -0.843829 0.794535
v 1.692896 0.630083 0.665700
v 1.684192 0.630083 0.665700
v 1.684192 1.037040 0.665700
v 1.692896 1.037040 0.665700
v 1.692896 0.630083 0.655801
v 1.692896 1.037040 0.655801
v 1.684192 1.037040 0.655801
v 1.684192 0.630083 0.655801
v -0.850875 0.566170 4.054534
v -0.880875 0.566170 4.054534
v -0.880875 0.596170 4.054534
v -0.850875 0.596170 4.054534
v -0.850875 0.566170 4.024535
v -0.850875 0.596170 4.024535
v -0.880875 0.596170 4.024535
v -0.880875 0.566170 4.024535
v 0.985577 -0.872525 1.616015
v 0.791908 -0.872525 1.616015
v 0.791908 1.123127 1.616015
v 0.985577 1.123127 1.616015
v 0.985577 -0.872525 1.377157
v 0.985577 1.123127 1.377157
v 0.791908 1.123127 1.377157
v 0.791909 -0.872525 1.377157
v 0.705100 -0.872525 0.746618
v 0.412178 -0.872525 0.746618
v 0.412177 -0.160351 0.746618
v 0.705100 -0.160351 0.746618
v 0.705100 -0.872525 0.352691
v 0.705100 -0.160351 0.352690
v 0.412178 -0.160351 0.352690
v 0.412178 -0.872525 0.352691
v 1.427401 0.266170 -0.772015
v 1.282574 0.266170 -0.772015
v 1.282574 -0.993830 -0.772015
v 1.427401 -0.993830 -0.772015
v 1.282574 -0.993830 -0.583741
v 1.282574 0.266170 -0.583741
v 1.427401 0.266170 -0.583741
v 1.427401 -0.993830 -0.583741
v 0.957801 -0.395134 2.361524
v 0.756254 -0.395134 2.361524
v 0.756253 1.083997 2.361524
v 0.957801 1.083997 2.361524
v 0.957801 -0.395134 2.132283
v 0.957801 1.083997 2.132283
v 0.756253 1.083997 2.132283
v 0.756254 -0.395134 2.132283
v 1.362538 0.097910 -1.382559
v 1.351826 0.097910 -1.382559
v 1.351826 0.598779 -1.382559
v 1.362538 0.598779 -1.382559
v 1.362538 0.097910 -1.394743
v 1.362538 0.598779 -1.394743
v 1.351826 0.598779 -1.394743
v 1.351826 0.097910 -1.394743
v 0.597225 -0.864699 -1.092780
v 0.361785 -0.864699 -1.092780
v 0.361785 1.561387 -1.092780
v 0.597225 1.561387 -1.092780
v 0.597225 -0.864699 -1.383157
v 0.597225 1.561387 -1.383157
v 0.361785 1.561387 -1.383157
v 0.361785 -0.864699 -1.383157
v 1.930554 -0.856873 1.909424
v 1.676272 -0.856873 1.909424
v 1.676272 -0.152525 1.909424
v 1.930554 -0.152525 1.909424
v 1.930554 -0.856873 1.703476
v 1.930554 -0.152525 1.703476
v 1.676272 -0.152525 1.703476
v 1.676272 -0.856873 1.703476
v -1.779685 -0.833829 3.512897
v -1.996866 -0.833830 3.512897
v -1.996866 0.106170 3.512897
v -1.779685 0.106170 3.512897
v -1.779685 -0.833829 3.220829
v -1.779685 0.106170 3.220829
v -1.996866 0.106170 3.220829
v -1.996866 -0.833829 3.220829
v -2.159255 0.746170 1.783106
v -2.167168 0.746170 1.783106
v -2.167168 1.116170 1.783106
v -2.159255 1.116170 1.783106
v -2.159255 0.746170 1.774105
v -2.159255 1.116170 1.774105
v -2.167168 1.116170 1.774105
v -2.167168 0.746170 1.774105
v 1.970549 -1.036873 3.373354
v 1.505380 -1.036873 3.373354
v 1.505380 -0.277742 3.373354
v 1.970549 -0.277743 3.373354
v 1.970549 -1.036873 2.747786
v 1.970550 -0.277742 2.747786
v 1.505380 -0.277742 2.747786
v 1.505380 -1.036872 2.747786
v -3.360442 -0.953830 -3.575748
v -2.826679 -0.953830 -3.575748
v -2.826679 0.449648 -3.575748
v -3.360442 0.449648 -3.575748
v -3.360442 -0.953830 -2.789893
v -3.360442 0.449648 -2.789893
v -2.826680 0.449648 -2.789893
v -2.826680 -0.953830 -2.789893
v -2.234736 0.068548 -1.051608
v -2.577018 0.068548 -1.051608
v -2.577019 -0.831451 -1.051610
v -2.234737 -0.831451 -1.051610
v -2.234736 0.068546 -0.547668
v -2.234737 -0.831452 -0.547670
v -2.577019 -0.831451 -0.547670
v -2.577018 0.068547 -0.547668
v 0.796875 -0.833830 -4.803215
v -0.250875 -0.833830 -4.803215
v -0.250875 -0.833830 -4.113215
v 0.796875 -0.833830 -4.113214
v 0.796875 -0.426080 -4.803215
v 0.796875 -0.426080 -4.113214
v 0.706795 -0.426080 -4.231861
v 0.706794 -0.426080 -4.684569
v 0.273000 -0.426080 -4.803215
v -0.250875 -0.426080 -4.803215
v -0.250875 -0.426080 -4.113215
v 0.273000 -0.426080 -4.113215
v -0.250875 -0.346080 -4.113215
v 0.273000 -0.346080 -4.113215
v -0.250875 -0.346080 -4.803215
v 0.273000 -0.346080 -4.803215
v -0.179890 -0.346080 -4.206710
v 0.202015 -0.346080 -4.206710
v -0.179890 -0.346080 -4.709720
v 0.202015 -0.346080 -4.709721
v -0.179890 -0.256080 -4.206710
v 0.202015 -0.256080 -4.206710
v -0.179890 -0.256080 -4.709720
v 0.202015 -0.256080 -4.709721
v 0.363080 -0.426080 -4.231861
v 0.363080 -0.426080 -4.684570
v 0.706795 -0.386080 -4.231861
v 0.706794 -0.386080 -4.684569
v 0.363080 -0.386080 -4.231861
v 0.363080 -0.386080 -4.684570
v 0.062211 -0.833394 2.827364
v -0.268683 -0.833394 2.827364
v -0.268683 0.598779 2.827365
v 0.062211 0.598779 2.827364
v 0.062211 -0.833394 2.382372
v 0.062211 0.598779 2.382373
v -0.268683 0.598779 2.382373
v -0.268683 -0.833394 2.382372
v -0.620875 0.466171 3.854535
v -0.750875 0.466171 3.854535
v -0.750875 0.596171 3.854535
v -0.620875 0.596171 3.854535
v -0.620875 0.466171 3.724535
v -0.620875 0.596171 3.724535
v -0.750875 0.596171 3.724535
v -0.750875 0.466171 3.724535
v 2.329125 -0.853830 -2.755465
v 2.139125 -0.853830 -2.755465
v 2.139125 -0.453830 -2.755465
v 2.329125 -0.453830 -2.755465
v 2.329125 -0.853830 -2.945465
v 2.329125 -0.453830 -2.945465
v 2.139125 -0.453830 -2.945465
v 2.139125 -0.853830 -2.945465
v 2.034213 -0.832921 -1.002506
v 1.700821 -0.832921 -1.002506
v 1.700821 -0.832921 -0.079028
v 2.034213 -0.832921 -0.079028
v 2.034213 -0.562900 -1.002506
v 2.034213 -0.562900 -0.079028
v 1.700821 -0.562900 -0.079028
v 1.700821 -0.562900 -1.002506
v 2.297875 -0.683830 -2.575465
v 2.179125 -0.683830 -2.575465
v 2.179125 -0.433830 -2.575465
v 2.297875 -0.433830 -2.575465
v 2.297875 -0.683830 -2.694215
v 2.297875 -0.433830 -2.694215
v 2.179125 -0.433830 -2.694215
v 2.179125 -0.683830 -2.694215
v 2.598589 -0.883830 -0.743144
v 2.420018 -0.883830 -0.743144
v 2.420018 -0.633830 -0.743144
v 2.598589 -0.633830 -0.743143
v 2.598589 -0.883830 -0.894929
v 2.598589 -0.633830 -0.894929
v 2.420018 -0.633830 -0.894929
v 2.420018 -0.883830 -0.894929
v 0.330492 0.226170 3.395902
v 0.315101 0.220743 3.369245
v 0.330492 0.220743 3.365121
v 0.303834 0.220743 3.380512
v 0.299710 0.220743 3.395902
v 0.303834 0.220743 3.411293
v 0.315101 0.220743 3.422560
v 0.330492 0.220743 3.426684
v 0.345883 0.220743 3.422560
v 0.357150 0.220743 3.411293
v 0.361274 0.220743 3.395902
v 0.357150 0.220743 3.380512
v 0.345883 0.220743 3.369245
v 0.301567 0.205114 3.345802
v 0.330492 0.205114 3.338052
v 0.280392 0.205114 3.366977
v 0.272641 0.205114 3.395902
v 0.280392 0.205114 3.424828
v 0.301567 0.205114 3.446003
v 0.330492 0.205114 3.453753
v 0.359417 0.205114 3.446003
v 0.380592 0.205114 3.424828
v 0.388343 0.205114 3.395902
v 0.380592 0.205114 3.366977
v 0.359417 0.205114 3.345802
v 0.291521 0.181170 3.328402
v 0.330492 0.181170 3.317960
v 0.262992 0.181170 3.356931
v 0.252550 0.181170 3.395902
v 0.262992 0.181170 3.434874
v 0.291521 0.181170 3.463403
v 0.330492 0.181170 3.473845
v 0.369463 0.181170 3.463403
v 0.397992 0.181170 3.434874
v 0.408434 0.181170 3.395902
v 0.397992 0.181170 3.356931
v 0.369463 0.181170 3.328402
v 0.286176 0.151799 3.319144
v 0.330492 0.151799 3.307270
v 0.253734 0.151799 3.351586
v 0.241859 0.151799 3.395902
v 0.253734 0.151799 3.440219
v 0.286176 0.151799 3.472661
v 0.330492 0.151799 3.484535
v 0.374808 0.151799 3.472661
v 0.407250 0.151799 3.440219
v 0.419125 0.151799 3.395902
v 0.407250 0.151799 3.351586
v 0.374808 0.151799 3.319144
v 0.286176 0.120542 3.319144
v 0.330492 0.120542 3.307270
v 0.253734 0.120542 3.351586
v 0.241859 0.120542 3.395902
v 0.253734 0.120542 3.440219
v 0.286176 0.120542 3.472661
v 0.330492 0.120542 3.484535
v 0.374808 0.120542 3.472661
v 0.407250 0.120542 3.440219
v 0.419125 0.120542 3.395902
v 0.407250 0.120542 3.351586
v 0.374808 0.120542 3.319144
v 0.291521 0.091170 3.328402
v 0.330492 0.091170 3.317960
v 0.262992 0.091170 3.356931
v 0.252550 0.091170 3.395902
v 0.262992 0.091170 3.434874
v 0.291521 0.091170 3.463402
v 0.330492 0.091170 3.473845
v 0.369463 0.091170 3.463403
v 0.397992 0.091170 3.434874
v 0.408434 0.091170 3.395902
v 0.397992 0.091170 3.356931
v 0.369463 0.091170 3.328402
v 0.301567 0.067226 3.345802
v 0.330492 0.067226 3.338052
v 0.280392 0.067226 3.366977
v 0.272641 0.067226 3.395902
v 0.280392 0.067226 3.424828
v 0.301567 0.067226 3.446003
v 0.330492 0.067226 3.453753
v 0.359418 0.067226 3.446003
v 0.380592 0.067226 3.424828
v 0.388343 0.067226 3.395902
v 0.380592 0.067226 3.366977
v 0.359418 0.067226 3.345802
v 0.315101 0.051598 3.369245
v 0.330492 0.051598 3.365121
v 0.303834 0.051598 3.380512
v 0.299710 0.051598 3.395902
v 0.303834 0.051598 3.411293
v 0.315101 0.051598 3.422560
v 0.330492 0.051598 3.426684
v 0.345883 0.051598 3.422560
v 0.357150 0.051598 3.411293
v 0.361274 0.051598 3.395902
v 0.357150 0.051598 3.380512
v 0.345883 0.051598 3.369245
v 0.330492 0.046170 3.395902
v -2.839518 0.986170 2.495086
v -2.846148 0.986170 2.495086
v -2.846148 1.296170 2.495086
v -2.839518 1.296170 2.495086
v -2.839518 0.986170 2.487545
v -2.839518 1.296170 2.487545
v -2.846148 1.296170 2.487545
v -2.846148 0.986170 2.487545
v -1.613642 0.146171 3.029208
v -1.807718 0.146171 3.029207
v -1.807718 0.986171 3.029208
v -1.613642 0.986171 3.029208
v -1.613642 0.146171 2.768211
v -1.613642 0.986171 2.768211
v -1.807718 0.986170 2.768211
v -1.807718 0.146171 2.768211
v 0.180156 -0.837758 -2.444628
v -0.019259 -0.837758 -2.444628
v -0.019259 -0.837758 -0.981151
v 0.180156 -0.837758 -0.981151
v 0.180156 -0.610944 -2.444628
v 0.180156 -0.610943 -0.981151
v -0.019259 -0.610943 -0.981151
v -0.019259 -0.610944 -2.444628
v -1.375987 -0.856003 -0.961356
v -1.706881 -0.856003 -0.961356
v -1.706882 0.576170 -0.961356
v -1.375988 0.576170 -0.961356
v -1.375987 -0.856003 -1.406348
v -1.375988 0.576170 -1.406348
v -1.706882 0.576170 -1.406348
v -1.706881 -0.856003 -1.406348
v -2.720995 -0.886003 1.228644
v -3.051889 -0.886003 1.228644
v -3.051890 0.356170 1.228644
v -2.720996 0.356170 1.228644
v -2.720995 -0.886003 0.783652
v -2.720995 0.356170 0.783652
v -3.051889 0.356170 0.783652
v -3.051889 -0.886003 0.783652
v 1.845563 0.387659 -0.079345
v 1.845563 0.387659 -0.200913
v 1.845563 -0.504515 -0.200913
v 1.845563 -0.504515 -0.079345
v 1.707291 0.387659 -0.079345
v 1.707291 -0.504515 -0.079345
v 1.707290 -0.504515 -0.200913
v 1.707290 0.387659 -0.200913
v 1.678348 -0.864699 -1.600507
v 1.484679 -0.864699 -1.600507
v 1.484679 0.669214 -1.600507
v 1.678348 0.669214 -1.600507
v 1.678348 -0.864699 -1.925452
v 1.694000 0.363996 -1.925452
v 1.500331 0.363996 -1.925452
v 1.484679 -0.864699 -1.925452
v 2.097631 -0.833830 -3.636959
v 2.081539 -0.833830 -3.636959
v 2.081539 -0.693830 -3.636959
v 2.097631 -0.693830 -3.636959
v 2.097631 -0.833830 -3.657879
v 2.097631 -0.693830 -3.657879
v 2.081539 -0.693830 -3.657879
v 2.081539 -0.833830 -3.657879
v -0.192277 -0.833394 2.025627
v -0.602590 -0.833394 2.025627
v -0.602590 -0.833394 2.236932
v -0.192277 -0.833394 2.236931
v -0.192277 -0.833394 1.389091
v -0.192277 -0.121221 1.389091
v -0.602590 -0.121221 1.389091
v -0.602590 -0.833395 1.389091
v -0.192277 -0.121221 2.025627
v -0.602591 -0.121221 2.025627
v -0.602590 -0.121221 1.707359
v -0.192277 -0.121221 1.707359
v -0.192277 -0.477307 2.025627
v -0.602591 -0.477307 2.025627
v -0.602591 -0.477307 2.236931
v -0.192277 -0.477307 2.236932
v -0.602590 0.238779 1.389091
v -0.602590 0.356170 1.548224
v -0.602590 0.356170 1.707359
v -0.192277 0.238779 1.389091
v -0.192277 0.356170 1.707359
v -0.192277 0.356170 1.548225
v -2.051977 0.686170 1.705086
v -2.058607 0.686170 1.705086
v -2.058607 0.996170 1.705086
v -2.051977 0.996170 1.705086
v -2.051977 0.686170 1.697545
v -2.051977 0.996170 1.697545
v -2.058607 0.996170 1.697545
v -2.058607 0.686170 1.697545
v -1.012775 -1.063830 -2.395465
v -1.290026 -1.063830 -2.395465
v -1.290026 0.456170 -2.395465
v -1.012775 0.456170 -2.395465
v -1.012775 -1.063830 -2.681208
v -1.012775 0.456170 -2.681208
v -1.290026 0.456170 -2.681208
v -1.290026 -1.063829 -2.681208
v 1.854272 -0.817742 1.383216
v 1.582343 -0.817742 1.383216
v 1.582343 1.177909 1.383216
v 1.854272 1.177909 1.383216
v 1.854272 -0.817742 1.073923
v 1.854272 1.177909 1.073923
v 1.582343 1.177909 1.073923
v 1.582343 -0.817742 1.073923
v -1.999036 0.746170 -2.325736
v -2.008019 0.746170 -2.325736
v -2.008019 1.166170 -2.325736
v -1.999036 1.166170 -2.325736
v -1.999036 0.746170 -2.335953
v -1.999036 1.166170 -2.335953
v -2.008019 1.166170 -2.335953
v -2.008019 0.746170 -2.335953
v 0.687222 -0.919482 -0.053522
v 0.363459 -0.919482 -0.053522
v 0.363459 1.443996 -0.053522
v 0.687221 1.443996 -0.053522
v 0.687222 -0.919482 -0.389377
v 0.687222 1.443996 -0.389377
v 0.363459 1.443996 -0.389377
v 0.363459 -0.919482 -0.389377
v 2.146711 -0.833830 -3.733051
v 2.130619 -0.833830 -3.733051
v 2.130619 -0.693830 -3.733051
v 2.146711 -0.693830 -3.733051
v 2.146711 -0.833830 -3.753970
v 2.146711 -0.693830 -3.753970
v 2.130619 -0.693830 -3.753970
v 2.130619 -0.833830 -3.753970
v 0.541932 -0.853830 4.007169
v 0.541932 -0.853830 3.425085
v 0.541932 -0.294960 3.425085
v 0.541932 -0.294960 3.767356
v 0.541932 -0.574395 4.007169
v 0.826706 -0.853830 4.007169
v 0.826706 -0.574395 4.007169
v 0.826706 -0.294960 3.767356
v 0.826706 -0.294960 3.425085
v 0.826706 -0.853830 3.425085
v 0.541932 -0.574395 4.115085
v 0.541932 -0.853830 4.115085
v 0.826705 -0.574395 4.115085
v 0.826706 -0.853830 4.115085
v -3.772095 -0.837702 -2.551592
v -3.772095 -0.255822 -2.551592
v -3.772097 -0.255820 -1.021594
v -3.772097 -0.837700 -1.021593
v -2.915397 -0.837703 -2.551590
v -2.915400 -0.837701 -1.021592
v -2.915399 -0.255822 -1.021593
v -2.915396 -0.255823 -2.551591
v -3.110995 -0.886003 0.338644
v -3.441889 -0.886003 0.338644
v -3.441890 0.616170 0.338644
v -3.110996 0.616170 0.338644
v -3.110995 -0.886003 -0.106348
v -3.110995 0.285084 -0.106348
v -3.110995 0.285084 -0.366348
v -3.110995 -0.134916 -0.626348
v -3.110995 -0.886003 -0.626348
v -3.441889 -0.886003 -0.106348
v -3.441889 0.616170 -0.106348
v -3.110995 0.616170 -0.106348
v -3.441889 0.285084 -0.106348
v -3.441889 0.285084 -0.366348
v -3.441889 -0.886003 -0.626348
v -3.441889 -0.134916 -0.626348
v 1.497413 -0.413830 -0.880446
v 1.001900 -0.413830 -0.880446
v 1.001901 -0.892916 -0.880446
v 1.497413 -0.892916 -0.880446
v 1.001901 -0.892917 -0.340446
v 1.001901 -0.413830 -0.340446
v 1.497413 -0.413830 -0.340446
v 1.497414 -0.892917 -0.340446
v 0.140267 -0.823829 1.808204
v 0.140267 -0.823829 1.614535
v 0.140267 0.788345 1.614535
v 0.140267 0.788345 1.808203
v 0.379125 -0.823829 1.808204
v 0.379125 0.788345 1.808203
v 0.379125 0.788345 1.614535
v 0.379125 -0.823829 1.614535
v 1.816386 0.011823 1.344133
v 1.614839 0.011823 1.344132
v 1.614838 1.490953 1.344133
v 1.816386 1.490953 1.344133
v 1.816387 0.011823 1.114892
v 1.816386 1.490953 1.114892
v 1.614839 1.490953 1.114892
v 1.614839 0.011823 1.114892
v 2.227630 -0.513830 -2.893051
v 2.211539 -0.513830 -2.893051
v 2.211539 -0.373830 -2.893051
v 2.227630 -0.373830 -2.893051
v 2.227630 -0.513830 -2.913970
v 2.227630 -0.373830 -2.913970
v 2.211539 -0.373830 -2.913970
v 2.211539 -0.513830 -2.913970
v 2.467391 -0.663830 3.502801
v 2.430624 -0.676795 3.439119
v 2.467391 -0.676795 3.429267
v 2.403709 -0.676795 3.466034
v 2.393857 -0.676795 3.502801
v 2.403709 -0.676795 3.539569
v 2.430624 -0.676795 3.566484
v 2.467391 -0.676795 3.576336
v 2.504158 -0.676795 3.566484
v 2.531074 -0.676795 3.539569
v 2.540926 -0.676795 3.502801
v 2.531074 -0.676795 3.466034
v 2.504158 -0.676795 3.439119
v 2.398292 -0.714130 3.383117
v 2.467391 -0.714130 3.364602
v 2.347707 -0.714130 3.433702
v 2.329192 -0.714130 3.502801
v 2.347707 -0.714130 3.571901
v 2.398292 -0.714130 3.622486
v 2.467391 -0.714130 3.641001
v 2.536491 -0.714130 3.622486
v 2.587075 -0.714130 3.571901
v 2.605591 -0.714130 3.502801
v 2.587075 -0.714130 3.433702
v 2.536491 -0.714130 3.383117
v 2.374294 -0.771329 3.341551
v 2.467391 -0.771329 3.316606
v 2.306141 -0.771330 3.409704
v 2.281196 -0.771330 3.502801
v 2.306141 -0.771330 3.595899
v 2.374294 -0.771329 3.664052
v 2.467391 -0.771329 3.688997
v 2.560489 -0.771329 3.664052
v 2.628641 -0.771329 3.595899
v 2.653587 -0.771329 3.502801
v 2.628641 -0.771329 3.409704
v 2.560489 -0.771329 3.341551
v 2.361524 -0.841495 3.319435
v 2.467391 -0.841495 3.291068
v 2.284024 -0.841495 3.396935
v 2.255657 -0.841495 3.502801
v 2.284024 -0.841495 3.608668
v 2.361524 -0.841495 3.686168
v 2.467391 -0.841495 3.714535
v 2.573258 -0.841495 3.686168
v 2.650758 -0.841495 3.608668
v 2.679125 -0.841495 3.502801
v 2.650758 -0.841495 3.396935
v 2.573258 -0.841495 3.319435
v 2.361524 -0.916164 3.319435
v 2.467391 -0.916164 3.291068
v 2.284024 -0.916164 3.396935
v 2.255658 -0.916164 3.502801
v 2.284024 -0.916164 3.608668
v 2.361524 -0.916164 3.686168
v 2.467391 -0.916164 3.714535
v 2.573258 -0.916164 3.686168
v 2.650758 -0.916164 3.608668
v 2.679125 -0.916164 3.502801
v 2.650758 -0.916164 3.396935
v 2.573258 -0.916164 3.319435
v 2.374294 -0.986330 3.341551
v 2.467391 -0.986330 3.316606
v 2.306141 -0.986330 3.409704
v 2.281196 -0.986330 3.502801
v 2.306141 -0.986329 3.595899
v 2.374294 -0.986329 3.664052
v 2.467391 -0.986329 3.688997
v 2.560489 -0.986329 3.664051
v 2.628641 -0.986329 3.595899
v 2.653587 -0.986330 3.502801
v 2.628641 -0.986330 3.409704
v 2.560489 -0.986330 3.341551
v 2.398292 -1.043529 3.383117
v 2.467391 -1.043529 3.364602
v 2.347707 -1.043529 3.433702
v 2.329192 -1.043529 3.502801
v 2.347707 -1.043529 3.571901
v 2.398292 -1.043529 3.622486
v 2.467391 -1.043529 3.641001
v 2.536491 -1.043529 3.622486
v 2.587075 -1.043529 3.571901
v 2.605591 -1.043529 3.502801
v 2.587075 -1.043529 3.433702
v 2.536491 -1.043529 3.383117
v 2.430624 -1.080864 3.439119
v 2.467391 -1.080864 3.429267
v 2.403709 -1.080864 3.466034
v 2.393857 -1.080864 3.502801
v 2.403709 -1.080864 3.539569
v 2.430624 -1.080864 3.566484
v 2.467391 -1.080864 3.576336
v 2.504158 -1.080864 3.566484
v 2.531074 -1.080864 3.539569
v 2.540926 -1.080864 3.502801
v 2.531074 -1.080864 3.466034
v 2.504158 -1.080864 3.439119
v 2.467391 -1.093830 3.502801
v 1.889125 -0.233830 -3.155465
v 1.699125 -0.233830 -3.155465
v 1.699125 -0.043830 -3.155465
v 1.889125 -0.043830 -3.155465
v 1.889125 -0.233830 -3.345465
v 1.889125 -0.043830 -3.345465
v 1.699125 -0.043830 -3.345465
v 1.699125 -0.233830 -3.345465
v 1.560125 -0.853830 4.673534
v 1.408125 -0.853830 4.673534
v 1.408125 -0.701830 4.673534
v 1.560125 -0.701830 4.673535
v 1.560125 -0.853830 4.483535
v 1.560125 -0.701830 4.483535
v 1.408125 -0.701830 4.483535
v 1.408125 -0.853830 4.483534
v 1.345577 -0.872525 -0.497028
v 1.151908 -0.872525 -0.497029
v 1.151908 -0.872525 -0.403115
v 1.345577 -0.872525 -0.403116
v 1.345577 -0.872525 -0.837626
v 1.345577 1.123127 -0.837626
v 1.151908 1.123127 -0.837626
v 1.151908 -0.872525 -0.837626
v 1.345577 1.123127 -0.497029
v 1.151908 1.123127 -0.497029
v 1.345577 0.125301 -0.497028
v 1.151908 0.125301 -0.497028
v 1.151908 0.125301 -0.403116
v 1.345577 0.125301 -0.403116
v -0.425303 -0.867308 -1.093805
v -0.749066 -0.867308 -1.093805
v -0.749066 1.196170 -1.093805
v -0.425303 1.196170 -1.093805
v -0.425303 -0.867308 -1.429660
v -0.425303 1.196170 -1.429661
v -0.749066 1.196170 -1.429661
v -0.749066 -0.867308 -1.429660
v 1.692896 0.309214 1.847439
v 1.684192 0.309214 1.847439
v 1.684192 0.716170 1.847439
v 1.692896 0.716170 1.847439
v 1.692896 0.309214 1.837540
v 1.692896 0.716170 1.837540
v 1.684192 0.716170 1.837540
v 1.684192 0.309214 1.837540
v -1.790995 -0.883830 0.038644
v -2.121889 -0.883830 0.038644
v -2.121889 0.038343 0.038644
v -1.790996 0.038343 0.038644
v -1.790995 -0.883830 -0.406348
v -1.790995 0.038343 -0.406348
v -2.121889 0.038343 -0.406348
v -2.121889 -0.883830 -0.406348
v 1.752533 -0.849047 0.809928
v 1.558865 -0.849047 0.809928
v 1.558864 0.763127 0.809928
v 1.752533 0.763127 0.809928
v 1.752533 -0.849047 0.571070
v 1.752533 0.763127 0.571070
v 1.558864 0.763127 0.571070
v 1.558865 -0.849047 0.571070
v 2.203090 -0.503830 -3.311729
v 2.162861 -0.503830 -3.311729
v 2.162861 -0.853830 -3.311729
v 2.203090 -0.853830 -3.311729
v 2.162861 -0.853830 -3.259430
v 2.162861 -0.503830 -3.259430
v 2.203090 -0.503830 -3.259430
v 2.203090 -0.853830 -3.259430
v -4.231159 -0.933830 -0.523805
v -4.554921 -0.933830 -0.523805
v -4.554922 2.349648 -0.523806
v -4.231159 2.349648 -0.523806
v -4.231158 -0.933830 -0.939660
v -4.231159 2.259648 -0.939661
v -4.554921 2.259648 -0.939661
v -4.554921 -0.933830 -0.939660
v -4.554921 2.349648 -0.731733
v -4.231159 2.349648 -0.731733
v 0.015255 -0.833395 -0.420465
v -0.315639 -0.833395 -0.420465
v -0.315639 0.982257 -0.420465
v 0.015254 0.982257 -0.420465
v 0.015255 -0.833395 -0.763717
v 0.015255 0.982257 -0.763717
v -0.315639 0.982257 -0.763718
v -0.315639 -0.833395 -0.763717
v 1.388278 -0.035134 -1.464507
v 1.366519 -0.035134 -1.464507
v 1.366519 0.982257 -1.464507
v 1.388278 0.982257 -1.464507
v 1.388278 -0.035134 -1.489256
v 1.388278 0.982257 -1.489255
v 1.366519 0.982257 -1.489255
v 1.366519 -0.035134 -1.489256
v -1.816853 -0.883830 -2.055465
v -2.132409 -0.883830 -2.055465
v -2.132409 0.846170 -2.055465
v -1.816853 0.846170 -2.055465
v -1.816853 -0.883830 -2.380686
v -1.816853 0.846170 -2.380686
v -2.132409 0.846170 -2.380686
v -2.132409 -0.883830 -2.380686
v 2.319125 -0.963830 -2.525465
v 2.129125 -0.963830 -2.525465
v 2.129125 -0.563830 -2.525465
v 2.319125 -0.563830 -2.525465
v 2.319125 -0.963830 -2.715465
v 2.319125 -0.563830 -2.715465
v 2.129125 -0.563830 -2.715465
v 2.129125 -0.963830 -2.715465
v -0.420875 0.226170 -3.025465
v -0.550875 0.226170 -3.025465
v -0.550875 0.356170 -3.025465
v -0.420875 0.356170 -3.025465
v -0.420875 0.226170 -3.155465
v -0.420875 0.356170 -3.155465
v -0.550875 0.356170 -3.155465
v -0.550875 0.226170 -3.155465
v 1.830794 -0.880351 -2.255914
v 1.488430 -0.880351 -2.255914
v 1.488430 0.050953 -2.255914
v 1.830794 0.050953 -2.255914
v 1.830794 -0.880351 -2.494772
v 1.830794 0.050953 -2.494772
v 1.488430 0.050953 -2.494772
v 1.488430 -0.880351 -2.494772
v -1.053558 -0.903829 2.208835
v -1.053558 -0.903829 2.474535
v -1.053558 0.246170 2.474535
v -1.053558 0.246170 2.208835
v -1.410875 -0.903829 2.208835
v -1.410875 0.246170 2.208835
v -1.410875 0.246170 2.474535
v -1.410875 -0.903829 2.474535
v -3.695303 -0.943830 1.716195
v -4.019066 -0.943830 1.716195
v -4.019066 2.249648 1.716194
v -3.695303 2.249648 1.716194
v -3.695303 -0.943830 1.260340
v -3.695303 2.249648 1.260339
v -4.019066 2.249648 1.260339
v -4.019066 -0.943830 1.260339
v 2.053268 -0.872525 3.449488
v 1.722374 -0.872525 3.449488
v 1.722374 -0.332525 3.449488
v 2.053268 -0.332525 3.449488
v 2.053268 -0.872525 3.004496
v 2.053268 -0.332525 3.004496
v 1.722374 -0.332525 3.004496
v 1.722374 -0.872524 3.004496
v -3.669384 -0.415386 -2.433907
v -3.669383 -0.004648 -2.433908
v -3.669384 -0.004646 -1.353909
v -3.669385 -0.415385 -1.353909
v -3.064656 -0.415387 -2.433906
v -3.064657 -0.415386 -1.353908
v -3.064656 -0.004648 -1.353908
v -3.064655 -0.004648 -2.433907
v 0.129904 -0.853830 4.222638
v 0.129904 -0.853830 3.251744
v 0.129903 0.078344 3.251744
v 0.129903 0.078344 3.822638
v 0.129904 -0.387743 4.222638
v 0.604895 -0.853830 4.222638
v 0.604895 -0.387743 4.222638
v 0.604895 0.078344 3.822638
v 0.604895 0.078344 3.251744
v 0.604895 -0.853830 3.251744
v 0.129903 -0.387743 4.402637
v 0.129903 -0.853830 4.402637
v 0.604895 -0.387743 4.402637
v 0.604895 -0.853830 4.402637
v -1.764375 -0.873830 -2.495465
v -2.090875 -0.873830 -2.495465
v -2.090875 0.916170 -2.495465
v -1.764375 0.916170 -2.495465
v -1.764375 -0.873830 -2.831965
v -1.764375 0.916170 -2.831965
v -2.090875 0.916170 -2.831965
v -2.090875 -0.873830 -2.831965
v 2.289339 -0.573829 3.844321
v 2.235471 -0.592826 3.751018
v 2.289339 -0.592826 3.736584
v 2.196037 -0.592826 3.790452
v 2.181603 -0.592826 3.844321
v 2.196037 -0.592826 3.898189
v 2.235471 -0.592826 3.937623
v 2.289339 -0.592826 3.952057
v 2.343207 -0.592826 3.937623
v 2.382642 -0.592826 3.898189
v 2.397076 -0.592826 3.844321
v 2.382642 -0.592826 3.790452
v 2.343207 -0.592826 3.751018
v 2.188100 -0.647525 3.668969
v 2.289339 -0.647525 3.641842
v 2.113988 -0.647525 3.743082
v 2.086861 -0.647525 3.844321
v 2.113988 -0.647525 3.945560
v 2.188100 -0.647525 4.019671
v 2.289339 -0.647525 4.046798
v 2.390578 -0.647525 4.019671
v 2.464690 -0.647525 3.945560
v 2.491817 -0.647525 3.844321
v 2.464690 -0.647525 3.743082
v 2.390578 -0.647525 3.668969
v 2.152940 -0.731329 3.608071
v 2.289339 -0.731329 3.571522
v 2.053089 -0.731329 3.707922
v 2.016541 -0.731329 3.844321
v 2.053089 -0.731329 3.980719
v 2.152940 -0.731329 4.080570
v 2.289339 -0.731329 4.117118
v 2.425738 -0.731329 4.080570
v 2.525589 -0.731329 3.980719
v 2.562137 -0.731329 3.844321
v 2.525589 -0.731329 3.707922
v 2.425738 -0.731329 3.608070
v 2.134232 -0.834130 3.575667
v 2.289339 -0.834130 3.534106
v 2.020686 -0.834130 3.689213
v 1.979125 -0.834130 3.844321
v 2.020686 -0.834130 3.999428
v 2.134232 -0.834130 4.112974
v 2.289339 -0.834130 4.154535
v 2.444447 -0.834130 4.112974
v 2.557993 -0.834130 3.999428
v 2.599554 -0.834130 3.844321
v 2.557993 -0.834130 3.689213
v 2.444447 -0.834130 3.575667
v 2.134232 -0.943529 3.575667
v 2.289339 -0.943529 3.534106
v 2.020686 -0.943529 3.689213
v 1.979125 -0.943529 3.844321
v 2.020686 -0.943529 3.999428
v 2.134232 -0.943529 4.112974
v 2.289339 -0.943529 4.154535
v 2.444447 -0.943529 4.112974
v 2.557993 -0.943529 3.999428
v 2.599554 -0.943529 3.844321
v 2.557993 -0.943529 3.689213
v 2.444447 -0.943529 3.575667
v 2.152940 -1.046330 3.608071
v 2.289339 -1.046330 3.571522
v 2.053089 -1.046330 3.707922
v 2.016541 -1.046330 3.844321
v 2.053089 -1.046330 3.980719
v 2.152940 -1.046330 4.080570
v 2.289339 -1.046330 4.117118
v 2.425738 -1.046330 4.080570
v 2.525589 -1.046330 3.980719
v 2.562137 -1.046330 3.844321
v 2.525589 -1.046330 3.707922
v 2.425738 -1.046330 3.608070
v 2.188100 -1.130134 3.668969
v 2.289339 -1.130134 3.641842
v 2.113988 -1.130134 3.743082
v 2.086861 -1.130134 3.844321
v 2.113988 -1.130134 3.945560
v 2.188100 -1.130134 4.019671
v 2.289339 -1.130134 4.046798
v 2.390579 -1.130134 4.019671
v 2.464690 -1.130134 3.945560
v 2.491817 -1.130134 3.844321
v 2.464690 -1.130134 3.743082
v 2.390578 -1.130134 3.668969
v 2.235471 -1.184833 3.751018
v 2.289339 -1.184833 3.736584
v 2.196037 -1.184833 3.790452
v 2.181603 -1.184833 3.844321
v 2.196037 -1.184833 3.898189
v 2.235471 -1.184833 3.937623
v 2.289339 -1.184833 3.952057
v 2.343208 -1.184833 3.937623
v 2.382642 -1.184833 3.898189
v 2.397076 -1.184833 3.844321
v 2.382642 -1.184833 3.790452
v 2.343208 -1.184833 3.751018
v 2.289339 -1.203830 3.844321
v 1.866803 -0.603830 0.182214
v 1.608232 -0.603830 0.182214
v 1.608232 -0.853830 0.182214
v 1.866803 -0.853830 0.182214
v 1.608232 -0.853830 0.463999
v 1.608232 -0.603830 0.463999
v 1.866803 -0.603830 0.463999
v 1.866804 -0.853830 0.463999
v 1.527437 -0.833395 -1.216905
v 1.114936 -0.833395 -1.216906
v 1.114935 0.309214 -1.216905
v 1.527437 0.309213 -1.216905
v 1.527437 -0.833395 -1.550998
v 1.527437 0.309213 -1.550998
v 1.114936 0.309213 -1.550998
v 1.114936 -0.833395 -1.550998
v 1.006896 0.817909 -1.946038
v 0.996184 0.817909 -1.946038
v 0.996184 1.318779 -1.946038
v 1.006896 1.318779 -1.946038
v 1.006896 0.817909 -1.958221
v 1.006896 1.318779 -1.958221
v 0.996184 1.318779 -1.958221
v 0.996184 0.817909 -1.958221
v 1.126446 -0.864699 0.412781
v 0.831039 -0.864699 0.412781
v 0.823212 0.810083 0.381477
v 1.118620 0.810083 0.381477
v 1.126446 -0.864699 0.056532
v 1.126446 1.130953 0.056532
v 0.831038 1.130953 0.056532
v 0.831039 -0.864699 0.056532
v 0.649125 1.376170 -0.095465
v 0.519125 1.376170 -0.095465
v 0.519125 1.506170 -0.095465
v 0.649125 1.506170 -0.095465
v 0.649125 1.376170 -0.225465
v 0.649125 1.506170 -0.225465
v 0.519125 1.506170 -0.225465
v 0.519125 1.376170 -0.225465
v 2.970125 -0.845830 -1.264465
v 2.818125 -0.845830 -1.264465
v 2.818125 -0.693830 -1.264465
v 2.970125 -0.693830 -1.264465
v 2.970125 -0.845830 -1.454465
v 2.970125 -0.693830 -1.454465
v 2.818125 -0.693830 -1.454465
v 2.818125 -0.845830 -1.454465
v 1.108507 -1.029047 3.056373
v 0.922955 -1.029047 3.056373
v 0.922955 0.332693 3.056373
v 1.108507 0.332693 3.056373
v 1.108507 -1.029047 2.845326
v 1.108507 0.332693 2.845326
v 0.922955 0.332693 2.845326
v 0.922955 -1.029047 2.845326
v -3.733121 1.162602 1.438082
v -3.843020 1.159865 1.441921
v -3.846766 1.250128 1.399043
v -3.736868 1.252866 1.395204
v -3.748746 0.840336 0.761029
v -3.752492 0.930599 0.718152
v -3.862391 0.927862 0.721991
v -3.858645 0.837598 0.764869
v 0.719125 -0.893830 -2.905465
v 0.396125 -0.893830 -2.905465
v 0.396125 -0.213830 -2.905465
v 0.719125 -0.213830 -2.905465
v 0.719125 -0.893830 -3.228465
v 0.719125 -0.213830 -3.228465
v 0.396125 -0.213830 -3.228465
v 0.396125 -0.893830 -3.228465
v -0.156147 0.066170 2.729552
v -0.179245 0.066170 2.729552
v -0.179245 1.146170 2.729552
v -0.156147 1.146170 2.729552
v -0.156147 0.066170 2.703281
v -0.156147 1.146170 2.703281
v -0.179245 1.146170 2.703281
v -0.179245 0.066170 2.703281
v 1.758047 -0.523830 0.062140
v 1.446058 -0.523830 0.062140
v 1.446058 -0.825477 0.062140
v 1.758047 -0.825477 0.062140
v 1.446058 -0.825477 0.402140
v 1.446058 -0.523830 0.402140
v 1.758047 -0.523830 0.402140
v 1.758047 -0.825477 0.402140
v -1.840096 -0.823829 3.083532
v -1.840096 -0.823830 2.752638
v -1.840097 0.618344 2.752638
v -1.840097 0.618344 3.083532
v -1.575105 -0.823829 3.083532
v -1.575105 0.618344 3.083532
v -1.575105 0.618344 2.752638
v -1.575105 -0.823830 2.752638
v -0.390875 -0.833830 -3.005465
v -0.837375 -0.833830 -3.005465
v -0.837375 0.306170 -3.005465
v -0.390875 0.306170 -3.005465
v -0.390875 -0.833830 -3.451965
v -0.390875 0.306170 -3.451965
v -0.837375 0.306170 -3.451965
v -0.837375 -0.833830 -3.451965
v 0.449125 -0.093830 3.514535
v 0.209125 -0.093830 3.514535
v 0.209125 0.146170 3.514535
v 0.449125 0.146170 3.514535
v 0.449125 -0.093830 3.274535
v 0.449125 0.146170 3.274535
v 0.209125 0.146170 3.274535
v 0.209125 -0.093830 3.274535
v 2.389125 -0.863830 2.040071
v 2.389125 -0.863830 1.840071
v 2.389125 -0.583830 1.840071
v 2.389125 -0.583830 2.040071
v 2.559125 -0.863830 2.040071
v 2.559125 -0.583830 2.040071
v 2.559125 -0.583830 1.840071
v 2.559125 -0.863830 1.840071
v -2.329518 1.906170 -1.542827
v -2.336148 1.906170 -1.542827
v -2.336148 2.216170 -1.542827
v -2.329518 2.216170 -1.542827
v -2.329518 1.906170 -1.550368
v -2.329518 2.216170 -1.550368
v -2.336148 2.216170 -1.550368
v -2.336148 1.906170 -1.550368
v 2.037631 -0.843830 -3.863051
v 2.021539 -0.843830 -3.863051
v 2.021539 -0.703830 -3.863051
v 2.037631 -0.703830 -3.863051
v 2.037631 -0.843830 -3.883970
v 2.037631 -0.703830 -3.883970
v 2.021539 -0.703830 -3.883970
v 2.021539 -0.843830 -3.883970
v 0.273515 -0.833394 1.089973
v -0.057379 -0.833395 1.089973
v -0.057379 0.598779 1.089973
v 0.273515 0.598779 1.089973
v 0.273515 -0.833395 0.644981
v 0.273515 0.598779 0.644981
v -0.057379 0.598779 0.644981
v -0.057379 -0.833395 0.644981
v 4.569260 -0.891165 4.724409
v -3.931007 -0.891165 4.724408
v -3.931006 -0.823829 4.724407
v 4.569258 -0.823829 4.724408
v 4.569262 -0.891166 -4.945598
v 4.569261 -0.823830 -4.945597
v -3.931006 -0.823830 -4.945599
v -3.931007 -0.891166 -4.945599
v 2.521804 -0.913830 2.084535
v 2.521804 -0.913830 1.905964
v 2.521804 -0.663830 1.905964
v 2.521804 -0.663830 2.084535
v 2.673589 -0.913830 2.084535
v 2.673589 -0.663830 2.084535
v 2.673589 -0.663830 1.905964
v 2.673589 -0.913830 1.905964
v -3.725671 1.393105 1.416629
v -3.835321 1.394043 1.425355
v -3.838161 1.483166 1.380090
v -3.728511 1.482228 1.371363
v -3.781595 1.053008 0.750516
v -3.784436 1.142131 0.705250
v -3.894085 1.143069 0.713977
v -3.891245 1.053946 0.759242
v -0.658508 -0.903829 3.160672
v -0.658508 -0.903829 2.978319
v -0.658509 0.434431 2.978319
v -0.658509 0.434432 3.160672
v -0.451100 -0.903829 3.160672
v -0.451101 0.434432 3.160672
v -0.451101 0.434432 2.978319
v -0.451100 -0.903829 2.978319
v -1.250875 0.496170 1.234535
v -1.380875 0.496170 1.234535
v -1.380875 0.626170 1.234535
v -1.250875 0.626171 1.234535
v -1.250875 0.496170 1.104535
v -1.250875 0.626170 1.104535
v -1.380875 0.626170 1.104535
v -1.380875 0.496170 1.104535
v 1.809125 -0.613830 -0.315465
v 1.729125 -0.613830 -0.315465
v 1.729125 -0.533830 -0.315465
v 1.809125 -0.533830 -0.315465
v 1.809125 -0.613830 -0.395465
v 1.809125 -0.533830 -0.395465
v 1.729125 -0.533830 -0.395465
v 1.729125 -0.613830 -0.395465
v 2.047631 -0.863830 -1.433051
v 2.031539 -0.863830 -1.433051
v 2.031539 -0.723830 -1.433051
v 2.047631 -0.723830 -1.433051
v 2.047631 -0.863830 -1.453971
v 2.047631 -0.723830 -1.453971
v 2.031539 -0.723830 -1.453971
v 2.031539 -0.863830 -1.453971
v -0.691517 -0.880352 -3.210043
v -0.226348 -0.880351 -3.210042
v -0.226348 -0.121221 -3.210043
v -0.691518 -0.121222 -3.210043
v -0.691517 -0.880351 -2.584475
v -0.691518 -0.121221 -2.584475
v -0.226348 -0.121221 -2.584474
v -0.226348 -0.880351 -2.584475
v -0.770995 -0.866004 -1.812250
v -1.101889 -0.866004 -1.812250
v -1.101890 0.566170 -1.812250
v -0.770996 0.566170 -1.812250
v -0.770995 -0.866004 -2.257242
v -0.770995 0.566170 -2.257242
v -1.101889 0.566170 -2.257242
v -1.101889 -0.866004 -2.257242
v 1.130522 -0.935134 -2.207898
v 0.936853 -0.935134 -2.207898
v 0.936853 0.062692 -2.207898
v 1.130521 0.062692 -2.207898
v 1.130522 -0.934669 -2.606669
v 1.135522 0.248157 -2.601669
v 0.941853 0.248157 -2.601669
v 0.936853 -0.934669 -2.606669
v 1.130521 1.060518 -2.257897
v 0.936853 1.060518 -2.257897
v 0.946853 1.430518 -2.486755
v 1.140521 1.430518 -2.486755
v -1.022228 -0.909065 -4.197904
v -1.022228 -0.456491 -4.197904
v -2.212228 -0.456490 -4.197905
v -2.212228 -0.909064 -4.197905
v -1.022228 -0.909065 -3.531583
v -2.212228 -0.909065 -3.531583
v -2.212228 -0.456491 -3.531583
v -1.022228 -0.456491 -3.531583
v -1.810995 -0.866003 1.967750
v -2.141889 -0.866003 1.967750
v -2.141890 0.576170 1.967750
v -1.810996 0.576170 1.967750
v -1.810995 -0.866003 1.702758
v -1.810996 0.576170 1.702758
v -2.141890 0.576170 1.702758
v -2.141889 -0.866003 1.702758
v -1.825987 -0.823830 0.777750
v -2.156881 -0.823830 0.777750
v -2.156882 0.618344 0.777750
v -1.825988 0.618344 0.777750
v -1.825987 -0.823830 0.512758
v -1.825988 0.618344 0.512758
v -2.156882 0.618344 0.512758
v -2.156881 -0.823830 0.512758
v -0.247601 -0.864698 0.313426
v -0.578494 -0.864698 0.313426
v -0.609799 0.442258 0.305599
v -0.278905 0.442258 0.305600
v -0.247600 -0.864698 -0.029827
v -0.247601 0.653562 -0.029827
v -0.578494 0.653562 -0.029827
v -0.578494 -0.864698 -0.029827
v -0.547519 0.480665 0.249229
v -0.330419 0.480665 0.249229
v -0.526980 0.619302 0.029155
v -0.309880 0.619302 0.029156
v -0.581463 1.076056 0.245510
v -0.551648 1.068861 0.012702
v -0.356631 1.061675 0.022385
v -0.386446 1.068870 0.255193
v 2.554125 -0.833830 -0.610465
v 2.354125 -0.833830 -0.610465
v 2.354125 -0.553830 -0.610465
v 2.554125 -0.553830 -0.610465
v 2.554125 -0.833830 -0.780465
v 2.554125 -0.553830 -0.780465
v 2.354125 -0.553830 -0.780465
v 2.354125 -0.833830 -0.780465
v 2.980125 -0.835830 -1.516465
v 2.828125 -0.835830 -1.516465
v 2.828125 -0.683830 -1.516465
v 2.980125 -0.683830 -1.516465
v 2.980125 -0.835830 -1.706465
v 2.980125 -0.683830 -1.706465
v 2.828125 -0.683830 -1.706465
v 2.828125 -0.835830 -1.706465
v -2.406796 1.966170 -1.564807
v -2.414709 1.966170 -1.564807
v -2.414709 2.336170 -1.564807
v -2.406796 2.336170 -1.564807
v -2.406796 1.966170 -1.573808
v -2.406796 2.336170 -1.573808
v -2.414709 2.336170 -1.573808
v -2.414709 1.966170 -1.573808
v -2.371311 -0.863829 3.739621
v -2.602354 -0.863830 3.739621
v -2.602355 0.136170 3.739621
v -2.371311 0.136170 3.739621
v -2.371311 -0.863830 3.428910
v -2.371311 0.136170 3.428911
v -2.602354 0.136170 3.428910
v -2.602354 -0.863830 3.428910
v 0.167401 -0.887967 0.842121
v 0.022574 -0.887967 0.842122
v 0.022574 -0.887967 2.102122
v 0.167401 -0.887967 2.102122
v 0.022574 -0.699693 2.102122
v 0.022574 -0.699693 0.842121
v 0.167401 -0.699693 0.842121
v 0.167401 -0.699693 2.102122
v 1.678348 -0.989917 -1.003741
v 1.484679 -0.989917 -1.003741
v 1.484679 1.005735 -1.003740
v 1.678347 1.005735 -1.003740
v 1.678348 -0.989917 -1.242599
v 1.678347 1.005735 -1.242598
v 1.484679 1.005735 -1.242598
v 1.484679 -0.989917 -1.242599
v 0.446475 1.389214 -1.337779
v 0.437772 1.389214 -1.337779
v 0.437771 1.796170 -1.337778
v 0.446475 1.796170 -1.337778
v 0.446475 1.389214 -1.347678
v 0.446475 1.796170 -1.347678
v 0.437771 1.796170 -1.347678
v 0.437772 1.389214 -1.347678
v 0.604375 -0.843830 -3.800715
v 0.229125 -0.843830 -3.800715
v 0.229125 -0.843830 -3.010715
v 0.604375 -0.843830 -3.010715
v 0.604375 -0.468580 -3.800715
v 0.604375 -0.468580 -3.010715
v 0.229125 -0.468580 -3.010715
v 0.229125 -0.468580 -3.800715
v 1.065157 0.317040 0.298832
v 1.034360 0.317040 0.298832
v 1.034360 1.757040 0.298832
v 1.065157 1.757040 0.298832
v 1.065157 0.317040 0.263804
v 1.065157 1.757040 0.263804
v 1.034360 1.757040 0.263804
v 1.034360 0.317040 0.263804
vn -0.0000 -0.0000 1.0000
vn -0.0000 -0.0000 -1.0000
vn -0.0000 -1.0000 -0.0000
vn -0.0000 1.0000 -0.0000
vn 1.0000 -0.0000 -0.0000
vn -1.0000 -0.0000 -0.0000
vn -0.0465 0.9837 -0.1735
vn -0.1270 0.9837 -0.1270
vn -0.1735 0.9837 -0.0465
vn -0.1735 0.9837 0.0465
vn -0.1270 0.9837 0.1270
vn -0.0465 0.9837 0.1735
vn 0.0465 0.9837 0.1734
vn 0.1270 0.9837 0.1270
vn 0.1735 0.9837 0.0465
vn 0.1735 0.9837 -0.0465
vn 0.1270 0.9837 -0.1270
vn 0.0465 0.9837 -0.1734
vn -0.1328 0.8584 -0.4956
vn -0.3628 0.8584 -0.3628
vn -0.4956 0.8584 -0.1328
vn -0.4956 0.8584 0.1328
vn -0.4956 0.8583 0.1328
vn -0.3628 0.8583 0.3628
vn -0.1328 0.8583 0.4956
vn -0.1328 0.8584 0.4956
vn 0.1328 0.8583 0.4956
vn 0.1328 0.8584 0.4956
vn 0.3628 0.8584 0.3628
vn 0.4956 0.8584 0.1328
vn 0.4956 0.8584 -0.1328
vn 0.3628 0.8584 -0.3628
vn 0.1328 0.8584 -0.4956
vn -0.2011 0.6296 -0.7504
vn -0.5493 0.6297 -0.5493
vn -0.5494 0.6296 -0.5493
vn -0.7504 0.6297 -0.2011
vn -0.7504 0.6297 0.2011
vn -0.5493 0.6297 0.5493
vn -0.2011 0.6297 0.7504
vn 0.2011 0.6297 0.7504
vn 0.5493 0.6297 0.5493
vn 0.7504 0.6296 0.2011
vn 0.7504 0.6296 -0.2011
vn 0.5493 0.6296 -0.5493
vn 0.2011 0.6296 -0.7504
vn -0.2442 0.3317 -0.9112
vn -0.6671 0.3317 -0.6671
vn -0.9112 0.3317 -0.2442
vn -0.9112 0.3317 0.2442
vn -0.6671 0.3317 0.6671
vn -0.2442 0.3317 0.9112
vn 0.2442 0.3317 0.9112
vn 0.6671 0.3317 0.6671
vn 0.9112 0.3317 0.2442
vn 0.9112 0.3317 -0.2442
vn 0.6671 0.3317 -0.6671
vn 0.2442 0.3317 -0.9112
vn -0.2588 -0.0000 -0.9659
vn -0.7071 -0.0000 -0.7071
vn -0.9659 -0.0000 -0.2588
vn -0.9659 -0.0000 0.2588
vn -0.7071 -0.0000 0.7071
vn -0.2588 -0.0000 0.9659
vn 0.2588 -0.0000 0.9659
vn 0.7071 -0.0000 0.7071
vn 0.9659 -0.0000 0.2588
vn 0.9659 -0.0000 -0.2588
vn 0.7071 -0.0000 -0.7071
vn 0.2588 -0.0000 -0.9659
vn -0.2442 -0.3317 -0.9113
vn -0.6671 -0.3317 -0.6671
vn -0.9113 -0.3317 -0.2442
vn -0.9113 -0.3317 0.2442
vn -0.6671 -0.3317 0.6671
vn -0.2442 -0.3317 0.9113
vn 0.2442 -0.3317 0.9113
vn 0.6671 -0.3317 0.6671
vn 0.9113 -0.3317 0.2442
vn 0.9113 -0.3317 -0.2442
vn 0.6671 -0.3317 -0.6671
vn 0.2442 -0.3317 -0.9113
vn -0.2011 -0.6297 -0.7504
vn -0.5493 -0.6297 -0.5493
vn -0.7504 -0.6297 -0.2011
vn -0.7504 -0.6297 0.2011
vn -0.5493 -0.6297 0.5493
vn -0.2011 -0.6297 0.7504
vn 0.2011 -0.6297 0.7504
vn 0.5493 -0.6297 0.5493
vn 0.7504 -0.6297 0.2011
vn 0.7504 -0.6297 -0.2011
vn 0.5493 -0.6297 -0.5493
vn 0.2011 -0.6297 -0.7504
vn -0.1328 -0.8584 -0.4956
vn -0.3628 -0.8584 -0.3628
vn -0.4956 -0.8584 -0.1328
vn -0.4956 -0.8584 0.1328
vn -0.3628 -0.8584 0.3628
vn -0.1328 -0.8584 0.4956
vn 0.1328 -0.8584 0.4956
vn 0.3628 -0.8584 0.3628
vn 0.4956 -0.8584 0.1328
vn 0.4956 -0.8584 -0.1328
vn 0.3628 -0.8584 -0.3628
vn 0.1328 -0.8584 -0.4956
vn -0.0465 -0.9837 -0.1735
vn -0.1270 -0.9837 -0.1270
vn -0.1735 -0.9837 -0.0465
vn -0.1735 -0.9837 0.0465
vn -0.1270 -0.9837 0.1270
vn -0.0465 -0.9837 0.1735
vn 0.0465 -0.9837 0.1735
vn 0.1270 -0.9837 0.1270
vn 0.1735 -0.9837 0.0465
vn 0.1735 -0.9837 -0.0465
vn 0.1270 -0.9837 -0.1270
vn 0.0465 -0.9837 -0.1735
vn 0.0465 0.9837 0.1735
vn 0.0465 0.9837 -0.1735
vn -0.3628 0.8584 0.3628
vn -0.2011 0.6297 -0.7504
vn 0.7504 0.6297 0.2011
vn 0.7504 0.6297 -0.2011
vn 0.5493 0.6297 -0.5493
vn 0.2011 0.6297 -0.7504
vn -0.9113 0.3317 -0.2442
vn -0.9113 0.3317 0.2442
vn 0.9113 0.3317 0.2442
vn 0.9113 0.3317 -0.2442
vn -0.2442 -0.3317 -0.9112
vn -0.2442 -0.3317 0.9112
vn 0.2442 -0.3317 0.9112
vn -0.0176 0.9998 -0.0000
vn -0.0217 0.9998 -0.0000
vn -0.0000 0.7071 -0.7071
vn -0.0000 0.9311 0.3648
vn -0.4955 0.8584 -0.1328
vn -0.1328 0.8584 0.4955
vn 0.1328 0.8584 -0.4955
vn 0.2011 0.6296 0.7504
vn 0.7504 0.6297 -0.2010
vn -0.2442 0.3317 0.9113
vn 0.2442 0.3317 0.9113
vn 0.2442 0.3317 -0.9113
vn 0.9112 -0.3317 0.2442
vn 0.9112 -0.3317 -0.2442
vn 0.2442 -0.3317 -0.9112
vn 0.7504 -0.6296 0.2011
vn -0.2442 0.3317 -0.9113
vn 0.9992 -0.0394 -0.0000
vn -0.0000 0.9201 0.3917
vn 0.9965 -0.0393 0.0742
vn -0.9965 0.0393 -0.0742
vn -0.0000 0.8706 -0.4921
vn -0.9992 0.0394 -0.0000
vn 0.9993 -0.0199 -0.0322
vn -0.9993 0.0199 0.0322
vn -0.1734 0.9837 0.0465
vn 0.1734 0.9837 0.0465
vn 0.2010 0.6297 -0.7504
vn -0.1734 -0.9837 0.0465
vn 0.1734 -0.9837 0.0465
vn -0.0000 0.7289 -0.6846
vn 0.9981 -0.0127 0.0600
vn -0.9981 0.0127 -0.0600
vn -0.0000 0.8047 -0.5936
vn -0.0000 0.6513 0.7589
vn -0.0000 0.5264 -0.8503
vn 0.3628 -0.8583 -0.3628
vn -0.0000 0.9177 -0.3972
vn -0.0000 0.0187 0.9998
vn -0.0000 0.7116 0.7026
vn 0.9996 0.0052 0.0292
vn -0.9996 -0.0052 -0.0292
vn 0.0208 0.4297 0.9027
vn -0.0208 -0.4297 -0.9027
vn 0.0375 -0.9026 0.4288
vn -0.0375 0.9026 -0.4288
vn 0.9991 0.0249 -0.0349
vn -0.9991 -0.0249 0.0349
vn 0.0746 0.4535 0.8881
vn 0.0746 0.4535 0.8882
vn -0.0746 -0.4535 -0.8881
vn 0.0284 -0.8912 0.4527
vn -0.0284 0.8912 -0.4526
vn -0.0284 0.8912 -0.4527
vn 0.9968 -0.0085 -0.0793
vn -0.9968 0.0085 0.0793
vn -0.0000 0.0042 -1.0000
vn -0.0000 -1.0000 -0.0012
vn -0.0000 0.5260 0.8505
vn 0.9995 -0.0066 0.0300
vn 0.9995 -0.0073 0.0318
vn 0.9996 -0.0051 0.0266
vn -0.9994 0.0060 -0.0340
vn -0.0000 0.0500 0.9987
vn -0.0000 0.0967 -0.9953
vn 0.9997 -0.0043 0.0248
vn -1.0000 0.0042 -0.0000
vn -0.0000 0.0060 1.0000
vn -0.0000 0.8264 0.5631
vn 0.9938 0.0245 0.1082
vn -0.9938 -0.0245 -0.1082
vn -0.0430 0.8471 0.5296
vn -0.0000 0.8647 0.5023
vn 0.0430 0.8435 0.5354
vn -0.0000 0.0062 1.0000
vn -0.9900 -0.0587 -0.1286
vn -0.9898 -0.0591 -0.1296
vn -0.9904 -0.0575 -0.1256
vn -0.0000 -0.0153 -0.9999
vn 0.9816 0.1062 0.1585
vn 0.0381 0.9989 -0.0260
vn -0.0501 -0.0149 0.9986
vn 0.9880 0.0929 0.1237
vn -0.9905 -0.0573 -0.1251
vn 0.0483 -0.0339 -0.9983
vn 0.5493 0.6296 0.5493
vn 0.1328 0.8584 0.4955
vn -0.6671 -0.3316 -0.6671
vn -0.9113 -0.3316 -0.2442
vn 0.6671 -0.3316 -0.6671
vn -0.2011 -0.6296 -0.7504
vn 0.5493 -0.6296 0.5493
vn 0.7504 -0.6296 -0.2011
vn -0.3627 -0.8584 0.3628
vn -0.3628 -0.8583 0.3628
vn -0.1328 -0.8583 0.4956
vn -0.9992 0.0393 -0.0000
vn -0.9112 -0.3317 -0.2442
vn -0.2010 -0.6297 -0.7504
vn -0.3628 -0.8583 -0.3628
vn 0.3628 -0.8583 0.3628
vn 0.1328 -0.8583 -0.4956
vn -0.0746 -0.4535 -0.8882
vt -0.193213 0.044307
vt -0.363048 -0.062264
vt -0.371709 -0.044941
vt 0.363048 -0.062264
vt 0.193212 0.044307
vt 0.371709 -0.044942
vt -0.106246 0.151213
vt -0.134018 0.181697
vt -0.099732 0.169452
vt 0.134018 0.181697
vt 0.106246 0.151213
vt 0.099732 0.169452
vt -0.357355 -0.178015
vt -0.211734 -0.036784
vt -0.327729 -0.199177
vt 0.211734 -0.036784
vt 0.357355 -0.178015
vt 0.327729 -0.199177
vt -0.175266 0.046914
vt -0.219587 0.023556
vt -0.220066 0.024514
vt 0.219587 0.023556
vt 0.175266 0.046914
vt 0.220066 0.024514
vt -0.118055 0.168812
vt -0.118842 0.170230
vt -0.117694 0.169821
vt 0.118842 0.170230
vt 0.118055 0.168812
vt 0.117694 0.169820
vt -0.245696 -0.052918
vt -0.215592 -0.012869
vt -0.244705 -0.053627
vt 0.215592 -0.012869
vt 0.245696 -0.052918
vt 0.244705 -0.053627
vt -0.297844 0.072449
vt -0.325124 0.037566
vt -0.333621 0.054560
vt 0.325124 0.037566
vt 0.297844 0.072449
vt 0.333621 0.054560
vt -0.136620 0.238866
vt -0.148123 0.263150
vt -0.130230 0.256759
vt 0.148123 0.263150
vt 0.136620 0.238866
vt 0.130229 0.256759
vt -0.344790 -0.090441
vt -0.306080 -0.068935
vt -0.329330 -0.101484
vt 0.306080 -0.068935
vt 0.344790 -0.090441
vt 0.329330 -0.101484
vt -0.064982 0.039840
vt -0.155007 -0.007605
vt -0.155980 -0.005659
vt 0.155007 -0.007605
vt 0.064982 0.039840
vt 0.155980 -0.005659
vt -0.077520 0.094072
vt -0.079119 0.096953
vt -0.076788 0.096121
vt 0.079119 0.096953
vt 0.077520 0.094072
vt 0.076788 0.096121
vt -0.169727 -0.053324
vt -0.108578 0.028026
vt -0.167713 -0.054763
vt 0.108578 0.028026
vt 0.169727 -0.053324
vt 0.167713 -0.054763
vt 0.037148 -0.270166
vt 0.126246 -0.338284
vt 0.099467 -0.357412
vt -0.126246 -0.338284
vt -0.037148 -0.270166
vt -0.099467 -0.357412
vt 0.120388 0.057923
vt 0.166265 0.088532
vt 0.151380 0.046854
vt -0.166265 0.088532
vt -0.120388 0.057923
vt -0.151380 0.046854
vt -0.374139 -0.031333
vt -0.258449 -0.022967
vt -0.354347 -0.070916
vt 0.258449 -0.022967
vt 0.374139 -0.031333
vt 0.354347 -0.070916
vt -0.246362 -0.141639
vt -0.293457 -0.217195
vt -0.314260 -0.175589
vt 0.293457 -0.217195
vt 0.246362 -0.141639
vt 0.314260 -0.175589
vt 0.147918 -0.119753
vt 0.104651 -0.054906
vt 0.163563 -0.075946
vt -0.104651 -0.054906
vt -0.147918 -0.119753
vt -0.163563 -0.075946
vt -0.113795 -0.360642
vt -0.018767 -0.335230
vt -0.062890 -0.397003
vt 0.018767 -0.335230
vt 0.113795 -0.360642
vt 0.062890 -0.397003
vt 0.076738 -0.213851
vt 0.043998 -0.231105
vt 0.043645 -0.230397
vt -0.043998 -0.231105
vt -0.076738 -0.213851
vt -0.043645 -0.230397
vt -0.197564 -0.169830
vt -0.198145 -0.168782
vt -0.197298 -0.169084
vt 0.198145 -0.168782
vt 0.197564 -0.169829
vt 0.197298 -0.169084
vt -0.142850 0.023386
vt -0.120611 0.052971
vt -0.142117 0.022863
vt 0.120611 0.052971
vt 0.142850 0.023386
vt 0.142117 0.022863
vt 0.006811 -0.035942
vt 0.006803 -0.037623
vt 0.003617 -0.036767
vt 0.003817 -0.050599
vt 0.002996 -0.052067
vt 0.000622 -0.049775
vt -0.004794 -0.061617
vt -0.006213 -0.062520
vt -0.007216 -0.059376
vt -0.016745 -0.066847
vt -0.018422 -0.066974
vt -0.017825 -0.063729
vt -0.029182 -0.065452
vt -0.030722 -0.064775
vt -0.028668 -0.062193
vt -0.039255 -0.057854
vt -0.040292 -0.056530
vt -0.037261 -0.055226
vt -0.044674 -0.045466
vt -0.044947 -0.043806
vt -0.041663 -0.044117
vt -0.043854 -0.030593
vt -0.043267 -0.029017
vt -0.040571 -0.030918
vt -0.036108 -0.016837
vt -0.034785 -0.015798
vt -0.033477 -0.018827
vt -0.022736 -0.009010
vt -0.021061 -0.008858
vt -0.021610 -0.012112
vt -0.008013 -0.010692
vt -0.006528 -0.011482
vt -0.008769 -0.013904
vt 0.002810 -0.021098
vt 0.003651 -0.022555
vt 0.000468 -0.023422
vt 0.054315 -0.045059
vt 0.050735 -0.046898
vt 0.051021 -0.045241
vt 0.042753 -0.078919
vt 0.038733 -0.079130
vt 0.039673 -0.077736
vt 0.019334 -0.102930
vt 0.015603 -0.101419
vt 0.017046 -0.100553
vt -0.012706 -0.113386
vt -0.015358 -0.110358
vt -0.013681 -0.110234
vt -0.045279 -0.108556
vt -0.046264 -0.104653
vt -0.044713 -0.105306
vt -0.070005 -0.091636
vt -0.069207 -0.087691
vt -0.068091 -0.088949
vt -0.084037 -0.066396
vt -0.081690 -0.063127
vt -0.081188 -0.064732
vt -0.087022 -0.033026
vt -0.083504 -0.031071
vt -0.083736 -0.032737
vt -0.073792 0.009224
vt -0.069770 0.009066
vt -0.070834 0.007763
vt -0.030413 0.045459
vt -0.027591 0.042589
vt -0.029259 0.042368
vt 0.025072 0.035745
vt 0.024950 0.031722
vt 0.023638 0.032774
vt 0.051429 -0.004360
vt 0.049044 -0.007602
vt 0.048561 -0.005991
vt 0.091706 -0.065262
vt 0.087486 -0.067820
vt 0.088438 -0.064806
vt 0.075058 -0.102892
vt 0.070263 -0.104056
vt 0.072081 -0.101470
vt 0.042513 -0.132296
vt 0.037633 -0.131567
vt 0.040291 -0.129857
vt -0.008656 -0.145668
vt -0.012618 -0.142728
vt -0.009468 -0.142470
vt -0.060991 -0.135400
vt -0.063009 -0.130897
vt -0.060136 -0.132213
vt -0.094077 -0.112950
vt -0.094085 -0.108016
vt -0.091997 -0.110389
vt -0.110077 -0.088185
vt -0.108507 -0.083507
vt -0.107287 -0.086423
vt -0.116622 -0.057940
vt -0.113780 -0.053907
vt -0.113445 -0.057050
vt -0.115098 -0.010701
vt -0.110996 -0.007958
vt -0.111814 -0.011012
vt -0.052707 0.086473
vt -0.048200 0.084464
vt -0.051219 0.083528
vt 0.083647 0.043410
vt 0.082299 0.038663
vt 0.080943 0.041518
vt 0.097260 -0.019309
vt 0.093972 -0.022988
vt 0.094002 -0.019827
vt 0.115599 -0.085616
vt 0.110810 -0.088544
vt 0.112455 -0.084616
vt 0.101000 -0.114039
vt 0.095767 -0.116069
vt 0.098084 -0.112496
vt 0.067842 -0.142747
vt 0.062234 -0.143000
vt 0.065571 -0.140354
vt -0.003484 -0.160621
vt -0.008352 -0.157826
vt -0.004116 -0.157383
vt -0.079498 -0.140586
vt -0.081803 -0.135468
vt -0.078112 -0.137592
vt -0.112660 -0.115609
vt -0.112830 -0.109999
vt -0.110233 -0.113374
vt -0.123119 -0.101523
vt -0.122093 -0.096005
vt -0.120273 -0.099855
vt -0.125528 -0.090015
vt -0.123855 -0.084657
vt -0.122504 -0.088696
vt -0.122764 -0.079178
vt -0.120931 -0.073872
vt -0.119701 -0.077950
vt -0.058071 -0.124425
vt -0.059865 -0.119106
vt -0.056399 -0.121580
vt 0.127073 -0.039054
vt 0.122504 -0.042315
vt 0.123866 -0.038280
vt 0.123172 -0.057227
vt 0.118683 -0.060597
vt 0.119947 -0.056531
vt 0.126523 -0.097740
vt 0.121471 -0.100709
vt 0.123540 -0.096330
vt 0.119669 -0.108257
vt 0.114505 -0.111028
vt 0.116743 -0.106733
vt 0.097600 -0.126964
vt 0.091970 -0.128590
vt 0.095059 -0.124860
vt 0.006615 -0.157311
vt 0.001282 -0.154882
vt 0.006055 -0.154059
vt -0.104144 -0.116354
vt -0.105508 -0.110655
vt -0.101925 -0.113912
vt -0.124122 -0.097482
vt -0.123664 -0.091640
vt -0.121258 -0.095843
vt -0.124455 -0.102118
vt -0.123540 -0.096330
vt -0.121471 -0.100709
vt -0.117431 -0.112552
vt -0.116743 -0.106733
vt -0.114505 -0.111028
vt -0.094511 -0.130694
vt -0.095059 -0.124860
vt -0.091970 -0.128590
vt -0.001843 -0.158133
vt -0.006055 -0.154059
vt -0.001282 -0.154882
vt 0.107728 -0.113096
vt 0.101925 -0.113912
vt 0.105508 -0.110655
vt 0.126528 -0.093279
vt 0.121258 -0.095843
vt 0.123664 -0.091640
vt 0.125429 -0.097582
vt 0.120514 -0.100292
vt 0.122583 -0.095913
vt 0.127355 -0.085828
vt 0.122795 -0.089101
vt 0.124331 -0.084508
vt 0.124464 -0.074937
vt 0.120004 -0.078346
vt 0.121402 -0.073709
vt 0.062009 -0.122110
vt 0.056396 -0.122079
vt 0.060338 -0.119265
vt -0.126001 -0.043495
vt -0.124343 -0.038132
vt -0.122794 -0.042721
vt -0.122207 -0.061693
vt -0.120420 -0.056372
vt -0.118982 -0.060996
vt -0.114214 -0.089970
vt -0.112941 -0.084503
vt -0.111070 -0.088970
vt -0.098863 -0.118077
vt -0.098582 -0.112471
vt -0.095947 -0.116534
vt -0.064527 -0.145892
vt -0.066051 -0.140489
vt -0.062257 -0.143498
vt 0.007968 -0.161497
vt 0.003784 -0.157754
vt 0.008600 -0.158259
vt 0.083644 -0.138667
vt 0.078061 -0.138088
vt 0.082258 -0.135672
vt 0.115755 -0.112249
vt 0.110376 -0.113852
vt 0.113328 -0.110014
vt 0.112086 -0.085004
vt 0.107653 -0.087171
vt 0.109296 -0.083242
vt 0.117637 -0.054318
vt 0.114009 -0.057662
vt 0.114460 -0.053427
vt 0.114744 -0.006955
vt 0.112560 -0.011380
vt 0.111459 -0.007266
vt 0.049349 0.088169
vt 0.051929 0.083963
vt 0.047861 0.085224
vt -0.085803 0.040327
vt -0.081273 0.042283
vt -0.083100 0.038436
vt -0.097851 -0.023025
vt -0.094633 -0.019284
vt -0.094593 -0.023543
vt -0.091186 -0.068988
vt -0.089200 -0.064471
vt -0.087918 -0.068532
vt -0.073437 -0.106287
vt -0.072909 -0.101380
vt -0.070460 -0.104865
vt -0.039732 -0.134830
vt -0.041092 -0.130086
vt -0.037510 -0.132391
vt 0.012303 -0.146594
vt 0.008870 -0.143049
vt 0.013115 -0.143396
vt 0.064625 -0.134424
vt 0.059897 -0.133011
vt 0.063769 -0.131238
vt 0.096998 -0.110578
vt 0.092104 -0.111214
vt 0.094918 -0.108017
vt 0.085290 -0.064251
vt 0.081500 -0.065604
vt 0.082442 -0.062587
vt 0.087240 -0.030550
vt 0.084389 -0.033392
vt 0.083953 -0.030262
vt 0.072692 0.011452
vt 0.071733 0.007543
vt 0.069734 0.009991
vt 0.028086 0.046328
vt 0.030065 0.042823
vt 0.026931 0.043238
vt -0.027309 0.034666
vt -0.023409 0.033671
vt -0.025876 0.031694
vt -0.052657 -0.006519
vt -0.048882 -0.005123
vt -0.049789 -0.008151
vt -0.054452 -0.047539
vt -0.051696 -0.044607
vt -0.051158 -0.047722
vt -0.041861 -0.081238
vt -0.040548 -0.077434
vt -0.038782 -0.080055
vt -0.017544 -0.104653
vt -0.017966 -0.100650
vt -0.015256 -0.102277
vt 0.015080 -0.114120
vt 0.012902 -0.110735
vt 0.016055 -0.110968
vt 0.047727 -0.108130
vt 0.044248 -0.106106
vt 0.047161 -0.104880
vt 0.072029 -0.090194
vt 0.068017 -0.089872
vt 0.070114 -0.087507
vt 0.045029 -0.044672
vt 0.041745 -0.044983
vt 0.042018 -0.043323
vt 0.043768 -0.029728
vt 0.041072 -0.031629
vt 0.040485 -0.030053
vt 0.035584 -0.016143
vt 0.034276 -0.019172
vt 0.032953 -0.018134
vt 0.021918 -0.008714
vt 0.022468 -0.011967
vt 0.020793 -0.011815
vt 0.007166 -0.010891
vt 0.009407 -0.013313
vt 0.007923 -0.014103
vt -0.003423 -0.021716
vt -0.000239 -0.022583
vt -0.001080 -0.024039
vt -0.007029 -0.036784
vt -0.003843 -0.035927
vt -0.003835 -0.037609
vt -0.003600 -0.051441
vt -0.001227 -0.049150
vt -0.000405 -0.050617
vt 0.005385 -0.062255
vt 0.006388 -0.059112
vt 0.007807 -0.060015
vt 0.017566 -0.067132
vt 0.016970 -0.063887
vt 0.018647 -0.064014
vt 0.030041 -0.065316
vt 0.027987 -0.062734
vt 0.029527 -0.062057
vt 0.039948 -0.057329
vt 0.036917 -0.056025
vt 0.037954 -0.054700
vt 0.309856 0.041844
vt 0.309840 0.038480
vt 0.303468 0.040192
vt 0.304465 0.022322
vt 0.302822 0.019386
vt 0.298075 0.023970
vt 0.287874 0.010230
vt 0.285036 0.008424
vt 0.283030 0.014710
vt 0.262666 0.007862
vt 0.259312 0.007607
vt 0.260504 0.014097
vt 0.233810 0.018115
vt 0.230731 0.019468
vt 0.234838 0.024633
vt 0.208505 0.041257
vt 0.206432 0.043906
vt 0.212493 0.046515
vt 0.194297 0.072537
vt 0.193750 0.075856
vt 0.200319 0.075235
vt 0.196820 0.102544
vt 0.197994 0.105697
vt 0.203386 0.101894
vt 0.217296 0.119978
vt 0.219942 0.122055
vt 0.222558 0.115997
vt 0.249604 0.117019
vt 0.252954 0.117322
vt 0.251854 0.110816
vt 0.281401 0.095882
vt 0.284371 0.094302
vt 0.279889 0.089459
vt 0.302477 0.067591
vt 0.304158 0.064678
vt 0.297791 0.062945
vt 0.371914 -0.018700
vt 0.364753 -0.022379
vt 0.365325 -0.019064
vt 0.361670 -0.039177
vt 0.353630 -0.039600
vt 0.355510 -0.036810
vt 0.330934 -0.065916
vt 0.323473 -0.062893
vt 0.326357 -0.061162
vt 0.271382 -0.090293
vt 0.266078 -0.084237
vt 0.269432 -0.083989
vt 0.190793 -0.083444
vt 0.188823 -0.075638
vt 0.191924 -0.076943
vt 0.114049 -0.029186
vt 0.115646 -0.021296
vt 0.117878 -0.023812
vt 0.063061 0.059998
vt 0.067756 0.066538
vt 0.068759 0.063327
vt 0.052453 0.157579
vt 0.059491 0.161488
vt 0.059027 0.158157
vt 0.103878 0.229607
vt 0.111923 0.229289
vt 0.109794 0.226684
vt 0.231656 0.213732
vt 0.237300 0.207991
vt 0.233965 0.207550
vt 0.338088 0.099007
vt 0.337845 0.090960
vt 0.335220 0.093064
vt 0.368684 0.015278
vt 0.363914 0.008793
vt 0.362948 0.012015
vt 0.379620 -0.071740
vt 0.371181 -0.076857
vt 0.373085 -0.070828
vt 0.383280 -0.060760
vt 0.373690 -0.063088
vt 0.377326 -0.057916
vt 0.361892 -0.098662
vt 0.352131 -0.097205
vt 0.357448 -0.093784
vt 0.279925 -0.170938
vt 0.272001 -0.165057
vt 0.278302 -0.164542
vt 0.142621 -0.191304
vt 0.138584 -0.182299
vt 0.144332 -0.184931
vt 0.017067 -0.116336
vt 0.017050 -0.106468
vt 0.021226 -0.111214
vt -0.065297 0.013203
vt -0.062157 0.022559
vt -0.059718 0.016727
vt -0.106928 0.151739
vt -0.101244 0.159806
vt -0.100574 0.153519
vt -0.091859 0.275548
vt -0.083655 0.281033
vt -0.085290 0.274926
vt 0.172357 0.310537
vt 0.181370 0.306518
vt 0.175332 0.304647
vt 0.378984 -0.042354
vt 0.376288 -0.051848
vt 0.373577 -0.046137
vt 0.373842 -0.093630
vt 0.367265 -0.100988
vt 0.367325 -0.094667
vt 0.343190 -0.093301
vt 0.333612 -0.099158
vt 0.336901 -0.091302
vt 0.373525 -0.038089
vt 0.363058 -0.042148
vt 0.367693 -0.035002
vt 0.381868 -0.076719
vt 0.370653 -0.077224
vt 0.377327 -0.071932
vt 0.290495 -0.223239
vt 0.280759 -0.217650
vt 0.289230 -0.216763
vt 0.076761 -0.287466
vt 0.072150 -0.277229
vt 0.079533 -0.281478
vt -0.085569 -0.190978
vt -0.085908 -0.179757
vt -0.080715 -0.186508
vt -0.178082 -0.043481
vt -0.176029 -0.032443
vt -0.172389 -0.040144
vt -0.239112 0.090459
vt -0.235766 0.101175
vt -0.233064 0.093098
vt -0.294602 0.163805
vt -0.290935 0.174416
vt -0.288477 0.166261
vt -0.370970 -0.079060
vt -0.374558 -0.068422
vt -0.367626 -0.073372
vt 0.240407 -0.292449
vt 0.231269 -0.298971
vt 0.233993 -0.290901
vt 0.305676 -0.188723
vt 0.296699 -0.195464
vt 0.299226 -0.187330
vt 0.275102 -0.078562
vt 0.264999 -0.084501
vt 0.269136 -0.075743
vt 0.329513 0.021485
vt 0.319186 0.015944
vt 0.323661 0.024534
vt 0.377860 0.013685
vt 0.366600 0.010434
vt 0.372777 0.017894
vt 0.309744 -0.233088
vt 0.299078 -0.228230
vt 0.308623 -0.226585
vt -0.034588 -0.350080
vt -0.037316 -0.338682
vt -0.030149 -0.345198
vt -0.195721 -0.226332
vt -0.194806 -0.214648
vt -0.189994 -0.223054
vt -0.270965 -0.087319
vt -0.269136 -0.075743
vt -0.264999 -0.084501
vt -0.325038 0.012895
vt -0.323661 0.024534
vt -0.319186 0.015944
vt -0.371682 0.006225
vt -0.372777 0.017893
vt -0.366600 0.010434
vt -0.300198 -0.234732
vt -0.308623 -0.226585
vt -0.299078 -0.228230
vt 0.041754 -0.343565
vt 0.030149 -0.345198
vt 0.037316 -0.338682
vt 0.200533 -0.217926
vt 0.189994 -0.223054
vt 0.194806 -0.214648
vt 0.182703 -0.035598
vt 0.172871 -0.041017
vt 0.177010 -0.032261
vt 0.242766 0.098834
vt 0.233646 0.092287
vt 0.236718 0.101473
vt 0.298003 0.172286
vt 0.289083 0.165469
vt 0.291878 0.174742
vt 0.378847 -0.074430
vt 0.367620 -0.074369
vt 0.375503 -0.068742
vt -0.238263 -0.301332
vt -0.234946 -0.290606
vt -0.231849 -0.299783
vt -0.303748 -0.197654
vt -0.300172 -0.187012
vt -0.297298 -0.196261
vt -0.340421 -0.102009
vt -0.337873 -0.091075
vt -0.334132 -0.100009
vt -0.369251 -0.046165
vt -0.368689 -0.034952
vt -0.363418 -0.043078
vt -0.375239 -0.083008
vt -0.378287 -0.072203
vt -0.370698 -0.078221
vt -0.281527 -0.224992
vt -0.289895 -0.217507
vt -0.280262 -0.218516
vt -0.068469 -0.283628
vt -0.079636 -0.282470
vt -0.071240 -0.277639
vt 0.091759 -0.184257
vt 0.081000 -0.187464
vt 0.086906 -0.179787
vt 0.069315 0.019565
vt 0.060449 0.015231
vt 0.063736 0.023088
vt 0.108958 0.158984
vt 0.101703 0.152295
vt 0.102605 0.160765
vt 0.091150 0.283039
vt 0.086783 0.274189
vt 0.084581 0.282418
vt -0.179073 0.313929
vt -0.173912 0.305517
vt -0.182048 0.308039
vt -0.383297 -0.048520
vt -0.374237 -0.044608
vt -0.377890 -0.052302
vt -0.375024 -0.101061
vt -0.368587 -0.093581
vt -0.368507 -0.102098
vt -0.378580 -0.079193
vt -0.374609 -0.070158
vt -0.372045 -0.078280
vt -0.380037 -0.067550
vt -0.378981 -0.057738
vt -0.374083 -0.064706
vt -0.356329 -0.103730
vt -0.359048 -0.094243
vt -0.351885 -0.098852
vt -0.272632 -0.172790
vt -0.279498 -0.165701
vt -0.271008 -0.166394
vt -0.135354 -0.189353
vt -0.144809 -0.186526
vt -0.137064 -0.182980
vt -0.011226 -0.111593
vt -0.021012 -0.112865
vt -0.015385 -0.106471
vt -0.060555 0.064289
vt -0.068137 0.061583
vt -0.066252 0.067617
vt -0.052018 0.162529
vt -0.057719 0.156845
vt -0.058592 0.163107
vt -0.106080 0.234062
vt -0.107996 0.226243
vt -0.111996 0.231139
vt -0.236311 0.215470
vt -0.232353 0.208461
vt -0.238620 0.209289
vt -0.342563 0.096847
vt -0.334763 0.094858
vt -0.339696 0.090904
vt -0.371141 0.010958
vt -0.363591 0.013752
vt -0.365405 0.007696
vt -0.372188 -0.023661
vt -0.366674 -0.017796
vt -0.365599 -0.024026
vt -0.359887 -0.043816
vt -0.357260 -0.036206
vt -0.353727 -0.041449
vt -0.327355 -0.069362
vt -0.328199 -0.061356
vt -0.322778 -0.064609
vt -0.266634 -0.091761
vt -0.270990 -0.084991
vt -0.264685 -0.085457
vt -0.185897 -0.082592
vt -0.192855 -0.078543
vt -0.187028 -0.076091
vt -0.110002 -0.026302
vt -0.118026 -0.025658
vt -0.113831 -0.020928
vt -0.193586 0.074124
vt -0.200155 0.073503
vt -0.199608 0.076822
vt -0.196991 0.104275
vt -0.202384 0.100472
vt -0.203558 0.103625
vt -0.218345 0.121365
vt -0.220961 0.115307
vt -0.223607 0.117384
vt -0.251239 0.117612
vt -0.250139 0.111106
vt -0.253489 0.111409
vt -0.283094 0.095483
vt -0.278612 0.090640
vt -0.281582 0.089060
vt -0.303701 0.066356
vt -0.297334 0.064623
vt -0.299016 0.061709
vt -0.310292 0.040160
vt -0.303919 0.041872
vt -0.303903 0.038508
vt -0.304031 0.020637
vt -0.299284 0.025221
vt -0.297641 0.022285
vt -0.286693 0.008953
vt -0.284687 0.015239
vt -0.281849 0.013434
vt -0.261023 0.007292
vt -0.262215 0.013782
vt -0.258861 0.013527
vt -0.232092 0.018386
vt -0.236200 0.023550
vt -0.233120 0.024904
vt -0.207120 0.042308
vt -0.213181 0.044917
vt -0.211107 0.047566
vt -0.227344 0.021572
vt -0.349930 -0.079749
vt -0.365941 -0.047727
vt 0.349930 -0.079749
vt 0.227344 0.021572
vt 0.365941 -0.047727
vt 0.271243 -0.006440
vt 0.237943 0.043469
vt 0.283285 0.027276
vt -0.237943 0.043469
vt -0.271243 -0.006440
vt -0.283285 0.027276
vt -0.032205 -0.405456
vt 0.097040 -0.307348
vt 0.006973 -0.433441
vt -0.097040 -0.307348
vt 0.032205 -0.405456
vt -0.006973 -0.433441
vt 0.283119 0.104188
vt 0.267024 0.089371
vt 0.273537 0.107609
vt -0.056568 -0.388055
vt 0.016812 -0.316293
vt -0.041920 -0.398517
vt 0.267024 0.089371
vt 0.251043 0.115643
vt 0.273538 0.107609
vt -0.251043 0.115643
vt -0.267024 0.089371
vt -0.273538 0.107609
vt 0.016813 -0.316293
vt 0.050299 -0.310508
vt 0.015810 -0.358793
vt -0.015565 -0.359135
vt -0.016615 -0.316570
vt 0.022483 -0.412401
vt 0.299574 0.044722
vt 0.286311 0.073006
vt 0.307930 0.062197
vt -0.232294 0.118193
vt -0.242797 0.093926
vt -0.249262 0.112185
vt -0.001967 -0.306108
vt 0.041920 -0.398517
vt -0.016614 -0.316570
vt 0.227578 0.103459
vt 0.251043 0.115643
vt 0.244529 0.097404
vt 0.389648 -0.000315
vt 0.307930 0.062197
vt 0.398309 0.017007
vt -0.339384 0.046470
vt -0.277650 0.055684
vt -0.331099 0.028959
vt 0.014202 -0.418315
vt -0.015566 -0.359135
vt 0.022481 -0.412401
vt -0.274253 0.081032
vt -0.271115 0.102687
vt -0.264661 0.084422
vt 0.024089 -0.364706
vt -0.022481 -0.412401
vt 0.015810 -0.358793
vt -0.339384 0.046470
vt -0.389648 -0.000315
vt -0.398309 0.017007
vt -0.068635 -0.191432
vt -0.164200 -0.241797
vt -0.165233 -0.239731
vt 0.164200 -0.241797
vt 0.068635 -0.191432
vt 0.165233 -0.239731
vt -0.129792 -0.105319
vt -0.131489 -0.102260
vt -0.129015 -0.103144
vt 0.131489 -0.102260
vt 0.129792 -0.105319
vt 0.129015 -0.103144
vt -0.220992 -0.155519
vt -0.156081 -0.069163
vt -0.218854 -0.157046
vt 0.156081 -0.069163
vt 0.220992 -0.155519
vt 0.218854 -0.157046
vt -0.404662 0.066948
vt -0.416464 0.059248
vt -0.417183 0.060687
vt 0.416464 0.059248
vt 0.404662 0.066948
vt 0.417183 0.060687
vt 0.147557 0.201342
vt 0.146128 0.203561
vt 0.148098 0.202858
vt -0.146128 0.203561
vt -0.147557 0.201342
vt -0.148098 0.202858
vt -0.144839 -0.321744
vt -0.135000 -0.311568
vt -0.143137 -0.322960
vt 0.135000 -0.311568
vt 0.144839 -0.321744
vt 0.143137 -0.322960
vt 0.268216 -0.184116
vt 0.206757 -0.143220
vt 0.228111 -0.127968
vt -0.206757 -0.143221
vt -0.268216 -0.184116
vt -0.228111 -0.127968
vt 0.195080 -0.293502
vt 0.206799 -0.248291
vt 0.219793 -0.284676
vt -0.206799 -0.248291
vt -0.195080 -0.293502
vt -0.219793 -0.284676
vt 0.076051 -0.377215
vt 0.120488 -0.442629
vt 0.058773 -0.411771
vt -0.120488 -0.442629
vt -0.076051 -0.377215
vt -0.058773 -0.411771
vt 0.058585 -0.247309
vt 0.106884 -0.246862
vt 0.097045 -0.266539
vt -0.106884 -0.246862
vt -0.048746 -0.242390
vt -0.097045 -0.266539
vt 0.008677 -0.186801
vt 0.021996 -0.214919
vt 0.001278 -0.207520
vt 0.029649 -0.198987
vt 0.047337 -0.178662
vt 0.045126 -0.200551
vt 0.012671 -0.177743
vt 0.036967 -0.173906
vt 0.061960 -0.208897
vt -0.021622 -0.171349
vt -0.044058 -0.221684
vt -0.061960 -0.208897
vt -0.011637 -0.211219
vt -0.029396 -0.194201
vt -0.019037 -0.190501
vt -0.396374 0.108510
vt -0.423846 0.065068
vt -0.435728 0.088833
vt 0.423846 0.065068
vt 0.390112 0.111641
vt 0.435728 0.088833
vt 0.355947 0.135951
vt 0.331233 0.172991
vt 0.364883 0.160973
vt -0.447401 0.078169
vt -0.452296 0.045763
vt -0.464460 0.069385
vt 0.032697 -0.390797
vt 0.057705 -0.417262
vt 0.032130 -0.453066
vt -0.047235 -0.401182
vt -0.003054 -0.432298
vt -0.032130 -0.453066
vt -0.050723 -0.396299
vt -0.032697 -0.390797
vt -0.047235 -0.401182
vt 0.378804 0.102442
vt 0.390112 0.111641
vt 0.378229 0.087877
vt 0.036185 -0.385915
vt 0.047235 -0.401182
vt 0.032697 -0.390797
vt -0.378804 0.102442
vt -0.378229 0.087877
vt -0.390112 0.111641
vt -0.053629 -0.392231
vt -0.036185 -0.385915
vt -0.050723 -0.396299
vt -0.343590 0.154470
vt -0.331233 0.172990
vt -0.326765 0.160479
vt 0.368390 0.092796
vt 0.378803 0.102443
vt 0.372862 0.090560
vt 0.039091 -0.381846
vt 0.050723 -0.396299
vt 0.036185 -0.385915
vt -0.374331 0.104679
vt -0.372862 0.090560
vt -0.378803 0.102443
vt -0.322297 0.147968
vt -0.339122 0.141959
vt -0.086647 -0.233670
vt -0.215597 -0.340250
vt -0.232439 -0.306566
vt 0.215597 -0.340250
vt 0.086647 -0.233670
vt 0.232439 -0.306566
vt 0.123382 -0.264838
vt 0.088354 -0.212338
vt 0.136049 -0.229372
vt -0.088354 -0.212338
vt -0.123382 -0.264838
vt -0.136049 -0.229372
vt -0.074705 -0.370611
vt 0.061249 -0.267410
vt -0.033493 -0.400048
vt -0.061249 -0.267410
vt 0.074705 -0.370611
vt 0.033493 -0.400048
vt -0.331642 0.065671
vt -0.397180 -0.004500
vt -0.412141 0.025422
vt 0.397180 -0.004500
vt 0.331642 0.065671
vt 0.412141 0.025422
vt 0.089464 0.152387
vt 0.064955 0.196663
vt 0.100716 0.183892
vt -0.064955 0.196663
vt -0.089464 0.152387
vt -0.100716 0.183892
vt -0.211702 -0.287824
vt -0.128490 -0.236659
vt -0.180802 -0.309895
vt 0.128490 -0.236659
vt 0.211702 -0.287824
vt 0.180802 -0.309895
vt -0.159197 0.148750
vt -0.159205 0.147157
vt -0.162223 0.147968
vt -0.163882 0.133127
vt -0.164660 0.131736
vt -0.166909 0.133907
vt -0.176353 0.118549
vt -0.177697 0.117693
vt -0.178647 0.120671
vt -0.192289 0.109171
vt -0.193878 0.109050
vt -0.193313 0.112125
vt -0.207292 0.105828
vt -0.208751 0.106469
vt -0.206805 0.108915
vt -0.218255 0.107011
vt -0.219237 0.108265
vt -0.216366 0.109501
vt -0.223704 0.111482
vt -0.223963 0.113054
vt -0.220852 0.112760
vt -0.222877 0.119881
vt -0.222320 0.121374
vt -0.219766 0.119572
vt -0.214777 0.133185
vt -0.213523 0.134169
vt -0.212284 0.131299
vt -0.199265 0.148776
vt -0.197678 0.148920
vt -0.198199 0.145838
vt -0.180166 0.159441
vt -0.178760 0.158693
vt -0.180883 0.156399
vt -0.164929 0.159270
vt -0.164132 0.157890
vt -0.167148 0.157069
vt -0.073202 0.163516
vt -0.076593 0.161773
vt -0.076323 0.163343
vt -0.097094 0.109872
vt -0.100902 0.109672
vt -0.100012 0.110993
vt -0.139454 0.068259
vt -0.142988 0.069691
vt -0.141622 0.070510
vt -0.187268 0.054474
vt -0.189781 0.057343
vt -0.188191 0.057460
vt -0.224326 0.064170
vt -0.225259 0.067867
vt -0.223791 0.067249
vt -0.243466 0.075573
vt -0.242710 0.079310
vt -0.241653 0.078118
vt -0.249943 0.074589
vt -0.247719 0.077687
vt -0.247244 0.076166
vt -0.251195 0.069170
vt -0.247862 0.071022
vt -0.248082 0.069444
vt -0.246381 0.088343
vt -0.242570 0.088192
vt -0.243578 0.086958
vt -0.208313 0.158629
vt -0.205640 0.155909
vt -0.207220 0.155701
vt -0.127721 0.215847
vt -0.127836 0.212035
vt -0.129079 0.213032
vt -0.078380 0.207316
vt -0.080640 0.204244
vt -0.081097 0.205771
vt 0.017723 0.150878
vt 0.013725 0.148454
vt 0.014627 0.151310
vt -0.027041 0.064695
vt -0.031584 0.063592
vt -0.029862 0.066042
vt -0.098074 -0.002704
vt -0.102697 -0.002014
vt -0.100179 -0.000394
vt -0.182039 -0.009646
vt -0.185793 -0.006860
vt -0.182809 -0.006616
vt -0.237301 0.036937
vt -0.239214 0.041202
vt -0.236491 0.039956
vt -0.250036 0.069800
vt -0.250044 0.074474
vt -0.248066 0.072226
vt -0.243745 0.055413
vt -0.242258 0.059845
vt -0.241102 0.057082
vt -0.236497 0.008337
vt -0.233804 0.012159
vt -0.233487 0.009181
vt -0.240815 -0.026631
vt -0.236929 -0.024033
vt -0.237703 -0.026925
vt -0.231241 0.116944
vt -0.226972 0.115040
vt -0.229832 0.114154
vt -0.001727 0.259508
vt -0.003004 0.255011
vt -0.004288 0.257716
vt 0.035445 0.221286
vt 0.032330 0.217800
vt 0.032358 0.220795
vt 0.099220 0.120520
vt 0.094683 0.117746
vt 0.096241 0.121467
vt 0.044611 0.015939
vt 0.039653 0.014017
vt 0.041848 0.017402
vt -0.044894 -0.078036
vt -0.050206 -0.078276
vt -0.047045 -0.075769
vt -0.174991 -0.075900
vt -0.179603 -0.073253
vt -0.175590 -0.072833
vt -0.247155 0.033356
vt -0.249339 0.038204
vt -0.245842 0.036192
vt -0.239173 0.090168
vt -0.239334 0.095483
vt -0.236874 0.092285
vt -0.213075 0.059555
vt -0.212103 0.064783
vt -0.210379 0.061136
vt -0.184428 -0.026817
vt -0.182842 -0.021740
vt -0.181563 -0.025567
vt -0.145834 -0.136129
vt -0.144097 -0.131102
vt -0.142933 -0.134965
vt 0.061805 -0.234454
vt 0.060105 -0.229415
vt 0.063388 -0.231760
vt 0.186912 0.185411
vt 0.182583 0.182322
vt 0.183874 0.186145
vt 0.139924 0.188872
vt 0.135672 0.185679
vt 0.136869 0.189532
vt 0.165632 0.087082
vt 0.160846 0.084269
vt 0.162806 0.088417
vt 0.117222 -0.018623
vt 0.112330 -0.021247
vt 0.114450 -0.017178
vt 0.033335 -0.136230
vt 0.028002 -0.137770
vt 0.030928 -0.134237
vt -0.160187 -0.141824
vt -0.165240 -0.139522
vt -0.160718 -0.138743
vt -0.246537 0.072008
vt -0.247829 0.077407
vt -0.244435 0.074321
vt -0.205641 0.132669
vt -0.205208 0.138203
vt -0.202928 0.134221
vt -0.163672 0.082934
vt -0.162806 0.088417
vt -0.160846 0.084269
vt -0.115102 -0.022692
vt -0.114450 -0.017178
vt -0.112330 -0.021247
vt -0.030409 -0.139764
vt -0.030928 -0.134237
vt -0.028002 -0.137770
vt 0.164709 -0.142603
vt 0.160718 -0.138743
vt 0.165240 -0.139522
vt 0.249932 0.075095
vt 0.244435 0.074321
vt 0.247829 0.077407
vt 0.207921 0.136651
vt 0.202928 0.134221
vt 0.205208 0.138203
vt 0.215264 0.063289
vt 0.210607 0.060722
vt 0.212568 0.064870
vt 0.186158 -0.022849
vt 0.181838 -0.025951
vt 0.183294 -0.021600
vt 0.147445 -0.132111
vt 0.143220 -0.135341
vt 0.144544 -0.130948
vt -0.058073 -0.232261
vt -0.063391 -0.232232
vt -0.059657 -0.229566
vt -0.185897 0.181204
vt -0.184325 0.186284
vt -0.182858 0.181938
vt -0.139011 0.184641
vt -0.137317 0.189682
vt -0.135955 0.185301
vt -0.097908 0.116396
vt -0.096701 0.121575
vt -0.094929 0.117343
vt -0.042586 0.012114
vt -0.042320 0.017425
vt -0.039824 0.013576
vt 0.048034 -0.081015
vt 0.046590 -0.075897
vt 0.050185 -0.078748
vt 0.179238 -0.076730
vt 0.175275 -0.073185
vt 0.179838 -0.073663
vt 0.251083 0.035174
vt 0.245794 0.035722
vt 0.249770 0.038010
vt 0.242105 0.093351
vt 0.237009 0.091832
vt 0.239806 0.095469
vt 0.245648 0.058427
vt 0.241449 0.056374
vt 0.243006 0.060096
vt 0.237459 0.011769
vt 0.234022 0.008601
vt 0.234449 0.012613
vt 0.240479 -0.023083
vt 0.238410 -0.027274
vt 0.237367 -0.023377
vt 0.228060 0.118551
vt 0.230505 0.114566
vt 0.226651 0.115761
vt -0.000316 0.256587
vt 0.003976 0.258440
vt 0.002245 0.254795
vt -0.036005 0.217765
vt -0.032956 0.221309
vt -0.032918 0.217275
vt -0.017230 0.147347
vt -0.015349 0.151627
vt -0.014134 0.147780
vt 0.028577 0.061479
vt 0.029078 0.066126
vt 0.031398 0.062826
vt 0.100708 -0.005104
vt 0.099420 -0.000611
vt 0.102813 -0.002794
vt 0.185494 -0.010523
vt 0.182242 -0.007165
vt 0.186263 -0.007493
vt 0.240744 0.037861
vt 0.236265 0.039200
vt 0.239933 0.040880
vt 0.252803 0.072047
vt 0.248167 0.071444
vt 0.250833 0.074473
vt 0.251130 0.076622
vt 0.247539 0.075340
vt 0.248431 0.078198
vt 0.251402 0.071515
vt 0.248701 0.068823
vt 0.248288 0.071789
vt 0.245338 0.090453
vt 0.244430 0.086750
vt 0.242536 0.089069
vt 0.206108 0.159452
vt 0.207983 0.156132
vt 0.205015 0.156524
vt 0.125601 0.214824
vt 0.129296 0.213881
vt 0.126959 0.212009
vt 0.077217 0.205270
vt 0.080793 0.206593
vt 0.079933 0.203725
vt 0.073072 0.161166
vt 0.075684 0.163944
vt 0.076193 0.160993
vt 0.097939 0.107675
vt 0.099183 0.111280
vt 0.100856 0.108796
vt 0.141149 0.066626
vt 0.140749 0.070418
vt 0.143317 0.068878
vt 0.189517 0.053779
vt 0.187454 0.056986
vt 0.190440 0.056765
vt 0.226645 0.064573
vt 0.223349 0.066491
vt 0.226110 0.067653
vt 0.245384 0.076939
vt 0.241582 0.077244
vt 0.243569 0.079484
vt 0.224041 0.112234
vt 0.220929 0.111940
vt 0.221189 0.113512
vt 0.222795 0.120701
vt 0.220241 0.118899
vt 0.219685 0.120392
vt 0.214280 0.133842
vt 0.213041 0.130972
vt 0.211787 0.131956
vt 0.198490 0.149057
vt 0.199011 0.145975
vt 0.197424 0.146119
vt 0.179364 0.159252
vt 0.181487 0.156959
vt 0.180081 0.156210
vt 0.164348 0.158685
vt 0.167364 0.157864
vt 0.166568 0.156484
vt 0.158991 0.147953
vt 0.162010 0.148764
vt 0.162017 0.147170
vt 0.164088 0.132329
vt 0.166337 0.134500
vt 0.167115 0.133110
vt 0.176912 0.117944
vt 0.177862 0.120922
vt 0.179207 0.120066
vt 0.193068 0.108902
vt 0.192503 0.111976
vt 0.194092 0.111855
vt 0.208106 0.105956
vt 0.206160 0.108402
vt 0.207619 0.109044
vt 0.218911 0.107509
vt 0.216040 0.108745
vt 0.217023 0.109999
vt 0.210132 -0.325575
vt 0.220623 -0.221253
vt 0.253959 -0.237921
vt -0.220623 -0.221253
vt -0.210132 -0.325575
vt -0.253959 -0.237921
vt -0.494304 -0.011022
vt -0.471315 -0.073245
vt -0.515967 -0.041351
vt 0.471315 -0.073245
vt 0.494304 -0.011022
vt 0.515967 -0.041351
vt -0.354462 0.021226
vt -0.439099 -0.052608
vt -0.406138 0.039682
vt 0.439099 -0.052608
vt 0.354462 0.021226
vt 0.406138 0.039682
vt -0.214663 -0.221371
vt -0.220476 -0.238812
vt -0.226290 -0.227185
vt 0.220476 -0.238812
vt 0.214663 -0.221371
vt 0.226290 -0.227185
vt -0.397482 0.019844
vt -0.405353 0.036459
vt -0.393110 0.032086
vt 0.405353 0.036459
vt 0.397482 0.019844
vt 0.393110 0.032086
vt -0.497307 -0.018367
vt -0.479173 -0.015345
vt -0.486729 -0.025923
vt 0.479173 -0.015345
vt 0.497307 -0.018367
vt 0.486729 -0.025923
vt -0.313720 0.016994
vt -0.367386 -0.032199
vt -0.376330 -0.014311
vt 0.367386 -0.032199
vt 0.313720 0.016994
vt 0.376330 -0.014311
vt 0.447226 -0.015842
vt 0.438885 0.008375
vt 0.453953 0.002993
vt -0.438885 0.008375
vt -0.447226 -0.015842
vt -0.453953 0.002993
vt 0.134672 -0.517709
vt 0.188379 -0.470048
vt 0.147692 -0.527009
vt -0.188379 -0.470048
vt -0.134672 -0.517709
vt -0.147692 -0.527009
vt -0.066635 -0.336305
vt -0.084971 -0.391312
vt -0.103306 -0.354640
vt 0.084971 -0.391312
vt 0.066635 -0.336305
vt 0.103306 -0.354640
vt -0.382751 -0.194604
vt -0.407572 -0.142203
vt -0.368961 -0.155993
vt 0.407572 -0.142203
vt 0.382751 -0.194604
vt 0.368961 -0.155993
vt -0.419305 -0.008951
vt -0.362111 0.000581
vt -0.385942 -0.032782
vt 0.362111 0.000581
vt 0.419305 -0.008951
vt 0.385942 -0.032782
vt -0.413302 0.143179
vt -0.413320 0.139373
vt -0.420531 0.141310
vt -0.424224 0.098286
vt -0.426083 0.094964
vt -0.431455 0.100151
vt -0.453207 0.058589
vt -0.456419 0.056546
vt -0.458688 0.063659
vt -0.489946 0.033983
vt -0.493741 0.033694
vt -0.492392 0.041038
vt -0.524135 0.025939
vt -0.527619 0.027471
vt -0.522970 0.033315
vt -0.548793 0.030975
vt -0.551140 0.033972
vt -0.544281 0.036924
vt -0.560947 0.046750
vt -0.561567 0.050506
vt -0.554133 0.049803
vt -0.559190 0.074668
vt -0.557861 0.078235
vt -0.551759 0.073932
vt -0.541183 0.115048
vt -0.538189 0.117398
vt -0.535229 0.110542
vt -0.506067 0.157988
vt -0.502276 0.158331
vt -0.503520 0.150969
vt -0.462139 0.183233
vt -0.458779 0.181445
vt -0.463851 0.175965
vt -0.426710 0.176840
vt -0.424807 0.173544
vt -0.432011 0.171583
vt -0.209204 0.181085
vt -0.217307 0.176922
vt -0.216660 0.180672
vt -0.266443 0.035208
vt -0.275540 0.034730
vt -0.273413 0.037886
vt -0.366951 -0.067261
vt -0.375394 -0.063840
vt -0.372130 -0.061882
vt -0.478367 -0.097779
vt -0.484368 -0.090926
vt -0.480572 -0.090645
vt -0.561883 -0.075615
vt -0.564111 -0.066782
vt -0.560603 -0.068258
vt -0.602131 -0.051554
vt -0.600324 -0.042626
vt -0.597798 -0.045474
vt -0.613717 -0.049442
vt -0.608405 -0.042042
vt -0.607270 -0.045675
vt -0.615967 -0.042294
vt -0.608004 -0.037870
vt -0.608529 -0.041640
vt -0.608631 0.036970
vt -0.599528 0.036610
vt -0.601937 0.033663
vt -0.526679 0.234401
vt -0.520293 0.227905
vt -0.524066 0.227406
vt -0.339302 0.369310
vt -0.339576 0.360205
vt -0.342546 0.362585
vt -0.221632 0.317908
vt -0.227030 0.310569
vt -0.228123 0.314216
vt 0.011482 0.147516
vt 0.001933 0.141726
vt 0.004087 0.148548
vt -0.097722 -0.076107
vt -0.108574 -0.078741
vt -0.104460 -0.072888
vt -0.268781 -0.225442
vt -0.279826 -0.223793
vt -0.273809 -0.219922
vt -0.466289 -0.224700
vt -0.475257 -0.218045
vt -0.468127 -0.217462
vt -0.589359 -0.116544
vt -0.593927 -0.106354
vt -0.587423 -0.109333
vt -0.609928 -0.057502
vt -0.609947 -0.046335
vt -0.605221 -0.051706
vt -0.587800 -0.100081
vt -0.584247 -0.089494
vt -0.581487 -0.096094
vt -0.566748 -0.189190
vt -0.560316 -0.180061
vt -0.559558 -0.187175
vt -0.578615 -0.215411
vt -0.569332 -0.209203
vt -0.571182 -0.216114
vt -0.577586 0.199374
vt -0.567387 0.194827
vt -0.574220 0.192709
vt -0.036005 0.533037
vt -0.039055 0.522295
vt -0.042123 0.528757
vt 0.055031 0.368886
vt 0.047589 0.360560
vt 0.047657 0.367713
vt 0.212940 0.067811
vt 0.202102 0.061183
vt 0.205824 0.070074
vt 0.077516 -0.190693
vt 0.065671 -0.195286
vt 0.070916 -0.187200
vt -0.140992 -0.381248
vt -0.153683 -0.381820
vt -0.146131 -0.375831
vt -0.449980 -0.334515
vt -0.460997 -0.328191
vt -0.451412 -0.327187
vt -0.607811 -0.080510
vt -0.613028 -0.068927
vt -0.604674 -0.073734
vt -0.574877 0.010810
vt -0.575262 0.023508
vt -0.569385 0.015869
vt -0.503665 -0.090050
vt -0.501342 -0.077560
vt -0.497223 -0.086274
vt -0.428856 -0.279193
vt -0.425069 -0.267067
vt -0.422012 -0.276207
vt -0.330274 -0.473789
vt -0.326125 -0.461781
vt -0.323344 -0.471009
vt 0.181726 -0.594489
vt 0.177666 -0.582451
vt 0.185510 -0.588051
vt 0.434987 0.378397
vt 0.424646 0.371017
vt 0.427729 0.380149
vt 0.315138 0.289576
vt 0.304979 0.281948
vt 0.307839 0.291152
vt 0.380329 -0.019546
vt 0.368896 -0.026266
vt 0.373577 -0.016356
vt 0.257944 -0.267228
vt 0.246257 -0.273497
vt 0.251322 -0.263778
vt 0.049745 -0.492191
vt 0.037003 -0.495870
vt 0.043994 -0.487428
vt -0.415555 -0.429028
vt -0.427624 -0.423531
vt -0.416823 -0.421670
vt -0.597040 0.066751
vt -0.600127 0.079648
vt -0.592017 0.072276
vt -0.484085 0.136661
vt -0.483049 0.149882
vt -0.477604 0.140370
vt -0.375647 -0.029456
vt -0.373577 -0.016356
vt -0.368896 -0.026266
vt -0.252879 -0.276948
vt -0.251322 -0.263778
vt -0.246257 -0.273498
vt -0.042754 -0.500632
vt -0.043993 -0.487428
vt -0.037003 -0.495870
vt 0.426356 -0.430889
vt 0.416823 -0.421670
vt 0.427624 -0.423531
vt 0.605150 0.074123
vt 0.592017 0.072275
vt 0.600127 0.079648
vt 0.489530 0.146173
vt 0.477605 0.140370
vt 0.483049 0.149882
vt 0.508894 -0.081130
vt 0.497768 -0.087263
vt 0.502452 -0.077354
vt 0.432990 -0.269716
vt 0.422670 -0.277124
vt 0.426146 -0.266730
vt 0.334123 -0.464192
vt 0.324029 -0.471907
vt 0.327192 -0.461413
vt -0.172813 -0.589249
vt -0.185516 -0.589180
vt -0.176596 -0.582812
vt -0.432561 0.368346
vt -0.428807 0.380482
vt -0.425303 0.370098
vt -0.312956 0.279469
vt -0.308910 0.291512
vt -0.305657 0.281045
vt -0.209807 0.057957
vt -0.206924 0.070330
vt -0.202691 0.060220
vt -0.072679 -0.199832
vt -0.072044 -0.187144
vt -0.066080 -0.196339
vt 0.148493 -0.388364
vt 0.145044 -0.376138
vt 0.153632 -0.382948
vt 0.460127 -0.336498
vt 0.450659 -0.328028
vt 0.461559 -0.329170
vt 0.617194 -0.076167
vt 0.604558 -0.074857
vt 0.614057 -0.069391
vt 0.581882 0.018415
vt 0.569708 0.014787
vt 0.576390 0.023474
vt 0.592346 -0.092882
vt 0.582314 -0.097786
vt 0.586033 -0.088895
vt 0.569046 -0.180991
vt 0.560835 -0.188560
vt 0.561856 -0.178976
vt 0.577813 -0.206934
vt 0.572871 -0.216948
vt 0.570380 -0.207637
vt 0.569986 0.203213
vt 0.575826 0.193695
vt 0.566620 0.196548
vt 0.031124 0.526060
vt 0.041376 0.530487
vt 0.037243 0.521780
vt -0.056368 0.360477
vt -0.049085 0.368942
vt -0.048994 0.359304
vt -0.010305 0.139083
vt -0.005812 0.149306
vt -0.002910 0.140115
vt 0.101392 -0.083790
vt 0.102587 -0.072687
vt 0.108130 -0.080572
vt 0.275075 -0.231176
vt 0.271998 -0.220441
vt 0.280104 -0.225656
vt 0.474542 -0.226795
vt 0.466773 -0.218773
vt 0.476379 -0.219558
vt 0.597582 -0.114337
vt 0.586883 -0.111138
vt 0.595646 -0.107125
vt 0.616538 -0.052135
vt 0.605464 -0.053574
vt 0.611831 -0.046338
vt 0.616554 -0.044586
vt 0.607974 -0.047648
vt 0.610107 -0.040820
vt 0.616460 -0.036693
vt 0.610008 -0.043124
vt 0.609021 -0.036039
vt 0.606140 0.042011
vt 0.603971 0.033164
vt 0.599446 0.038704
vt 0.521411 0.236369
vt 0.525891 0.228436
vt 0.518798 0.229374
vt 0.334237 0.366866
vt 0.343064 0.364615
vt 0.337482 0.360141
vt 0.218852 0.313020
vt 0.227396 0.316181
vt 0.225342 0.309328
vt 0.208894 0.175470
vt 0.215133 0.182108
vt 0.216349 0.175058
vt 0.268461 0.029959
vt 0.271433 0.038570
vt 0.275431 0.032637
vt 0.371002 -0.071161
vt 0.370046 -0.062102
vt 0.376181 -0.065782
vt 0.483739 -0.099440
vt 0.478810 -0.091779
vt 0.485945 -0.092306
vt 0.567423 -0.074651
vt 0.559549 -0.070069
vt 0.566143 -0.067294
vt 0.606711 -0.048291
vt 0.597630 -0.047562
vt 0.602377 -0.042210
vt 0.561752 0.048546
vt 0.554318 0.047843
vt 0.554938 0.051599
vt 0.558996 0.076627
vt 0.552894 0.072323
vt 0.551565 0.075890
vt 0.539995 0.116617
vt 0.537036 0.109762
vt 0.534041 0.112112
vt 0.504216 0.158659
vt 0.505461 0.151297
vt 0.501670 0.151640
vt 0.460223 0.182782
vt 0.465295 0.177302
vt 0.461935 0.175514
vt 0.425324 0.175443
vt 0.432528 0.173482
vt 0.430625 0.170185
vt 0.412809 0.141274
vt 0.420021 0.143211
vt 0.420039 0.139405
vt 0.424716 0.096380
vt 0.430087 0.101567
vt 0.431946 0.098245
vt 0.454544 0.057144
vt 0.456813 0.064258
vt 0.460025 0.062214
vt 0.491805 0.033338
vt 0.490456 0.040682
vt 0.494251 0.040393
vt 0.526079 0.026246
vt 0.521430 0.032089
vt 0.524915 0.033621
vt 0.550362 0.032164
vt 0.543503 0.035116
vt 0.545849 0.038113
vt -0.166358 -0.130150
vt -0.279657 -0.223795
vt -0.294455 -0.194199
vt 0.279657 -0.223795
vt 0.166358 -0.130150
vt 0.294455 -0.194199
vt 0.382818 -0.216468
vt 0.352040 -0.170339
vt 0.393947 -0.185306
vt -0.352040 -0.170339
vt -0.382818 -0.216468
vt -0.393947 -0.185306
vt 0.112838 -0.510982
vt 0.232292 -0.420306
vt 0.149049 -0.536847
vt -0.232292 -0.420306
vt -0.112838 -0.510982
vt -0.149049 -0.536847
vt -0.347641 0.060531
vt -0.387901 0.002123
vt -0.403212 0.032745
vt -0.474525 -0.090414
vt -0.434310 -0.071362
vt -0.455352 -0.103118
vt -0.213876 0.262607
vt -0.233331 0.305910
vt -0.202361 0.294849
vt 0.070524 0.277062
vt 0.056166 0.227485
vt 0.040265 0.257805
vt -0.463640 -0.094029
vt -0.400768 -0.062586
vt -0.436880 -0.113143
vt 0.400768 -0.062586
vt 0.463641 -0.094029
vt 0.436880 -0.113143
vt -0.474836 -0.053473
vt -0.427401 0.006149
vt -0.410378 -0.025422
vt 0.409232 -0.028057
vt 0.449972 -0.026297
vt 0.473690 -0.056108
vt 0.354526 0.020488
vt 0.336461 0.069475
vt 0.369837 0.051110
vt 0.444241 0.239377
vt 0.420028 0.204500
vt 0.417812 0.238664
vt 0.475270 -0.091537
vt 0.456097 -0.104242
vt 0.435055 -0.072486
vt -0.266506 0.281403
vt -0.233331 0.305910
vt -0.244846 0.273668
vt 0.387901 0.002123
vt 0.381017 0.044402
vt 0.403212 0.032745
vt -0.468190 -0.110279
vt -0.454897 -0.089023
vt -0.428483 -0.090188
vt 0.429779 -0.090184
vt 0.456192 -0.089019
vt 0.469485 -0.110275
vt -0.052406 -0.221654
vt -0.089570 -0.241240
vt -0.089972 -0.240436
vt 0.089570 -0.241240
vt 0.052406 -0.221654
vt 0.089972 -0.240437
vt -0.247377 -0.098235
vt -0.248037 -0.097046
vt -0.247075 -0.097390
vt 0.248037 -0.097046
vt 0.247377 -0.098236
vt 0.247075 -0.097390
vt -0.272790 -0.036184
vt -0.247547 -0.002601
vt -0.271959 -0.036777
vt 0.247547 -0.002601
vt 0.272790 -0.036184
vt 0.271959 -0.036777
vt -0.119304 -0.397305
vt -0.038498 -0.453074
vt -0.065627 -0.472452
vt 0.038498 -0.453074
vt 0.119304 -0.397305
vt 0.065628 -0.472452
vt 0.312986 0.000241
vt 0.353465 0.014457
vt 0.344383 -0.010972
vt -0.353465 0.014457
vt -0.312986 0.000241
vt -0.344383 -0.010972
vt -0.368999 -0.036362
vt -0.274325 -0.019214
vt -0.356923 -0.060514
vt 0.274325 -0.019214
vt 0.368999 -0.036362
vt 0.356923 -0.060513
vt -0.177097 -0.144450
vt -0.182910 -0.161891
vt -0.188724 -0.150264
vt 0.182910 -0.161891
vt 0.177097 -0.144450
vt 0.188724 -0.150264
vt -0.315954 0.045944
vt -0.323825 0.062559
vt -0.311582 0.058186
vt 0.323825 0.062559
vt 0.315954 0.045944
vt 0.311582 0.058186
vt -0.402449 -0.002557
vt -0.384315 0.000465
vt -0.391871 -0.010113
vt 0.384315 0.000465
vt 0.402449 -0.002557
vt 0.391871 -0.010113
vt 0.063392 -0.361572
vt -0.138868 -0.498180
vt -0.153059 -0.469797
vt 0.138868 -0.498180
vt -0.063392 -0.361572
vt 0.153059 -0.469797
vt -0.035575 -0.394500
vt -0.066978 -0.349589
vt -0.024902 -0.364616
vt 0.066978 -0.349589
vt 0.035575 -0.394500
vt 0.024902 -0.364616
vt -0.157339 -0.314045
vt 0.019678 -0.143091
vt -0.120982 -0.340014
vt -0.019678 -0.143091
vt 0.157339 -0.314045
vt 0.120982 -0.340014
vt 0.082706 -0.310734
vt 0.026388 -0.446507
vt -0.000538 -0.427274
vt -0.026388 -0.446507
vt -0.082706 -0.310734
vt 0.000538 -0.427274
vt 0.184413 -0.319117
vt 0.138285 -0.349894
vt 0.153251 -0.307988
vt -0.138285 -0.349894
vt -0.184413 -0.319117
vt -0.153251 -0.307988
vt 0.184699 -0.408753
vt 0.076502 -0.304903
vt 0.204600 -0.368952
vt -0.076502 -0.304903
vt -0.184699 -0.408753
vt -0.204600 -0.368952
vt -0.396123 0.049872
vt -0.407926 0.042172
vt -0.408645 0.043611
vt 0.407926 0.042172
vt 0.396123 0.049872
vt 0.408645 0.043611
vt -0.053232 0.252780
vt -0.054660 0.254999
vt -0.052690 0.254295
vt 0.054660 0.254999
vt 0.053232 0.252780
vt 0.052690 0.254295
vt -0.312786 -0.201782
vt -0.302947 -0.191605
vt -0.311084 -0.202998
vt 0.302947 -0.191605
vt 0.312786 -0.201782
vt 0.311084 -0.202998
vt -0.304343 0.065321
vt -0.391580 0.000050
vt -0.400241 0.017372
vt 0.391580 0.000050
vt 0.304343 0.065321
vt 0.400241 0.017372
vt 0.312382 0.074435
vt 0.296402 0.100707
vt 0.318896 0.092674
vt -0.296402 0.100707
vt -0.312382 0.074435
vt -0.318896 0.092674
vt -0.003982 -0.427539
vt 0.077774 -0.354176
vt 0.015455 -0.441423
vt -0.077773 -0.354176
vt 0.003982 -0.427539
vt -0.015454 -0.441423
vt -0.149960 0.048127
vt -0.288557 -0.217860
vt -0.322587 -0.193552
vt 0.288557 -0.217859
vt 0.149959 0.048127
vt 0.322587 -0.193552
vt -0.172272 -0.160719
vt -0.221646 -0.174626
vt -0.211656 -0.146654
vt 0.221646 -0.174626
vt 0.172273 -0.160719
vt 0.211656 -0.146654
vt 0.201693 -0.368057
vt -0.050668 -0.208668
vt 0.214977 -0.341490
vt 0.050668 -0.208668
vt -0.201693 -0.368057
vt -0.214977 -0.341490
vt -0.132847 -0.183270
vt -0.247040 -0.277362
vt -0.261838 -0.247766
vt 0.247040 -0.277362
vt 0.132847 -0.183270
vt 0.261838 -0.247766
vt 0.094342 -0.179807
vt 0.080516 -0.139732
vt 0.105471 -0.148645
vt -0.080516 -0.139732
vt -0.094342 -0.179807
vt -0.105471 -0.148645
vt -0.100583 -0.352127
vt 0.004805 -0.250175
vt -0.079019 -0.367529
vt -0.004805 -0.250175
vt 0.100583 -0.352127
vt 0.079019 -0.367529
vt -0.169317 0.043764
vt -0.213637 0.020406
vt -0.214116 0.021364
vt 0.213637 0.020406
vt 0.169317 0.043764
vt 0.214116 0.021364
vt -0.123582 0.164969
vt -0.124369 0.166387
vt -0.123222 0.165978
vt 0.124369 0.166387
vt 0.123582 0.164969
vt 0.123222 0.165977
vt -0.246606 -0.047460
vt -0.216502 -0.007411
vt -0.245614 -0.048168
vt 0.216502 -0.007411
vt 0.246606 -0.047460
vt 0.245614 -0.048168
vt -0.208160 0.028703
vt -0.321660 -0.048793
vt -0.329958 -0.032196
vt 0.321660 -0.048792
vt 0.208160 0.028703
vt 0.329958 -0.032196
vt 0.257939 0.014287
vt 0.244305 0.038860
vt 0.264180 0.031761
vt -0.244305 0.038860
vt -0.257939 0.014287
vt -0.264180 0.031761
vt -0.003324 -0.377998
vt 0.092999 -0.279456
vt 0.013849 -0.390265
vt -0.092999 -0.279456
vt 0.003324 -0.377998
vt -0.013849 -0.390265
vt 0.053596 -0.297581
vt 0.000116 -0.426513
vt -0.025453 -0.408249
vt -0.000116 -0.426513
vt -0.053596 -0.297581
vt 0.025453 -0.408249
vt 0.198909 -0.180411
vt 0.155106 -0.209637
vt 0.169318 -0.169843
vt -0.155106 -0.209637
vt -0.198909 -0.180411
vt -0.169318 -0.169843
vt 0.245405 -0.285105
vt 0.142661 -0.186488
vt 0.264303 -0.247309
vt -0.142661 -0.186488
vt -0.245405 -0.285105
vt -0.264303 -0.247309
vt -0.053767 -0.216696
vt -0.090931 -0.236282
vt -0.091333 -0.235478
vt 0.090931 -0.236282
vt 0.053767 -0.216696
vt 0.091333 -0.235479
vt -0.297381 -0.075022
vt -0.298041 -0.073832
vt -0.297079 -0.074176
vt 0.298041 -0.073833
vt 0.297381 -0.075022
vt 0.297079 -0.074176
vt -0.316881 -0.003461
vt -0.291638 0.030122
vt -0.316050 -0.004055
vt 0.291638 0.030122
vt 0.316881 -0.003461
vt 0.316050 -0.004055
vt -0.046135 -0.240903
vt -0.078875 -0.258158
vt -0.079229 -0.257450
vt 0.078875 -0.258158
vt 0.046135 -0.240903
vt 0.079229 -0.257450
vt 0.109232 -0.246743
vt 0.108651 -0.245695
vt 0.109498 -0.245998
vt -0.108651 -0.245695
vt -0.109232 -0.246743
vt -0.109498 -0.245998
vt 0.042395 -0.258859
vt 0.064634 -0.229274
vt 0.043128 -0.259382
vt -0.064634 -0.229274
vt -0.042395 -0.258859
vt -0.043128 -0.259382
vt 0.116279 -0.272308
vt 0.076956 -0.367110
vt 0.058155 -0.353681
vt -0.076956 -0.367110
vt -0.116279 -0.272308
vt -0.058155 -0.353681
vt 0.176533 -0.326314
vt 0.144325 -0.347804
vt 0.154775 -0.318543
vt -0.144325 -0.347804
vt -0.176533 -0.326314
vt -0.154775 -0.318543
vt 0.102412 -0.363137
vt 0.026865 -0.290625
vt 0.116307 -0.335346
vt -0.026865 -0.290625
vt -0.102412 -0.363137
vt -0.116307 -0.335346
vt -0.104859 -0.034014
vt -0.223546 -0.123106
vt -0.235445 -0.099307
vt 0.223546 -0.123106
vt 0.104859 -0.034014
vt 0.235445 -0.099307
vt -0.031365 0.000438
vt -0.048410 0.034779
vt -0.022416 0.025496
vt 0.048410 0.034779
vt 0.031365 0.000438
vt 0.022416 0.025496
vt -0.194832 -0.174204
vt -0.087511 -0.071443
vt -0.172372 -0.190248
vt 0.087511 -0.071443
vt 0.194832 -0.174204
vt 0.172372 -0.190248
vt -0.263409 -0.034435
vt -0.302965 -0.085015
vt -0.315286 -0.060374
vt 0.302965 -0.085015
vt 0.263409 -0.034435
vt 0.315286 -0.060374
vt -0.238466 0.148294
vt -0.255145 0.183505
vt -0.229200 0.174239
vt 0.255145 0.183505
vt 0.238466 0.148294
vt 0.229200 0.174239
vt -0.425350 -0.075910
vt -0.369220 -0.044726
vt -0.402932 -0.091923
vt 0.369220 -0.044726
vt 0.425350 -0.075910
vt 0.402932 -0.091923
vt -0.157219 -0.188191
vt -0.253525 -0.273338
vt -0.268323 -0.243742
vt 0.253525 -0.273338
vt 0.157219 -0.188191
vt 0.268323 -0.243742
vt 0.024956 -0.148124
vt -0.005822 -0.101996
vt 0.036085 -0.116963
vt 0.005822 -0.101996
vt -0.024956 -0.148125
vt -0.036085 -0.116963
vt -0.179399 -0.300745
vt -0.070988 -0.225530
vt -0.143188 -0.326610
vt 0.070988 -0.225530
vt 0.179399 -0.300745
vt 0.143188 -0.326610
vt -0.155630 -0.144897
vt -0.161444 -0.162338
vt -0.167258 -0.150711
vt 0.161444 -0.162338
vt 0.155630 -0.144897
vt 0.167258 -0.150711
vt 0.381338 -0.213708
vt 0.373468 -0.197093
vt 0.385711 -0.201466
vt -0.373468 -0.197093
vt -0.381338 -0.213708
vt -0.385711 -0.201466
vt 0.214012 -0.419538
vt 0.232147 -0.416515
vt 0.224590 -0.427094
vt -0.232147 -0.416515
vt -0.214012 -0.419538
vt -0.224590 -0.427094
vt -0.405176 0.083629
vt -0.414120 0.056796
vt -0.423064 0.074685
vt 0.414120 0.056796
vt 0.405176 0.083629
vt 0.423064 0.074685
vt 0.194268 0.181218
vt 0.177451 0.208461
vt 0.200995 0.200053
vt -0.177451 0.208461
vt -0.194268 0.181218
vt -0.200995 0.200053
vt -0.121595 -0.337118
vt -0.089627 -0.335374
vt -0.101252 -0.351649
vt 0.089627 -0.335374
vt 0.121595 -0.337118
vt 0.101252 -0.351649
vt -0.224145 0.097422
vt -0.260155 0.078443
vt -0.260544 0.079222
vt 0.260155 0.078443
vt 0.224145 0.097422
vt 0.260544 0.079222
vt 0.141945 0.147350
vt 0.141306 0.148502
vt 0.142238 0.148169
vt -0.141305 0.148502
vt -0.141945 0.147350
vt -0.142238 0.148169
vt -0.047215 -0.209117
vt -0.022756 -0.176577
vt -0.046409 -0.209692
vt 0.022756 -0.176577
vt 0.047215 -0.209117
vt 0.046409 -0.209692
vt -0.149816 -0.149816
vt -0.151158 -0.153841
vt -0.152500 -0.151158
vt 0.151158 -0.153841
vt 0.149816 -0.149816
vt 0.152500 -0.151158
vt 0.374813 -0.208192
vt 0.372997 -0.204358
vt 0.375822 -0.205367
vt -0.372997 -0.204358
vt -0.374813 -0.208192
vt -0.375822 -0.205367
vt 0.223195 -0.410122
vt 0.227380 -0.409424
vt 0.225636 -0.411866
vt -0.227380 -0.409424
vt -0.223195 -0.410122
vt -0.225636 -0.411866
vt -0.184813 0.038007
vt -0.354648 -0.068564
vt -0.363309 -0.051241
vt 0.354648 -0.068563
vt 0.184813 0.038007
vt 0.363309 -0.051241
vt 0.201430 0.031357
vt 0.185449 0.057629
vt 0.207943 0.049596
vt -0.185449 0.057629
vt -0.201429 0.031357
vt -0.207943 0.049596
vt -0.075853 -0.373317
vt 0.059578 -0.224808
vt -0.056417 -0.387201
vt -0.059578 -0.224808
vt 0.075853 -0.373317
vt 0.056417 -0.387201
vt -0.287067 -0.044479
vt -0.337666 -0.102528
vt -0.350766 -0.076328
vt 0.337666 -0.102528
vt 0.287067 -0.044479
vt 0.350766 -0.076328
vt 0.106783 0.024837
vt 0.079537 0.065672
vt 0.116635 0.052423
vt -0.079537 0.065672
vt -0.106783 0.024837
vt -0.116635 0.052423
vt -0.159218 -0.313771
vt -0.085768 -0.278716
vt -0.127162 -0.336668
vt 0.085768 -0.278716
vt 0.159217 -0.313771
vt 0.127162 -0.336668
vt 0.393918 -0.017148
vt 0.274743 0.026247
vt 0.281220 0.039201
vt -0.393918 -0.017148
vt -0.274743 0.026247
vt -0.387441 -0.030102
vt -0.002088 0.171522
vt 0.010772 0.151551
vt -0.006959 0.157883
vt 0.002088 0.171522
vt -0.010772 0.151551
vt -0.015643 0.165190
vt -0.257789 -0.258270
vt -0.169233 -0.166683
vt -0.242469 -0.269213
vt 0.257789 -0.258270
vt 0.169233 -0.166683
vt 0.184553 -0.155740
vt -0.187071 0.033773
vt -0.310354 -0.050403
vt -0.319368 -0.032376
vt 0.310354 -0.050403
vt 0.187071 0.033773
vt 0.319368 -0.032376
vt 0.270438 0.002925
vt 0.255628 0.029616
vt 0.277217 0.021906
vt -0.255628 0.029616
vt -0.270438 0.002925
vt -0.277217 0.021906
vt 0.013342 -0.378361
vt 0.117969 -0.271324
vt 0.031996 -0.391686
vt -0.117968 -0.271324
vt -0.013342 -0.378361
vt -0.031996 -0.391686
vt -0.248570 0.048274
vt -0.292890 0.024916
vt -0.293369 0.025874
vt 0.292890 0.024916
vt 0.248570 0.048274
vt 0.293369 0.025874
vt -0.062127 0.184940
vt -0.062914 0.186358
vt -0.061766 0.185949
vt 0.062914 0.186358
vt 0.062127 0.184940
vt 0.061767 0.185948
vt -0.245007 -0.133236
vt -0.214903 -0.093187
vt -0.244015 -0.133945
vt 0.214903 -0.093187
vt 0.245007 -0.133236
vt 0.244015 -0.133945
vt -0.128246 0.022871
vt -0.334713 -0.106685
vt -0.345242 -0.085627
vt 0.334712 -0.106685
vt 0.128246 0.022871
vt 0.345242 -0.085627
vt -0.068136 0.081957
vt -0.087563 0.113896
vt -0.060217 0.104130
vt 0.087563 0.113896
vt 0.068136 0.081957
vt 0.060217 0.104130
vt -0.300014 -0.212241
vt -0.135372 -0.031700
vt -0.276385 -0.229118
vt 0.135372 -0.031700
vt 0.300014 -0.212240
vt 0.276385 -0.229118
vt -0.341171 0.065479
vt -0.392798 0.011236
vt -0.404170 0.033980
vt 0.392798 0.011236
vt 0.341171 0.065479
vt 0.404170 0.033980
vt 0.258805 0.104773
vt 0.247963 0.135647
vt 0.267358 0.128720
vt -0.247963 0.135646
vt -0.258805 0.104773
vt -0.267358 0.128720
vt -0.048390 -0.391011
vt 0.009308 -0.345666
vt -0.031631 -0.402981
vt -0.009308 -0.345666
vt 0.048390 -0.391011
vt 0.031631 -0.402981
vt -0.152106 -0.254805
vt -0.226469 -0.316269
vt -0.236182 -0.296843
vt 0.226469 -0.316269
vt 0.152106 -0.254805
vt 0.236182 -0.296843
vt 0.286270 -0.295072
vt 0.266069 -0.264796
vt 0.293575 -0.274620
vt -0.266069 -0.264796
vt -0.286270 -0.295072
vt -0.293575 -0.274620
vt 0.076422 -0.477330
vt 0.154825 -0.417815
vt 0.100188 -0.494306
vt -0.154825 -0.417815
vt -0.076422 -0.477330
vt -0.100188 -0.494306
vt -0.044794 -0.243586
vt -0.077534 -0.260841
vt -0.077888 -0.260133
vt 0.077534 -0.260841
vt 0.044794 -0.243586
vt 0.077888 -0.260133
vt 0.117641 -0.252931
vt 0.117059 -0.251884
vt 0.117907 -0.252186
vt -0.117059 -0.251883
vt -0.117641 -0.252931
vt -0.117907 -0.252186
vt 0.050533 -0.264671
vt 0.072771 -0.235086
vt 0.051265 -0.265194
vt -0.072771 -0.235086
vt -0.050533 -0.264671
vt -0.051265 -0.265194
vt -0.354160 0.063457
vt -0.401255 -0.012099
vt -0.422058 0.029508
vt 0.401255 -0.012098
vt 0.354160 0.063457
vt 0.422058 0.029508
vt 0.390922 0.039442
vt 0.347655 0.104289
vt 0.406568 0.083249
vt -0.347655 0.104289
vt -0.390922 0.039442
vt -0.406568 0.083249
vt 0.026127 -0.466357
vt 0.121155 -0.440944
vt 0.077032 -0.502717
vt -0.121155 -0.440944
vt -0.026127 -0.466357
vt -0.077032 -0.502717
vt 0.050691 -0.380832
vt 0.200092 -0.395856
vt 0.176222 -0.443597
vt -0.200092 -0.395856
vt -0.050691 -0.380832
vt -0.176221 -0.443597
vt -0.409207 -0.134803
vt -0.353152 -0.211500
vt -0.427159 -0.185069
vt 0.353152 -0.211500
vt 0.409207 -0.134803
vt 0.427159 -0.185069
vt 0.419665 -0.137728
vt 0.402038 0.022154
vt 0.483613 -0.092052
vt -0.402038 0.022154
vt -0.419665 -0.137728
vt -0.483613 -0.092051
vt 0.215619 -0.337438
vt 0.119813 -0.327803
vt 0.135121 -0.297189
vt -0.119813 -0.327803
vt -0.215619 -0.337438
vt -0.135121 -0.297189
vt 0.163101 -0.196187
vt 0.104130 -0.180902
vt 0.151588 -0.163953
vt -0.104130 -0.180902
vt -0.163101 -0.196187
vt -0.151588 -0.163953
vt -0.177784 -0.184861
vt -0.271102 -0.228806
vt -0.218791 -0.155570
vt 0.271102 -0.228806
vt 0.177784 -0.184861
vt 0.218791 -0.155570
vt -0.337949 0.224520
vt -0.438169 0.149056
vt -0.402929 0.247727
vt 0.394786 0.235253
vt 0.337949 0.224520
vt 0.402929 0.247727
vt 0.268082 -0.141867
vt 0.291510 -0.095011
vt 0.351409 -0.066389
vt -0.291510 -0.095011
vt -0.304552 -0.160103
vt -0.351409 -0.066389
vt -0.552821 0.022238
vt -0.520374 -0.051047
vt -0.576521 -0.010942
vt 0.520374 -0.051047
vt 0.552822 0.022238
vt 0.576521 -0.010942
vt -0.284355 -0.091433
vt -0.268082 -0.141867
vt -0.291511 -0.095011
vt 0.492024 -0.011357
vt 0.552822 0.022238
vt 0.496674 -0.017867
vt 0.260927 -0.138290
vt 0.291511 -0.095011
vt 0.268082 -0.141867
vt -0.548172 0.028748
vt -0.496674 -0.017867
vt -0.552822 0.022239
vt 0.366761 0.171644
vt 0.373189 0.125849
vt 0.355569 0.175184
vt 0.379606 0.135678
vt 0.438169 0.149056
vt 0.426977 0.152596
vt 0.420549 0.198391
vt 0.414132 0.188562
vt 0.355569 0.175184
vt 0.420549 0.198391
vt -0.273131 -0.093757
vt -0.264101 -0.131940
vt -0.281181 -0.097782
vt 0.494401 0.001401
vt 0.540564 0.023314
vt 0.499632 -0.005923
vt 0.256052 -0.127915
vt 0.281181 -0.097781
vt 0.264102 -0.131940
vt -0.535332 0.030637
vt -0.499632 -0.005923
vt -0.540564 0.023314
vt 0.366761 0.171644
vt 0.352152 0.220027
vt 0.355569 0.175184
vt 0.337949 0.224519
vt 0.363713 0.187658
vt 0.420549 0.198391
vt 0.406346 0.202884
vt 0.402929 0.247727
vt -0.540842 0.018596
vt -0.506328 -0.010972
vt -0.543167 0.015341
vt -0.307330 -0.054422
vt -0.295537 -0.086953
vt -0.310908 -0.056210
vt 0.504004 -0.007716
vt 0.543167 0.015343
vt 0.506329 -0.010971
vt 0.291961 -0.085165
vt 0.310910 -0.056211
vt 0.295539 -0.086954
vt 0.406346 0.202884
vt 0.352152 0.220027
vt 0.394786 0.235253
vt -0.190418 -0.068031
vt -0.303717 -0.161676
vt -0.318515 -0.132080
vt 0.303717 -0.161676
vt 0.190418 -0.068031
vt 0.318515 -0.132080
vt 0.279836 -0.109265
vt 0.249058 -0.063137
vt 0.290965 -0.078104
vt -0.249058 -0.063137
vt -0.279836 -0.109265
vt -0.290965 -0.078104
vt 0.008219 -0.428560
vt 0.127673 -0.337884
vt 0.044430 -0.454425
vt -0.127673 -0.337884
vt -0.008219 -0.428560
vt -0.044430 -0.454425
vt -0.160102 -0.129245
vt -0.165916 -0.146686
vt -0.171730 -0.135058
vt 0.165916 -0.146686
vt 0.160102 -0.129245
vt 0.171730 -0.135058
vt 0.360351 -0.189223
vt 0.352481 -0.172608
vt 0.364723 -0.176980
vt -0.352481 -0.172608
vt -0.360351 -0.189223
vt -0.364723 -0.176980
vt 0.192971 -0.400822
vt 0.211106 -0.397799
vt 0.203550 -0.408378
vt -0.211106 -0.397799
vt -0.192971 -0.400822
vt -0.203550 -0.408378
vt -0.385945 0.087654
vt -0.413225 0.052771
vt -0.421723 0.069765
vt 0.413225 0.052771
vt 0.385945 0.087654
vt 0.421722 0.069765
vt -0.164939 0.305259
vt -0.176442 0.329542
vt -0.158549 0.323152
vt 0.176442 0.329542
vt 0.164939 0.305259
vt 0.158549 0.323152
vt -0.426513 -0.120549
vt -0.387802 -0.099043
vt -0.411052 -0.131592
vt 0.387802 -0.099043
vt 0.426513 -0.120549
vt 0.411052 -0.131592
vt 0.083583 0.205361
vt -0.014598 0.205024
vt -0.003384 0.236421
vt 0.014598 0.205024
vt -0.083583 0.205361
vt 0.003384 0.236420
vt 0.391754 0.014503
vt 0.382512 0.056398
vt 0.406663 0.044323
vt -0.382512 0.056398
vt -0.391754 0.014503
vt -0.406663 0.044323
vt -0.251498 -0.209807
vt -0.192046 -0.285456
vt -0.267192 -0.231780
vt 0.192046 -0.285456
vt 0.251498 -0.209807
vt 0.267192 -0.231780
vt -0.382759 0.085753
vt -0.399809 0.063952
vt -0.405120 0.074573
vt 0.399809 0.063952
vt 0.382759 0.085753
vt 0.405120 0.074573
vt -0.146643 0.302972
vt -0.153832 0.318149
vt -0.142649 0.314155
vt 0.153832 0.318149
vt 0.146643 0.302972
vt 0.142649 0.314155
vt -0.396187 -0.121319
vt -0.371992 -0.107878
vt -0.386523 -0.128221
vt 0.371992 -0.107878
vt 0.396187 -0.121319
vt 0.386523 -0.128221
vt -0.414096 0.103706
vt -0.428471 0.076553
vt -0.436457 0.092525
vt 0.428471 0.076553
vt 0.414096 0.103706
vt 0.436457 0.092525
vt 0.034017 0.264030
vt 0.025729 0.285952
vt 0.040023 0.280847
vt -0.025729 0.285952
vt -0.034017 0.264030
vt -0.040023 0.280847
vt -0.261398 -0.242175
vt -0.234516 -0.230654
vt -0.249047 -0.250997
vt 0.234516 -0.230654
vt 0.261398 -0.242175
vt 0.249047 -0.250997
vt -0.306815 -0.040783
vt -0.306822 -0.042377
vt -0.309841 -0.041566
vt -0.313171 -0.071797
vt -0.313949 -0.073188
vt -0.316198 -0.071017
vt -0.329548 -0.098528
vt -0.330892 -0.099383
vt -0.331842 -0.096406
vt -0.349681 -0.114996
vt -0.351270 -0.115117
vt -0.350705 -0.112043
vt -0.367641 -0.120866
vt -0.369099 -0.120225
vt -0.367153 -0.117779
vt -0.379937 -0.118311
vt -0.380919 -0.117057
vt -0.378048 -0.115821
vt -0.385703 -0.108038
vt -0.385962 -0.106466
vt -0.382850 -0.106760
vt -0.384820 -0.088429
vt -0.384264 -0.086936
vt -0.381710 -0.088737
vt -0.375986 -0.059505
vt -0.374732 -0.058521
vt -0.373493 -0.061391
vt -0.357845 -0.028970
vt -0.356258 -0.028826
vt -0.356779 -0.031908
vt -0.334054 -0.011521
vt -0.332648 -0.012270
vt -0.334771 -0.014564
vt -0.314301 -0.016739
vt -0.313505 -0.018119
vt -0.316521 -0.018940
vt -0.183932 -0.010426
vt -0.187323 -0.012169
vt -0.187053 -0.010599
vt -0.219445 -0.111231
vt -0.223253 -0.111431
vt -0.222363 -0.110110
vt -0.279959 -0.175263
vt -0.283494 -0.173831
vt -0.282127 -0.173011
vt -0.343570 -0.190786
vt -0.346083 -0.187917
vt -0.344494 -0.187799
vt -0.386389 -0.177760
vt -0.387322 -0.174063
vt -0.385853 -0.174681
vt -0.401885 -0.168895
vt -0.401129 -0.165158
vt -0.400071 -0.166350
vt -0.402382 -0.172303
vt -0.400158 -0.169206
vt -0.399683 -0.170726
vt -0.402247 -0.163952
vt -0.398913 -0.162100
vt -0.399133 -0.163678
vt -0.404212 -0.100082
vt -0.400401 -0.100233
vt -0.401409 -0.101467
vt -0.368527 0.043129
vt -0.365854 0.040410
vt -0.367434 0.040201
vt -0.262553 0.136421
vt -0.262668 0.132609
vt -0.263911 0.133606
vt -0.191305 0.092297
vt -0.193564 0.089225
vt -0.194021 0.090752
vt -0.043262 -0.029358
vt -0.047259 -0.031782
vt -0.046358 -0.028926
vt -0.113995 -0.181888
vt -0.118537 -0.182991
vt -0.116815 -0.180541
vt -0.221101 -0.265719
vt -0.225724 -0.265029
vt -0.223206 -0.263409
vt -0.337076 -0.248496
vt -0.340829 -0.245710
vt -0.337845 -0.245467
vt -0.397780 -0.180114
vt -0.399693 -0.175849
vt -0.396970 -0.177095
vt -0.394163 -0.160608
vt -0.394171 -0.155933
vt -0.392193 -0.158182
vt -0.368865 -0.203125
vt -0.367377 -0.198694
vt -0.366222 -0.201456
vt -0.349671 -0.256871
vt -0.346979 -0.253049
vt -0.346662 -0.256027
vt -0.359108 -0.249399
vt -0.355222 -0.246801
vt -0.355996 -0.249694
vt -0.393226 0.051947
vt -0.388956 0.050044
vt -0.391816 0.049157
vt -0.073290 0.287015
vt -0.074567 0.282518
vt -0.075851 0.285223
vt -0.014388 0.143988
vt -0.017503 0.140502
vt -0.017474 0.143497
vt 0.090876 -0.082221
vt 0.086339 -0.084996
vt 0.087897 -0.081274
vt -0.000191 -0.255049
vt -0.005149 -0.256971
vt -0.002953 -0.253587
vt -0.141723 -0.351486
vt -0.147035 -0.351725
vt -0.143874 -0.349218
vt -0.328076 -0.284374
vt -0.332688 -0.281727
vt -0.328675 -0.281307
vt -0.400926 -0.122515
vt -0.403110 -0.117666
vt -0.399613 -0.119678
vt -0.358059 -0.099402
vt -0.358220 -0.094087
vt -0.355760 -0.097285
vt -0.299940 -0.191920
vt -0.298967 -0.186692
vt -0.297243 -0.190340
vt -0.243736 -0.312085
vt -0.242151 -0.307009
vt -0.240872 -0.310835
vt -0.173055 -0.401030
vt -0.171318 -0.396004
vt -0.170154 -0.399866
vt 0.165499 -0.388608
vt 0.163799 -0.383569
vt 0.167083 -0.385913
vt 0.247131 0.223707
vt 0.242802 0.220618
vt 0.244092 0.224440
vt 0.161526 0.100726
vt 0.157273 0.097533
vt 0.158470 0.101386
vt 0.207340 -0.143017
vt 0.202554 -0.145830
vt 0.204514 -0.141682
vt 0.121517 -0.304709
vt 0.116625 -0.307334
vt 0.118744 -0.303265
vt -0.018673 -0.412268
vt -0.024007 -0.413808
vt -0.021081 -0.410274
vt -0.308532 -0.305389
vt -0.313584 -0.303088
vt -0.309063 -0.302309
vt -0.379119 0.008741
vt -0.380411 0.014140
vt -0.377017 0.011054
vt -0.285040 -0.002384
vt -0.284606 0.003150
vt -0.282327 -0.000831
vt -0.205380 -0.147165
vt -0.204514 -0.141682
vt -0.202554 -0.145830
vt -0.119396 -0.308778
vt -0.118744 -0.303265
vt -0.116624 -0.307334
vt 0.021599 -0.415801
vt 0.021081 -0.410274
vt 0.024007 -0.413808
vt 0.313054 -0.306168
vt 0.309063 -0.302308
vt 0.313584 -0.303088
vt 0.382514 0.011827
vt 0.377017 0.011054
vt 0.380411 0.014140
vt 0.287319 0.001597
vt 0.282327 -0.000832
vt 0.284606 0.003150
vt 0.302128 -0.188186
vt 0.297471 -0.190753
vt 0.299432 -0.186605
vt 0.245467 -0.308118
vt 0.241147 -0.311219
vt 0.242602 -0.306868
vt 0.174666 -0.397013
vt 0.170441 -0.400242
vt 0.171765 -0.395849
vt -0.161767 -0.386415
vt -0.167085 -0.386386
vt -0.163351 -0.383720
vt -0.246115 0.219499
vt -0.244544 0.224580
vt -0.243077 0.220233
vt -0.160612 0.096495
vt -0.158918 0.101536
vt -0.157557 0.097155
vt -0.089564 -0.086346
vt -0.088358 -0.081167
vt -0.086586 -0.085399
vt 0.002216 -0.258874
vt 0.002482 -0.253563
vt 0.004978 -0.257412
vt 0.144863 -0.354465
vt 0.143419 -0.349346
vt 0.147014 -0.352197
vt 0.332323 -0.285204
vt 0.328360 -0.281659
vt 0.332923 -0.282137
vt 0.404853 -0.120697
vt 0.399564 -0.120149
vt 0.403541 -0.117860
vt 0.360992 -0.096219
vt 0.355895 -0.097738
vt 0.358693 -0.094101
vt 0.370768 -0.200112
vt 0.366568 -0.202165
vt 0.368125 -0.198443
vt 0.350633 -0.253439
vt 0.347196 -0.256607
vt 0.347623 -0.252595
vt 0.358772 -0.245851
vt 0.356703 -0.250043
vt 0.355660 -0.246146
vt 0.390044 0.053554
vt 0.392489 0.049570
vt 0.388635 0.050764
vt 0.071247 0.284094
vt 0.075539 0.285947
vt 0.073808 0.282302
vt 0.013828 0.140468
vt 0.016877 0.144011
vt 0.016915 0.139977
vt 0.043755 -0.032888
vt 0.045636 -0.028609
vt 0.046850 -0.032456
vt 0.115531 -0.185104
vt 0.116031 -0.180457
vt 0.118351 -0.183757
vt 0.223736 -0.268120
vt 0.222448 -0.263626
vt 0.225841 -0.265809
vt 0.340530 -0.249373
vt 0.337278 -0.246015
vt 0.341299 -0.246344
vt 0.401223 -0.179190
vt 0.396744 -0.177851
vt 0.400412 -0.176171
vt 0.396930 -0.158361
vt 0.392294 -0.158964
vt 0.394959 -0.155935
vt 0.403569 -0.170271
vt 0.399978 -0.171552
vt 0.400870 -0.168694
vt 0.402453 -0.161607
vt 0.399752 -0.164299
vt 0.399339 -0.161333
vt 0.403169 -0.097972
vt 0.402261 -0.101675
vt 0.400367 -0.099356
vt 0.366322 0.043953
vt 0.368197 0.040633
vt 0.365229 0.041025
vt 0.260433 0.135398
vt 0.264128 0.134456
vt 0.261791 0.132583
vt 0.190141 0.090251
vt 0.193717 0.091574
vt 0.192858 0.088706
vt 0.183802 -0.012776
vt 0.186413 -0.009998
vt 0.186923 -0.012949
vt 0.220290 -0.113429
vt 0.221534 -0.109824
vt 0.223207 -0.112307
vt 0.281655 -0.176895
vt 0.281255 -0.173103
vt 0.283823 -0.174644
vt 0.345819 -0.191481
vt 0.343756 -0.188274
vt 0.346742 -0.188495
vt 0.388708 -0.177357
vt 0.385412 -0.175439
vt 0.388173 -0.174278
vt 0.403802 -0.167529
vt 0.400001 -0.167224
vt 0.401988 -0.164984
vt 0.386039 -0.107286
vt 0.382928 -0.107580
vt 0.383187 -0.106008
vt 0.384739 -0.087609
vt 0.382185 -0.089410
vt 0.381629 -0.087917
vt 0.375489 -0.058848
vt 0.374250 -0.061717
vt 0.372996 -0.060734
vt 0.357071 -0.028689
vt 0.357592 -0.031771
vt 0.356005 -0.031627
vt 0.333252 -0.011710
vt 0.335375 -0.014004
vt 0.333969 -0.014752
vt 0.313721 -0.017324
vt 0.316737 -0.018145
vt 0.315940 -0.019525
vt 0.306609 -0.041581
vt 0.309627 -0.040770
vt 0.309635 -0.042363
vt 0.313377 -0.072595
vt 0.315625 -0.070424
vt 0.316404 -0.071814
vt 0.330107 -0.099133
vt 0.331057 -0.096155
vt 0.332402 -0.097011
vt 0.350460 -0.115266
vt 0.349895 -0.112192
vt 0.351484 -0.112313
vt 0.368454 -0.120738
vt 0.366509 -0.118292
vt 0.367967 -0.117650
vt 0.380594 -0.117813
vt 0.377723 -0.116578
vt 0.378705 -0.115323
vt 0.001728 -0.296381
vt -0.025703 -0.310838
vt -0.025999 -0.310245
vt 0.025703 -0.310838
vt -0.001728 -0.296381
vt 0.025999 -0.310245
vt 0.161854 -0.340820
vt 0.161367 -0.339942
vt 0.162077 -0.340196
vt -0.161367 -0.339942
vt -0.161854 -0.340820
vt -0.162077 -0.340196
vt 0.122537 -0.286609
vt 0.141169 -0.261822
vt 0.123151 -0.287048
vt -0.141169 -0.261822
vt -0.122537 -0.286609
vt -0.123151 -0.287048
vt -0.080822 -0.200599
vt -0.147274 -0.255524
vt -0.155954 -0.238165
vt 0.147274 -0.255524
vt 0.080822 -0.200599
vt 0.155954 -0.238165
vt 0.247081 -0.260991
vt 0.229029 -0.233936
vt 0.253608 -0.242714
vt -0.229029 -0.233936
vt -0.247081 -0.260991
vt -0.253608 -0.242714
vt 0.096552 -0.371276
vt 0.166614 -0.318093
vt 0.117790 -0.386446
vt -0.166614 -0.318093
vt -0.096552 -0.371276
vt -0.117790 -0.386446
vt -0.063732 0.061098
vt -0.208261 0.091540
vt -0.201554 0.110320
vt 0.208261 0.091540
vt 0.063732 0.061098
vt 0.201554 0.110320
vt 0.315262 -0.139562
vt 0.303893 -0.111582
vt 0.324180 -0.121726
vt -0.303893 -0.111582
vt -0.315262 -0.139562
vt -0.324180 -0.121726
vt -0.371640 -0.129895
vt -0.265736 -0.233414
vt -0.384824 -0.148352
vt 0.265736 -0.233414
vt 0.371640 -0.129895
vt 0.384824 -0.148351
vt -0.128122 -0.197679
vt -0.241421 -0.291323
vt -0.256219 -0.261727
vt 0.241421 -0.291323
vt 0.128122 -0.197679
vt 0.256219 -0.261727
vt -0.125336 -0.117278
vt -0.156113 -0.071150
vt -0.114207 -0.086116
vt 0.156113 -0.071150
vt 0.125336 -0.117278
vt 0.114207 -0.086116
vt -0.301396 -0.210185
vt -0.181942 -0.119509
vt -0.265185 -0.236050
vt 0.181942 -0.119509
vt 0.301396 -0.210185
vt 0.265185 -0.236050
vt -0.087648 -0.327818
vt -0.183954 -0.412966
vt -0.198752 -0.383370
vt 0.183954 -0.412966
vt 0.087648 -0.327818
vt 0.198752 -0.383370
vt 0.035668 -0.317601
vt 0.004891 -0.271472
vt 0.046797 -0.286439
vt -0.004891 -0.271473
vt -0.035668 -0.317601
vt -0.046797 -0.286439
vt -0.124932 -0.339917
vt -0.016522 -0.264702
vt -0.088722 -0.365782
vt 0.016522 -0.264702
vt 0.124932 -0.339917
vt 0.088722 -0.365782
vt -0.172983 -0.258714
vt -0.131019 -0.179049
vt -0.121127 -0.186115
vt 0.131019 -0.179049
vt 0.172983 -0.258714
vt 0.121127 -0.186115
vt -0.065760 0.191694
vt -0.072558 0.174584
vt -0.077209 0.187605
vt 0.072558 0.174584
vt 0.065760 0.191694
vt 0.077209 0.187605
vt -0.282871 0.069668
vt -0.368853 0.042136
vt -0.289055 0.082035
vt 0.368853 0.042136
vt 0.282871 0.069668
vt 0.289055 0.082035
vt -0.256394 0.079671
vt -0.384930 -0.006250
vt -0.393591 0.011072
vt 0.384930 -0.006250
vt 0.284393 0.067421
vt 0.393591 0.011072
vt -0.078183 0.204782
vt -0.102271 0.233949
vt -0.071670 0.223020
vt 0.295444 0.163890
vt 0.249301 0.146672
vt 0.250884 0.165974
vt -0.344143 -0.180720
vt -0.228544 -0.074788
vt -0.317701 -0.199607
vt 0.228544 -0.074788
vt 0.344143 -0.180720
vt 0.317701 -0.199607
vt -0.361723 -0.150346
vt -0.284285 -0.054938
vt -0.239789 -0.051772
vt 0.239042 -0.052696
vt 0.283538 -0.055862
vt 0.360976 -0.151270
vt -0.397059 0.056215
vt -0.408861 0.048515
vt -0.409581 0.049954
vt 0.408861 0.048515
vt 0.397059 0.056215
vt 0.409581 0.049954
vt -0.249890 0.329484
vt -0.251319 0.331703
vt -0.249349 0.330999
vt 0.251319 0.331703
vt 0.249890 0.329484
vt 0.249349 0.330999
vt -0.483322 -0.077513
vt -0.473482 -0.067337
vt -0.481619 -0.078729
vt 0.473482 -0.067337
vt 0.483322 -0.077513
vt 0.481619 -0.078729
vt 0.226802 -0.082211
vt 0.193102 -0.113745
vt 0.206903 -0.075104
vt 0.288784 -0.191541
vt 0.243435 -0.122992
vt 0.307134 -0.154842
vt 0.146957 -0.053695
vt -0.176930 -0.064400
vt -0.193102 -0.113745
vt -0.206903 -0.075104
vt -0.005315 -0.331374
vt -0.000113 -0.378849
vt -0.020810 -0.407825
vt 0.000113 -0.378849
vt 0.005315 -0.331374
vt 0.072608 -0.370827
vt -0.275285 -0.138917
vt -0.225086 -0.159692
vt -0.256935 -0.175617
vt 0.003616 -0.420107
vt 0.000114 -0.378849
vt 0.020811 -0.407825
vt -0.213002 -0.120852
vt -0.206903 -0.075104
vt 0.017081 -0.391131
vt -0.020811 -0.407825
vt -0.000114 -0.378849
vt -0.275285 -0.138917
vt -0.288784 -0.191541
vt -0.307134 -0.154842
vt -0.009484 -0.283278
vt 0.031213 -0.312875
vt 0.005315 -0.331374
vt 0.192886 -0.143592
vt 0.243436 -0.122993
vt 0.225086 -0.159692
vt 0.009484 -0.283278
vt -0.005315 -0.331374
vt -0.031213 -0.312875
vt -0.200736 -0.101643
vt -0.225086 -0.159692
vt -0.243436 -0.122993
vt -0.176930 -0.064400
vt -0.148143 -0.097689
vt -0.163129 -0.103041
vt -0.005152 -0.001092
vt 0.014236 -0.042307
vt -0.005538 -0.042121
vt -0.060325 -0.239358
vt -0.087755 -0.253814
vt -0.088052 -0.253221
vt 0.087755 -0.253814
vt 0.060325 -0.239358
vt 0.088052 -0.253221
vt 0.113944 -0.240084
vt 0.113457 -0.239206
vt 0.114167 -0.239459
vt -0.113457 -0.239206
vt -0.113944 -0.240084
vt -0.114167 -0.239459
vt 0.040815 -0.265103
vt 0.059447 -0.240316
vt 0.041429 -0.265542
vt -0.059447 -0.240316
vt -0.040815 -0.265103
vt -0.041429 -0.265542
vt -0.155098 -0.170558
vt -0.278652 -0.263333
vt -0.291051 -0.238535
vt 0.278652 -0.263333
vt 0.155098 -0.170558
vt 0.291051 -0.238535
vt -0.246371 -0.029787
vt -0.263956 0.005934
vt -0.237046 -0.003677
vt 0.263956 0.005934
vt 0.246371 -0.029787
vt 0.237046 -0.003677
vt -0.417215 -0.152997
vt -0.305615 -0.045918
vt -0.393963 -0.169605
vt 0.305615 -0.045918
vt 0.417215 -0.152997
vt 0.393963 -0.169605
vt -0.218762 0.118155
vt -0.385098 0.004585
vt -0.397259 0.028907
vt 0.385098 0.004585
vt 0.218762 0.118155
vt 0.397259 0.028907
vt 0.206091 0.113625
vt 0.186109 0.149637
vt 0.215237 0.139234
vt -0.186109 0.149637
vt -0.206091 0.113625
vt -0.215237 0.139234
vt -0.097344 -0.351234
vt 0.043819 -0.206819
vt -0.072176 -0.369212
vt -0.043819 -0.206819
vt 0.097344 -0.351234
vt 0.072176 -0.369212
vt -0.047487 -0.227020
vt -0.084651 -0.246606
vt -0.085053 -0.245803
vt 0.084651 -0.246606
vt 0.047487 -0.227020
vt 0.085053 -0.245803
vt -0.263954 -0.099748
vt -0.264614 -0.098559
vt -0.263651 -0.098902
vt 0.264614 -0.098559
vt 0.263954 -0.099749
vt 0.263651 -0.098903
vt -0.283916 -0.025778
vt -0.258673 0.007804
vt -0.283085 -0.026372
vt 0.258673 0.007804
vt 0.283916 -0.025778
vt 0.283085 -0.026372
vt -0.142770 0.025671
vt -0.339687 -0.108985
vt -0.354166 -0.080027
vt 0.339687 -0.108985
vt 0.142770 0.025671
vt 0.354166 -0.080027
vt 0.029792 0.047161
vt 0.009052 0.088947
vt 0.040681 0.077651
vt -0.009052 0.088947
vt -0.029792 0.047161
vt -0.040681 0.077651
vt -0.222331 -0.274460
vt -0.057627 -0.101658
vt -0.195002 -0.293982
vt 0.057627 -0.101658
vt 0.222331 -0.274461
vt 0.195002 -0.293982
vt -0.399254 0.060605
vt -0.411056 0.052905
vt -0.411776 0.054344
vt 0.411056 0.052905
vt 0.399254 0.060605
vt 0.411776 0.054344
vt -0.257289 0.337338
vt -0.258718 0.339557
vt -0.256748 0.338853
vt 0.258718 0.339557
vt 0.257289 0.337338
vt 0.256748 0.338853
vt -0.491141 -0.071928
vt -0.481301 -0.061751
vt -0.489439 -0.073144
vt 0.481301 -0.061751
vt 0.491141 -0.071928
vt 0.489439 -0.073144
vt -0.152216 -0.465246
vt -0.091880 -0.490830
vt -0.139246 -0.524662
vt 0.124364 -0.445352
vt 0.155488 -0.501924
vt 0.139246 -0.524663
vt 0.363390 -0.053030
vt 0.427785 -0.045789
vt 0.418207 -0.072607
vt -0.405201 -0.037723
vt -0.363389 -0.053030
vt -0.395623 -0.064542
vt -0.148027 -0.530935
vt -0.155487 -0.501924
vt -0.139245 -0.524663
vt 0.291810 -0.065093
vt 0.354532 -0.064615
vt 0.341797 -0.090086
vt -0.490799 -0.182248
vt -0.444526 -0.187315
vt -0.475933 -0.206538
vt -0.428370 -0.076237
vt -0.427785 -0.045789
vt -0.418207 -0.072607
vt 0.164268 -0.508197
vt 0.139245 -0.524663
vt 0.155487 -0.501924
vt 0.437948 -0.049419
vt 0.418207 -0.072607
vt 0.427785 -0.045789
vt -0.354532 -0.064615
vt -0.316803 -0.077589
vt -0.341797 -0.090086
vt 0.269023 -0.231059
vt 0.359703 -0.094781
vt 0.393524 -0.142130
vt -0.359703 -0.094781
vt -0.269023 -0.231060
vt -0.393524 -0.142130
vt 0.095380 -0.449201
vt 0.185737 -0.398598
vt 0.147424 -0.475224
vt -0.185737 -0.398598
vt -0.095380 -0.449201
vt -0.147425 -0.475223
vt -0.315742 -0.177603
vt -0.200469 -0.309741
vt -0.344556 -0.258282
vt 0.200469 -0.309741
vt 0.315742 -0.177603
vt 0.344556 -0.258282
vt -0.046952 -0.351073
vt -0.166513 -0.447849
vt -0.181311 -0.418253
vt -0.196012 -0.196844
vt -0.129286 -0.192892
vt -0.197354 -0.288187
vt -0.061264 -0.324395
vt -0.092042 -0.278266
vt -0.050135 -0.293233
vt 0.092042 -0.278266
vt 0.061264 -0.324395
vt 0.050135 -0.293233
vt -0.073832 -0.191815
vt -0.161144 -0.314052
vt 0.110042 -0.165950
vt 0.197354 -0.288187
vt 0.161144 -0.314052
vt 0.061767 -0.395476
vt 0.046952 -0.351073
vt 0.076565 -0.365880
vt 0.116527 -0.269522
vt 0.103171 -0.309428
vt 0.092042 -0.278266
vt 0.196012 -0.196844
vt 0.129286 -0.192892
vt -0.152141 -0.291939
vt -0.092042 -0.278266
vt -0.103171 -0.309428
vt 0.166513 -0.447849
vt 0.114131 -0.384663
vt 0.181311 -0.418253
vt 0.134192 -0.332962
vt 0.174620 -0.376557
vt 0.126557 -0.365159
vt 0.388023 -0.006373
vt 0.323012 -0.029268
vt 0.345172 0.015052
vt -0.388023 -0.006373
vt -0.323012 -0.029268
vt -0.365863 -0.050693
vt -0.009944 0.181763
vt 0.024244 0.116936
vt -0.026610 0.135098
vt 0.009944 0.181762
vt -0.024244 0.116936
vt -0.040910 0.163600
vt -0.260747 -0.243756
vt -0.188959 -0.236158
vt -0.216805 -0.275143
vt 0.260747 -0.243756
vt 0.188959 -0.236158
vt 0.232901 -0.204771
vt -0.055759 -0.263221
vt 0.053706 -0.383152
vt 0.037947 -0.394409
vt -0.053706 -0.383152
vt 0.055759 -0.263221
vt -0.037947 -0.394409
vt 0.179373 -0.029961
vt 0.205645 -0.013980
vt 0.197611 -0.036475
vt -0.205645 -0.013980
vt -0.179373 -0.029961
vt -0.197611 -0.036475
vt -0.331832 -0.103306
vt -0.176953 -0.052572
vt -0.321150 -0.124670
vt 0.176953 -0.052572
vt 0.331832 -0.103306
vt 0.321150 -0.124670
vt -0.189068 0.128767
vt -0.312352 0.044591
vt -0.321366 0.062618
vt 0.312352 0.044591
vt 0.189068 0.128767
vt 0.321366 0.062618
vt 0.203503 0.118000
vt 0.188693 0.144691
vt 0.210282 0.136981
vt -0.188694 0.144691
vt -0.203503 0.118000
vt -0.210282 0.136981
vt -0.045793 -0.286111
vt 0.058834 -0.179074
vt -0.027139 -0.299436
vt -0.058834 -0.179074
vt 0.045793 -0.286111
vt 0.027139 -0.299436
vt -0.374251 0.082154
vt -0.386053 0.074453
vt -0.386773 0.075893
vt 0.386053 0.074453
vt 0.374251 0.082154
vt 0.386773 0.075893
vt -0.175461 0.316706
vt -0.176890 0.318925
vt -0.174920 0.318221
vt 0.176890 0.318925
vt 0.175461 0.316706
vt 0.174920 0.318221
vt -0.404188 -0.094712
vt -0.394348 -0.084536
vt -0.402485 -0.095928
vt 0.394348 -0.084536
vt 0.404188 -0.094712
vt 0.402485 -0.095928
vt -0.350225 0.164174
vt -0.350243 0.160367
vt -0.357455 0.162305
vt -0.361135 0.120795
vt -0.362994 0.117474
vt -0.368366 0.122660
vt -0.390283 0.082802
vt -0.393495 0.080759
vt -0.395765 0.087872
vt -0.427705 0.059733
vt -0.431501 0.059444
vt -0.430151 0.066788
vt -0.463154 0.053342
vt -0.466639 0.054874
vt -0.461990 0.060717
vt -0.489237 0.060366
vt -0.491584 0.063363
vt -0.484725 0.066315
vt -0.502276 0.078008
vt -0.502895 0.081764
vt -0.495461 0.081061
vt -0.500289 0.106567
vt -0.498960 0.110134
vt -0.492858 0.105831
vt -0.480952 0.145344
vt -0.477957 0.147694
vt -0.474998 0.140839
vt -0.444200 0.184624
vt -0.440409 0.184968
vt -0.441653 0.177605
vt -0.399282 0.206005
vt -0.395922 0.204216
vt -0.400994 0.198737
vt -0.363621 0.197591
vt -0.361718 0.194294
vt -0.368923 0.192333
vt -0.151435 0.192728
vt -0.159538 0.188565
vt -0.158891 0.192316
vt -0.206366 0.055557
vt -0.215463 0.055080
vt -0.213335 0.058236
vt -0.304290 -0.043244
vt -0.312734 -0.039824
vt -0.309470 -0.037865
vt -0.415872 -0.074829
vt -0.421874 -0.067976
vt -0.418078 -0.067695
vt -0.503800 -0.053074
vt -0.506029 -0.044241
vt -0.502520 -0.045718
vt -0.550691 -0.024061
vt -0.548884 -0.015133
vt -0.546358 -0.017981
vt -0.567613 -0.012737
vt -0.562300 -0.005337
vt -0.561166 -0.008971
vt -0.570927 0.002370
vt -0.562964 0.006794
vt -0.563489 0.003024
vt -0.557803 0.080784
vt -0.548700 0.080424
vt -0.551108 0.077476
vt -0.465609 0.260909
vt -0.459222 0.254413
vt -0.462996 0.253914
vt -0.277267 0.375089
vt -0.277542 0.365983
vt -0.280512 0.368364
vt -0.163399 0.321194
vt -0.168797 0.313856
vt -0.169889 0.317502
vt 0.056332 0.155685
vt 0.046783 0.149895
vt 0.048937 0.156717
vt -0.045634 -0.051056
vt -0.056486 -0.053690
vt -0.052372 -0.047838
vt -0.208581 -0.196867
vt -0.219626 -0.195218
vt -0.213610 -0.191347
vt -0.403576 -0.206125
vt -0.412544 -0.199470
vt -0.405414 -0.198887
vt -0.535407 -0.106312
vt -0.539975 -0.096122
vt -0.533471 -0.099100
vt -0.569726 -0.040198
vt -0.569745 -0.029031
vt -0.565019 -0.034401
vt -0.558830 -0.064882
vt -0.555277 -0.054295
vt -0.552517 -0.060894
vt -0.544045 -0.136037
vt -0.537613 -0.126908
vt -0.536856 -0.134021
vt -0.553280 -0.153778
vt -0.543997 -0.147571
vt -0.545846 -0.154481
vt -0.520409 0.231133
vt -0.510209 0.226586
vt -0.517042 0.224468
vt 0.011903 0.506197
vt 0.008852 0.495455
vt 0.005784 0.501917
vt 0.096514 0.354927
vt 0.089072 0.346601
vt 0.089140 0.353754
vt 0.240749 0.079253
vt 0.229911 0.072626
vt 0.233633 0.081516
vt 0.117434 -0.156452
vt 0.105590 -0.161045
vt 0.110834 -0.152959
vt -0.086414 -0.343711
vt -0.099105 -0.344283
vt -0.091553 -0.338294
vt -0.387047 -0.320823
vt -0.398064 -0.314499
vt -0.388479 -0.313495
vt -0.560641 -0.088347
vt -0.565859 -0.076764
vt -0.557505 -0.081571
vt -0.549232 0.013421
vt -0.549617 0.026120
vt -0.543740 0.018480
vt -0.493569 -0.061724
vt -0.491247 -0.049235
vt -0.487128 -0.057948
vt -0.430767 -0.226636
vt -0.426980 -0.214510
vt -0.423923 -0.223650
vt -0.345038 -0.409215
vt -0.340889 -0.397207
vt -0.338107 -0.406435
vt 0.125522 -0.563039
vt 0.121461 -0.551002
vt 0.129305 -0.556602
vt 0.436517 0.330606
vt 0.426177 0.323225
vt 0.429259 0.332358
vt 0.332044 0.270116
vt 0.321885 0.262488
vt 0.324745 0.271692
vt 0.389425 -0.000292
vt 0.377992 -0.007012
vt 0.382674 0.002898
vt 0.281255 -0.222487
vt 0.269569 -0.228757
vt 0.274633 -0.219037
vt 0.091895 -0.441290
vt 0.079154 -0.444970
vt 0.086144 -0.436528
vt -0.352468 -0.418158
vt -0.364537 -0.412660
vt -0.353736 -0.410799
vt -0.563897 0.036619
vt -0.566984 0.049517
vt -0.558874 0.042144
vt -0.477345 0.124886
vt -0.476309 0.138108
vt -0.470865 0.128596
vt -0.384743 -0.010202
vt -0.382673 0.002898
vt -0.377992 -0.007012
vt -0.276190 -0.232207
vt -0.274633 -0.219037
vt -0.269569 -0.228757
vt -0.084905 -0.449732
vt -0.086144 -0.436528
vt -0.079154 -0.444969
vt 0.363269 -0.420019
vt 0.353736 -0.410799
vt 0.364537 -0.412660
vt 0.572006 0.043992
vt 0.558874 0.042144
vt 0.566984 0.049516
vt 0.482790 0.134398
vt 0.470865 0.128596
vt 0.476310 0.138108
vt 0.498798 -0.052804
vt 0.487673 -0.058937
vt 0.492357 -0.049028
vt 0.434902 -0.217159
vt 0.424582 -0.224567
vt 0.428058 -0.214173
vt 0.348886 -0.399618
vt 0.338793 -0.407332
vt 0.341956 -0.396839
vt -0.116608 -0.557800
vt -0.129312 -0.557731
vt -0.120392 -0.551363
vt -0.434092 0.320554
vt -0.430338 0.332691
vt -0.426833 0.322306
vt -0.329862 0.260009
vt -0.325815 0.272051
vt -0.322563 0.261585
vt -0.237615 0.069400
vt -0.234733 0.081772
vt -0.230500 0.071662
vt -0.112597 -0.165591
vt -0.111962 -0.152903
vt -0.105998 -0.162098
vt 0.093915 -0.350827
vt 0.090466 -0.338600
vt 0.099054 -0.345410
vt 0.397195 -0.322806
vt 0.387726 -0.314337
vt 0.398627 -0.315478
vt 0.570025 -0.084004
vt 0.557388 -0.082694
vt 0.566888 -0.077228
vt 0.556237 0.021027
vt 0.544062 0.017398
vt 0.550745 0.026085
vt 0.563376 -0.057682
vt 0.553344 -0.062587
vt 0.557063 -0.053695
vt 0.546343 -0.127838
vt 0.538132 -0.135407
vt 0.539153 -0.125823
vt 0.552478 -0.145301
vt 0.547536 -0.155315
vt 0.545044 -0.146004
vt 0.512808 0.234972
vt 0.518648 0.225454
vt 0.509442 0.228307
vt -0.016783 0.499220
vt -0.006531 0.503647
vt -0.010665 0.494940
vt -0.097851 0.346518
vt -0.090568 0.354983
vt -0.090477 0.345345
vt -0.055155 0.147252
vt -0.050662 0.157475
vt -0.047760 0.148284
vt 0.049304 -0.058740
vt 0.050499 -0.047637
vt 0.056042 -0.055521
vt 0.214876 -0.202601
vt 0.211799 -0.191867
vt 0.219904 -0.197082
vt 0.411829 -0.208220
vt 0.404060 -0.200198
vt 0.413666 -0.200983
vt 0.543630 -0.104104
vt 0.532931 -0.100905
vt 0.541695 -0.096892
vt 0.576335 -0.034830
vt 0.565262 -0.036270
vt 0.571629 -0.029034
vt 0.570449 -0.007882
vt 0.561870 -0.010944
vt 0.564002 -0.004115
vt 0.571420 0.007971
vt 0.564968 0.001540
vt 0.563982 0.008625
vt 0.555312 0.085825
vt 0.553143 0.076977
vt 0.548617 0.082517
vt 0.460341 0.262876
vt 0.464820 0.254944
vt 0.457728 0.255881
vt 0.272203 0.372645
vt 0.281030 0.370394
vt 0.275448 0.365920
vt 0.160618 0.316307
vt 0.169162 0.319468
vt 0.167109 0.312615
vt 0.151125 0.187113
vt 0.157364 0.193751
vt 0.158580 0.186701
vt 0.208383 0.050308
vt 0.211355 0.058920
vt 0.215353 0.052987
vt 0.308341 -0.047144
vt 0.307386 -0.038085
vt 0.313520 -0.041765
vt 0.421245 -0.076490
vt 0.416316 -0.068829
vt 0.423450 -0.069357
vt 0.509340 -0.052110
vt 0.501467 -0.047528
vt 0.508060 -0.044754
vt 0.555271 -0.020798
vt 0.546190 -0.020069
vt 0.550937 -0.014717
vt 0.503080 0.079804
vt 0.495647 0.079101
vt 0.496266 0.082857
vt 0.500095 0.108525
vt 0.493993 0.104222
vt 0.492664 0.107789
vt 0.479764 0.146913
vt 0.476804 0.140058
vt 0.473810 0.142408
vt 0.442350 0.185296
vt 0.443594 0.177933
vt 0.439803 0.178276
vt 0.397366 0.205553
vt 0.402438 0.200073
vt 0.399078 0.198285
vt 0.362235 0.196194
vt 0.369440 0.194232
vt 0.367537 0.190936
vt 0.349733 0.162268
vt 0.356944 0.164206
vt 0.356962 0.160399
vt 0.361627 0.118890
vt 0.366998 0.124076
vt 0.368857 0.120754
vt 0.391620 0.081357
vt 0.393890 0.088471
vt 0.397101 0.086427
vt 0.429565 0.059089
vt 0.428215 0.066432
vt 0.432011 0.066143
vt 0.465098 0.053648
vt 0.460450 0.059492
vt 0.463934 0.061024
vt 0.490806 0.061555
vt 0.483947 0.064507
vt 0.486293 0.067504
vt -0.329596 0.066635
vt -0.338093 0.041144
vt -0.346590 0.058138
vt 0.338093 0.041144
vt 0.329596 0.066635
vt 0.346590 0.058138
vt -0.217408 0.277276
vt -0.228911 0.301559
vt -0.211018 0.295169
vt 0.228911 0.301559
vt 0.217408 0.277276
vt 0.211018 0.295169
vt -0.423025 -0.046848
vt -0.396521 -0.042430
vt -0.407564 -0.057891
vt 0.396521 -0.042430
vt 0.423025 -0.046848
vt 0.407564 -0.057891
vt -0.373736 0.007782
vt -0.380534 -0.012611
vt -0.387332 0.000984
vt 0.380534 -0.012611
vt 0.373736 0.007782
vt 0.387332 0.000984
vt 0.510095 -0.013447
vt 0.497314 0.007258
vt 0.515207 0.000868
vt -0.497314 0.007258
vt -0.510095 -0.013447
vt -0.515207 0.000868
vt 0.178009 -0.552351
vt 0.202305 -0.551026
vt 0.193470 -0.563394
vt -0.202305 -0.551026
vt -0.178009 -0.552351
vt -0.193470 -0.563394
vt 0.029901 0.151409
vt 0.014543 0.136329
vt 0.021057 0.154568
vt 0.370748 -0.036364
vt 0.200912 0.070206
vt 0.379409 -0.019042
vt 0.014543 0.136329
vt -0.011018 0.166023
vt 0.021057 0.154568
vt 0.011018 0.166023
vt -0.014543 0.136329
vt -0.021057 0.154568
vt -0.140082 -0.082193
vt -0.170364 -0.183186
vt -0.228362 -0.264383
vt 0.112367 -0.101990
vt 0.256077 -0.244586
vt 0.228362 -0.264383
vt -0.290161 0.025582
vt -0.192251 0.052884
vt -0.281500 0.008260
vt 0.220720 -0.269841
vt 0.170364 -0.183186
vt 0.228362 -0.264383
vt -0.023388 0.133171
vt -0.021057 0.154568
vt -0.014543 0.136329
vt -0.162723 -0.188644
vt -0.228362 -0.264382
vt -0.170365 -0.183186
vt -0.370748 -0.036364
vt -0.379409 -0.019042
vt -0.115183 -0.084919
vt -0.285267 -0.206159
vt -0.299746 -0.177201
vt 0.285267 -0.206159
vt 0.115183 -0.084919
vt 0.299746 -0.177201
vt -0.105594 -0.022622
vt -0.126334 0.019164
vt -0.094705 0.007868
vt 0.126334 0.019164
vt 0.105594 -0.022622
vt 0.094705 0.007868
vt -0.303950 -0.209750
vt -0.156683 -0.061359
vt -0.276620 -0.229271
vt 0.156683 -0.061359
vt 0.303950 -0.209750
vt 0.276620 -0.229271
vt -0.252844 0.083072
vt -0.288854 0.064094
vt -0.289244 0.064872
vt 0.288854 0.064094
vt 0.252844 0.083072
vt 0.289244 0.064872
vt 0.253234 0.107603
vt 0.252595 0.108756
vt 0.253527 0.108423
vt -0.252595 0.108756
vt -0.253234 0.107603
vt -0.253527 0.108423
vt 0.030297 -0.303915
vt 0.054756 -0.271375
vt 0.031102 -0.304490
vt -0.054756 -0.271375
vt -0.030297 -0.303915
vt -0.031102 -0.304490
vt -0.157667 -0.258850
vt -0.225350 -0.329687
vt -0.240148 -0.300091
vt 0.225350 -0.329687
vt 0.157667 -0.258850
vt 0.240148 -0.300091
vt -0.045120 -0.189995
vt -0.075897 -0.143866
vt -0.033991 -0.158833
vt 0.075897 -0.143866
vt 0.045120 -0.189995
vt 0.033991 -0.158833
vt -0.221640 -0.270573
vt -0.131829 -0.221397
vt -0.185429 -0.296438
vt 0.131829 -0.221397
vt 0.221640 -0.270573
vt 0.185429 -0.296438
vt -0.251312 0.090506
vt -0.386848 0.001085
vt -0.395509 0.018407
vt 0.386848 0.001085
vt 0.251312 0.090506
vt 0.395509 0.018407
vt 0.151312 0.130696
vt 0.135332 0.156968
vt 0.157826 0.148935
vt -0.135332 0.156968
vt -0.151312 0.130696
vt -0.157826 0.148935
vt -0.140082 -0.324554
vt -0.026940 -0.207249
vt -0.120646 -0.338437
vt 0.026940 -0.207249
vt 0.140083 -0.324554
vt 0.120646 -0.338437
vt 0.416086 0.058492
vt 0.382982 0.070547
vt 0.384781 0.074145
vt -0.416086 0.058492
vt -0.382982 0.070547
vt -0.414287 0.054894
vt -0.215174 0.329992
vt -0.211602 0.324444
vt -0.216527 0.326203
vt 0.215174 0.329992
vt 0.211602 0.324444
vt 0.210249 0.328233
vt -0.456317 -0.099260
vt -0.431718 -0.073819
vt -0.452061 -0.102300
vt 0.456317 -0.099260
vt 0.431718 -0.073819
vt 0.435973 -0.070779
vt 0.158190 -0.373740
vt -0.121014 -0.549540
vt -0.135493 -0.520582
vt 0.121014 -0.549540
vt -0.150140 -0.377765
vt 0.135493 -0.520582
vt -0.179920 -0.400206
vt -0.208193 -0.355729
vt -0.169031 -0.369716
vt 0.188612 -0.362723
vt 0.179920 -0.400206
vt 0.169031 -0.369716
vt -0.082326 0.016220
vt -0.043255 -0.000627
vt -0.234104 -0.267815
vt 0.060175 0.011458
vt 0.267943 -0.243644
vt 0.234104 -0.267815
vt 0.112611 -0.393849
vt 0.139228 -0.423057
vt 0.116758 -0.425959
vt -0.154018 -0.055081
vt -0.301617 -0.165876
vt -0.316415 -0.136280
vt 0.301617 -0.165876
vt 0.154018 -0.055081
vt 0.316415 -0.136280
vt -0.027605 -0.004451
vt -0.048802 0.038255
vt -0.016476 0.026711
vt 0.048802 0.038255
vt 0.027605 -0.004451
vt 0.016476 0.026711
vt -0.247789 -0.245697
vt -0.114325 -0.117903
vt -0.219857 -0.265648
vt 0.114325 -0.117903
vt 0.247789 -0.245697
vt 0.219857 -0.265649
vt -0.215422 0.067726
vt -0.305447 0.020280
vt -0.306420 0.022227
vt 0.305447 0.020280
vt 0.215422 0.067726
vt 0.306420 0.022227
vt -0.069350 0.189080
vt -0.070949 0.191961
vt -0.068618 0.191129
vt 0.070949 0.191961
vt 0.069350 0.189080
vt 0.068618 0.191129
vt -0.260430 -0.138569
vt -0.199282 -0.057219
vt -0.258416 -0.140008
vt 0.199282 -0.057219
vt 0.260430 -0.138569
vt 0.258416 -0.140008
vt -0.084256 -0.225036
vt -0.224880 -0.330628
vt -0.238992 -0.302404
vt 0.224880 -0.330628
vt 0.084256 -0.225036
vt 0.238992 -0.302404
vt -0.242685 -0.120553
vt -0.262699 -0.079897
vt -0.232071 -0.090836
vt 0.262699 -0.079897
vt 0.242685 -0.120553
vt 0.232071 -0.090836
vt -0.382298 -0.155817
vt -0.255280 -0.033944
vt -0.355834 -0.174720
vt 0.255280 -0.033944
vt 0.382298 -0.155817
vt 0.355834 -0.174720
vt -0.395337 0.081840
vt -0.422617 0.046957
vt -0.431114 0.063952
vt 0.422617 0.046957
vt 0.395337 0.081840
vt 0.431114 0.063952
vt -0.143616 0.296581
vt -0.155118 0.320865
vt -0.137225 0.314474
vt 0.155118 0.320865
vt 0.143616 0.296582
vt 0.137225 0.314475
vt -0.414190 -0.142868
vt -0.375480 -0.121362
vt -0.398729 -0.153912
vt 0.375480 -0.121362
vt 0.414190 -0.142868
vt 0.398730 -0.153912
vt -0.190513 -0.122089
vt -0.196327 -0.139531
vt -0.202141 -0.127903
vt 0.196327 -0.139531
vt 0.190513 -0.122089
vt 0.202141 -0.127903
vt -0.280841 0.061011
vt -0.288711 0.077626
vt -0.276468 0.073254
vt 0.288711 0.077626
vt 0.280841 0.061011
vt 0.276468 0.073254
vt -0.380827 -0.020459
vt -0.362693 -0.017437
vt -0.370249 -0.028016
vt 0.362693 -0.017437
vt 0.380827 -0.020459
vt 0.370249 -0.028016
vt -0.318510 0.065656
vt -0.386498 -0.006615
vt -0.401809 0.024007
vt 0.386498 -0.006615
vt 0.318510 0.065656
vt 0.401809 0.024007
vt -0.139780 0.227178
vt -0.150759 0.267454
vt -0.128265 0.259420
vt 0.150759 0.267454
vt 0.139780 0.227178
vt 0.128265 0.259420
vt -0.391380 -0.148903
vt -0.317812 -0.087003
vt -0.371943 -0.162786
vt 0.317812 -0.087003
vt 0.391380 -0.148903
vt 0.371943 -0.162786
vt 0.056846 -0.330626
vt 0.011625 -0.439649
vt -0.009996 -0.424205
vt -0.011625 -0.439649
vt -0.056846 -0.330626
vt 0.009996 -0.424205
vt 0.220210 -0.171313
vt 0.183170 -0.196027
vt 0.195188 -0.162377
vt -0.183170 -0.196027
vt -0.220210 -0.171313
vt -0.195188 -0.162377
vt 0.258937 -0.266986
vt 0.172057 -0.183597
vt 0.274916 -0.235027
vt -0.172057 -0.183598
vt -0.258937 -0.266986
vt -0.274916 -0.235027
vt 0.125282 -0.330284
vt -0.145873 -0.502059
vt -0.160352 -0.473101
vt 0.145873 -0.502059
vt -0.125282 -0.330284
vt 0.160352 -0.473101
vt 0.049053 -0.425082
vt 0.017013 -0.379260
vt 0.059943 -0.394592
vt -0.017013 -0.379260
vt -0.049053 -0.425082
vt -0.059942 -0.394592
vt -0.089503 -0.372330
vt 0.133208 -0.138962
vt -0.052409 -0.398826
vt -0.133208 -0.138962
vt 0.089503 -0.372330
vt 0.052409 -0.398826
vt -0.362759 0.068405
vt -0.396260 0.014660
vt -0.411058 0.044256
vt 0.396260 0.014660
vt 0.362759 0.068405
vt 0.411058 0.044256
vt 0.405390 0.057317
vt 0.374613 0.103445
vt 0.416519 0.088478
vt -0.374613 0.103445
vt -0.405390 0.057317
vt -0.416520 0.088478
vt 0.056569 -0.467905
vt 0.124167 -0.449827
vt 0.092780 -0.493769
vt -0.124167 -0.449827
vt -0.056569 -0.467905
vt -0.092780 -0.493769
vt 0.271518 -0.177379
vt 0.335528 -0.081182
vt 0.359401 -0.114605
vt -0.335528 -0.081182
vt -0.271518 -0.177379
vt -0.359401 -0.114605
vt 0.077507 -0.428781
vt 0.141289 -0.393062
vt 0.114245 -0.447150
vt -0.141289 -0.393061
vt -0.077507 -0.428781
vt -0.114245 -0.447150
vt -0.309679 -0.195618
vt -0.228310 -0.288892
vt -0.330018 -0.252567
vt 0.228310 -0.288892
vt 0.309679 -0.195618
vt 0.330018 -0.252567
vt -0.178412 -0.438083
vt -0.077775 -0.480754
vt -0.156780 -0.537186
vt 0.131956 -0.404900
vt 0.183871 -0.499259
vt 0.156780 -0.537186
vt 0.333207 -0.086002
vt 0.440616 -0.073925
vt 0.424640 -0.118657
vt -0.402946 -0.060471
vt -0.333207 -0.086002
vt -0.386971 -0.105203
vt -0.171426 -0.547649
vt -0.183870 -0.499260
vt -0.156779 -0.537187
vt 0.239994 -0.085251
vt 0.344613 -0.084454
vt 0.323370 -0.126939
vt -0.479108 -0.201099
vt -0.401926 -0.209550
vt -0.454313 -0.241612
vt -0.441592 -0.124711
vt -0.440616 -0.073925
vt -0.424640 -0.118657
vt 0.198517 -0.509722
vt 0.156779 -0.537187
vt 0.183869 -0.499260
vt 0.457568 -0.079979
vt 0.440616 -0.073925
vt -0.344613 -0.084455
vt -0.281682 -0.106095
vt -0.323370 -0.126939
vt -0.080342 -0.217212
vt -0.225843 -0.326466
vt -0.240444 -0.297263
vt 0.225843 -0.326466
vt 0.080342 -0.217212
vt 0.240444 -0.297263
vt -0.282724 -0.101843
vt -0.303433 -0.059777
vt -0.271743 -0.071095
vt 0.303433 -0.059777
vt 0.282724 -0.101843
vt 0.271743 -0.071095
vt -0.418439 -0.128773
vt -0.287015 -0.002674
vt -0.391057 -0.148332
vt 0.287015 -0.002674
vt 0.418439 -0.128773
vt 0.391057 -0.148332
vt -0.376521 0.139146
vt -0.376548 0.133569
vt -0.387113 0.136408
vt -0.387046 0.094208
vt -0.389769 0.089342
vt -0.397639 0.096941
vt -0.415909 0.054688
vt -0.420614 0.051695
vt -0.423939 0.062117
vt -0.453042 0.030367
vt -0.458603 0.029944
vt -0.456626 0.040703
vt -0.488173 0.022958
vt -0.493279 0.025203
vt -0.486468 0.033764
vt -0.514034 0.029214
vt -0.517472 0.033606
vt -0.507423 0.037931
vt -0.527160 0.046618
vt -0.528068 0.052120
vt -0.517176 0.051090
vt -0.525708 0.075885
vt -0.523762 0.081111
vt -0.514822 0.074806
vt -0.507226 0.116490
vt -0.502838 0.119933
vt -0.498502 0.109889
vt -0.471193 0.158210
vt -0.465639 0.158713
vt -0.467462 0.147926
vt -0.426427 0.181482
vt -0.421504 0.178862
vt -0.428935 0.170833
vt -0.390408 0.173499
vt -0.387620 0.168669
vt -0.398176 0.165796
vt -0.177700 0.172525
vt -0.189571 0.166425
vt -0.188623 0.171921
vt -0.232610 0.030946
vt -0.245938 0.030246
vt -0.242821 0.034871
vt -0.330427 -0.069524
vt -0.342797 -0.064513
vt -0.338015 -0.061643
vt -0.440726 -0.100995
vt -0.449520 -0.090955
vt -0.443958 -0.090543
vt -0.525894 -0.080065
vt -0.529159 -0.067124
vt -0.524019 -0.069287
vt -0.569613 -0.054243
vt -0.566965 -0.041162
vt -0.563264 -0.045334
vt -0.584434 -0.047010
vt -0.576651 -0.036168
vt -0.574988 -0.041492
vt -0.587946 -0.034034
vt -0.576278 -0.027552
vt -0.577048 -0.033076
vt -0.578564 0.047049
vt -0.565228 0.046522
vt -0.568756 0.042203
vt -0.492716 0.236712
vt -0.483359 0.227194
vt -0.488888 0.226463
vt -0.306111 0.360242
vt -0.306513 0.346902
vt -0.310865 0.350389
vt -0.190559 0.306066
vt -0.198467 0.295315
vt -0.200068 0.300657
vt 0.034186 0.137723
vt 0.020196 0.129241
vt 0.023352 0.139236
vt -0.069662 -0.076334
vt -0.085561 -0.080193
vt -0.079533 -0.071619
vt -0.234297 -0.222240
vt -0.250479 -0.219824
vt -0.241665 -0.214153
vt -0.428118 -0.226746
vt -0.441256 -0.216995
vt -0.430810 -0.216142
vt -0.554409 -0.125429
vt -0.561102 -0.110499
vt -0.551573 -0.114863
vt -0.582116 -0.065221
vt -0.582144 -0.048860
vt -0.575220 -0.056729
vt -0.566396 -0.098699
vt -0.561190 -0.083188
vt -0.557146 -0.092858
vt -0.549302 -0.175798
vt -0.539878 -0.162423
vt -0.538768 -0.172845
vt -0.560579 -0.193064
vt -0.546979 -0.183970
vt -0.549688 -0.194095
vt -0.545443 0.208471
vt -0.530500 0.201809
vt -0.540511 0.198706
vt -0.012963 0.509668
vt -0.017432 0.493930
vt -0.021927 0.503398
vt 0.074944 0.349012
vt 0.064041 0.336814
vt 0.064140 0.347294
vt 0.225264 0.060272
vt 0.209385 0.050562
vt 0.214839 0.063587
vt 0.097676 -0.184389
vt 0.080322 -0.191119
vt 0.088007 -0.179272
vt -0.110624 -0.369588
vt -0.129218 -0.370425
vt -0.118153 -0.361651
vt -0.411581 -0.334549
vt -0.427724 -0.325283
vt -0.413680 -0.323813
vt -0.575755 -0.096548
vt -0.583399 -0.079577
vt -0.571160 -0.086620
vt -0.554414 -0.004328
vt -0.554978 0.014277
vt -0.546368 0.003084
vt -0.492087 -0.092643
vt -0.488684 -0.074344
vt -0.482649 -0.087111
vt -0.424275 -0.265892
vt -0.418727 -0.248125
vt -0.414248 -0.261517
vt -0.333153 -0.447562
vt -0.327075 -0.429970
vt -0.323000 -0.443490
vt 0.154282 -0.575984
vt 0.148333 -0.558348
vt 0.159826 -0.566553
vt 0.431814 0.347082
vt 0.416664 0.336270
vt 0.421180 0.349649
vt 0.320761 0.267537
vt 0.305877 0.256361
vt 0.310068 0.269846
vt 0.381866 -0.022699
vt 0.365115 -0.032545
vt 0.371974 -0.018026
vt 0.267884 -0.254073
vt 0.250762 -0.263258
vt 0.258182 -0.249018
vt 0.071649 -0.470029
vt 0.052982 -0.475420
vt 0.063224 -0.463052
vt -0.377459 -0.425241
vt -0.395142 -0.417187
vt -0.379317 -0.414460
vt -0.572404 0.040655
vt -0.576927 0.059552
vt -0.565045 0.048750
vt -0.474301 0.114060
vt -0.472784 0.133431
vt -0.464806 0.119495
vt -0.375006 -0.037218
vt -0.371974 -0.018026
vt -0.365115 -0.032545
vt -0.260464 -0.268313
vt -0.258182 -0.249018
vt -0.250762 -0.263259
vt -0.061408 -0.482397
vt -0.063223 -0.463052
vt -0.052982 -0.475419
vt 0.393284 -0.427967
vt 0.379317 -0.414460
vt 0.395142 -0.417186
vt 0.584286 0.051457
vt 0.565045 0.048750
vt 0.576927 0.059552
vt 0.482278 0.127996
vt 0.464806 0.119495
vt 0.472784 0.133431
vt 0.499748 -0.079574
vt 0.483448 -0.088559
vt 0.490310 -0.074042
vt 0.430333 -0.252007
vt 0.415213 -0.262861
vt 0.420306 -0.247632
vt 0.338792 -0.433501
vt 0.324004 -0.444804
vt 0.328638 -0.429430
vt -0.141223 -0.568308
vt -0.159835 -0.568207
vt -0.146766 -0.558877
vt -0.428260 0.332356
vt -0.422760 0.350138
vt -0.417625 0.334923
vt -0.317564 0.252730
vt -0.311636 0.270373
vt -0.306870 0.255038
vt -0.220674 0.045835
vt -0.216450 0.063962
vt -0.210248 0.049150
vt -0.090589 -0.197778
vt -0.089659 -0.179189
vt -0.080920 -0.192661
vt 0.121614 -0.380014
vt 0.116561 -0.362100
vt 0.129143 -0.372078
vt 0.426449 -0.337455
vt 0.412577 -0.325045
vt 0.428547 -0.326718
vt 0.589503 -0.090184
vt 0.570989 -0.088265
vt 0.584907 -0.080256
vt 0.564678 0.006815
vt 0.546840 0.001499
vt 0.556631 0.014227
vt 0.573057 -0.088152
vt 0.558358 -0.095338
vt 0.563807 -0.082310
vt 0.552668 -0.163785
vt 0.540639 -0.174875
vt 0.542134 -0.160833
vt 0.559405 -0.180645
vt 0.552163 -0.195316
vt 0.548513 -0.181675
vt 0.534308 0.214095
vt 0.542864 0.200150
vt 0.529376 0.204330
vt 0.005812 0.499446
vt 0.020833 0.505932
vt 0.014776 0.493176
vt -0.076903 0.336692
vt -0.066232 0.349095
vt -0.066099 0.334974
vt -0.032461 0.125368
vt -0.025878 0.140346
vt -0.021627 0.126880
vt 0.075039 -0.087591
vt 0.076789 -0.071324
vt 0.084910 -0.082876
vt 0.243519 -0.230641
vt 0.239011 -0.214914
vt 0.250887 -0.222554
vt 0.440209 -0.229815
vt 0.428827 -0.218062
vt 0.442901 -0.219212
vt 0.566457 -0.122194
vt 0.550782 -0.117508
vt 0.563621 -0.111629
vt 0.591801 -0.057358
vt 0.575576 -0.059466
vt 0.584904 -0.048865
vt 0.588590 -0.039896
vt 0.576020 -0.044383
vt 0.579144 -0.034378
vt 0.588667 -0.025827
vt 0.579215 -0.035250
vt 0.577769 -0.024869
vt 0.574915 0.054435
vt 0.571738 0.041472
vt 0.565107 0.049589
vt 0.484998 0.239594
vt 0.491561 0.227972
vt 0.481170 0.229346
vt 0.298691 0.356662
vt 0.311624 0.353364
vt 0.303445 0.346809
vt 0.186485 0.298905
vt 0.199003 0.303536
vt 0.195994 0.293496
vt 0.177245 0.164299
vt 0.186386 0.174023
vt 0.188168 0.163695
vt 0.235565 0.023256
vt 0.239919 0.035872
vt 0.245777 0.027181
vt 0.336361 -0.075238
vt 0.334962 -0.061965
vt 0.343949 -0.067358
vt 0.448597 -0.103429
vt 0.441377 -0.092204
vt 0.451829 -0.092977
vt 0.534011 -0.078653
vt 0.522475 -0.071940
vt 0.532135 -0.067875
vt 0.576322 -0.049462
vt 0.563019 -0.048394
vt 0.569974 -0.040553
vt 0.528339 0.049249
vt 0.517448 0.048219
vt 0.518355 0.053722
vt 0.525424 0.078754
vt 0.516484 0.072449
vt 0.514537 0.077675
vt 0.505485 0.118790
vt 0.501149 0.108746
vt 0.496762 0.112188
vt 0.468482 0.159193
vt 0.470305 0.148407
vt 0.464751 0.148909
vt 0.423620 0.180821
vt 0.431051 0.172792
vt 0.426128 0.170172
vt 0.388378 0.171452
vt 0.398933 0.168579
vt 0.396145 0.163749
vt 0.375800 0.136354
vt 0.386365 0.139193
vt 0.386391 0.133616
vt 0.387766 0.091416
vt 0.395636 0.099015
vt 0.398359 0.094148
vt 0.417867 0.052571
vt 0.421192 0.062993
vt 0.425898 0.060000
vt 0.455767 0.029423
vt 0.453790 0.040183
vt 0.459351 0.039759
vt 0.491022 0.023408
vt 0.484211 0.031969
vt 0.489317 0.034214
vt 0.516332 0.030957
vt 0.506283 0.035282
vt 0.509721 0.039673
vt 0.401047 0.028414
vt 0.367123 0.016467
vt 0.378686 0.039594
vt -0.401047 0.028414
vt -0.367123 0.016467
vt -0.389483 0.005287
vt 0.102555 0.180808
vt 0.120395 0.146980
vt 0.093858 0.156458
vt -0.102555 0.180808
vt -0.120395 0.146980
vt -0.129092 0.171331
vt -0.172003 -0.302342
vt -0.134542 -0.298377
vt -0.149073 -0.318720
vt 0.172003 -0.302341
vt 0.134542 -0.298377
vt 0.157472 -0.281998
vt -0.281844 0.050073
vt -0.365595 -0.037921
vt -0.384042 -0.001026
vt 0.365595 -0.037921
vt 0.281844 0.050073
vt 0.384042 -0.001026
vt -0.054494 0.157059
vt -0.072083 0.207143
vt -0.040620 0.195906
vt 0.072083 0.207143
vt 0.054494 0.157059
vt 0.040620 0.195906
vt -0.311852 -0.199938
vt -0.218253 -0.126379
vt -0.284666 -0.219356
vt 0.218253 -0.126378
vt 0.311853 -0.199937
vt 0.284666 -0.219356
vt -0.168267 0.048664
vt -0.212587 0.025306
vt -0.213066 0.026264
vt 0.212587 0.025306
vt 0.168267 0.048664
vt 0.213066 0.026264
vt -0.127154 0.170399
vt -0.127941 0.171818
vt -0.126793 0.171408
vt 0.127941 0.171818
vt 0.127154 0.170399
vt 0.126793 0.171408
vt -0.249009 -0.041896
vt -0.218905 -0.001847
vt -0.248018 -0.042604
vt 0.218905 -0.001847
vt 0.249010 -0.041896
vt 0.248018 -0.042604
vt -0.219848 0.034300
vt -0.356280 -0.067052
vt -0.369629 -0.040699
vt 0.355698 -0.064714
vt 0.190413 0.050957
vt 0.368909 -0.038292
vt 0.089432 0.075511
vt 0.065818 0.115313
vt 0.099368 0.103331
vt -0.170498 0.049599
vt -0.193858 0.000008
vt -0.209157 0.025278
vt -0.182862 -0.295921
vt -0.066867 -0.133528
vt -0.153873 -0.316627
vt 0.066867 -0.133528
vt 0.182862 -0.295921
vt 0.153873 -0.316627
vt -0.075918 -0.128749
vt -0.070038 -0.174042
vt -0.170636 -0.307981
vt 0.169861 -0.308390
vt 0.069263 -0.174452
vt 0.075143 -0.129159
vt -0.135506 0.025044
vt -0.141319 0.007603
vt -0.147133 0.019230
vt 0.141319 0.007603
vt 0.135506 0.025044
vt 0.147133 0.019230
vt 0.031077 0.063231
vt 0.023207 0.079846
vt 0.035450 0.075474
vt -0.023207 0.079846
vt -0.031077 0.063231
vt -0.035450 0.075474
vt -0.075561 -0.097183
vt -0.057426 -0.094161
vt -0.064982 -0.104739
vt 0.057426 -0.094161
vt 0.075561 -0.097183
vt 0.064982 -0.104739
vt -0.436078 0.134254
vt -0.442876 0.113861
vt -0.449673 0.127456
vt 0.442876 0.113861
vt 0.436078 0.134254
vt 0.449673 0.127456
vt -0.001688 0.319055
vt -0.014469 0.339760
vt 0.003424 0.333370
vt 0.014469 0.339760
vt 0.001688 0.319055
vt -0.003424 0.333370
vt -0.304720 -0.206560
vt -0.280424 -0.205235
vt -0.289259 -0.217604
vt 0.280424 -0.205235
vt 0.304720 -0.206560
vt 0.289259 -0.217604
vt -0.261009 0.013653
vt -0.374509 -0.063842
vt -0.382807 -0.047246
vt 0.374508 -0.063842
vt 0.261009 0.013653
vt 0.382807 -0.047246
vt 0.341482 -0.004746
vt 0.327847 0.019826
vt 0.347722 0.012728
vt -0.327847 0.019826
vt -0.341482 -0.004746
vt -0.347722 0.012728
vt 0.034519 -0.471390
vt 0.130842 -0.372847
vt 0.051692 -0.483657
vt -0.130842 -0.372847
vt -0.034519 -0.471390
vt -0.051692 -0.483657
vt 0.022254 -0.403892
vt 0.018834 -0.418359
vt 0.013506 -0.408736
vt -0.018834 -0.418359
vt -0.022254 -0.403892
vt -0.013506 -0.408736
vt 0.044302 -0.380217
vt -0.029502 -0.362927
vt 0.045230 -0.369256
vt 0.029502 -0.362927
vt -0.044302 -0.380217
vt -0.045230 -0.369256
vt -0.026933 -0.184225
vt 0.048716 -0.185680
vt 0.047204 -0.195565
vt -0.048716 -0.185680
vt 0.026933 -0.184225
vt -0.047204 -0.195565
vt -0.292478 -0.045616
vt -0.338854 -0.104916
vt -0.353299 -0.076026
vt 0.338854 -0.104916
vt 0.292478 -0.045616
vt 0.353299 -0.076026
vt -0.237689 0.146158
vt -0.257244 0.187440
vt -0.226825 0.176576
vt 0.257244 0.187440
vt 0.237689 0.146158
vt 0.226825 0.176577
vt -0.451866 -0.107355
vt -0.386058 -0.070795
vt -0.425583 -0.126129
vt 0.386058 -0.070795
vt 0.451866 -0.107355
vt 0.425583 -0.126129
vt -0.131692 -0.063081
vt -0.227257 -0.113446
vt -0.228290 -0.111380
vt 0.227257 -0.113446
vt 0.131692 -0.063081
vt 0.228290 -0.111380
vt 0.273632 -0.097553
vt 0.271935 -0.094494
vt 0.274409 -0.095378
vt -0.271935 -0.094494
vt -0.273632 -0.097553
vt -0.274409 -0.095378
vt 0.086619 -0.374012
vt 0.151530 -0.287656
vt 0.088756 -0.375539
vt -0.151530 -0.287656
vt -0.086619 -0.374012
vt -0.088756 -0.375539
vt 0.393647 0.019955
vt 0.352714 0.005539
vt 0.366667 0.033445
vt -0.393647 0.019955
vt -0.352714 0.005539
vt -0.379694 -0.007951
vt 0.087589 0.174605
vt 0.109115 0.133788
vt 0.077096 0.145224
vt -0.087589 0.174605
vt -0.109115 0.133788
vt -0.119608 0.163169
vt -0.180126 -0.293055
vt -0.134926 -0.288271
vt -0.152459 -0.312817
vt 0.180126 -0.293055
vt 0.134926 -0.288271
vt 0.162593 -0.268509
vt -0.149655 -0.351181
vt -0.038905 -0.449303
vt -0.065831 -0.468536
vt 0.038905 -0.449303
vt 0.149655 -0.351182
vt 0.065831 -0.468536
vt 0.219946 -0.254739
vt 0.260020 -0.240912
vt 0.251108 -0.265868
vt -0.260020 -0.240912
vt -0.219946 -0.254739
vt -0.251108 -0.265868
vt -0.244437 -0.278098
vt -0.103594 -0.237304
vt -0.232586 -0.301800
vt 0.103594 -0.237304
vt 0.244437 -0.278098
vt 0.232586 -0.301800
vt -0.196327 -0.121642
vt -0.278324 -0.212561
vt -0.298292 -0.172624
vt 0.278323 -0.212561
vt 0.196327 -0.121642
vt 0.298291 -0.172624
vt -0.288594 0.033358
vt -0.315625 0.090424
vt -0.273576 0.075407
vt 0.315625 0.090424
vt 0.288593 0.033358
vt 0.273576 0.075407
vt -0.466566 -0.089482
vt -0.363971 -0.022668
vt -0.430232 -0.115434
vt 0.363971 -0.022668
vt 0.466566 -0.089481
vt 0.430232 -0.115434
vt -0.248204 -0.053666
vt -0.258937 -0.085865
vt -0.269670 -0.064399
vt 0.258937 -0.085865
vt 0.248204 -0.053666
vt 0.269670 -0.064399
vt 0.360620 -0.087380
vt 0.346090 -0.056706
vt 0.368692 -0.064778
vt -0.346090 -0.056706
vt -0.360620 -0.087380
vt -0.368692 -0.064778
vt 0.123804 -0.420235
vt 0.157283 -0.414655
vt 0.143333 -0.434185
vt -0.157283 -0.414655
vt -0.123804 -0.420235
vt -0.143333 -0.434185
vt 0.005130 -0.388356
vt 0.037679 -0.399516
vt 0.021404 -0.411141
vt -0.037679 -0.399516
vt -0.005129 -0.388356
vt -0.021404 -0.411141
vt 0.276250 0.174238
vt 0.300802 0.183520
vt 0.295085 0.167511
vt -0.300802 0.183521
vt -0.276250 0.174238
vt -0.295085 0.167511
vt -0.432903 0.089890
vt -0.400256 0.087207
vt -0.425300 0.074685
vt 0.400256 0.087207
vt 0.432903 0.089890
vt 0.425300 0.074685
vt 0.061208 -0.209622
vt 0.033777 -0.224079
vt 0.033480 -0.223485
vt -0.033777 -0.224079
vt -0.061208 -0.209622
vt -0.033480 -0.223485
vt -0.201260 -0.156982
vt -0.201747 -0.156104
vt -0.201037 -0.156357
vt 0.201747 -0.156104
vt 0.201260 -0.156982
vt 0.201037 -0.156357
vt -0.152567 0.022953
vt -0.133935 0.047741
vt -0.151953 0.022515
vt 0.133935 0.047741
vt 0.152567 0.022953
vt 0.151953 0.022515
vt -0.395270 0.050401
vt -0.407072 0.042701
vt -0.407792 0.044140
vt 0.407072 0.042701
vt 0.395270 0.050401
vt 0.407792 0.044140
vt -0.273200 0.331437
vt -0.274629 0.333656
vt -0.272659 0.332953
vt 0.274629 0.333656
vt 0.273200 0.331437
vt 0.272659 0.332953
vt -0.502301 -0.065185
vt -0.492461 -0.055009
vt -0.500598 -0.066401
vt 0.492461 -0.055009
vt 0.502301 -0.065185
vt 0.500598 -0.066401
vt -0.199868 -0.049131
vt -0.313167 -0.142776
vt -0.327965 -0.113180
vt 0.313167 -0.142776
vt 0.199868 -0.049131
vt 0.327965 -0.113180
vt 0.123325 -0.030931
vt 0.092548 0.015197
vt 0.134454 0.000231
vt -0.092548 0.015197
vt -0.123325 -0.030931
vt -0.134454 0.000231
vt -0.133158 -0.327576
vt -0.013705 -0.236900
vt -0.096948 -0.353441
vt 0.013704 -0.236900
vt 0.133158 -0.327576
vt 0.096948 -0.353441
vt -0.519233 0.271462
vt -0.145107 -0.491834
vt -0.525256 0.268451
vt 0.145105 -0.491829
vt 0.519224 0.271470
vt 0.525247 0.268459
vt 0.335311 -0.517966
vt -0.289459 0.607777
vt 0.621206 0.282539
vt 0.289459 0.607777
vt -0.335311 -0.517966
vt -0.621206 0.282539
vt -0.591445 -0.007328
vt 0.199340 -0.563920
vt 0.195426 -0.569399
vt -0.199359 -0.563911
vt 0.591443 -0.007344
vt -0.195445 -0.569391
vt 0.006161 -0.397451
vt 0.035223 -0.407415
vt 0.020692 -0.417794
vt -0.035223 -0.407415
vt -0.006161 -0.397451
vt -0.020692 -0.417794
vt 0.286918 0.184516
vt 0.308840 0.192805
vt 0.303735 0.178510
vt -0.308839 0.192805
vt -0.286918 0.184517
vt -0.303734 0.178511
vt -0.442494 0.097892
vt -0.413345 0.095496
vt -0.435706 0.084316
vt 0.413345 0.095496
vt 0.442494 0.097892
vt 0.435706 0.084316
vt 0.040733 -0.396436
vt 0.037460 -0.410938
vt 0.032035 -0.401369
vt -0.037460 -0.410938
vt -0.040733 -0.396436
vt -0.032035 -0.401369
vt 0.054100 -0.376834
vt -0.020719 -0.364667
vt 0.054271 -0.365835
vt 0.020719 -0.364667
vt -0.054100 -0.376834
vt -0.054271 -0.365835
vt -0.019703 -0.169635
vt 0.055543 -0.161698
vt 0.055269 -0.171694
vt -0.055543 -0.161698
vt 0.019703 -0.169635
vt -0.055269 -0.171694
vt -0.145243 -0.370631
vt -0.052619 -0.468930
vt -0.067458 -0.479530
vt 0.052619 -0.468930
vt 0.145243 -0.370631
vt 0.067458 -0.479530
vt 0.280941 -0.151054
vt 0.305089 -0.137655
vt 0.298113 -0.157187
vt -0.305089 -0.137655
vt -0.280941 -0.151054
vt -0.298113 -0.157187
vt -0.301859 -0.181142
vt -0.172886 -0.139844
vt -0.292584 -0.199693
vt 0.172886 -0.139844
vt 0.301859 -0.181142
vt 0.292584 -0.199693
vt -0.129245 -0.184252
vt -0.135059 -0.201693
vt -0.140872 -0.190066
vt 0.135059 -0.201693
vt 0.129245 -0.184252
vt 0.140872 -0.190066
vt 0.092425 -0.160433
vt 0.084555 -0.143817
vt 0.096798 -0.148190
vt -0.084555 -0.143817
vt -0.092425 -0.160433
vt -0.096798 -0.148190
vt -0.018483 -0.246096
vt -0.000349 -0.243074
vt -0.007905 -0.253652
vt 0.000349 -0.243074
vt 0.018483 -0.246096
vt 0.007905 -0.253652
vt -0.369846 0.037566
vt -0.373423 0.026833
vt -0.377001 0.033988
vt 0.373423 0.026833
vt 0.369846 0.037566
vt 0.377001 0.033988
vt 0.051056 0.184581
vt 0.046213 0.194806
vt 0.053747 0.192115
vt -0.046213 0.194806
vt -0.051056 0.184581
vt -0.053747 0.192115
vt -0.205061 -0.249235
vt -0.193901 -0.247375
vt -0.198551 -0.253885
vt 0.193901 -0.247375
vt 0.205061 -0.249235
vt 0.198551 -0.253885
vt -0.397506 0.050401
vt -0.409308 0.042701
vt -0.410028 0.044140
vt 0.409308 0.042701
vt 0.397506 0.050401
vt 0.410028 0.044140
vt -0.044021 0.250649
vt -0.045450 0.252869
vt -0.043479 0.252165
vt 0.045450 0.252869
vt 0.044021 0.250649
vt 0.043479 0.252165
vt -0.305726 -0.208054
vt -0.295886 -0.197877
vt -0.304024 -0.209270
vt 0.295886 -0.197877
vt 0.305726 -0.208054
vt 0.304024 -0.209270
vt 0.221109 -0.167646
vt 0.309810 -0.159989
vt 0.289007 -0.201595
vt -0.309810 -0.159989
vt -0.221109 -0.167646
vt -0.289007 -0.201595
vt -0.287308 0.097781
vt -0.244041 0.032934
vt -0.302954 0.053974
vt 0.244042 0.032934
vt 0.287309 0.097781
vt 0.302954 0.053974
vt 0.398679 -0.143689
vt 0.405460 -0.045555
vt 0.449584 -0.107328
vt -0.405460 -0.045555
vt -0.398679 -0.143689
vt -0.449584 -0.107328
vt -0.156072 -0.144014
vt -0.269372 -0.237658
vt -0.284170 -0.208062
vt 0.269372 -0.237658
vt 0.156072 -0.144014
vt 0.284170 -0.208062
vt -0.185120 -0.031685
vt -0.215898 0.014444
vt -0.173991 -0.000523
vt 0.215898 0.014444
vt 0.185120 -0.031685
vt 0.173991 -0.000523
vt -0.371217 -0.161541
vt -0.251763 -0.070865
vt -0.335007 -0.187406
vt 0.251763 -0.070865
vt 0.371217 -0.161541
vt 0.335007 -0.187406
vt -0.286143 0.003547
vt -0.366730 -0.058399
vt -0.375391 -0.041077
vt 0.367676 -0.058391
vt 0.270679 0.012159
vt 0.376316 -0.041058
vt -0.153331 0.173560
vt -0.184355 0.205226
vt -0.146808 0.191795
vt -0.050654 0.123942
vt -0.077098 0.083838
vt -0.087221 0.100349
vt -0.403643 -0.146819
vt -0.313223 -0.088838
vt -0.371220 -0.170035
vt 0.313223 -0.088838
vt 0.403643 -0.146819
vt 0.371220 -0.170035
vt -0.338684 -0.036345
vt -0.257648 0.050519
vt -0.261979 0.007218
vt 0.261821 0.007801
vt 0.257318 0.051085
vt 0.411415 -0.128749
vt -0.276847 0.004446
vt -0.179210 0.033144
vt -0.267950 -0.012756
vt 0.281444 -0.006611
vt 0.181998 0.061337
vt 0.289582 0.010963
vt -0.261534 0.004831
vt -0.409769 -0.133193
vt -0.337981 -0.039184
vt 0.256286 0.038039
vt 0.334002 -0.051806
vt 0.402777 -0.148042
vt 0.223567 -0.338896
vt 0.236306 -0.212219
vt 0.276786 -0.232459
vt -0.236306 -0.212219
vt -0.223567 -0.338896
vt -0.276786 -0.232459
vt -0.505333 -0.015419
vt -0.477417 -0.090976
vt -0.531638 -0.052247
vt 0.477417 -0.090976
vt 0.505333 -0.015419
vt 0.531638 -0.052247
vt -0.344357 0.033645
vt -0.447132 -0.056012
vt -0.407108 0.056056
vt 0.447132 -0.056012
vt 0.344357 0.033645
vt 0.407107 0.056056
vt -0.108668 -0.236587
vt -0.222861 -0.330679
vt -0.237659 -0.301083
vt 0.222861 -0.330679
vt 0.108668 -0.236587
vt 0.237659 -0.301083
vt 0.135880 -0.256761
vt 0.122053 -0.216687
vt 0.147009 -0.225599
vt -0.122053 -0.216687
vt -0.135880 -0.256761
vt -0.147009 -0.225599
vt -0.048979 -0.391712
vt 0.056409 -0.289760
vt -0.027415 -0.407114
vt -0.056409 -0.289760
vt 0.048979 -0.391712
vt 0.027415 -0.407114
vt -0.104225 -0.236042
vt -0.218419 -0.330134
vt -0.233217 -0.300538
vt 0.218419 -0.330134
vt 0.104225 -0.236042
vt 0.233217 -0.300538
vt 0.023308 -0.218149
vt 0.009482 -0.178075
vt 0.034437 -0.186987
vt -0.009482 -0.178075
vt -0.023308 -0.218149
vt -0.034437 -0.186987
vt -0.143362 -0.319113
vt -0.037974 -0.217161
vt -0.121799 -0.334515
vt 0.037974 -0.217160
vt 0.143362 -0.319113
vt 0.121798 -0.334515
vt -0.189236 -0.105990
vt -0.292593 -0.191413
vt -0.307441 -0.161842
vt 0.292662 -0.190786
vt 0.171662 -0.093291
vt 0.307460 -0.161190
vt 0.032668 -0.053889
vt 0.011471 -0.011182
vt 0.043797 -0.022727
vt -0.126609 -0.090276
vt -0.118561 -0.117885
vt -0.135091 -0.089221
vt -0.189889 -0.290901
vt -0.101642 -0.167355
vt -0.161958 -0.310852
vt 0.101642 -0.167355
vt 0.189889 -0.290901
vt 0.161957 -0.310852
vt -0.125084 -0.150468
vt -0.115666 -0.189104
vt -0.206481 -0.283148
vt 0.203354 -0.285066
vt 0.112538 -0.191023
vt 0.121957 -0.152387
vt -0.108290 -0.110757
vt -0.078161 -0.097360
vt -0.111172 -0.119532
vt -0.085601 -0.087601
vt -0.093300 -0.059892
vt -0.077133 -0.088763
vt -0.104181 -0.067067
vt -0.134177 -0.080759
vt -0.101384 -0.058264
vt -0.118990 -0.104586
vt -0.173720 -0.128274
vt -0.183464 -0.108874
vt 0.095811 -0.119599
vt 0.128133 -0.150986
vt 0.123453 -0.176654
vt 0.130171 -0.085482
vt 0.171765 -0.101266
vt 0.161973 -0.120642
vt -0.106297 -0.111018
vt -0.138914 -0.164246
vt -0.141454 -0.138279
vt -0.011008 -0.016223
vt -0.024636 -0.044854
vt -0.031996 -0.026754
vt -0.183487 -0.106730
vt -0.128442 -0.085244
vt -0.119019 -0.102361
vt -0.101560 -0.115692
vt -0.085745 -0.133049
vt -0.131453 -0.170496
vt 0.122483 -0.177369
vt 0.078725 -0.136850
vt 0.095216 -0.120133
vt 0.161054 -0.122142
vt 0.120017 -0.103546
vt 0.129704 -0.086578
vt -0.404952 0.103306
vt -0.421052 0.072896
vt -0.429996 0.090784
vt 0.421052 0.072896
vt 0.404952 0.103306
vt 0.429996 0.090784
vt 0.044296 0.253362
vt 0.035013 0.277915
vt 0.051023 0.272197
vt -0.035013 0.277914
vt -0.044296 0.253362
vt -0.051022 0.272197
vt -0.249177 -0.244759
vt -0.219069 -0.231856
vt -0.235344 -0.254640
vt 0.219069 -0.231855
vt 0.249177 -0.244759
vt 0.235344 -0.254640
vt -0.435631 0.135595
vt -0.442428 0.115202
vt -0.449226 0.128798
vt 0.442428 0.115202
vt 0.435631 0.135595
vt 0.449226 0.128798
vt -0.025084 0.328473
vt -0.037865 0.349178
vt -0.019972 0.342787
vt 0.037865 0.349178
vt 0.025084 0.328473
vt 0.019972 0.342787
vt -0.324645 -0.191099
vt -0.300349 -0.189774
vt -0.309184 -0.202143
vt 0.300349 -0.189774
vt 0.324645 -0.191099
vt 0.309184 -0.202143
vt 0.075397 -0.211167
vt 0.042657 -0.228422
vt 0.042303 -0.227714
vt -0.042657 -0.228422
vt -0.075397 -0.211167
vt -0.042303 -0.227714
vt -0.205972 -0.163641
vt -0.206554 -0.162593
vt -0.205706 -0.162896
vt 0.206554 -0.162593
vt 0.205972 -0.163641
vt 0.205706 -0.162896
vt -0.150987 0.029198
vt -0.128749 0.058783
vt -0.150255 0.028675
vt 0.128749 0.058783
vt 0.150987 0.029198
vt 0.150255 0.028675
vt -0.122964 -0.306380
vt -0.202074 -0.371767
vt -0.212407 -0.351102
vt 0.202074 -0.371767
vt 0.122964 -0.306380
vt 0.212407 -0.351101
vt 0.287257 -0.359720
vt 0.265767 -0.327511
vt 0.295028 -0.337961
vt -0.265767 -0.327511
vt -0.287257 -0.359720
vt -0.295028 -0.337961
vt 0.091610 -0.491866
vt 0.175018 -0.428552
vt 0.116894 -0.509925
vt -0.175018 -0.428552
vt -0.091610 -0.491866
vt -0.116894 -0.509925
vt 0.226204 -0.043805
vt 0.102673 -0.015065
vt 0.107544 -0.001427
vt -0.226204 -0.043805
vt -0.102673 -0.015065
vt -0.221333 -0.057444
vt -0.328101 -0.125112
vt -0.304784 -0.129646
vt -0.321624 -0.138066
vt 0.328101 -0.125112
vt 0.304784 -0.129646
vt 0.311261 -0.116692
vt -0.017758 -0.416712
vt -0.109345 -0.328155
vt -0.006815 -0.401391
vt 0.017758 -0.416712
vt 0.109345 -0.328155
vt 0.120288 -0.343476
vt -0.226294 0.094720
vt -0.396130 -0.011850
vt -0.404791 0.005472
vt 0.396130 -0.011850
vt 0.226294 0.094720
vt 0.404791 0.005472
vt -0.021984 0.184710
vt -0.037964 0.210982
vt -0.015470 0.202949
vt 0.037964 0.210982
vt 0.021983 0.184710
vt 0.015470 0.202949
vt -0.295855 -0.230600
vt -0.160423 -0.082090
vt -0.276418 -0.244483
vt 0.160423 -0.082090
vt 0.295855 -0.230599
vt 0.276418 -0.244483
vt -0.100505 0.019888
vt -0.136515 0.000909
vt -0.136904 0.001688
vt 0.136515 0.000909
vt 0.100505 0.019888
vt 0.136904 0.001688
vt -0.088653 0.097353
vt -0.089292 0.098506
vt -0.088360 0.098173
vt 0.089292 0.098506
vt 0.088653 0.097353
vt 0.088360 0.098173
vt -0.166121 -0.030894
vt -0.141662 0.001646
vt -0.165315 -0.031470
vt 0.141662 0.001646
vt 0.166121 -0.030894
vt 0.165315 -0.031470
vt -0.240597 0.169310
vt -0.327615 0.160542
vt -0.314994 0.195881
vt 0.327615 0.160542
vt 0.240597 0.169310
vt 0.314994 0.195881
vt 0.326913 -0.117617
vt 0.310131 -0.067272
vt 0.343695 -0.084054
vt -0.310131 -0.067272
vt -0.326913 -0.117617
vt -0.343695 -0.084054
vt -0.473715 -0.039489
vt -0.431241 -0.115943
vt -0.495526 -0.070025
vt 0.431241 -0.115942
vt 0.473715 -0.039489
vt 0.495526 -0.070024
vt -0.131673 0.073474
vt -0.259093 0.006321
vt -0.260470 0.009075
vt 0.259093 0.006321
vt 0.131673 0.073474
vt 0.260470 0.009075
vt 0.085539 0.098491
vt 0.083276 0.102570
vt 0.086575 0.101392
vt -0.083276 0.102570
vt -0.085539 0.098491
vt -0.086575 0.101392
vt -0.097308 -0.211806
vt -0.010760 -0.096665
vt -0.094458 -0.213842
vt 0.010760 -0.096665
vt 0.097308 -0.211806
vt 0.094458 -0.213842
vt -0.184551 0.026984
vt 0.184551 0.026984
vt -0.140532 0.163458
vt 0.140532 0.163459
vt -0.241360 -0.015622
vt 0.241360 -0.015622
vt -0.174787 0.045955
vt 0.174787 0.045955
vt -0.119202 0.169222
vt 0.119202 0.169221
vt -0.216584 -0.012161
vt 0.216584 -0.012161
vt -0.289347 0.055454
vt 0.289347 0.055454
vt -0.154513 0.245256
vt 0.154513 0.245256
vt -0.321541 -0.057891
vt 0.321541 -0.057891
vt -0.064009 0.037894
vt 0.064009 0.037894
vt -0.079850 0.094904
vt 0.079850 0.094904
vt -0.110592 0.029464
vt 0.110592 0.029464
vt 0.063927 -0.251038
vt -0.063927 -0.251038
vt 0.135273 0.099600
vt -0.135273 0.099600
vt -0.278241 0.016616
vt 0.278241 0.016616
vt -0.225559 -0.183245
vt 0.225559 -0.183245
vt 0.089005 -0.098713
vt -0.089005 -0.098713
vt -0.069671 -0.298870
vt 0.069671 -0.298870
vt 0.077092 -0.214558
vt -0.077092 -0.214558
vt -0.198411 -0.169527
vt 0.198411 -0.169527
vt -0.121344 0.053494
vt 0.121344 0.053494
vt 0.053778 -0.048173
vt 0.040986 -0.081541
vt 0.016624 -0.104556
vt -0.015859 -0.113619
vt -0.048192 -0.107330
vt -0.072103 -0.089271
vt -0.084979 -0.063379
vt -0.086586 -0.029895
vt -0.071792 0.011672
vt -0.027280 0.045873
vt 0.027538 0.033769
vt 0.052336 -0.007388
vt 0.090424 -0.069323
vt 0.072609 -0.106376
vt 0.038932 -0.134600
vt -0.012901 -0.146015
vt -0.064863 -0.133627
vt -0.096890 -0.109753
vt -0.111720 -0.084256
vt -0.117073 -0.053705
vt -0.113997 -0.006587
vt -0.048639 0.087734
vt 0.085473 0.039562
vt 0.097220 -0.023568
vt 0.113729 -0.090083
vt 0.098365 -0.118102
vt 0.064047 -0.145756
vt -0.008300 -0.161125
vt -0.083695 -0.138170
vt -0.115612 -0.111771
vt -0.125189 -0.097145
vt -0.127064 -0.085422
vt -0.124161 -0.074541
vt -0.062012 -0.121611
vt 0.125525 -0.043642
vt 0.121734 -0.061852
vt 0.124455 -0.102118
vt 0.117431 -0.112552
vt 0.094511 -0.130694
vt 0.001843 -0.158133
vt -0.107728 -0.113096
vt -0.126528 -0.093279
vt -0.126523 -0.097739
vt -0.119669 -0.108257
vt -0.097600 -0.126964
vt -0.006615 -0.157311
vt 0.104144 -0.116354
vt 0.124122 -0.097482
vt 0.123609 -0.101432
vt 0.126005 -0.089866
vt 0.123235 -0.079015
vt 0.058543 -0.124584
vt -0.127363 -0.039460
vt -0.123471 -0.057626
vt -0.115859 -0.086041
vt -0.101181 -0.114505
vt -0.067864 -0.143246
vt 0.003732 -0.161053
vt 0.079953 -0.140791
vt 0.113158 -0.115624
vt 0.110866 -0.087920
vt 0.117302 -0.057461
vt 0.115561 -0.010009
vt 0.052368 0.087233
vt -0.084448 0.043182
vt -0.097881 -0.019864
vt -0.092137 -0.065974
vt -0.075255 -0.103701
vt -0.042390 -0.133119
vt 0.009152 -0.146337
vt 0.061751 -0.135740
vt 0.094909 -0.112951
vt 0.084789 -0.065856
vt 0.087472 -0.032216
vt 0.073756 0.010150
vt 0.029753 0.046108
vt -0.025997 0.035717
vt -0.052174 -0.004908
vt -0.054738 -0.045882
vt -0.042801 -0.079844
vt -0.018987 -0.103788
vt 0.013403 -0.113996
vt 0.046176 -0.108783
vt 0.070913 -0.091452
vt 0.370839 -0.024929
vt 0.358137 -0.044420
vt 0.325513 -0.069168
vt 0.265077 -0.090759
vt 0.184966 -0.080992
vt 0.109853 -0.024457
vt 0.061177 0.066033
vt 0.053325 0.163840
vt 0.107878 0.234503
vt 0.237924 0.214560
vt 0.343021 0.095053
vt 0.370499 0.009222
vt 0.377056 -0.079863
vt 0.378381 -0.067728
vt 0.354729 -0.103271
vt 0.271436 -0.171632
vt 0.134877 -0.187757
vt 0.011440 -0.109942
vt -0.068584 0.021061
vt -0.107830 0.160208
vt -0.089657 0.283776
vt 0.180492 0.313058
vt 0.382637 -0.050049
vt 0.373761 -0.102147
vt 0.339449 -0.102236
vt 0.368254 -0.046215
vt 0.374279 -0.082737
vt 0.280862 -0.224248
vt 0.068366 -0.282635
vt -0.091474 -0.183301
vt -0.182221 -0.034724
vt -0.242184 0.099645
vt -0.297397 0.173079
vt -0.378852 -0.073432
vt 0.237310 -0.301627
vt 0.302802 -0.197972
vt 0.270965 -0.087319
vt 0.325038 0.012895
vt 0.371682 0.006225
vt 0.300198 -0.234732
vt -0.041754 -0.343565
vt -0.200533 -0.217926
vt -0.275102 -0.078562
vt -0.329513 0.021485
vt -0.377860 0.013685
vt -0.309744 -0.233088
vt 0.034588 -0.350080
vt 0.195721 -0.226332
vt 0.179063 -0.043298
vt 0.240065 0.090756
vt 0.295545 0.164131
vt 0.371915 -0.079379
vt -0.240987 -0.293261
vt -0.306275 -0.189520
vt -0.343710 -0.094152
vt -0.373886 -0.039019
vt -0.381913 -0.077716
vt -0.289999 -0.224105
vt -0.075851 -0.287876
vt 0.086566 -0.191008
vt 0.066875 0.013733
vt 0.108289 0.152698
vt 0.092784 0.276932
vt -0.173035 0.312057
vt -0.380586 -0.042809
vt -0.375083 -0.094740
vt -0.380484 -0.073164
vt -0.383673 -0.062378
vt -0.361646 -0.100309
vt -0.278933 -0.172275
vt -0.141101 -0.191985
vt -0.015402 -0.116339
vt -0.061557 0.061078
vt -0.051554 0.159197
vt -0.103952 0.231457
vt -0.232977 0.215030
vt -0.339938 0.098951
vt -0.370175 0.014181
vt -0.372760 -0.020346
vt -0.361767 -0.041026
vt -0.330239 -0.067632
vt -0.269989 -0.091513
vt -0.188998 -0.083897
vt -0.112234 -0.028819
vt -0.211333 -0.010450
vt 0.211333 -0.010450
vt 0.225902 0.009753
vt -0.225902 0.009753
vt 0.057862 -0.279363
vt -0.057862 -0.279363
vt 0.276605 0.085949
vt 0.002165 -0.305830
vt 0.244530 0.097404
vt -0.244530 0.097404
vt -0.022482 -0.412401
vt -0.041919 -0.398518
vt 0.030862 -0.296624
vt -0.050299 -0.310508
vt -0.030862 -0.296624
vt 0.041919 -0.398518
vt 0.277650 0.055684
vt -0.225829 0.099934
vt 0.056568 -0.388055
vt 0.234092 0.121697
vt 0.299574 0.044722
vt -0.286311 0.073006
vt -0.023845 -0.365048
vt -0.280708 0.099297
vt -0.014203 -0.418315
vt -0.331099 0.028959
vt -0.067602 -0.193498
vt 0.067602 -0.193498
vt -0.132266 -0.104435
vt 0.132266 -0.104435
vt -0.158218 -0.067636
vt 0.158218 -0.067636
vt -0.403942 0.065509
vt 0.403942 0.065509
vt 0.145587 0.202046
vt -0.145587 0.202046
vt -0.136702 -0.310352
vt 0.136702 -0.310352
vt 0.246862 -0.199368
vt -0.246862 -0.199368
vt 0.182086 -0.257117
vt -0.182086 -0.257117
vt 0.137766 -0.408073
vt -0.137766 -0.408073
vt 0.068424 -0.227632
vt -0.058585 -0.222712
vt 0.029396 -0.194201
vt 0.031860 -0.177099
vt 0.044058 -0.221684
vt 0.021622 -0.171349
vt -0.036967 -0.173907
vt -0.012671 -0.177743
vt -0.021996 -0.214919
vt -0.384491 0.084745
vt 0.378230 0.087876
vt 0.322297 0.147968
vt -0.435237 0.054547
vt 0.003054 -0.432298
vt 0.047235 -0.401182
vt -0.057705 -0.417262
vt -0.032697 -0.390797
vt -0.036185 -0.385915
vt 0.372862 0.090560
vt 0.384745 0.114325
vt 0.050723 -0.396299
vt -0.384745 0.114325
vt -0.372862 0.090560
vt -0.039091 -0.381846
vt -0.348058 0.166981
vt 0.374331 0.104679
vt 0.053629 -0.392231
vt -0.368390 0.092796
vt -0.326765 0.160479
vt -0.069805 -0.267354
vt 0.069805 -0.267354
vt 0.075687 -0.247804
vt -0.075687 -0.247804
vt 0.020037 -0.237972
vt -0.020037 -0.237972
vt -0.316681 0.035749
vt 0.316681 0.035749
vt 0.053703 0.165158
vt -0.053703 0.165158
vt -0.159390 -0.214588
vt 0.159390 -0.214588
vt -0.073711 0.160565
vt -0.098768 0.107389
vt -0.142022 0.066718
vt -0.190254 0.054253
vt -0.227086 0.065331
vt -0.245454 0.077813
vt -0.250835 0.077448
vt -0.250782 0.072136
vt -0.244486 0.090662
vt -0.205345 0.159021
vt -0.125384 0.213974
vt -0.077521 0.204448
vt 0.016508 0.147030
vt -0.029362 0.061394
vt -0.101466 -0.004887
vt -0.186061 -0.009974
vt -0.240970 0.038617
vt -0.252701 0.072829
vt -0.245302 0.059135
vt -0.236924 0.012349
vt -0.239772 -0.022734
vt -0.227388 0.118138
vt 0.000003 0.255863
vt 0.035407 0.217251
vt 0.097448 0.116288
vt 0.042114 0.012090
vt -0.048489 -0.080887
vt -0.179553 -0.076378
vt -0.251132 0.035644
vt -0.241970 0.093804
vt -0.215036 0.063703
vt -0.185883 -0.022465
vt -0.147158 -0.131736
vt 0.058071 -0.231789
vt 0.185445 0.181064
vt 0.138563 0.184491
vt 0.163672 0.082934
vt 0.115102 -0.022691
vt 0.030409 -0.139764
vt -0.164709 -0.142603
vt -0.249932 0.075095
vt -0.207920 0.136651
vt -0.165632 0.087082
vt -0.117222 -0.018623
vt -0.033335 -0.136230
vt 0.160187 -0.141824
vt 0.246537 0.072008
vt 0.205641 0.132669
vt 0.213540 0.059641
vt 0.184879 -0.026676
vt 0.146281 -0.135974
vt -0.061357 -0.234606
vt -0.187187 0.185027
vt -0.140208 0.188494
vt -0.099466 0.120117
vt -0.044782 0.015499
vt 0.044872 -0.078508
vt 0.175226 -0.076310
vt 0.247586 0.033162
vt 0.239645 0.090153
vt 0.244493 0.055664
vt 0.237142 0.008792
vt 0.241253 -0.025975
vt 0.230920 0.117664
vt 0.000968 0.259292
vt -0.036033 0.220760
vt -0.018131 0.150203
vt 0.026855 0.063928
vt 0.098190 -0.003484
vt 0.182509 -0.010279
vt 0.238021 0.036614
vt 0.250825 0.069799
vt 0.250655 0.075101
vt 0.251621 0.069937
vt 0.246346 0.089219
vt 0.207688 0.159244
vt 0.126844 0.215820
vt 0.077674 0.206796
vt 0.072801 0.162736
vt 0.097048 0.108996
vt 0.139783 0.067446
vt 0.187928 0.053896
vt 0.225177 0.063955
vt 0.244326 0.075747
vt 0.176796 -0.308907
vt -0.176796 -0.308907
vt -0.449651 -0.042917
vt 0.449651 -0.042917
vt -0.387423 -0.071064
vt 0.387423 -0.071064
vt -0.208849 -0.232998
vt 0.208849 -0.232998
vt -0.409725 0.024216
vt 0.409725 0.024216
vt -0.489751 -0.007788
vt 0.489751 -0.007788
vt -0.304776 -0.000894
vt 0.304776 -0.000894
vt 0.432159 -0.010460
vt -0.432159 -0.010460
vt 0.175359 -0.460748
vt -0.175359 -0.460748
vt -0.048299 -0.372976
vt 0.048299 -0.372976
vt -0.421362 -0.180815
vt 0.421362 -0.180815
vt -0.395474 0.024412
vt 0.395474 0.024412
vt -0.210420 0.174035
vt -0.270441 0.029275
vt -0.373085 -0.070941
vt -0.485501 -0.098306
vt -0.568476 -0.072840
vt -0.606878 -0.046203
vt -0.615850 -0.042613
vt -0.614981 -0.035209
vt -0.604105 0.042510
vt -0.519587 0.235338
vt -0.333719 0.364837
vt -0.219579 0.311055
vt 0.008580 0.138325
vt -0.103265 -0.083991
vt -0.276886 -0.230657
vt -0.475895 -0.225484
vt -0.598122 -0.112532
vt -0.616295 -0.050266
vt -0.591519 -0.091189
vt -0.567769 -0.179606
vt -0.576124 -0.206100
vt -0.568380 0.202228
vt -0.031871 0.524330
vt 0.054940 0.359248
vt 0.208707 0.057701
vt 0.071552 -0.199888
vt -0.149579 -0.388058
vt -0.460880 -0.335656
vt -0.617311 -0.075044
vt -0.581560 0.019497
vt -0.508349 -0.080141
vt -0.432332 -0.268799
vt -0.333437 -0.463295
vt 0.172806 -0.588120
vt 0.431482 0.368012
vt 0.311886 0.279110
vt 0.375647 -0.029456
vt 0.252880 -0.276948
vt 0.042754 -0.500632
vt -0.426356 -0.430889
vt -0.605150 0.074124
vt -0.489529 0.146173
vt -0.380329 -0.019546
vt -0.257944 -0.267228
vt -0.049744 -0.492191
vt 0.415555 -0.429028
vt 0.597040 0.066751
vt 0.484085 0.136661
vt 0.504775 -0.089843
vt 0.429933 -0.278856
vt 0.331341 -0.473420
vt -0.180657 -0.594849
vt -0.435643 0.377478
vt -0.315816 0.288673
vt -0.213529 0.066848
vt -0.077924 -0.191746
vt 0.140941 -0.382376
vt 0.450542 -0.335494
vt 0.608840 -0.080974
vt 0.576006 0.010776
vt 0.589586 -0.099481
vt 0.568288 -0.188104
vt 0.579663 -0.213845
vt 0.576819 0.201095
vt 0.034192 0.532522
vt -0.056436 0.367630
vt -0.012459 0.145905
vt 0.097278 -0.077938
vt 0.269059 -0.227305
vt 0.467412 -0.226213
vt 0.591078 -0.117315
vt 0.611812 -0.057505
vt 0.615419 -0.048220
vt 0.616985 -0.040463
vt 0.608548 0.039064
vt 0.525185 0.235870
vt 0.337207 0.369247
vt 0.219945 0.316666
vt 0.208247 0.179221
vt 0.266333 0.033115
vt 0.367738 -0.069202
vt 0.479943 -0.099159
vt 0.563914 -0.076127
vt 0.604185 -0.051139
vt -0.151560 -0.159746
vt 0.151560 -0.159746
vt 0.340911 -0.201501
vt -0.340911 -0.201501
vt 0.196082 -0.394441
vt -0.196082 -0.394441
vt -0.332330 0.029909
vt -0.244846 0.273668
vt 0.086426 0.246743
vt -0.451119 -0.023662
vt 0.426254 0.003514
vt 0.321150 0.038853
vt 0.446457 0.205212
vt -0.254991 0.313645
vt 0.365706 0.013780
vt -0.052004 -0.222457
vt 0.052004 -0.222457
vt -0.248339 -0.097892
vt 0.248340 -0.097892
vt -0.248378 -0.002007
vt 0.248378 -0.002007
vt -0.092174 -0.377927
vt 0.092174 -0.377927
vt 0.322068 0.025670
vt -0.322068 0.025670
vt -0.286400 0.004937
vt 0.286400 0.004937
vt -0.171283 -0.156078
vt 0.171283 -0.156078
vt -0.328197 0.050316
vt 0.328197 0.050316
vt -0.394893 0.008021
vt 0.394893 0.008021
vt 0.077584 -0.389954
vt -0.077584 -0.389954
vt -0.077651 -0.379473
vt 0.077651 -0.379473
vt -0.016679 -0.117121
vt 0.016679 -0.117121
vt 0.109632 -0.329966
vt -0.109632 -0.329966
vt 0.169446 -0.361023
vt -0.169446 -0.361023
vt 0.056602 -0.344704
vt -0.056602 -0.344704
vt -0.395404 0.048433
vt 0.395404 0.048433
vt -0.055202 0.253483
vt 0.055202 0.253483
vt -0.304649 -0.190389
vt 0.304649 -0.190389
vt -0.295682 0.047999
vt 0.295682 0.047999
vt 0.289888 0.082469
vt -0.289888 0.082469
vt 0.058337 -0.340293
vt -0.058337 -0.340293
vt -0.115929 0.023819
vt 0.115929 0.023819
vt -0.182262 -0.188691
vt 0.182262 -0.188691
vt -0.063952 -0.235234
vt 0.063952 -0.235234
vt -0.118049 -0.212867
vt 0.118049 -0.212867
vt 0.069387 -0.170894
vt -0.069387 -0.170894
vt -0.016758 -0.234773
vt 0.016758 -0.234773
vt -0.168837 0.042806
vt 0.168837 0.042806
vt -0.124730 0.165379
vt 0.124730 0.165378
vt -0.217494 -0.006702
vt 0.217494 -0.006702
vt -0.199862 0.012106
vt 0.199862 0.012106
vt 0.238064 0.021385
vt -0.238064 0.021385
vt 0.075825 -0.267189
vt -0.075825 -0.267189
vt 0.079165 -0.315845
vt -0.079165 -0.315845
vt 0.184697 -0.220206
vt -0.184697 -0.220206
vt 0.123763 -0.224284
vt -0.123763 -0.224284
vt -0.053366 -0.217499
vt 0.053365 -0.217499
vt -0.298343 -0.074678
vt 0.298343 -0.074678
vt -0.292469 0.030716
vt 0.292469 0.030716
vt -0.045782 -0.241611
vt 0.045782 -0.241611
vt 0.108384 -0.246440
vt -0.108384 -0.246440
vt 0.063901 -0.228750
vt -0.063901 -0.228750
vt 0.135080 -0.285737
vt -0.135080 -0.285737
vt 0.166083 -0.355575
vt -0.166083 -0.355575
vt 0.012969 -0.318416
vt -0.012969 -0.318416
vt -0.092959 -0.057813
vt 0.092959 -0.057813
vt -0.057359 0.009722
vt 0.057359 0.009722
vt -0.109971 -0.055399
vt 0.109971 -0.055399
vt -0.251088 -0.059077
vt 0.251088 -0.059077
vt -0.264411 0.157560
vt 0.264411 0.157560
vt -0.391638 -0.028713
vt 0.391638 -0.028713
vt -0.142421 -0.217787
vt 0.142421 -0.217787
vt -0.016951 -0.133158
vt 0.016951 -0.133158
vt -0.107199 -0.199666
vt 0.107199 -0.199666
vt -0.149816 -0.156525
vt 0.149816 -0.156525
vt 0.369096 -0.209336
vt -0.369096 -0.209336
vt 0.221568 -0.408959
vt -0.221568 -0.408959
vt -0.396231 0.065740
vt 0.396231 0.065740
vt 0.170724 0.189626
vt -0.170724 0.189626
vt -0.109970 -0.320843
vt 0.109970 -0.320843
vt -0.223756 0.096643
vt 0.223756 0.096643
vt 0.141013 0.147683
vt -0.141013 0.147683
vt -0.023561 -0.176002
vt 0.023561 -0.176002
vt -0.148475 -0.152500
vt 0.148475 -0.152500
vt 0.371988 -0.207183
vt -0.371988 -0.207183
vt 0.224939 -0.407681
vt -0.224939 -0.407681
vt -0.176152 0.020685
vt 0.176152 0.020685
vt 0.178935 0.039391
vt -0.178935 0.039391
vt 0.040142 -0.210925
vt -0.040142 -0.210925
vt -0.273967 -0.070678
vt 0.273967 -0.070678
vt 0.069685 0.038086
vt -0.069685 0.038086
vt -0.117823 -0.255819
vt 0.117823 -0.255819
vt 0.387441 -0.030102
vt -0.281220 0.039201
vt 0.015643 0.165190
vt 0.006959 0.157883
vt -0.184553 -0.155740
vt 0.242469 -0.269213
vt -0.178057 0.015746
vt 0.178057 0.015746
vt 0.248849 0.010635
vt -0.248849 0.010635
vt 0.099315 -0.258000
vt -0.099314 -0.258000
vt -0.248091 0.047316
vt 0.248091 0.047316
vt -0.063274 0.185350
vt 0.063274 0.185349
vt -0.215894 -0.092479
vt 0.215894 -0.092479
vt -0.117717 0.001813
vt 0.117717 0.001813
vt -0.095482 0.091724
vt 0.095482 0.091724
vt -0.159001 -0.014822
vt 0.159001 -0.014822
vt -0.329799 0.042736
vt 0.329799 0.042736
vt 0.239410 0.111700
vt -0.239410 0.111700
vt -0.007450 -0.333696
vt 0.007450 -0.333696
vt -0.142393 -0.274231
vt 0.142393 -0.274230
vt 0.258765 -0.285249
vt -0.258765 -0.285249
vt 0.131058 -0.400839
vt -0.131058 -0.400839
vt -0.044440 -0.244294
vt 0.044440 -0.244294
vt 0.116793 -0.252629
vt -0.116793 -0.252629
vt 0.072038 -0.234563
vt -0.072038 -0.234563
vt -0.333356 0.021851
vt 0.333357 0.021851
vt 0.332010 0.060482
vt -0.332010 0.060482
vt 0.070251 -0.404584
vt -0.070251 -0.404584
vt 0.074561 -0.333091
vt -0.074561 -0.333091
vt -0.335200 -0.161234
vt 0.335200 -0.161234
vt 0.338090 -0.023523
vt -0.338090 -0.023523
vt 0.200312 -0.368053
vt -0.200312 -0.368053
vt 0.115643 -0.213136
vt -0.115643 -0.213136
vt -0.230095 -0.258097
vt 0.230095 -0.258097
vt -0.373189 0.125849
vt 0.352152 0.220027
vt 0.304552 -0.160103
vt 0.314939 -0.048154
vt -0.314939 -0.048154
vt -0.268082 -0.141867
vt -0.496674 -0.017867
vt 0.496674 -0.017867
vt -0.260927 -0.138290
vt 0.548172 0.028748
vt 0.284355 -0.091433
vt -0.492024 -0.011357
vt 0.379606 0.135678
vt 0.426977 0.152596
vt 0.414132 0.188562
vt -0.256052 -0.127916
vt 0.535332 0.030637
vt 0.273131 -0.093756
vt -0.494401 0.001400
vt 0.363712 0.187658
vt 0.406346 0.202884
vt 0.394786 0.235253
vt -0.504003 -0.007717
vt -0.291959 -0.085164
vt 0.540842 0.018598
vt 0.307332 -0.054423
vt 0.363713 0.187658
vt -0.175620 -0.097627
vt 0.175620 -0.097627
vt 0.237929 -0.094298
vt -0.237929 -0.094299
vt 0.091463 -0.312019
vt -0.091463 -0.312019
vt -0.154289 -0.140872
vt 0.154289 -0.140872
vt 0.348108 -0.184850
vt -0.348108 -0.184850
vt 0.200527 -0.390243
vt -0.200527 -0.390243
vt -0.377448 0.070660
vt 0.377448 0.070660
vt -0.182832 0.311649
vt 0.182832 0.311649
vt -0.403263 -0.087999
vt 0.403263 -0.087999
vt 0.072370 0.173964
vt -0.072370 0.173964
vt 0.367602 0.026579
vt -0.367602 0.026579
vt -0.176351 -0.263483
vt 0.176351 -0.263483
vt -0.377448 0.075132
vt 0.377448 0.075132
vt -0.157826 0.306966
vt 0.157826 0.306966
vt -0.381656 -0.100976
vt 0.381656 -0.100975
vt -0.406110 0.087734
vt 0.406110 0.087734
vt 0.019723 0.269135
vt -0.019723 0.269135
vt -0.246867 -0.221831
vt 0.246867 -0.221831
vt -0.184441 -0.013377
vt -0.221119 -0.113715
vt -0.282527 -0.176803
vt -0.346557 -0.191006
vt -0.389149 -0.176599
vt -0.403872 -0.166655
vt -0.403274 -0.169445
vt -0.401834 -0.160986
vt -0.402317 -0.097763
vt -0.365559 0.043522
vt -0.260216 0.134548
vt -0.190445 0.089428
vt -0.044477 -0.033206
vt -0.116315 -0.185189
vt -0.224494 -0.267902
vt -0.341097 -0.248824
vt -0.401448 -0.178434
vt -0.396828 -0.157579
vt -0.370421 -0.199403
vt -0.350099 -0.252859
vt -0.358065 -0.245502
vt -0.389372 0.053142
vt -0.071560 0.283370
vt -0.014426 0.139953
vt 0.089104 -0.086453
vt -0.002688 -0.258898
vt -0.145318 -0.354336
vt -0.332639 -0.284852
vt -0.404902 -0.120227
vt -0.360857 -0.095766
vt -0.301900 -0.187772
vt -0.245191 -0.307734
vt -0.174379 -0.396637
vt 0.161765 -0.385942
vt 0.245664 0.219360
vt 0.160164 0.096345
vt 0.205380 -0.147165
vt 0.119397 -0.308778
vt -0.021599 -0.415801
vt -0.313054 -0.306168
vt -0.382514 0.011827
vt -0.287319 0.001598
vt -0.207340 -0.143017
vt -0.121516 -0.304709
vt 0.018673 -0.412268
vt 0.308532 -0.305389
vt 0.379119 0.008741
vt 0.285040 -0.002384
vt 0.300404 -0.191834
vt 0.244188 -0.311944
vt 0.173502 -0.400876
vt -0.165051 -0.388759
vt -0.247405 0.223322
vt -0.161810 0.100348
vt -0.091123 -0.082625
vt 0.000020 -0.255489
vt 0.141702 -0.351958
vt 0.328311 -0.284784
vt 0.401356 -0.122709
vt 0.358532 -0.099417
vt 0.369612 -0.202874
vt 0.350316 -0.256416
vt 0.359546 -0.248744
vt 0.392904 0.052667
vt 0.072532 0.286799
vt 0.013799 0.143462
vt 0.042853 -0.030033
vt 0.113808 -0.182655
vt 0.221217 -0.266499
vt 0.337546 -0.249129
vt 0.398500 -0.180437
vt 0.394951 -0.160609
vt 0.403094 -0.171792
vt 0.402673 -0.163185
vt 0.404177 -0.099206
vt 0.367902 0.043744
vt 0.261676 0.136395
vt 0.190598 0.091777
vt 0.183531 -0.011206
vt 0.219399 -0.112107
vt 0.280289 -0.176076
vt 0.344230 -0.191363
vt 0.387240 -0.177975
vt 0.402745 -0.168721
vt 0.002025 -0.296974
vt -0.002025 -0.296974
vt 0.161144 -0.340567
vt -0.161144 -0.340567
vt 0.140556 -0.261384
vt -0.140556 -0.261384
vt -0.072143 -0.217958
vt 0.072143 -0.217958
vt 0.222502 -0.252213
vt -0.222502 -0.252213
vt 0.145376 -0.302922
vt -0.145376 -0.302923
vt -0.070439 0.042318
vt 0.070439 0.042318
vt 0.294975 -0.129418
vt -0.294975 -0.129418
vt -0.252552 -0.214958
vt 0.252552 -0.214958
vt -0.113324 -0.227275
vt 0.113324 -0.227275
vt -0.167243 -0.102311
vt 0.167243 -0.102311
vt -0.218152 -0.093644
vt 0.218152 -0.093644
vt -0.072850 -0.357414
vt 0.072850 -0.357414
vt -0.006239 -0.302634
vt 0.006239 -0.302634
vt -0.052732 -0.238837
vt 0.052732 -0.238837
vt -0.182876 -0.251648
vt 0.182876 -0.251648
vt -0.061109 0.178672
vt 0.061109 0.178672
vt -0.362669 0.029769
vt 0.362669 0.029769
vt -0.247733 0.062348
vt 0.275732 0.050099
vt -0.108785 0.215711
vt 0.293861 0.144588
vt -0.396339 0.054776
vt 0.396339 0.054776
vt -0.251860 0.330187
vt 0.251860 0.330187
vt -0.475184 -0.066121
vt 0.475184 -0.066121
vt 0.213002 -0.120852
vt 0.225086 -0.159692
vt 0.133157 -0.092336
vt -0.163130 -0.103041
vt -0.072607 -0.370827
vt -0.031213 -0.312875
vt 0.020584 -0.349873
vt -0.020584 -0.349873
vt 0.031213 -0.312875
vt 0.020811 -0.407825
vt -0.243435 -0.122992
vt -0.017081 -0.391131
vt -0.226802 -0.082211
vt -0.003616 -0.420107
vt -0.256935 -0.175617
vt -0.022433 -0.292527
vt 0.010289 -0.283581
vt 0.211236 -0.106893
vt -0.010289 -0.283581
vt 0.022433 -0.292527
vt -0.182387 -0.138342
vt -0.161944 -0.059048
vt 0.014622 -0.001278
vt -0.060028 -0.239951
vt 0.060028 -0.239951
vt 0.113234 -0.239830
vt -0.113234 -0.239830
vt 0.058834 -0.239878
vt -0.058834 -0.239878
vt -0.142699 -0.195357
vt 0.142699 -0.195356
vt -0.273281 -0.020176
vt 0.273281 -0.020176
vt -0.328867 -0.029309
vt 0.328867 -0.029309
vt -0.206601 0.093833
vt 0.206601 0.093833
vt 0.176963 0.124028
vt -0.176963 0.124028
vt 0.018651 -0.188842
vt -0.018651 -0.188842
vt -0.047085 -0.227823
vt 0.047085 -0.227824
vt -0.264916 -0.099405
vt 0.264916 -0.099405
vt -0.259504 0.008398
vt 0.259504 0.008398
vt -0.128291 -0.003287
vt 0.128291 -0.003287
vt -0.001837 0.058457
vt 0.001837 0.058457
vt -0.084957 -0.082137
vt 0.084957 -0.082137
vt -0.398534 0.059166
vt 0.398534 0.059166
vt -0.259259 0.338041
vt 0.259259 0.338041
vt -0.483004 -0.060536
vt 0.483004 -0.060536
vt -0.155488 -0.501924
vt -0.124364 -0.445352
vt 0.091880 -0.490830
vt 0.152216 -0.465246
vt 0.372968 -0.026212
vt -0.372968 -0.026211
vt -0.164269 -0.508197
vt 0.304545 -0.039622
vt -0.459391 -0.163026
vt -0.437948 -0.049419
vt 0.148027 -0.530935
vt 0.428370 -0.076237
vt -0.329539 -0.052118
vt 0.235202 -0.183710
vt -0.235202 -0.183710
vt 0.133692 -0.372576
vt -0.133693 -0.372575
vt -0.171656 -0.229063
vt 0.171656 -0.229063
vt -0.032154 -0.380670
vt -0.239668 -0.257963
vt -0.150443 -0.177780
vt -0.103171 -0.309428
vt -0.197354 -0.288187
vt -0.110042 -0.165950
vt 0.073832 -0.191815
vt 0.032154 -0.380670
vt 0.127656 -0.300683
vt 0.150443 -0.177780
vt 0.239668 -0.257963
vt -0.141012 -0.260777
vt 0.099333 -0.414259
vt 0.182255 -0.344360
vt 0.365863 -0.050693
vt -0.345172 0.015052
vt 0.040910 0.163600
vt 0.026610 0.135098
vt -0.232901 -0.204772
vt 0.216805 -0.275143
vt -0.039999 -0.251964
vt 0.039999 -0.251964
vt 0.187407 -0.007467
vt -0.187407 -0.007467
vt -0.187635 -0.031208
vt 0.187635 -0.031208
vt -0.180055 0.110739
vt 0.180055 0.110739
vt 0.181915 0.125711
vt -0.181915 0.125711
vt 0.040180 -0.165750
vt -0.040180 -0.165750
vt -0.373531 0.080714
vt 0.373531 0.080714
vt -0.177431 0.317409
vt 0.177431 0.317409
vt -0.396050 -0.083320
vt 0.396050 -0.083320
vt -0.152651 0.185678
vt -0.210364 0.049625
vt -0.310425 -0.046925
vt -0.423007 -0.075357
vt -0.510394 -0.050299
vt -0.555438 -0.018710
vt -0.569745 -0.005909
vt -0.569941 0.009455
vt -0.553277 0.086324
vt -0.458517 0.261846
vt -0.271685 0.370615
vt -0.161345 0.314342
vt 0.053430 0.146494
vt -0.051177 -0.058941
vt -0.216687 -0.202082
vt -0.413182 -0.206909
vt -0.544170 -0.102299
vt -0.576093 -0.032962
vt -0.562549 -0.055990
vt -0.545066 -0.126453
vt -0.550789 -0.144467
vt -0.511203 0.233987
vt 0.016036 0.497490
vt 0.096423 0.345289
vt 0.236516 0.069144
vt 0.111470 -0.165647
vt -0.095002 -0.350521
vt -0.397947 -0.321965
vt -0.570141 -0.082881
vt -0.555915 0.022109
vt -0.498253 -0.051816
vt -0.434243 -0.216242
vt -0.348201 -0.398721
vt 0.116602 -0.556671
vt 0.433013 0.320221
vt 0.328791 0.259649
vt 0.384743 -0.010202
vt 0.276191 -0.232207
vt 0.084905 -0.449732
vt -0.363269 -0.420019
vt -0.572006 0.043992
vt -0.482790 0.134399
vt -0.389425 -0.000292
vt -0.281255 -0.222487
vt -0.091895 -0.441290
vt 0.352468 -0.418158
vt 0.563897 0.036619
vt 0.477345 0.124886
vt 0.494679 -0.061518
vt 0.431845 -0.226299
vt 0.346105 -0.408846
vt -0.124452 -0.563400
vt -0.437173 0.329686
vt -0.332722 0.269213
vt -0.241338 0.078290
vt -0.117842 -0.157505
vt 0.086363 -0.344839
vt 0.387609 -0.321803
vt 0.561671 -0.088811
vt 0.550360 0.013387
vt 0.560616 -0.064282
vt 0.545586 -0.134951
vt 0.554327 -0.152212
vt 0.519641 0.232854
vt -0.013715 0.505682
vt -0.097919 0.353671
vt -0.057309 0.154074
vt 0.045190 -0.052887
vt 0.208860 -0.198731
vt 0.404699 -0.207638
vt 0.537126 -0.107082
vt 0.571610 -0.040201
vt 0.569315 -0.011515
vt 0.571945 0.004201
vt 0.557720 0.082877
vt 0.464115 0.262378
vt 0.275173 0.375025
vt 0.161711 0.319953
vt 0.150477 0.190864
vt 0.206256 0.053465
vt 0.305077 -0.045186
vt 0.417448 -0.076209
vt 0.505832 -0.053587
vt 0.552745 -0.023646
vt -0.321099 0.049641
vt 0.321099 0.049641
vt -0.235301 0.283666
vt 0.235301 0.283666
vt -0.411982 -0.031387
vt 0.411982 -0.031387
vt -0.366939 -0.005814
vt 0.366939 -0.005814
vt 0.492202 -0.007056
vt -0.492202 -0.007056
vt 0.186844 -0.539982
vt -0.186844 -0.539982
vt 0.023388 0.133170
vt 0.192251 0.052884
vt -0.017532 0.147785
vt 0.017532 0.147785
vt -0.256077 -0.244586
vt -0.112367 -0.101990
vt 0.140082 -0.082193
vt -0.200912 0.070206
vt 0.162722 -0.188645
vt -0.029901 0.151409
vt -0.220720 -0.269841
vt -0.281500 0.008260
vt -0.100704 -0.113878
vt 0.100704 -0.113878
vt -0.137223 -0.011326
vt 0.137223 -0.011326
vt -0.184013 -0.041838
vt 0.184013 -0.041838
vt -0.252455 0.082293
vt 0.252455 0.082293
vt 0.252302 0.107937
vt -0.252302 0.107936
vt 0.053951 -0.270799
vt -0.053951 -0.270799
vt -0.142869 -0.288446
vt 0.142869 -0.288446
vt -0.087027 -0.175028
vt 0.087027 -0.175028
vt -0.168040 -0.195533
vt 0.168040 -0.195533
vt -0.242650 0.073184
vt 0.242650 0.073184
vt 0.128818 0.138730
vt -0.128818 0.138730
vt -0.046377 -0.193366
vt 0.046377 -0.193366
vt 0.414287 0.054894
vt -0.384781 0.074145
vt -0.210249 0.328233
vt 0.216527 0.326203
vt -0.435973 -0.070779
vt 0.452061 -0.102300
vt 0.172669 -0.402699
vt -0.164619 -0.406723
vt -0.219083 -0.386220
vt 0.199501 -0.393213
vt -0.267943 -0.243644
vt -0.060175 0.011458
vt 0.043256 -0.000627
vt 0.082326 0.016220
vt 0.135081 -0.390947
vt -0.139220 -0.084677
vt 0.139220 -0.084677
vt -0.059931 0.007094
vt 0.059931 0.007094
vt -0.142256 -0.097952
vt 0.142256 -0.097952
vt -0.214449 0.065780
vt 0.214449 0.065780
vt -0.071681 0.189912
vt 0.071681 0.189912
vt -0.201296 -0.055781
vt 0.201296 -0.055781
vt -0.070144 -0.253260
vt 0.070144 -0.253260
vt -0.273312 -0.109614
vt 0.273312 -0.109614
vt -0.281744 -0.015041
vt 0.281744 -0.015041
vt -0.386840 0.064846
vt 0.386840 0.064846
vt -0.161509 0.302972
vt 0.161509 0.302972
vt -0.390941 -0.110319
vt 0.390941 -0.110319
vt -0.184699 -0.133717
vt 0.184699 -0.133717
vt -0.293083 0.065384
vt 0.293083 0.065384
vt -0.373271 -0.009881
vt 0.373271 -0.009881
vt -0.303199 0.035034
vt 0.303199 0.035034
vt -0.162274 0.235212
vt 0.162274 0.235212
vt -0.337249 -0.073119
vt 0.337249 -0.073119
vt 0.078467 -0.346069
vt -0.078467 -0.346069
vt 0.208192 -0.204964
vt -0.208192 -0.204964
vt 0.156078 -0.215557
vt -0.156078 -0.215557
vt 0.139761 -0.359242
vt -0.139761 -0.359242
vt 0.006123 -0.409750
vt -0.006123 -0.409750
vt 0.096114 -0.112466
vt -0.096114 -0.112466
vt -0.347961 0.038809
vt 0.347961 0.038809
vt 0.363483 0.072283
vt -0.363484 0.072283
vt 0.087956 -0.423963
vt -0.087956 -0.423963
vt 0.247644 -0.143956
vt -0.247644 -0.143956
vt 0.104552 -0.374693
vt -0.104552 -0.374693
vt -0.207971 -0.231942
vt 0.207971 -0.231942
vt -0.183871 -0.499259
vt -0.131956 -0.404900
vt 0.077775 -0.480754
vt 0.178412 -0.438083
vt 0.349183 -0.041270
vt -0.349183 -0.041270
vt -0.198517 -0.509722
vt 0.261236 -0.042766
vt -0.426721 -0.169037
vt -0.457568 -0.079979
vt 0.171426 -0.547649
vt 0.441592 -0.124711
vt -0.302925 -0.063610
vt -0.065740 -0.246415
vt 0.065740 -0.246415
vt -0.314414 -0.090525
vt 0.314414 -0.090525
vt -0.314398 0.016885
vt 0.314398 0.016885
vt -0.179482 0.162196
vt -0.238467 0.022255
vt -0.339414 -0.074916
vt -0.451179 -0.101768
vt -0.535554 -0.076000
vt -0.576568 -0.046402
vt -0.587558 -0.037005
vt -0.586500 -0.023653
vt -0.571934 0.055166
vt -0.482325 0.238085
vt -0.297932 0.353687
vt -0.187550 0.296026
vt 0.029934 0.124257
vt -0.077783 -0.087886
vt -0.246173 -0.229881
vt -0.442192 -0.227895
vt -0.567248 -0.119550
vt -0.591445 -0.054620
vt -0.571845 -0.085672
vt -0.550797 -0.161756
vt -0.556929 -0.179423
vt -0.531955 0.212652
vt -0.006906 0.496912
vt 0.074810 0.334892
vt 0.219063 0.045460
vt 0.088937 -0.197861
vt -0.123206 -0.379565
vt -0.427552 -0.336222
vt -0.589673 -0.088539
vt -0.564205 0.008400
vt -0.498949 -0.078125
vt -0.429368 -0.250663
vt -0.337787 -0.432187
vt 0.141213 -0.566654
vt 0.426679 0.331867
vt 0.315996 0.252203
vt 0.375006 -0.037218
vt 0.260464 -0.268313
vt 0.061408 -0.482397
vt -0.393284 -0.427968
vt -0.584286 0.051457
vt -0.482278 0.127996
vt -0.381866 -0.022699
vt -0.267884 -0.254073
vt -0.071649 -0.470029
vt 0.377459 -0.425241
vt 0.572404 0.040655
vt 0.474301 0.114060
vt 0.493713 -0.092341
vt 0.425854 -0.265399
vt 0.334717 -0.447022
vt -0.152715 -0.576513
vt -0.432775 0.345736
vt -0.321754 0.266214
vt -0.226127 0.058861
vt -0.098274 -0.185931
vt 0.110549 -0.371240
vt 0.412405 -0.335984
vt 0.577263 -0.097227
vt 0.556068 -0.004378
vt 0.569013 -0.097821
vt 0.551558 -0.174207
vt 0.562114 -0.190770
vt 0.544319 0.210992
vt 0.010307 0.508914
vt -0.077002 0.347173
vt -0.035617 0.135363
vt 0.069011 -0.079017
vt 0.234705 -0.224970
vt 0.429763 -0.228962
vt 0.556928 -0.126558
vt 0.584877 -0.065226
vt 0.586928 -0.045220
vt 0.589436 -0.031350
vt 0.578443 0.050116
vt 0.490527 0.238863
vt 0.303043 0.360150
vt 0.188086 0.304247
vt 0.176297 0.169794
vt 0.232449 0.027881
vt 0.331579 -0.072369
vt 0.443036 -0.103018
vt 0.528870 -0.080816
vt 0.572622 -0.053634
vt 0.389483 0.005287
vt -0.378686 0.039594
vt 0.129092 0.171331
vt -0.093858 0.156458
vt -0.157472 -0.281998
vt 0.149073 -0.318720
vt -0.263396 0.013178
vt 0.263397 0.013178
vt -0.085957 0.168296
vt 0.085957 0.168296
vt -0.245440 -0.106960
vt 0.245440 -0.106960
vt -0.167788 0.047705
vt 0.167788 0.047705
vt -0.128301 0.170809
vt 0.128301 0.170809
vt -0.219897 -0.001139
vt 0.219897 -0.001139
vt -0.206499 0.007948
vt 0.177202 0.024535
vt 0.055882 0.087493
vt -0.155198 0.024329
vt -0.129692 0.013416
vt 0.129692 0.013416
vt 0.018835 0.067604
vt -0.018835 0.067604
vt -0.068005 -0.086604
vt 0.068005 -0.086604
vt -0.429280 0.120658
vt 0.429280 0.120658
vt -0.019581 0.325446
vt 0.019581 0.325446
vt -0.295885 -0.194192
vt 0.295885 -0.194192
vt -0.252711 -0.002943
vt 0.252711 -0.002943
vt 0.321606 0.002352
vt -0.321606 0.002352
vt 0.113668 -0.360581
vt -0.113668 -0.360581
vt 0.027583 -0.413515
vt -0.027583 -0.413515
vt -0.030431 -0.373888
vt 0.030431 -0.373888
vt -0.025421 -0.174340
vt 0.025421 -0.174340
vt -0.278033 -0.074506
vt 0.278033 -0.074506
vt -0.268107 0.157022
vt 0.268107 0.157022
vt -0.412342 -0.052021
vt 0.412342 -0.052021
vt -0.130659 -0.065147
vt 0.130659 -0.065147
vt 0.271158 -0.096669
vt -0.271158 -0.096669
vt 0.149392 -0.286129
vt -0.149392 -0.286129
vt 0.379694 -0.007951
vt -0.366667 0.033445
vt 0.119608 0.163170
vt -0.077096 0.145223
vt -0.162593 -0.268509
vt 0.152459 -0.312817
vt -0.122730 -0.331949
vt 0.122729 -0.331949
vt 0.228859 -0.229783
vt -0.228859 -0.229783
vt -0.115445 -0.213602
vt 0.115445 -0.213602
vt -0.176359 -0.161578
vt 0.176359 -0.161578
vt -0.330642 0.048375
vt 0.330642 0.048375
vt -0.400305 0.003284
vt 0.400305 0.003284
vt -0.237470 -0.075132
vt 0.237470 -0.075132
vt 0.338018 -0.079308
vt -0.338018 -0.079308
vt 0.137753 -0.400706
vt -0.137753 -0.400706
vt 0.021404 -0.376732
vt -0.021404 -0.376732
vt 0.281968 0.190247
vt -0.281967 0.190247
vt -0.407859 0.102412
vt 0.407859 0.102412
vt 0.061504 -0.210215
vt -0.061504 -0.210215
vt -0.201970 -0.156728
vt 0.201970 -0.156728
vt -0.134549 0.048179
vt 0.134549 0.048179
vt -0.394550 0.048962
vt 0.394550 0.048962
vt -0.275170 0.332141
vt 0.275170 0.332141
vt -0.494163 -0.053793
vt 0.494163 -0.053793
vt -0.185070 -0.078727
vt 0.185070 -0.078727
vt 0.081418 -0.015964
vt -0.081418 -0.015964
vt -0.049915 -0.211036
vt 0.049915 -0.211036
vt -0.139085 -0.488822
vt 0.139083 -0.488818
vt -0.575354 -0.192729
vt 0.575354 -0.192729
vt -0.587531 -0.001849
vt 0.587529 -0.001864
vt 0.020692 -0.387071
vt -0.020692 -0.387071
vt 0.292023 0.198811
vt -0.292023 0.198811
vt -0.420133 0.109072
vt 0.420133 0.109072
vt 0.046159 -0.406005
vt -0.046159 -0.406005
vt -0.020891 -0.375666
vt 0.020891 -0.375666
vt -0.019428 -0.159638
vt 0.019428 -0.159638
vt -0.130404 -0.360032
vt 0.130404 -0.360032
vt 0.287916 -0.131521
vt -0.287916 -0.131522
vt -0.182161 -0.121293
vt 0.182161 -0.121293
vt -0.123431 -0.195880
vt 0.123431 -0.195880
vt 0.080183 -0.156060
vt -0.080183 -0.156060
vt -0.010927 -0.235518
vt 0.010927 -0.235518
vt -0.366268 0.030411
vt 0.366268 0.030411
vt 0.043522 0.187272
vt -0.043522 0.187272
vt -0.200411 -0.242725
vt 0.200411 -0.242725
vt -0.396786 0.048962
vt 0.396786 0.048962
vt -0.045991 0.251353
vt 0.045991 0.251353
vt -0.297589 -0.196662
vt 0.297589 -0.196662
vt 0.241912 -0.126040
vt -0.241912 -0.126040
vt -0.228396 0.076741
vt 0.228396 0.076741
vt 0.354556 -0.081916
vt -0.354556 -0.081916
vt -0.141274 -0.173610
vt 0.141274 -0.173610
vt -0.227027 -0.016718
vt 0.227027 -0.016718
vt -0.287974 -0.045001
vt 0.287974 -0.045001
vt -0.277482 -0.013775
vt 0.262039 -0.005174
vt -0.190878 0.186991
vt -0.040531 0.107431
vt -0.259294 -0.004736
vt 0.259294 -0.004736
vt -0.188108 0.050346
vt 0.173859 0.043763
vt 0.183088 -0.318656
vt -0.183088 -0.318656
vt -0.451112 -0.054148
vt 0.451112 -0.054148
vt -0.384381 -0.078422
vt 0.384381 -0.078422
vt -0.093869 -0.266183
vt 0.093870 -0.266183
vt 0.110924 -0.247848
vt -0.110924 -0.247848
vt 0.034846 -0.274357
vt -0.034846 -0.274357
vt -0.089427 -0.265638
vt 0.089427 -0.265638
vt -0.001647 -0.209236
vt 0.001648 -0.209236
vt -0.059537 -0.201758
vt 0.059537 -0.201758
vt -0.174388 -0.135561
vt 0.156864 -0.122887
vt 0.000342 -0.042344
vt -0.115763 -0.109082
vt -0.086631 -0.096209
vt -0.096208 -0.068658
vt -0.125696 -0.081826
vt -0.003648 -0.034323
vt -0.396008 0.085418
vt 0.396008 0.085418
vt 0.028286 0.259080
vt -0.028286 0.259080
vt -0.232903 -0.221975
vt 0.232903 -0.221974
vt -0.428833 0.122000
vt 0.428833 0.122000
vt -0.042977 0.334863
vt 0.042977 0.334863
vt -0.315810 -0.178731
vt 0.315810 -0.178731
vt 0.075751 -0.211875
vt -0.075751 -0.211875
vt -0.206820 -0.163338
vt 0.206820 -0.163338
vt -0.129481 0.059306
vt 0.129481 0.059306
vt -0.112632 -0.327045
vt 0.112632 -0.327045
vt 0.257996 -0.349269
vt -0.257996 -0.349269
vt 0.149734 -0.410492
vt -0.149734 -0.410492
vt 0.221333 -0.057444
vt -0.107544 -0.001427
vt -0.311261 -0.116692
vt 0.321624 -0.138066
vt -0.120288 -0.343476
vt 0.006815 -0.401391
vt -0.217633 0.077398
vt 0.217633 0.077398
vt -0.044478 0.192744
vt 0.044478 0.192744
vt -0.179860 -0.068207
vt 0.179860 -0.068207
vt -0.100115 0.019109
vt 0.100115 0.019109
vt -0.089585 0.097686
vt 0.089585 0.097686
vt -0.142467 0.002221
vt 0.142467 0.002221
vt -0.253217 0.133971
vt 0.253218 0.133971
vt 0.293350 -0.100836
vt -0.293350 -0.100836
vt -0.409430 -0.085407
vt 0.409430 -0.085407
vt -0.130296 0.070720
vt 0.130296 0.070720
vt 0.082241 0.099670
vt -0.082241 0.099669
vt -0.013610 -0.094629
vt 0.013610 -0.094629
s 1
usemtl mat23
f 4/1/1 2/2/1 1/3/1
f 8/4/2 6/5/2 5/6/2
f 2/7/3 5/8/3 1/9/3
f 6/10/4 3/11/4 4/12/4
f 5/13/5 4/14/5 1/15/5
f 3/16/6 8/17/6 2/18/6
f 12/19/1 10/20/1 9/21/1
f 16/22/2 14/23/2 13/24/2
f 10/25/3 13/26/3 9/27/3
f 14/28/4 11/29/4 12/30/4
f 13/31/5 12/32/5 9/33/5
f 11/34/6 16/35/6 10/36/6
f 20/37/1 18/38/1 17/39/1
f 24/40/2 22/41/2 21/42/2
f 18/43/3 21/44/3 17/45/3
f 22/46/4 19/47/4 20/48/4
f 21/49/5 20/50/5 17/51/5
f 19/52/6 24/53/6 18/54/6
f 28/55/1 26/56/1 25/57/1
f 32/58/2 30/59/2 29/60/2
f 26/61/3 29/62/3 25/63/3
f 30/64/4 27/65/4 28/66/4
f 29/67/5 28/68/5 25/69/5
f 27/70/6 32/71/6 26/72/6
f 36/73/6 34/74/6 33/75/6
f 40/76/5 38/77/5 37/78/5
f 34/79/3 37/80/3 33/81/3
f 38/82/4 35/83/4 36/84/4
f 37/85/1 36/86/1 33/87/1
f 35/88/2 40/89/2 34/90/2
f 44/91/1 42/92/1 41/93/1
f 48/94/2 46/95/2 45/96/2
f 42/97/3 45/98/3 41/99/3
f 46/100/4 43/101/4 44/102/4
f 45/103/5 44/104/5 41/105/5
f 43/106/6 48/107/6 42/108/6
f 52/109/1 50/110/1 49/111/1
f 56/112/2 54/113/2 53/114/2
f 50/115/3 53/116/3 49/117/3
f 54/118/4 51/119/4 52/120/4
f 53/121/5 52/122/5 49/123/5
f 51/124/6 56/125/6 50/126/6
f 59/127/7 58/128/7 57/129/7
f 58/130/8 60/131/8 57/132/8
f 60/133/9 61/134/9 57/135/9
f 61/136/10 62/137/10 57/138/10
f 62/139/11 63/140/11 57/141/11
f 63/142/12 64/143/12 57/144/12
f 64/145/13 65/146/13 57/147/13
f 65/148/14 66/149/14 57/150/14
f 66/151/15 67/152/15 57/153/15
f 67/154/16 68/155/16 57/156/16
f 68/157/17 69/158/17 57/159/17
f 69/160/18 59/161/18 57/162/18
f 71/163/19 58/164/19 59/165/19
f 70/166/20 60/167/20 58/168/20
f 72/169/21 61/170/21 60/171/21
f 73/172/22 62/173/23 61/174/23
f 74/175/24 63/176/24 62/177/24
f 75/178/25 64/179/26 63/180/26
f 76/181/27 65/182/27 64/183/28
f 77/184/29 66/185/29 65/186/29
f 78/187/30 67/188/30 66/189/30
f 79/190/31 68/191/31 67/192/31
f 80/193/32 69/194/32 68/195/32
f 81/196/33 59/197/33 69/198/33
f 83/199/34 70/200/34 71/201/34
f 82/202/35 72/203/35 70/204/36
f 84/205/37 73/206/37 72/207/37
f 85/208/38 74/209/38 73/210/38
f 86/211/39 75/212/39 74/213/39
f 87/214/40 76/215/40 75/216/40
f 88/217/41 77/218/41 76/219/41
f 89/220/42 78/221/42 77/222/42
f 90/223/43 79/224/43 78/225/43
f 91/226/44 80/227/44 79/228/44
f 92/229/45 81/230/45 80/231/45
f 93/232/46 71/233/46 81/234/46
f 95/235/47 82/236/47 83/237/47
f 94/238/48 84/239/48 82/240/48
f 96/241/49 85/242/49 84/243/49
f 97/244/50 86/245/50 85/246/50
f 98/247/51 87/248/51 86/249/51
f 99/250/52 88/251/52 87/252/52
f 100/253/53 89/254/53 88/255/53
f 101/256/54 90/257/54 89/258/54
f 102/259/55 91/260/55 90/261/55
f 103/262/56 92/263/56 91/264/56
f 104/265/57 93/266/57 92/267/57
f 105/268/58 83/269/58 93/270/58
f 107/271/59 94/272/59 95/273/59
f 106/274/60 96/275/60 94/276/60
f 108/277/61 97/278/61 96/279/61
f 109/280/62 98/281/62 97/282/62
f 110/283/63 99/284/63 98/285/63
f 111/286/64 100/287/64 99/288/64
f 112/289/65 101/290/65 100/291/65
f 113/292/66 102/293/66 101/294/66
f 114/295/67 103/296/67 102/297/67
f 115/298/68 104/299/68 103/300/68
f 116/301/69 105/302/69 104/303/69
f 117/304/70 95/305/70 105/306/70
f 119/307/71 106/308/71 107/309/71
f 118/310/72 108/311/72 106/312/72
f 120/313/73 109/314/73 108/315/73
f 121/316/74 110/317/74 109/318/74
f 122/319/75 111/320/75 110/321/75
f 123/322/76 112/323/76 111/324/76
f 124/325/77 113/326/77 112/327/77
f 125/328/78 114/329/78 113/330/78
f 126/331/79 115/332/79 114/333/79
f 127/334/80 116/335/80 115/336/80
f 128/337/81 117/338/81 116/339/81
f 129/340/82 107/341/82 117/342/82
f 131/343/83 118/344/83 119/345/83
f 130/346/84 120/347/84 118/348/84
f 132/349/85 121/350/85 120/351/85
f 133/352/86 122/353/86 121/354/86
f 134/355/87 123/356/87 122/357/87
f 135/358/88 124/359/88 123/360/88
f 136/361/89 125/362/89 124/363/89
f 137/364/90 126/365/90 125/366/90
f 138/367/91 127/368/91 126/369/91
f 139/370/92 128/371/92 127/372/92
f 140/373/93 129/374/93 128/375/93
f 141/376/94 119/377/94 129/378/94
f 143/379/95 130/380/95 131/381/95
f 142/382/96 132/383/96 130/384/96
f 144/385/97 133/386/97 132/387/97
f 145/388/98 134/389/98 133/390/98
f 146/391/99 135/392/99 134/393/99
f 147/394/100 136/395/100 135/396/100
f 148/397/101 137/398/101 136/399/101
f 149/400/102 138/401/102 137/402/102
f 150/403/103 139/404/103 138/405/103
f 151/406/104 140/407/104 139/408/104
f 152/409/105 141/410/105 140/411/105
f 153/412/106 131/413/106 141/414/106
f 154/415/107 142/416/107 143/417/107
f 154/418/108 144/419/108 142/420/108
f 154/421/109 145/422/109 144/423/109
f 154/424/110 146/425/110 145/426/110
f 154/427/111 147/428/111 146/429/111
f 154/430/112 148/431/112 147/432/112
f 154/433/113 149/434/113 148/435/113
f 154/436/114 150/437/114 149/438/114
f 154/439/115 151/440/115 150/441/115
f 154/442/116 152/443/116 151/444/116
f 154/445/117 153/446/117 152/447/117
f 154/448/118 143/449/118 153/450/118
f 157/451/7 156/452/7 155/453/7
f 156/454/8 158/455/8 155/456/8
f 158/457/9 159/458/9 155/459/9
f 159/460/10 160/461/10 155/462/10
f 160/463/11 161/464/11 155/465/11
f 161/466/12 162/467/12 155/468/12
f 162/469/119 163/470/119 155/471/119
f 163/472/14 164/473/14 155/474/14
f 164/475/15 165/476/15 155/477/15
f 165/478/16 166/479/16 155/480/16
f 166/481/17 167/482/17 155/483/17
f 167/484/120 157/485/120 155/486/120
f 169/487/19 156/488/19 157/489/19
f 168/490/20 158/491/20 156/492/20
f 170/493/21 159/494/21 158/495/21
f 171/496/22 160/497/22 159/498/22
f 172/499/121 161/500/121 160/501/121
f 173/502/26 162/503/26 161/504/26
f 174/505/28 163/506/28 162/507/28
f 175/508/29 164/509/29 163/510/29
f 176/511/30 165/512/30 164/513/30
f 177/514/31 166/515/31 165/516/31
f 178/517/32 167/518/32 166/519/32
f 179/520/33 157/521/33 167/522/33
f 181/523/122 168/524/122 169/525/122
f 180/526/35 170/527/35 168/528/35
f 182/529/37 171/530/37 170/531/37
f 183/532/38 172/533/38 171/534/38
f 184/535/39 173/536/39 172/537/39
f 185/538/40 174/539/40 173/540/40
f 186/541/41 175/542/41 174/543/41
f 187/544/42 176/545/42 175/546/42
f 188/547/123 177/548/123 176/549/123
f 189/550/124 178/551/124 177/552/124
f 190/553/125 179/554/125 178/555/125
f 191/556/126 169/557/126 179/558/126
f 193/559/47 180/560/47 181/561/47
f 192/562/48 182/563/48 180/564/48
f 194/565/127 183/566/127 182/567/127
f 195/568/128 184/569/128 183/570/128
f 196/571/51 185/572/51 184/573/51
f 197/574/52 186/575/52 185/576/52
f 198/577/53 187/578/53 186/579/53
f 199/580/54 188/581/54 187/582/54
f 200/583/129 189/584/129 188/585/129
f 201/586/130 190/587/130 189/588/130
f 202/589/57 191/590/57 190/591/57
f 203/592/58 181/593/58 191/594/58
f 205/595/59 192/596/59 193/597/59
f 204/598/60 194/599/60 192/600/60
f 206/601/61 195/602/61 194/603/61
f 207/604/62 196/605/62 195/606/62
f 208/607/63 197/608/63 196/609/63
f 209/610/64 198/611/64 197/612/64
f 210/613/65 199/614/65 198/615/65
f 211/616/66 200/617/66 199/618/66
f 212/619/67 201/620/67 200/621/67
f 213/622/68 202/623/68 201/624/68
f 214/625/69 203/626/69 202/627/69
f 215/628/70 193/629/70 203/630/70
f 217/631/71 204/632/71 205/633/131
f 216/634/72 206/635/72 204/636/72
f 218/637/73 207/638/73 206/639/73
f 219/640/74 208/641/74 207/642/74
f 220/643/75 209/644/75 208/645/75
f 221/646/132 210/647/132 209/648/132
f 222/649/133 211/650/133 210/651/133
f 223/652/78 212/653/78 211/654/78
f 224/655/79 213/656/79 212/657/79
f 225/658/80 214/659/80 213/660/80
f 226/661/81 215/662/81 214/663/81
f 227/664/82 205/665/82 215/666/82
f 229/667/83 216/668/83 217/669/83
f 228/670/84 218/671/84 216/672/84
f 230/673/85 219/674/85 218/675/85
f 231/676/86 220/677/86 219/678/86
f 232/679/87 221/680/87 220/681/87
f 233/682/88 222/683/88 221/684/88
f 234/685/89 223/686/89 222/687/89
f 235/688/90 224/689/90 223/690/90
f 236/691/91 225/692/91 224/693/91
f 237/694/92 226/695/92 225/696/92
f 238/697/93 227/698/93 226/699/93
f 239/700/94 217/701/94 227/702/94
f 241/703/95 228/704/95 229/705/95
f 240/706/96 230/707/96 228/708/96
f 242/709/97 231/710/97 230/711/97
f 243/712/98 232/713/98 231/714/98
f 244/715/99 233/716/99 232/717/99
f 245/718/100 234/719/100 233/720/100
f 246/721/101 235/722/101 234/723/101
f 247/724/102 236/725/102 235/726/102
f 248/727/103 237/728/103 236/729/103
f 249/730/104 238/731/104 237/732/104
f 250/733/105 239/734/105 238/735/105
f 251/736/106 229/737/106 239/738/106
f 252/739/107 240/740/107 241/741/107
f 252/742/108 242/743/108 240/744/108
f 252/745/109 243/746/109 242/747/109
f 252/748/110 244/749/110 243/750/110
f 252/751/111 245/752/111 244/753/111
f 252/754/112 246/755/112 245/756/112
f 252/757/113 247/758/113 246/759/113
f 252/760/114 248/761/114 247/762/114
f 252/763/115 249/764/115 248/765/115
f 252/766/116 250/767/116 249/768/116
f 252/769/117 251/770/117 250/771/117
f 252/772/118 241/773/118 251/774/118
f 256/775/1 254/776/1 253/777/1
f 260/778/2 258/779/2 257/780/2
f 254/781/3 257/782/3 253/783/3
f 258/784/4 255/785/4 256/786/4
f 257/787/5 256/788/5 253/789/5
f 255/790/6 260/791/6 254/792/6
f 264/793/3 262/794/3 261/795/3
f 268/796/5 266/797/5 265/798/5
f 262/799/3 265/800/3 261/801/3
f 273/802/4 271/803/4 270/804/4
f 266/805/5 270/806/5 274/807/5
f 276/808/6 275/809/6 262/810/6
f 275/811/2 273/812/2 266/813/2
f 267/814/134 275/815/134 266/816/134
f 277/817/6 269/818/6 275/819/6
f 278/820/3 265/821/3 269/822/3
f 278/823/2 267/824/2 268/825/2
f 274/826/1 271/827/1 276/828/1
f 263/829/6 276/830/6 262/831/6
f 279/832/135 274/833/135 276/834/135
f 280/835/5 261/836/5 274/837/5
f 280/838/1 263/839/1 264/840/1
f 284/841/1 282/842/1 281/843/1
f 288/844/2 286/845/2 285/846/2
f 282/847/3 285/848/3 281/849/3
f 286/850/4 283/851/4 284/852/4
f 285/853/5 284/854/5 281/855/5
f 283/856/6 288/857/6 282/858/6
f 292/859/1 290/860/1 289/861/1
f 296/862/2 294/863/2 293/864/2
f 290/865/3 293/866/3 289/867/3
f 294/868/4 291/869/4 292/870/4
f 293/871/5 292/872/5 289/873/5
f 291/874/6 296/875/6 290/876/6
f 300/877/6 298/878/6 297/879/6
f 304/880/5 302/881/5 301/882/5
f 298/883/4 301/884/4 297/885/4
f 302/886/3 299/887/3 300/888/3
f 301/889/2 300/890/2 297/891/2
f 299/892/1 304/893/1 298/894/1
f 308/895/2 306/896/2 305/897/2
f 312/898/1 310/899/1 309/900/1
f 306/901/3 309/902/3 305/903/3
f 314/904/136 307/905/136 308/906/136
f 310/907/6 308/908/6 305/909/6
f 313/910/5 312/911/5 306/912/5
f 314/913/4 311/914/4 313/915/4
f 318/916/1 316/917/1 315/918/1
f 322/919/2 320/920/2 319/921/2
f 316/922/3 319/923/3 315/924/3
f 324/925/137 317/926/137 318/927/137
f 320/928/5 318/929/5 315/930/5
f 323/931/6 322/932/6 316/933/6
f 326/934/6 321/935/6 323/936/6
f 328/937/2 320/938/2 321/939/2
f 327/940/5 324/941/5 320/942/5
f 330/943/1 323/944/1 324/945/1
f 332/946/6 325/947/6 326/948/6
f 330/949/4 327/950/4 328/951/4
f 331/952/2 328/953/2 325/954/2
f 333/955/5 330/956/5 328/957/5
f 334/958/1 326/959/1 330/960/1
f 334/949/4 331/961/4 332/962/4
f 338/963/1 336/964/1 335/965/1
f 342/966/2 340/967/2 339/968/2
f 336/969/3 339/970/3 335/971/3
f 340/972/4 337/973/4 338/974/4
f 339/975/5 338/976/5 335/977/5
f 337/978/6 342/979/6 336/980/6
f 346/981/1 344/982/1 343/983/1
f 350/984/2 348/985/2 347/986/2
f 344/987/3 347/988/3 343/989/3
f 348/990/4 345/991/4 346/992/4
f 347/993/5 346/994/5 343/995/5
f 345/996/6 350/997/6 344/998/6
f 353/999/7 352/1000/7 351/1001/7
f 352/1002/8 354/1003/8 351/1004/8
f 354/1005/9 355/1006/9 351/1007/9
f 355/1008/10 356/1009/10 351/1010/10
f 356/1011/11 357/1012/11 351/1013/11
f 357/1014/12 358/1015/12 351/1016/12
f 358/1017/119 359/1018/119 351/1019/119
f 359/1020/14 360/1021/14 351/1022/14
f 360/1023/15 361/1024/15 351/1025/15
f 361/1026/16 362/1027/16 351/1028/16
f 362/1029/17 363/1030/17 351/1031/17
f 363/1032/120 353/1033/120 351/1034/120
f 365/1035/19 352/1036/19 353/1037/19
f 364/1038/20 354/1039/20 352/1040/20
f 366/1041/21 355/1042/21 354/1043/138
f 367/1044/22 356/1045/22 355/1046/22
f 368/1047/121 357/1048/121 356/1049/121
f 369/1050/26 358/1051/26 357/1052/139
f 370/1053/28 359/1054/28 358/1055/28
f 371/1056/29 360/1057/29 359/1058/29
f 372/1059/30 361/1060/30 360/1061/30
f 373/1062/31 362/1063/31 361/1064/31
f 374/1065/32 363/1066/32 362/1067/32
f 375/1068/33 353/1069/33 363/1070/140
f 377/1071/122 364/1072/122 365/1073/122
f 376/1074/35 366/1075/35 364/1076/35
f 378/1077/37 367/1078/37 366/1079/37
f 379/1080/38 368/1081/38 367/1082/38
f 380/1083/39 369/1084/39 368/1085/39
f 381/1086/40 370/1087/40 369/1088/40
f 382/1089/41 371/1090/41 370/1091/141
f 383/1092/42 372/1093/42 371/1094/42
f 384/1095/123 373/1096/123 372/1097/43
f 385/1098/124 374/1099/124 373/1100/142
f 386/1101/45 375/1102/45 374/1103/45
f 387/1104/126 365/1105/126 375/1106/126
f 389/1107/47 376/1108/47 377/1109/47
f 388/1110/48 378/1111/48 376/1112/48
f 390/1113/127 379/1114/127 378/1115/127
f 391/1116/128 380/1117/128 379/1118/128
f 392/1119/51 381/1120/51 380/1121/51
f 393/1122/143 382/1123/143 381/1124/143
f 394/1125/144 383/1126/144 382/1127/144
f 395/1128/54 384/1129/54 383/1130/54
f 396/1131/55 385/1132/55 384/1133/55
f 397/1134/56 386/1135/56 385/1136/56
f 398/1137/57 387/1138/57 386/1139/57
f 399/1140/58 377/1141/58 387/1142/145
f 401/1143/59 388/1144/59 389/1145/59
f 400/1146/60 390/1147/60 388/1148/60
f 402/1149/61 391/1150/61 390/1151/61
f 403/1152/62 392/1153/62 391/1154/62
f 404/1155/63 393/1156/63 392/1157/63
f 405/1158/64 394/1159/64 393/1160/64
f 406/1161/65 395/1162/65 394/1163/65
f 407/1164/66 396/1165/66 395/1166/66
f 408/1167/67 397/1168/67 396/1169/67
f 409/1170/68 398/1171/68 397/1172/68
f 410/1173/69 399/1174/69 398/1175/69
f 411/1176/70 389/1177/70 399/1178/70
f 413/1179/131 400/1180/71 401/1181/131
f 412/1182/72 402/1183/72 400/1184/72
f 414/1185/73 403/1186/73 402/1187/73
f 415/1188/74 404/1189/74 403/1190/74
f 416/1191/75 405/1192/75 404/1193/75
f 417/1194/76 406/1195/76 405/1196/76
f 418/1197/77 407/1198/77 406/1199/77
f 419/1200/78 408/1201/78 407/1202/78
f 420/1203/146 409/1204/146 408/1205/146
f 421/1206/80 410/1207/147 409/1208/80
f 422/1209/81 411/1210/81 410/1211/81
f 423/1212/148 401/1213/148 411/1214/82
f 425/1215/83 412/1216/83 413/1217/83
f 424/1218/84 414/1219/84 412/1220/84
f 426/1221/85 415/1222/85 414/1223/85
f 427/1224/86 416/1225/86 415/1226/86
f 428/1227/87 417/1228/87 416/1229/87
f 429/1230/88 418/1231/88 417/1232/88
f 430/1233/89 419/1234/89 418/1235/89
f 431/1236/90 420/1237/90 419/1238/90
f 432/1239/91 421/1240/91 420/1241/149
f 433/1242/92 422/1243/92 421/1244/92
f 434/1245/93 423/1246/93 422/1247/93
f 435/1248/94 413/1249/94 423/1250/94
f 437/1251/95 424/1252/95 425/1253/95
f 436/1254/96 426/1255/96 424/1256/96
f 438/1257/97 427/1258/97 426/1259/97
f 439/1260/98 428/1261/98 427/1262/98
f 440/1263/99 429/1264/99 428/1265/99
f 441/1266/100 430/1267/100 429/1268/100
f 442/1269/101 431/1270/101 430/1271/101
f 443/1272/102 432/1273/102 431/1274/102
f 444/1275/103 433/1276/103 432/1277/103
f 445/1278/104 434/1279/104 433/1280/104
f 446/1281/105 435/1282/105 434/1283/105
f 447/1284/106 425/1285/106 435/1286/106
f 448/1287/107 436/1288/107 437/1289/107
f 448/1290/108 438/1291/108 436/1292/108
f 448/1293/109 439/1294/109 438/1295/109
f 448/1296/110 440/1297/110 439/1298/110
f 448/1299/111 441/1300/111 440/1301/111
f 448/1302/112 442/1303/112 441/1304/112
f 448/1305/113 443/1306/113 442/1307/113
f 448/1308/114 444/1309/114 443/1310/114
f 448/1311/115 445/1312/115 444/1313/115
f 448/1314/116 446/1315/116 445/1316/116
f 448/1317/117 447/1318/117 446/1319/117
f 448/1320/118 437/1321/118 447/1322/118
f 452/1323/2 450/1324/2 449/1325/2
f 456/1326/1 454/1327/1 453/1328/1
f 450/1329/5 453/1330/5 449/1331/5
f 454/1332/6 451/1333/6 452/1334/6
f 453/1335/3 452/1336/3 449/1337/3
f 451/1338/4 456/1339/4 450/1340/4
f 460/1341/1 458/1342/1 457/1343/1
f 464/1344/2 462/1345/2 461/1346/2
f 458/1347/3 461/1348/3 457/1349/3
f 462/1350/4 459/1351/4 460/1352/4
f 461/1353/5 460/1354/5 457/1355/5
f 459/1356/6 464/1357/6 458/1358/6
f 468/1359/1 466/1360/1 465/1361/1
f 472/1362/2 470/1363/2 469/1364/2
f 466/1365/3 469/1366/3 465/1367/3
f 470/1368/4 467/1369/4 468/1370/4
f 469/1371/5 468/1372/5 465/1373/5
f 467/1374/6 472/1375/6 466/1376/6
f 476/1377/1 474/1378/1 473/1379/1
f 480/1380/2 478/1381/2 477/1382/2
f 474/1383/3 477/1384/3 473/1385/3
f 478/1386/4 475/1387/4 476/1388/4
f 477/1389/5 476/1390/5 473/1391/5
f 475/1392/6 480/1393/6 474/1394/6
f 483/1395/7 482/1396/7 481/1397/7
f 482/1398/8 484/1399/8 481/1400/8
f 484/1401/9 485/1402/9 481/1403/9
f 485/1404/10 486/1405/10 481/1406/10
f 486/1407/11 487/1408/11 481/1409/11
f 487/1410/12 488/1411/12 481/1412/12
f 488/1413/119 489/1414/119 481/1415/119
f 489/1416/14 490/1417/14 481/1418/14
f 490/1419/15 491/1420/15 481/1421/15
f 491/1422/16 492/1423/16 481/1424/16
f 492/1425/17 493/1426/17 481/1427/17
f 493/1428/120 483/1429/120 481/1430/120
f 495/1431/19 482/1432/19 483/1433/19
f 494/1434/20 484/1435/20 482/1436/20
f 496/1437/21 485/1438/21 484/1439/21
f 497/1440/22 486/1441/22 485/1442/22
f 498/1443/121 487/1444/121 486/1445/121
f 499/1446/26 488/1447/26 487/1448/26
f 500/1449/28 489/1450/28 488/1451/28
f 501/1452/29 490/1453/29 489/1454/29
f 502/1455/30 491/1456/30 490/1457/30
f 503/1458/31 492/1459/31 491/1460/31
f 504/1461/32 493/1462/32 492/1463/32
f 505/1464/33 483/1465/33 493/1466/33
f 507/1467/122 494/1468/122 495/1469/122
f 506/1470/35 496/1471/35 494/1472/35
f 508/1473/37 497/1474/37 496/1475/37
f 509/1476/38 498/1477/38 497/1478/38
f 510/1479/39 499/1480/39 498/1481/39
f 511/1482/40 500/1483/40 499/1484/40
f 512/1485/41 501/1486/41 500/1487/41
f 513/1488/42 502/1489/42 501/1490/42
f 514/1491/123 503/1492/123 502/1493/123
f 515/1494/124 504/1495/124 503/1496/124
f 516/1497/125 505/1498/125 504/1499/125
f 517/1500/126 495/1501/126 505/1502/126
f 519/1503/150 506/1504/150 507/1505/150
f 518/1506/48 508/1507/48 506/1508/48
f 520/1509/127 509/1510/49 508/1511/127
f 521/1512/50 510/1513/50 509/1514/128
f 522/1515/51 511/1516/51 510/1517/51
f 523/1518/143 512/1519/143 511/1520/143
f 524/1521/144 513/1522/144 512/1523/144
f 525/1524/54 514/1525/54 513/1526/54
f 526/1527/55 515/1528/55 514/1529/55
f 527/1530/56 516/1531/56 515/1532/130
f 528/1533/57 517/1534/57 516/1535/57
f 529/1536/145 507/1537/145 517/1538/145
f 531/1539/59 518/1540/59 519/1541/59
f 530/1542/60 520/1543/60 518/1544/60
f 532/1545/61 521/1546/61 520/1547/61
f 533/1548/62 522/1549/62 521/1550/62
f 534/1551/63 523/1552/63 522/1553/63
f 535/1554/64 524/1555/64 523/1556/64
f 536/1557/65 525/1558/65 524/1559/65
f 537/1560/66 526/1561/66 525/1562/66
f 538/1563/67 527/1564/67 526/1565/67
f 539/1566/68 528/1567/68 527/1568/68
f 540/1569/69 529/1570/69 528/1571/69
f 541/1572/70 519/1573/70 529/1574/70
f 543/1575/71 530/1576/71 531/1577/71
f 542/1578/72 532/1579/72 530/1580/72
f 544/1581/73 533/1582/73 532/1583/73
f 545/1584/74 534/1585/74 533/1586/74
f 546/1587/75 535/1588/75 534/1589/75
f 547/1590/76 536/1591/76 535/1592/76
f 548/1593/77 537/1594/77 536/1595/77
f 549/1596/78 538/1597/78 537/1598/78
f 550/1599/146 539/1600/146 538/1601/146
f 551/1602/147 540/1603/147 539/1604/147
f 552/1605/81 541/1606/81 540/1607/81
f 553/1608/82 531/1609/82 541/1610/82
f 555/1611/83 542/1612/83 543/1613/83
f 554/1614/84 544/1615/84 542/1616/84
f 556/1617/85 545/1618/85 544/1619/85
f 557/1620/86 546/1621/86 545/1622/86
f 558/1623/87 547/1624/87 546/1625/87
f 559/1626/88 548/1627/88 547/1628/88
f 560/1629/89 549/1630/89 548/1631/89
f 561/1632/90 550/1633/90 549/1634/90
f 562/1635/91 551/1636/91 550/1637/91
f 563/1638/92 552/1639/92 551/1640/92
f 564/1641/93 553/1642/93 552/1643/93
f 565/1644/94 543/1645/94 553/1646/94
f 567/1647/95 554/1648/95 555/1649/95
f 566/1650/96 556/1651/96 554/1652/96
f 568/1653/97 557/1654/97 556/1655/97
f 569/1656/98 558/1657/98 557/1658/98
f 570/1659/99 559/1660/99 558/1661/99
f 571/1662/100 560/1663/100 559/1664/100
f 572/1665/101 561/1666/101 560/1667/101
f 573/1668/102 562/1669/102 561/1670/102
f 574/1671/103 563/1672/103 562/1673/103
f 575/1674/104 564/1675/104 563/1676/104
f 576/1677/105 565/1678/105 564/1679/105
f 577/1680/106 555/1681/106 565/1682/106
f 578/1683/107 566/1684/107 567/1685/107
f 578/1686/108 568/1687/108 566/1688/108
f 578/1689/109 569/1690/109 568/1691/109
f 578/1692/110 570/1693/110 569/1694/110
f 578/1695/111 571/1696/111 570/1697/111
f 578/1698/112 572/1699/112 571/1700/112
f 578/1701/113 573/1702/113 572/1703/113
f 578/1704/114 574/1705/114 573/1706/114
f 578/1707/115 575/1708/115 574/1709/115
f 578/1710/116 576/1711/116 575/1712/116
f 578/1713/117 577/1714/117 576/1715/117
f 578/1716/118 567/1717/118 577/1718/118
f 582/1719/1 580/1720/1 579/1721/1
f 586/1722/2 584/1723/2 583/1724/2
f 580/1725/3 583/1726/3 579/1727/3
f 584/1728/4 581/1729/4 582/1730/4
f 583/1731/5 582/1732/5 579/1733/5
f 581/1734/6 586/1735/6 580/1736/6
f 590/1737/1 588/1738/1 587/1739/1
f 593/1740/151 592/1741/151 591/1742/151
f 588/1743/3 591/1744/3 587/1745/3
f 596/1746/152 589/1747/152 590/1748/152
f 591/1749/5 590/1750/5 587/1751/5
f 589/1752/6 594/1753/6 588/1754/6
f 591/1755/153 596/1756/153 590/1757/153
f 589/1758/154 597/1759/154 594/1760/154
f 597/1761/2 596/1762/2 592/1763/2
f 599/1764/155 597/1765/155 592/1766/155
f 600/1767/156 594/1768/156 597/1769/156
f 600/1770/3 591/1771/3 594/1772/3
f 600/1773/2 599/1774/2 593/1775/2
f 593/1776/157 599/1777/157 592/1778/157
f 597/1779/158 598/1780/158 600/1781/158
f 604/1782/1 602/1783/1 601/1784/1
f 608/1785/2 606/1786/2 605/1787/2
f 602/1788/3 605/1789/3 601/1790/3
f 606/1791/4 603/1792/4 604/1793/4
f 605/1794/5 604/1795/5 601/1796/5
f 603/1797/6 608/1798/6 602/1799/6
f 612/1800/6 610/1801/6 609/1802/6
f 616/1803/5 614/1804/5 613/1805/5
f 610/1806/3 613/1807/3 609/1808/3
f 614/1809/4 611/1810/4 612/1811/4
f 613/1812/1 612/1813/1 609/1814/1
f 611/1815/2 616/1816/2 610/1817/2
f 620/1818/1 618/1819/1 617/1820/1
f 624/1821/2 622/1822/2 621/1823/2
f 618/1824/3 621/1825/3 617/1826/3
f 622/1827/4 619/1828/4 620/1829/4
f 621/1830/5 620/1831/5 617/1832/5
f 619/1833/6 624/1834/6 618/1835/6
f 628/1836/1 626/1837/1 625/1838/1
f 632/1839/2 630/1840/2 629/1841/2
f 626/1842/3 629/1843/3 625/1844/3
f 630/1845/4 627/1846/4 628/1847/4
f 629/1848/5 628/1849/5 625/1850/5
f 627/1851/6 632/1852/6 626/1853/6
f 636/1854/5 634/1855/5 633/1856/5
f 640/1857/6 638/1858/6 637/1859/6
f 634/1860/3 637/1861/3 633/1862/3
f 638/1863/4 635/1864/4 636/1865/4
f 637/1866/2 636/1867/2 633/1868/2
f 635/1869/1 640/1870/1 634/1871/1
f 644/1872/1 642/1873/1 641/1874/1
f 648/1875/2 646/1876/2 645/1877/2
f 642/1878/3 645/1879/3 641/1880/3
f 646/1881/4 643/1882/4 644/1883/4
f 645/1884/5 644/1885/5 641/1886/5
f 643/1887/6 648/1888/6 642/1889/6
f 652/1890/1 650/1891/1 649/1892/1
f 656/1893/2 654/1894/2 653/1895/2
f 650/1896/3 653/1897/3 649/1898/3
f 654/1899/4 651/1900/4 652/1901/4
f 653/1902/5 652/1903/5 649/1904/5
f 651/1905/6 656/1906/6 650/1907/6
f 660/1908/5 658/1909/5 657/1910/5
f 664/1911/6 662/1912/6 661/1913/6
f 658/1914/3 661/1915/3 657/1916/3
f 662/1917/4 659/1918/4 660/1919/4
f 661/1920/2 660/1921/2 657/1922/2
f 659/1923/1 664/1924/1 658/1925/1
f 668/1926/1 666/1927/1 665/1928/1
f 672/1929/2 670/1930/2 669/1931/2
f 666/1932/3 669/1933/3 665/1934/3
f 670/1935/4 667/1936/4 668/1937/4
f 669/1938/5 668/1939/5 665/1940/5
f 667/1941/6 672/1942/6 666/1943/6
f 676/1944/1 674/1945/1 673/1946/1
f 680/1947/2 678/1948/2 677/1949/2
f 674/1950/3 677/1951/3 673/1952/3
f 678/1953/4 675/1954/4 676/1955/4
f 677/1956/5 676/1957/5 673/1958/5
f 675/1959/6 680/1960/6 674/1961/6
f 684/1962/1 682/1963/1 681/1964/1
f 688/1965/2 686/1966/2 685/1967/2
f 682/1968/3 685/1969/3 681/1970/3
f 686/1971/4 683/1972/4 684/1973/4
f 685/1974/5 684/1975/5 681/1976/5
f 683/1977/6 688/1978/6 682/1979/6
f 692/1980/5 690/1981/5 689/1982/5
f 696/1983/6 694/1984/6 693/1985/6
f 690/1986/3 693/1987/3 689/1988/3
f 694/1989/4 691/1990/4 692/1991/4
f 693/1992/2 692/1993/2 689/1994/2
f 691/1995/1 696/1996/1 690/1997/1
f 700/1998/1 698/1999/1 697/2000/1
f 704/2001/2 702/2002/2 701/2003/2
f 698/2004/3 701/2005/3 697/2006/3
f 702/2007/4 699/2008/4 700/2009/4
f 701/2010/5 700/2011/5 697/2012/5
f 699/2013/6 704/2014/6 698/2015/6
f 708/2016/1 706/2017/1 705/2018/1
f 712/2019/2 710/2020/2 709/2021/2
f 706/2022/3 709/2023/3 705/2024/3
f 710/2025/4 707/2026/4 708/2027/4
f 709/2028/5 708/2029/5 705/2030/5
f 707/2031/6 712/2032/6 706/2033/6
f 716/2034/5 714/2035/5 713/2036/5
f 720/2037/6 718/2038/6 717/2039/6
f 714/2040/3 717/2041/3 713/2042/3
f 718/2043/4 715/2044/4 716/2045/4
f 717/2046/2 716/2047/2 713/2048/2
f 715/2049/1 720/2050/1 714/2051/1
f 724/2052/1 722/2053/1 721/2054/1
f 728/2055/2 726/2056/2 725/2057/2
f 722/2058/3 725/2059/3 721/2060/3
f 726/2061/4 723/2062/4 724/2063/4
f 725/2064/5 724/2065/5 721/2066/5
f 723/2067/6 728/2068/6 722/2069/6
f 732/2070/1 730/2071/1 729/2072/1
f 736/2073/2 734/2074/2 733/2075/2
f 730/2076/3 733/2077/3 729/2078/3
f 734/2079/4 731/2080/4 732/2081/4
f 733/2082/5 732/2083/5 729/2084/5
f 731/2085/6 736/2086/6 730/2087/6
f 740/2088/1 738/2089/1 737/2090/1
f 744/2091/2 742/2092/2 741/2093/2
f 738/2094/3 741/2095/3 737/2096/3
f 742/2097/4 739/2098/4 740/2099/4
f 741/2100/5 740/2101/5 737/2102/5
f 739/2103/6 744/2104/6 738/2105/6
f 748/2106/1 746/2107/1 745/2108/1
f 752/2109/2 750/2110/2 749/2111/2
f 746/2112/3 749/2113/3 745/2114/3
f 750/2115/4 747/2116/4 748/2117/4
f 749/2118/5 748/2119/5 745/2120/5
f 747/2121/6 752/2122/6 746/2123/6
f 756/2124/1 754/2125/1 753/2126/1
f 760/2127/2 758/2128/2 757/2129/2
f 754/2130/3 757/2131/3 753/2132/3
f 758/2133/4 755/2134/4 756/2135/4
f 757/2136/5 756/2137/5 753/2138/5
f 755/2139/6 760/2140/6 754/2141/6
f 764/2142/1 762/2143/1 761/2144/1
f 768/2145/2 766/2146/2 765/2147/2
f 762/2148/3 765/2149/3 761/2150/3
f 766/2151/4 763/2152/4 764/2153/4
f 765/2154/5 764/2155/5 761/2156/5
f 763/2157/6 768/2158/6 762/2159/6
f 772/2160/1 770/2161/1 769/2162/1
f 776/2163/2 774/2164/2 773/2165/2
f 770/2166/3 773/2167/3 769/2168/3
f 774/2169/4 771/2170/4 772/2171/4
f 773/2172/5 772/2173/5 769/2174/5
f 771/2175/6 776/2176/6 770/2177/6
f 780/2178/1 778/2179/1 777/2180/1
f 784/2181/2 782/2182/2 781/2183/2
f 778/2184/3 781/2185/3 777/2186/3
f 782/2187/4 779/2188/4 780/2189/4
f 781/2190/5 780/2191/5 777/2192/5
f 779/2193/6 784/2194/6 778/2195/6
f 788/2196/1 786/2197/1 785/2198/1
f 792/2199/2 790/2200/2 789/2201/2
f 786/2202/3 789/2203/3 785/2204/3
f 790/2205/4 787/2206/4 788/2207/4
f 789/2208/5 788/2209/5 785/2210/5
f 787/2211/6 792/2212/6 786/2213/6
f 796/2214/2 794/2215/2 793/2216/2
f 800/2217/1 798/2218/1 797/2219/1
f 796/2220/3 797/2221/3 795/2222/3
f 793/2223/4 798/2224/4 799/2225/4
f 796/2226/5 799/2227/5 800/2228/5
f 795/2229/6 798/2230/6 794/2231/6
f 804/2232/1 802/2233/1 801/2234/1
f 808/2235/2 806/2236/2 805/2237/2
f 802/2238/3 805/2239/3 801/2240/3
f 806/2241/4 803/2242/4 804/2243/4
f 805/2244/5 804/2245/5 801/2246/5
f 803/2247/6 808/2248/6 802/2249/6
f 812/2250/1 810/2251/1 809/2252/1
f 816/2253/2 814/2254/2 813/2255/2
f 810/2256/3 813/2257/3 809/2258/3
f 814/2259/4 811/2260/4 812/2261/4
f 813/2262/5 812/2263/5 809/2264/5
f 811/2265/6 816/2266/6 810/2267/6
f 820/2268/1 818/2269/1 817/2270/1
f 824/2271/2 822/2272/2 821/2273/2
f 818/2274/3 821/2275/3 817/2276/3
f 822/2277/4 819/2278/4 820/2279/4
f 821/2280/5 820/2281/5 817/2282/5
f 819/2283/6 824/2284/6 818/2285/6
f 828/2286/1 826/2287/1 825/2288/1
f 832/2289/2 830/2290/2 829/2291/2
f 826/2292/3 829/2293/3 825/2294/3
f 830/2295/4 827/2296/4 828/2297/4
f 829/2298/5 828/2299/5 825/2300/5
f 827/2301/6 832/2302/6 826/2303/6
f 836/2304/1 834/2305/1 833/2306/1
f 840/2307/2 838/2308/2 837/2309/2
f 834/2310/3 837/2311/3 833/2312/3
f 838/2313/4 835/2314/4 836/2315/4
f 837/2316/5 836/2317/5 833/2318/5
f 835/2319/6 840/2320/6 834/2321/6
f 844/2322/1 842/2323/1 841/2324/1
f 848/2325/2 846/2326/2 845/2327/2
f 842/2328/3 845/2329/3 841/2330/3
f 846/2331/4 843/2332/4 844/2333/4
f 845/2334/5 844/2335/5 841/2336/5
f 843/2337/6 848/2338/6 842/2339/6
f 852/2340/1 850/2341/1 849/2342/1
f 856/2343/2 854/2344/2 853/2345/2
f 850/2346/3 853/2347/3 849/2348/3
f 854/2349/4 851/2350/4 852/2351/4
f 853/2352/5 852/2353/5 849/2354/5
f 851/2355/6 856/2356/6 850/2357/6
f 860/2358/2 858/2359/2 857/2360/2
f 864/2361/1 862/2362/1 861/2363/1
f 858/2364/3 861/2365/3 857/2366/3
f 862/2367/4 859/2368/4 860/2369/4
f 861/2370/6 860/2371/6 857/2372/6
f 859/2373/5 864/2374/5 858/2375/5
f 868/2376/2 866/2377/2 865/2378/2
f 872/2379/1 870/2380/1 869/2381/1
f 866/2382/4 869/2383/4 865/2384/4
f 870/2385/3 867/2386/3 868/2387/3
f 869/2388/5 868/2389/5 865/2390/5
f 867/2391/6 872/2392/6 866/2393/6
f 876/2394/3 874/2395/3 873/2396/3
f 880/2397/4 878/2398/4 877/2399/4
f 882/2400/2 881/2401/2 873/2402/2
f 884/2403/1 875/2404/1 876/2405/1
f 877/2406/5 876/2407/5 873/2408/5
f 875/2409/6 882/2410/6 874/2411/6
f 886/2412/1 883/2413/1 884/2414/1
f 885/2415/6 882/2416/6 883/2417/6
f 887/2418/2 881/2419/2 882/2420/2
f 888/2421/5 884/2422/5 881/2423/5
f 890/2424/4 885/2425/4 886/2426/4
f 889/2427/4 887/2428/4 885/2425/4
f 891/2429/4 888/2430/4 887/2428/4
f 892/2431/4 886/2432/4 888/2433/4
f 894/2434/1 889/2435/1 890/2436/1
f 893/2437/6 891/2438/6 889/2439/6
f 895/2440/2 892/2441/2 891/2442/2
f 896/2443/5 890/2444/5 892/2445/5
f 896/2431/4 893/2427/4 894/2446/4
f 879/2447/4 884/2448/4 878/2449/4
f 897/2450/4 881/2451/4 884/2432/4
f 898/2452/4 877/2453/4 881/2433/4
f 900/2454/5 879/2455/5 880/2456/5
f 899/2457/1 897/2458/1 879/2459/1
f 901/2460/6 898/2461/6 897/2462/6
f 902/2463/2 880/2464/2 898/2465/2
f 902/2466/4 899/2467/4 900/2468/4
f 906/2469/1 904/2470/1 903/2471/1
f 910/2472/2 908/2473/2 907/2474/2
f 904/2475/3 907/2476/3 903/2477/3
f 908/2478/4 905/2479/4 906/2480/4
f 907/2481/5 906/2482/5 903/2483/5
f 905/2484/6 910/2485/6 904/2486/6
f 914/2487/1 912/2488/1 911/2489/1
f 918/2490/2 916/2491/2 915/2492/2
f 912/2493/3 915/2494/3 911/2495/3
f 916/2496/4 913/2497/4 914/2498/4
f 915/2499/5 914/2500/5 911/2501/5
f 913/2502/6 918/2503/6 912/2504/6
f 922/2505/1 920/2506/1 919/2507/1
f 926/2508/2 924/2509/2 923/2510/2
f 920/2511/3 923/2512/3 919/2513/3
f 924/2514/4 921/2515/4 922/2516/4
f 923/2517/5 922/2518/5 919/2519/5
f 921/2520/6 926/2521/6 920/2522/6
f 930/2523/3 928/2524/3 927/2525/3
f 934/2526/4 932/2527/4 931/2528/4
f 928/2529/2 931/2530/2 927/2531/2
f 932/2532/1 929/2533/1 930/2534/1
f 931/2535/5 930/2536/5 927/2537/5
f 929/2538/6 934/2539/6 928/2540/6
f 938/2541/1 936/2542/1 935/2543/1
f 942/2544/2 940/2545/2 939/2546/2
f 936/2547/3 939/2548/3 935/2549/3
f 940/2550/4 937/2551/4 938/2552/4
f 939/2553/5 938/2554/5 935/2555/5
f 937/2556/6 942/2557/6 936/2558/6
f 946/2559/1 944/2560/1 943/2561/1
f 950/2562/2 948/2563/2 947/2564/2
f 944/2565/3 947/2566/3 943/2567/3
f 948/2568/4 945/2569/4 946/2570/4
f 947/2571/5 946/2572/5 943/2573/5
f 945/2574/6 950/2575/6 944/2576/6
f 953/2577/7 952/2578/7 951/2579/7
f 952/2580/8 954/2581/8 951/2582/8
f 954/2583/9 955/2584/9 951/2585/9
f 955/2586/159 956/2587/159 951/2588/159
f 956/2589/11 957/2590/11 951/2591/11
f 957/2592/12 958/2593/12 951/2594/12
f 958/2595/119 959/2596/119 951/2597/119
f 959/2598/14 960/2599/14 951/2600/14
f 960/2601/160 961/2602/160 951/2603/160
f 961/2604/16 962/2605/16 951/2606/16
f 962/2607/17 963/2608/17 951/2609/17
f 963/2610/120 953/2611/120 951/2612/120
f 965/2613/19 952/2614/19 953/2615/19
f 964/2616/20 954/2617/20 952/2618/20
f 966/2619/21 955/2620/21 954/2621/21
f 967/2622/22 956/2623/22 955/2624/22
f 968/2625/121 957/2626/121 956/2627/121
f 969/2628/26 958/2629/26 957/2630/26
f 970/2631/28 959/2632/28 958/2633/28
f 971/2634/29 960/2635/29 959/2636/29
f 972/2637/30 961/2638/30 960/2639/30
f 973/2640/31 962/2641/31 961/2642/31
f 974/2643/32 963/2644/32 962/2645/32
f 975/2646/33 953/2647/33 963/2648/33
f 977/2649/122 964/2650/122 965/2651/122
f 976/2652/35 966/2653/35 964/2654/35
f 978/2655/37 967/2656/37 966/2657/37
f 979/2658/38 968/2659/38 967/2660/38
f 980/2661/39 969/2662/39 968/2663/39
f 981/2664/40 970/2665/40 969/2666/40
f 982/2667/41 971/2668/41 970/2669/41
f 983/2670/42 972/2671/42 971/2672/42
f 984/2673/123 973/2674/123 972/2675/123
f 985/2676/124 974/2677/124 973/2678/124
f 986/2679/125 975/2680/125 974/2681/125
f 987/2682/126 965/2683/126 975/2684/161
f 989/2685/150 976/2686/150 977/2687/150
f 988/2688/48 978/2689/48 976/2690/48
f 990/2691/49 979/2692/127 978/2693/49
f 991/2694/128 980/2695/128 979/2696/128
f 992/2697/51 981/2698/51 980/2699/51
f 993/2700/143 982/2701/143 981/2702/143
f 994/2703/144 983/2704/144 982/2705/144
f 995/2706/54 984/2707/54 983/2708/54
f 996/2709/129 985/2710/129 984/2711/129
f 997/2712/56 986/2713/56 985/2714/56
f 998/2715/57 987/2716/57 986/2717/57
f 999/2718/145 977/2719/145 987/2720/145
f 1001/2721/59 988/2722/59 989/2723/59
f 1000/2724/60 990/2725/60 988/2726/60
f 1002/2727/61 991/2728/61 990/2729/61
f 1003/2730/62 992/2731/62 991/2732/62
f 1004/2733/63 993/2734/63 992/2735/63
f 1005/2736/64 994/2737/64 993/2738/64
f 1006/2739/65 995/2740/65 994/2741/65
f 1007/2742/66 996/2743/66 995/2744/66
f 1008/2745/67 997/2746/67 996/2747/67
f 1009/2748/68 998/2749/68 997/2750/68
f 1010/2751/69 999/2752/69 998/2753/69
f 1011/2754/70 989/2755/70 999/2756/70
f 1013/2757/71 1000/2758/71 1001/2759/71
f 1012/2760/72 1002/2761/72 1000/2762/72
f 1014/2763/73 1003/2764/73 1002/2765/73
f 1015/2766/74 1004/2767/74 1003/2768/74
f 1016/2769/75 1005/2770/75 1004/2771/75
f 1017/2772/132 1006/2773/132 1005/2774/132
f 1018/2775/77 1007/2776/77 1006/2777/77
f 1019/2778/78 1008/2779/78 1007/2780/78
f 1020/2781/79 1009/2782/79 1008/2783/79
f 1021/2784/80 1010/2785/80 1009/2786/147
f 1022/2787/81 1011/2788/81 1010/2789/81
f 1023/2790/82 1001/2791/82 1011/2792/82
f 1025/2793/83 1012/2794/83 1013/2795/83
f 1024/2796/84 1014/2797/84 1012/2798/84
f 1026/2799/85 1015/2800/85 1014/2801/85
f 1027/2802/86 1016/2803/86 1015/2804/86
f 1028/2805/87 1017/2806/87 1016/2807/87
f 1029/2808/88 1018/2809/88 1017/2810/88
f 1030/2811/89 1019/2812/89 1018/2813/89
f 1031/2814/90 1020/2815/90 1019/2816/90
f 1032/2817/91 1021/2818/91 1020/2819/91
f 1033/2820/92 1022/2821/92 1021/2822/92
f 1034/2823/93 1023/2824/93 1022/2825/93
f 1035/2826/94 1013/2827/94 1023/2828/94
f 1037/2829/95 1024/2830/95 1025/2831/95
f 1036/2832/96 1026/2833/96 1024/2834/96
f 1038/2835/97 1027/2836/97 1026/2837/97
f 1039/2838/98 1028/2839/98 1027/2840/98
f 1040/2841/99 1029/2842/99 1028/2843/99
f 1041/2844/100 1030/2845/100 1029/2846/100
f 1042/2847/101 1031/2848/101 1030/2849/101
f 1043/2850/102 1032/2851/102 1031/2852/102
f 1044/2853/103 1033/2854/103 1032/2855/103
f 1045/2856/104 1034/2857/104 1033/2858/104
f 1046/2859/105 1035/2860/105 1034/2861/105
f 1047/2862/106 1025/2863/106 1035/2864/106
f 1048/2865/107 1036/2866/107 1037/2867/107
f 1048/2868/108 1038/2869/108 1036/2870/108
f 1048/2871/109 1039/2872/109 1038/2873/109
f 1048/2874/162 1040/2875/162 1039/2876/162
f 1048/2877/111 1041/2878/111 1040/2879/111
f 1048/2880/112 1042/2881/112 1041/2882/112
f 1048/2883/113 1043/2884/113 1042/2885/113
f 1048/2886/114 1044/2887/114 1043/2888/114
f 1048/2889/163 1045/2890/163 1044/2891/163
f 1048/2892/116 1046/2893/116 1045/2894/116
f 1048/2895/117 1047/2896/117 1046/2897/117
f 1048/2898/118 1037/2899/118 1047/2900/118
f 1052/2901/1 1050/2902/1 1049/2903/1
f 1056/2904/2 1054/2905/2 1053/2906/2
f 1050/2907/3 1053/2908/3 1049/2909/3
f 1054/2910/4 1051/2911/4 1052/2912/4
f 1053/2913/5 1052/2914/5 1049/2915/5
f 1051/2916/6 1056/2917/6 1050/2918/6
f 1060/2919/1 1058/2920/1 1057/2921/1
f 1064/2922/2 1062/2923/2 1061/2924/2
f 1058/2925/3 1061/2926/3 1057/2927/3
f 1062/2928/4 1059/2929/4 1060/2930/4
f 1061/2931/5 1060/2932/5 1057/2933/5
f 1059/2934/6 1064/2935/6 1058/2936/6
f 1068/2937/3 1066/2938/3 1065/2939/3
f 1072/2940/4 1070/2941/4 1069/2942/4
f 1066/2943/2 1069/2944/2 1065/2945/2
f 1070/2946/1 1067/2947/1 1068/2948/1
f 1069/2949/5 1068/2950/5 1065/2951/5
f 1067/2952/6 1072/2953/6 1066/2954/6
f 1076/2955/1 1074/2956/1 1073/2957/1
f 1080/2958/2 1078/2959/2 1077/2960/2
f 1074/2961/3 1077/2962/3 1073/2963/3
f 1078/2964/4 1075/2965/4 1076/2966/4
f 1077/2967/5 1076/2968/5 1073/2969/5
f 1075/2970/6 1080/2971/6 1074/2972/6
f 1084/2973/1 1082/2974/1 1081/2975/1
f 1088/2976/2 1086/2977/2 1085/2978/2
f 1082/2979/3 1085/2980/3 1081/2981/3
f 1086/2982/4 1083/2983/4 1084/2984/4
f 1085/2985/5 1084/2986/5 1081/2987/5
f 1083/2988/6 1088/2989/6 1082/2990/6
f 1092/2991/5 1090/2992/5 1089/2993/5
f 1096/2994/6 1094/2995/6 1093/2996/6
f 1090/2997/4 1093/2998/4 1089/2999/4
f 1094/3000/3 1091/3001/3 1092/3002/3
f 1093/3003/1 1092/3004/1 1089/3005/1
f 1091/3006/2 1096/3007/2 1090/3008/2
f 1100/3009/1 1098/3010/1 1097/3011/1
f 1104/3012/2 1102/3013/2 1101/3014/2
f 1098/3015/3 1101/3016/3 1097/3017/3
f 1102/3018/164 1099/3019/164 1100/3020/164
f 1101/3021/5 1100/3022/5 1097/3023/5
f 1099/3024/6 1104/3025/6 1098/3026/6
f 1101/3027/165 1102/3028/165 1100/3029/165
f 1099/3030/166 1103/3031/166 1104/3032/166
f 1108/3033/1 1106/3034/1 1105/3035/1
f 1112/3036/2 1110/3037/2 1109/3038/2
f 1106/3039/3 1109/3040/3 1105/3041/3
f 1110/3042/4 1107/3043/4 1108/3044/4
f 1109/3045/5 1108/3046/5 1105/3047/5
f 1107/3048/6 1112/3049/6 1106/3050/6
f 1116/3051/3 1114/3052/3 1113/3053/3
f 1120/3054/2 1118/3055/2 1117/3056/2
f 1114/3052/3 1117/3057/3 1113/3053/3
f 1124/3058/4 1122/3059/4 1121/3060/4
f 1124/3061/5 1125/3062/5 1113/3063/5
f 1126/3064/6 1123/3065/6 1120/3066/6
f 1125/3067/1 1122/3068/1 1126/3069/1
f 1115/3070/6 1126/3071/6 1114/3072/6
f 1127/3073/4 1125/3074/4 1126/3059/4
f 1128/3075/5 1113/3076/5 1125/3077/5
f 1128/3078/1 1115/3079/1 1116/3080/1
f 1130/3081/6 1119/3082/6 1123/3083/6
f 1129/3084/2 1118/3085/2 1119/3086/2
f 1134/3087/5 1124/3088/5 1118/3089/5
f 1133/3090/1 1123/3091/1 1124/3092/1
f 1133/3093/4 1130/3094/4 1131/3095/4
f 1134/3096/167 1129/3097/167 1130/3098/167
f 1138/3099/1 1136/3100/1 1135/3101/1
f 1142/3102/2 1140/3103/2 1139/3104/2
f 1136/3105/3 1139/3106/3 1135/3107/3
f 1140/3108/4 1137/3109/4 1138/3110/4
f 1139/3111/5 1138/3112/5 1135/3113/5
f 1137/3114/6 1142/3115/6 1136/3116/6
f 1146/3117/1 1144/3118/1 1143/3119/1
f 1150/3120/2 1148/3121/2 1147/3122/2
f 1144/3123/3 1147/3124/3 1143/3125/3
f 1148/3126/4 1145/3127/4 1146/3128/4
f 1147/3129/5 1146/3130/5 1143/3131/5
f 1145/3132/6 1150/3133/6 1144/3134/6
f 1154/3135/1 1152/3136/1 1151/3137/1
f 1158/3138/2 1156/3139/2 1155/3140/2
f 1152/3141/3 1155/3142/3 1151/3143/3
f 1156/3144/4 1153/3145/4 1154/3146/4
f 1155/3147/5 1154/3148/5 1151/3149/5
f 1153/3150/6 1158/3151/6 1152/3152/6
f 1162/3153/1 1160/3154/1 1159/3155/1
f 1166/3156/2 1164/3157/2 1163/3158/2
f 1160/3159/3 1163/3160/3 1159/3161/3
f 1164/3162/4 1161/3163/4 1162/3164/4
f 1163/3165/5 1162/3166/5 1159/3167/5
f 1161/3168/6 1166/3169/6 1160/3170/6
f 1170/3171/1 1168/3172/1 1167/3173/1
f 1174/3174/2 1172/3175/2 1171/3176/2
f 1168/3177/3 1171/3178/3 1167/3179/3
f 1172/3180/4 1169/3181/4 1170/3182/4
f 1171/3183/5 1170/3184/5 1167/3185/5
f 1169/3186/6 1174/3187/6 1168/3188/6
f 1178/3189/1 1176/3190/1 1175/3191/1
f 1182/3192/2 1180/3193/2 1179/3194/2
f 1176/3195/3 1179/3196/3 1175/3197/3
f 1180/3198/4 1177/3199/4 1178/3200/4
f 1179/3201/5 1178/3202/5 1175/3203/5
f 1177/3204/6 1182/3205/6 1176/3206/6
f 1186/3207/6 1184/3208/6 1183/3209/6
f 1191/3210/5 1189/3211/5 1188/3212/5
f 1184/3213/3 1188/3214/3 1183/3215/3
f 1190/3216/4 1185/3217/4 1186/3218/4
f 1194/3219/6 1187/3220/6 1183/3221/6
f 1185/3222/2 1192/3223/2 1184/3224/2
f 1189/3225/168 1186/3226/168 1187/3227/168
f 1193/3228/4 1189/3229/4 1187/3230/4
f 1195/3231/5 1188/3232/5 1189/3233/5
f 1196/3234/3 1183/3235/3 1188/3236/3
f 1196/3237/1 1193/3238/1 1194/3239/1
f 1200/3240/6 1198/3241/6 1197/3242/6
f 1204/3243/5 1202/3244/5 1201/3245/5
f 1198/3246/2 1201/3247/2 1197/3248/2
f 1202/3249/1 1199/3250/1 1200/3251/1
f 1201/3252/3 1200/3253/3 1197/3254/3
f 1199/3255/4 1204/3256/4 1198/3257/4
f 1208/3258/1 1206/3259/1 1205/3260/1
f 1212/3261/5 1210/3262/5 1209/3263/5
f 1206/3264/3 1209/3265/3 1205/3266/3
f 1216/3267/4 1207/3268/4 1208/3269/4
f 1210/3262/5 1208/3270/5 1205/3271/5
f 1215/3272/6 1214/3273/6 1206/3274/6
f 1217/3275/2 1216/3276/2 1210/3277/2
f 1211/3278/4 1217/3279/4 1210/3280/4
f 1220/3281/6 1214/3273/6 1217/3282/6
f 1219/3283/3 1209/3284/3 1214/3285/3
f 1219/3286/2 1212/3287/2 1213/3288/2
f 1211/3289/169 1220/3290/169 1218/3291/169
f 1224/3292/2 1222/3293/2 1221/3294/2
f 1228/3295/1 1226/3296/1 1225/3297/1
f 1224/3298/3 1225/3299/3 1223/3300/3
f 1221/3301/4 1226/3302/4 1227/3303/4
f 1224/3304/5 1227/3305/5 1228/3306/5
f 1223/3307/6 1226/3308/6 1222/3309/6
f 1232/3310/6 1230/3311/6 1229/3312/6
f 1236/3313/5 1234/3314/5 1233/3315/5
f 1230/3316/3 1233/3317/3 1229/3318/3
f 1234/3319/4 1231/3320/4 1232/3321/4
f 1233/3322/1 1232/3323/1 1229/3324/1
f 1231/3325/2 1236/3326/2 1230/3327/2
f 1240/3328/1 1238/3329/1 1237/3330/1
f 1244/3331/2 1242/3332/2 1241/3333/2
f 1238/3334/3 1241/3335/3 1237/3336/3
f 1242/3337/4 1239/3338/4 1240/3339/4
f 1241/3340/5 1240/3341/5 1237/3342/5
f 1239/3343/6 1244/3344/6 1238/3345/6
f 1248/3346/1 1246/3347/1 1245/3348/1
f 1252/3349/2 1250/3350/2 1249/3351/2
f 1246/3352/3 1249/3353/3 1245/3354/3
f 1250/3355/4 1247/3356/4 1248/3357/4
f 1249/3358/5 1248/3359/5 1245/3360/5
f 1247/3361/6 1252/3362/6 1246/3363/6
f 1255/3364/7 1254/3365/7 1253/3366/7
f 1254/3367/8 1256/3368/8 1253/3369/8
f 1256/3370/9 1257/3371/9 1253/3372/9
f 1257/3373/10 1258/3374/10 1253/3375/10
f 1258/3376/11 1259/3377/11 1253/3378/11
f 1259/3379/12 1260/3380/12 1253/3381/12
f 1260/3382/119 1261/3383/119 1253/3384/119
f 1261/3385/14 1262/3386/14 1253/3387/14
f 1262/3388/15 1263/3389/15 1253/3390/15
f 1263/3391/16 1264/3392/16 1253/3393/16
f 1264/3394/17 1265/3395/17 1253/3396/17
f 1265/3397/120 1255/3398/120 1253/3399/120
f 1267/3400/19 1254/3401/19 1255/3402/19
f 1266/3403/20 1256/3404/20 1254/3405/20
f 1268/3406/21 1257/3407/21 1256/3408/21
f 1269/3409/22 1258/3410/22 1257/3411/22
f 1270/3412/121 1259/3413/121 1258/3414/121
f 1271/3415/26 1260/3416/26 1259/3417/26
f 1272/3418/28 1261/3419/28 1260/3420/28
f 1273/3421/29 1262/3422/29 1261/3423/29
f 1274/3424/30 1263/3425/30 1262/3426/30
f 1275/3427/31 1264/3428/31 1263/3429/31
f 1276/3430/32 1265/3431/32 1264/3432/32
f 1277/3433/33 1255/3434/33 1265/3435/33
f 1279/3436/122 1266/3437/122 1267/3438/122
f 1278/3439/35 1268/3440/35 1266/3441/35
f 1280/3442/37 1269/3443/37 1268/3444/37
f 1281/3445/38 1270/3446/38 1269/3447/38
f 1282/3448/39 1271/3449/39 1270/3450/39
f 1283/3451/40 1272/3452/40 1271/3453/40
f 1284/3454/41 1273/3455/41 1272/3456/41
f 1285/3457/42 1274/3458/42 1273/3459/42
f 1286/3460/123 1275/3461/123 1274/3462/123
f 1287/3463/124 1276/3464/124 1275/3465/124
f 1288/3466/125 1277/3467/125 1276/3468/125
f 1289/3469/126 1267/3470/126 1277/3471/126
f 1291/3472/150 1278/3473/150 1279/3474/150
f 1290/3475/48 1280/3476/48 1278/3477/48
f 1292/3478/49 1281/3479/49 1280/3480/127
f 1293/3481/50 1282/3482/50 1281/3483/50
f 1294/3484/51 1283/3485/51 1282/3486/51
f 1295/3487/143 1284/3488/143 1283/3489/143
f 1296/3490/144 1285/3491/144 1284/3492/144
f 1297/3493/54 1286/3494/54 1285/3495/54
f 1298/3496/55 1287/3497/55 1286/3498/55
f 1299/3499/56 1288/3500/56 1287/3501/56
f 1300/3502/57 1289/3503/57 1288/3504/57
f 1301/3505/145 1279/3506/145 1289/3507/145
f 1303/3508/59 1290/3509/59 1291/3510/59
f 1302/3511/60 1292/3512/60 1290/3513/60
f 1304/3514/61 1293/3515/61 1292/3516/61
f 1305/3517/62 1294/3518/62 1293/3519/62
f 1306/3520/63 1295/3521/63 1294/3522/63
f 1307/3523/64 1296/3524/64 1295/3525/64
f 1308/3526/65 1297/3527/65 1296/3528/65
f 1309/3529/66 1298/3530/66 1297/3531/66
f 1310/3532/67 1299/3533/67 1298/3534/67
f 1311/3535/68 1300/3536/68 1299/3537/68
f 1312/3538/69 1301/3539/69 1300/3540/69
f 1313/3541/70 1291/3542/70 1301/3543/70
f 1315/3544/71 1302/3545/71 1303/3546/71
f 1314/3547/72 1304/3548/72 1302/3549/72
f 1316/3550/73 1305/3551/73 1304/3552/73
f 1317/3553/74 1306/3554/74 1305/3555/74
f 1318/3556/75 1307/3557/75 1306/3558/75
f 1319/3559/76 1308/3560/76 1307/3561/76
f 1320/3562/133 1309/3563/133 1308/3564/77
f 1321/3565/78 1310/3566/78 1309/3567/78
f 1322/3568/79 1311/3569/79 1310/3570/79
f 1323/3571/147 1312/3572/147 1311/3573/80
f 1324/3574/81 1313/3575/81 1312/3576/81
f 1325/3577/82 1303/3578/82 1313/3579/82
f 1327/3580/83 1314/3581/83 1315/3582/83
f 1326/3583/84 1316/3584/84 1314/3585/84
f 1328/3586/85 1317/3587/85 1316/3588/85
f 1329/3589/86 1318/3590/86 1317/3591/86
f 1330/3592/87 1319/3593/87 1318/3594/87
f 1331/3595/88 1320/3596/88 1319/3597/88
f 1332/3598/89 1321/3599/89 1320/3600/89
f 1333/3601/90 1322/3602/90 1321/3603/90
f 1334/3604/91 1323/3605/91 1322/3606/91
f 1335/3607/92 1324/3608/92 1323/3609/92
f 1336/3610/93 1325/3611/93 1324/3612/93
f 1337/3613/94 1315/3614/94 1325/3615/94
f 1339/3616/95 1326/3617/95 1327/3618/95
f 1338/3619/96 1328/3620/96 1326/3621/96
f 1340/3622/97 1329/3623/97 1328/3624/97
f 1341/3625/98 1330/3626/98 1329/3627/98
f 1342/3628/99 1331/3629/99 1330/3630/99
f 1343/3631/100 1332/3632/100 1331/3633/100
f 1344/3634/101 1333/3635/101 1332/3636/101
f 1345/3637/102 1334/3638/102 1333/3639/102
f 1346/3640/103 1335/3641/103 1334/3642/103
f 1347/3643/104 1336/3644/104 1335/3645/104
f 1348/3646/105 1337/3647/105 1336/3648/170
f 1349/3649/106 1327/3650/106 1337/3651/106
f 1350/3652/107 1338/3653/107 1339/3654/107
f 1350/3655/108 1340/3656/108 1338/3657/108
f 1350/3658/109 1341/3659/109 1340/3660/109
f 1350/3661/110 1342/3662/110 1341/3663/110
f 1350/3664/111 1343/3665/111 1342/3666/111
f 1350/3667/112 1344/3668/112 1343/3669/112
f 1350/3670/113 1345/3671/113 1344/3672/113
f 1350/3673/114 1346/3674/114 1345/3675/114
f 1350/3676/115 1347/3677/115 1346/3678/115
f 1350/3679/116 1348/3680/116 1347/3681/116
f 1350/3682/117 1349/3683/117 1348/3684/117
f 1350/3685/118 1339/3686/118 1349/3687/118
f 1354/3688/1 1352/3689/1 1351/3690/1
f 1358/3691/2 1356/3692/2 1355/3693/2
f 1352/3694/3 1355/3695/3 1351/3696/3
f 1356/3697/4 1353/3698/4 1354/3699/4
f 1355/3700/5 1354/3701/5 1351/3702/5
f 1353/3703/6 1358/3704/6 1352/3705/6
f 1362/3706/1 1360/3707/1 1359/3708/1
f 1366/3709/2 1364/3710/2 1363/3711/2
f 1360/3712/3 1363/3713/3 1359/3714/3
f 1364/3715/4 1361/3716/4 1362/3717/4
f 1363/3718/5 1362/3719/5 1359/3720/5
f 1361/3721/6 1366/3722/6 1360/3723/6
f 1370/3724/3 1368/3725/3 1367/3726/3
f 1374/3727/2 1372/3728/2 1371/3729/2
f 1368/3730/3 1371/3731/3 1367/3732/3
f 1372/3733/4 1376/3734/4 1375/3735/4
f 1372/3736/5 1377/3737/5 1367/3738/5
f 1376/3739/6 1374/3740/6 1368/3741/6
f 1377/3742/1 1376/3743/1 1378/3744/1
f 1369/3745/6 1378/3746/6 1368/3747/6
f 1379/3748/4 1377/3749/4 1378/3750/4
f 1380/3751/5 1367/3752/5 1377/3753/5
f 1380/3742/1 1369/3754/1 1370/3755/1
f 1384/3756/1 1382/3757/1 1381/3758/1
f 1388/3759/2 1386/3760/2 1385/3761/2
f 1382/3762/3 1385/3763/3 1381/3764/3
f 1386/3765/4 1383/3766/4 1384/3767/4
f 1385/3768/5 1384/3769/5 1381/3770/5
f 1383/3771/6 1388/3772/6 1382/3773/6
f 1392/3774/1 1390/3775/1 1389/3776/1
f 1396/3777/2 1394/3778/2 1393/3779/2
f 1390/3780/3 1393/3781/3 1389/3782/3
f 1394/3783/4 1391/3784/4 1392/3785/4
f 1393/3786/5 1392/3787/5 1389/3788/5
f 1391/3789/6 1396/3790/6 1390/3791/6
f 1400/3792/1 1398/3793/1 1397/3794/1
f 1404/3795/2 1402/3796/2 1401/3797/2
f 1398/3798/3 1401/3799/3 1397/3800/3
f 1402/3801/4 1399/3802/4 1400/3803/4
f 1401/3804/5 1400/3805/5 1397/3806/5
f 1399/3807/6 1404/3808/6 1398/3809/6
f 1408/3810/1 1406/3811/1 1405/3812/1
f 1412/3813/2 1410/3814/2 1409/3815/2
f 1406/3816/3 1409/3817/3 1405/3818/3
f 1410/3819/4 1407/3820/4 1408/3821/4
f 1409/3822/5 1408/3823/5 1405/3824/5
f 1407/3825/6 1412/3826/6 1406/3827/6
f 1416/3828/2 1414/3829/2 1413/3830/2
f 1420/3831/1 1418/3832/1 1417/3833/1
f 1416/3834/3 1417/3835/3 1415/3836/3
f 1413/3837/4 1418/3838/4 1419/3839/4
f 1416/3840/5 1419/3841/5 1420/3842/5
f 1415/3843/6 1418/3844/6 1414/3845/6
f 1424/3846/1 1422/3847/1 1421/3848/1
f 1428/3849/2 1426/3850/2 1425/3851/2
f 1422/3852/3 1425/3853/3 1421/3854/3
f 1430/3855/4 1423/3856/4 1424/3857/4
f 1426/3858/5 1424/3859/5 1421/3860/5
f 1429/3861/6 1428/3862/6 1422/3863/6
f 1430/3864/171 1427/3865/171 1429/3866/171
f 1434/3867/1 1432/3868/1 1431/3869/1
f 1438/3870/2 1436/3871/2 1435/3872/2
f 1432/3873/3 1435/3874/3 1431/3875/3
f 1436/3876/4 1433/3877/4 1434/3878/4
f 1435/3879/5 1434/3880/5 1431/3881/5
f 1433/3882/6 1438/3883/6 1432/3884/6
f 1442/3885/1 1440/3886/1 1439/3887/1
f 1446/3888/2 1444/3889/2 1443/3890/2
f 1440/3891/3 1443/3892/3 1439/3893/3
f 1444/3894/4 1441/3895/4 1442/3896/4
f 1443/3897/5 1442/3898/5 1439/3899/5
f 1441/3900/6 1446/3901/6 1440/3902/6
f 1450/3903/1 1448/3904/1 1447/3905/1
f 1454/3906/2 1452/3907/2 1451/3908/2
f 1448/3909/3 1451/3910/3 1447/3911/3
f 1452/3912/4 1449/3913/4 1450/3914/4
f 1451/3915/5 1450/3916/5 1447/3917/5
f 1449/3918/6 1454/3919/6 1448/3920/6
f 1458/3921/1 1456/3922/1 1455/3923/1
f 1462/3924/2 1460/3925/2 1459/3926/2
f 1456/3927/3 1459/3928/3 1455/3929/3
f 1460/3930/4 1457/3931/4 1458/3932/4
f 1459/3933/5 1458/3934/5 1455/3935/5
f 1457/3936/6 1462/3937/6 1456/3938/6
f 1466/3939/1 1464/3940/1 1463/3941/1
f 1470/3942/2 1468/3943/2 1467/3944/2
f 1464/3945/3 1467/3946/3 1463/3947/3
f 1468/3948/4 1465/3949/4 1466/3950/4
f 1467/3951/5 1466/3952/5 1463/3953/5
f 1465/3954/6 1470/3955/6 1464/3956/6
f 1474/3957/1 1472/3958/1 1471/3959/1
f 1478/3960/2 1476/3961/2 1475/3962/2
f 1472/3963/3 1475/3964/3 1471/3965/3
f 1476/3966/4 1473/3967/4 1474/3968/4
f 1475/3969/5 1474/3970/5 1471/3971/5
f 1473/3972/6 1478/3973/6 1472/3974/6
f 1482/3975/5 1480/3976/5 1479/3977/5
f 1486/3978/6 1484/3979/6 1483/3980/6
f 1480/3981/3 1483/3982/3 1479/3983/3
f 1484/3984/4 1481/3985/4 1482/3986/4
f 1483/3987/2 1482/3988/2 1479/3989/2
f 1481/3990/1 1486/3991/1 1480/3992/1
f 1490/3993/1 1488/3994/1 1487/3995/1
f 1494/3996/2 1492/3997/2 1491/3998/2
f 1488/3999/3 1491/4000/3 1487/4001/3
f 1492/4002/4 1489/4003/4 1490/4004/4
f 1491/4005/5 1490/4006/5 1487/4007/5
f 1489/4008/6 1494/4009/6 1488/4010/6
f 1498/4011/1 1496/4012/1 1495/4013/1
f 1502/4014/2 1500/4015/2 1499/4016/2
f 1496/4017/3 1499/4018/3 1495/4019/3
f 1500/4020/4 1497/4021/4 1498/4022/4
f 1499/4023/5 1498/4024/5 1495/4025/5
f 1497/4026/6 1502/4027/6 1496/4028/6
f 1506/4029/6 1504/4030/6 1503/4031/6
f 1510/4032/5 1508/4033/5 1507/4034/5
f 1504/4035/2 1507/4036/2 1503/4037/2
f 1508/4038/1 1505/4039/1 1506/4040/1
f 1507/4041/3 1506/4042/3 1503/4043/3
f 1505/4044/4 1510/4045/4 1504/4046/4
f 1514/4047/6 1512/4048/6 1511/4049/6
f 1519/4050/5 1517/4051/5 1516/4052/5
f 1512/4053/3 1516/4054/3 1511/4055/3
f 1518/4056/4 1513/4057/4 1514/4058/4
f 1522/4059/6 1515/4060/6 1511/4061/6
f 1513/4062/2 1520/4063/2 1512/4064/2
f 1517/4065/168 1514/4066/168 1515/4067/168
f 1521/4068/4 1517/4069/4 1515/4070/4
f 1523/4071/5 1516/4072/5 1517/4073/5
f 1524/4074/3 1511/4055/3 1516/4075/3
f 1524/4076/1 1521/4077/1 1522/4078/1
f 1528/4079/1 1526/4080/1 1525/4081/1
f 1532/4082/2 1530/4083/2 1529/4084/2
f 1526/4085/3 1529/4086/3 1525/4087/3
f 1530/4088/4 1527/4089/4 1528/4090/4
f 1529/4091/5 1528/4092/5 1525/4093/5
f 1527/4094/6 1532/4095/6 1526/4096/6
f 1535/4097/7 1534/4098/7 1533/4099/7
f 1534/4100/8 1536/4101/8 1533/4102/8
f 1536/4103/9 1537/4104/9 1533/4105/9
f 1537/4106/10 1538/4107/10 1533/4108/10
f 1538/4109/11 1539/4110/11 1533/4111/11
f 1539/4112/12 1540/4113/12 1533/4114/12
f 1540/4115/119 1541/4116/119 1533/4117/119
f 1541/4118/14 1542/4119/14 1533/4120/14
f 1542/4121/15 1543/4122/15 1533/4123/15
f 1543/4124/16 1544/4125/16 1533/4126/16
f 1544/4127/17 1545/4128/17 1533/4129/17
f 1545/4130/120 1535/4131/120 1533/4132/120
f 1547/4133/19 1534/4134/19 1535/4135/19
f 1546/4136/20 1536/4137/20 1534/4138/20
f 1548/4139/21 1537/4140/21 1536/4141/21
f 1549/4142/22 1538/4143/22 1537/4144/22
f 1550/4145/121 1539/4146/121 1538/4147/121
f 1551/4148/26 1540/4149/26 1539/4150/26
f 1552/4151/28 1541/4152/28 1540/4153/28
f 1553/4154/29 1542/4155/29 1541/4156/29
f 1554/4157/30 1543/4158/30 1542/4159/30
f 1555/4160/31 1544/4161/31 1543/4162/31
f 1556/4163/32 1545/4164/32 1544/4165/32
f 1557/4166/33 1535/4167/33 1545/4168/33
f 1559/4169/122 1546/4170/122 1547/4171/122
f 1558/4172/35 1548/4173/35 1546/4174/35
f 1560/4175/37 1549/4176/37 1548/4177/37
f 1561/4178/38 1550/4179/38 1549/4180/38
f 1562/4181/39 1551/4182/39 1550/4183/39
f 1563/4184/40 1552/4185/40 1551/4186/40
f 1564/4187/41 1553/4188/41 1552/4189/41
f 1565/4190/42 1554/4191/42 1553/4192/42
f 1566/4193/123 1555/4194/123 1554/4195/123
f 1567/4196/124 1556/4197/124 1555/4198/124
f 1568/4199/125 1557/4200/125 1556/4201/125
f 1569/4202/126 1547/4203/126 1557/4204/126
f 1571/4205/150 1558/4206/150 1559/4207/47
f 1570/4208/48 1560/4209/48 1558/4210/48
f 1572/4211/127 1561/4212/127 1560/4213/127
f 1573/4214/128 1562/4215/128 1561/4216/128
f 1574/4217/51 1563/4218/51 1562/4219/51
f 1575/4220/143 1564/4221/143 1563/4222/143
f 1576/4223/144 1565/4224/144 1564/4225/144
f 1577/4226/54 1566/4227/54 1565/4228/54
f 1578/4229/55 1567/4230/55 1566/4231/55
f 1579/4232/56 1568/4233/56 1567/4234/56
f 1580/4235/57 1569/4236/57 1568/4237/57
f 1581/4238/145 1559/4239/145 1569/4240/145
f 1583/4241/59 1570/4242/59 1571/4243/59
f 1582/4244/60 1572/4245/60 1570/4246/60
f 1584/4247/61 1573/4248/61 1572/4249/61
f 1585/4250/62 1574/4251/62 1573/4252/62
f 1586/4253/63 1575/4254/63 1574/4255/63
f 1587/4256/64 1576/4257/64 1575/4258/64
f 1588/4259/65 1577/4260/65 1576/4261/65
f 1589/4262/66 1578/4263/66 1577/4264/66
f 1590/4265/67 1579/4266/67 1578/4267/67
f 1591/4268/68 1580/4269/68 1579/4270/68
f 1592/4271/69 1581/4272/69 1580/4273/69
f 1593/4274/70 1571/4275/70 1581/4276/70
f 1595/4277/71 1582/4278/71 1583/4279/71
f 1594/4280/72 1584/4281/72 1582/4282/72
f 1596/4283/73 1585/4284/73 1584/4285/73
f 1597/4286/74 1586/4287/74 1585/4288/74
f 1598/4289/75 1587/4290/75 1586/4291/75
f 1599/4292/76 1588/4293/76 1587/4294/76
f 1600/4295/77 1589/4296/77 1588/4297/77
f 1601/4298/78 1590/4299/78 1589/4300/78
f 1602/4301/146 1591/4302/146 1590/4303/146
f 1603/4304/147 1592/4305/147 1591/4306/147
f 1604/4307/81 1593/4308/81 1592/4309/81
f 1605/4310/82 1583/4311/82 1593/4312/82
f 1607/4313/83 1594/4314/83 1595/4315/83
f 1606/4316/84 1596/4317/84 1594/4318/84
f 1608/4319/85 1597/4320/85 1596/4321/85
f 1609/4322/86 1598/4323/86 1597/4324/86
f 1610/4325/87 1599/4326/87 1598/4327/87
f 1611/4328/88 1600/4329/88 1599/4330/88
f 1612/4331/89 1601/4332/89 1600/4333/89
f 1613/4334/90 1602/4335/90 1601/4336/90
f 1614/4337/91 1603/4338/91 1602/4339/91
f 1615/4340/92 1604/4341/92 1603/4342/92
f 1616/4343/93 1605/4344/93 1604/4345/93
f 1617/4346/94 1595/4347/94 1605/4348/94
f 1619/4349/95 1606/4350/95 1607/4351/95
f 1618/4352/96 1608/4353/96 1606/4354/96
f 1620/4355/97 1609/4356/97 1608/4357/97
f 1621/4358/98 1610/4359/98 1609/4360/98
f 1622/4361/99 1611/4362/99 1610/4363/99
f 1623/4364/100 1612/4365/100 1611/4366/100
f 1624/4367/101 1613/4368/101 1612/4369/101
f 1625/4370/102 1614/4371/102 1613/4372/102
f 1626/4373/103 1615/4374/103 1614/4375/103
f 1627/4376/104 1616/4377/104 1615/4378/104
f 1628/4379/105 1617/4380/105 1616/4381/105
f 1629/4382/106 1607/4383/106 1617/4384/106
f 1630/4385/107 1618/4386/107 1619/4387/107
f 1630/4388/108 1620/4389/108 1618/4390/108
f 1630/4391/109 1621/4392/109 1620/4393/109
f 1630/4394/110 1622/4395/110 1621/4396/110
f 1630/4397/111 1623/4398/111 1622/4399/111
f 1630/4400/112 1624/4401/112 1623/4402/112
f 1630/4403/113 1625/4404/113 1624/4405/113
f 1630/4406/114 1626/4407/114 1625/4408/114
f 1630/4409/115 1627/4410/115 1626/4411/115
f 1630/4412/116 1628/4413/116 1627/4414/116
f 1630/4415/117 1629/4416/117 1628/4417/117
f 1630/4418/118 1619/4419/118 1629/4420/118
f 1634/4421/2 1632/4422/2 1631/4423/2
f 1638/4424/1 1636/4425/1 1635/4426/1
f 1634/4427/3 1635/4428/3 1633/4429/3
f 1631/4430/4 1636/4431/4 1637/4432/4
f 1634/4433/5 1637/4434/5 1638/4435/5
f 1633/4436/6 1636/4437/6 1632/4438/6
f 1642/4439/1 1640/4440/1 1639/4441/1
f 1646/4442/2 1644/4443/2 1643/4444/2
f 1640/4445/3 1643/4446/3 1639/4447/3
f 1644/4448/4 1641/4449/4 1642/4450/4
f 1643/4451/5 1642/4452/5 1639/4453/5
f 1641/4454/6 1646/4455/6 1640/4456/6
f 1650/4457/1 1648/4458/1 1647/4459/1
f 1654/4460/2 1652/4461/2 1651/4462/2
f 1648/4463/3 1651/4464/3 1647/4465/3
f 1652/4466/4 1649/4467/4 1650/4468/4
f 1651/4469/5 1650/4470/5 1647/4471/5
f 1649/4472/6 1654/4473/6 1648/4474/6
f 1658/4475/172 1656/4476/172 1655/4477/172
f 1662/4478/2 1660/4479/2 1659/4480/2
f 1656/4481/3 1659/4482/3 1655/4483/3
f 1660/4484/173 1657/4485/173 1658/4486/173
f 1659/4487/5 1660/4488/5 1655/4489/5
f 1661/4490/6 1662/4491/6 1656/4492/6
f 1660/4493/174 1658/4494/174 1655/4495/174
f 1656/4496/175 1657/4497/175 1661/4498/175
f 1666/4499/1 1664/4500/1 1663/4501/1
f 1670/4502/2 1668/4503/2 1667/4504/2
f 1664/4505/3 1667/4506/3 1663/4507/3
f 1668/4508/4 1665/4509/4 1666/4510/4
f 1667/4511/5 1666/4512/5 1663/4513/5
f 1665/4514/6 1670/4515/6 1664/4516/6
f 1674/4517/1 1672/4518/1 1671/4519/1
f 1678/4520/2 1676/4521/2 1675/4522/2
f 1672/4523/3 1675/4524/3 1671/4525/3
f 1676/4526/4 1673/4527/4 1674/4528/4
f 1675/4529/5 1674/4530/5 1671/4531/5
f 1673/4532/6 1678/4533/6 1672/4534/6
f 1682/4535/1 1680/4536/1 1679/4537/1
f 1686/4538/2 1684/4539/2 1683/4540/2
f 1680/4541/3 1683/4542/3 1679/4543/3
f 1684/4544/4 1681/4545/4 1682/4546/4
f 1683/4547/5 1682/4548/5 1679/4549/5
f 1681/4550/6 1686/4551/6 1680/4552/6
f 1690/4553/176 1688/4554/176 1687/4555/176
f 1694/4556/177 1692/4557/177 1691/4558/177
f 1688/4559/178 1691/4560/178 1687/4561/178
f 1692/4562/179 1689/4563/179 1690/4564/179
f 1691/4565/180 1690/4566/180 1687/4567/180
f 1689/4568/181 1694/4569/181 1688/4570/181
f 1698/4571/1 1696/4572/1 1695/4573/1
f 1702/4574/2 1700/4575/2 1699/4576/2
f 1696/4577/3 1699/4578/3 1695/4579/3
f 1700/4580/4 1697/4581/4 1698/4582/4
f 1699/4583/5 1698/4584/5 1695/4585/5
f 1697/4586/6 1702/4587/6 1696/4588/6
f 1706/4589/1 1704/4590/1 1703/4591/1
f 1710/4592/2 1708/4593/2 1707/4594/2
f 1704/4595/3 1707/4596/3 1703/4597/3
f 1708/4598/4 1705/4599/4 1706/4600/4
f 1707/4601/5 1706/4602/5 1703/4603/5
f 1705/4604/6 1710/4605/6 1704/4606/6
f 1714/4607/2 1712/4608/2 1711/4609/2
f 1718/4610/1 1716/4611/1 1715/4612/1
f 1714/4613/3 1715/4614/3 1713/4615/3
f 1711/4616/4 1716/4617/4 1717/4618/4
f 1714/4619/5 1717/4620/5 1718/4621/5
f 1713/4622/6 1716/4623/6 1712/4624/6
f 1722/4625/6 1720/4626/6 1719/4627/6
f 1726/4628/5 1724/4629/5 1723/4630/5
f 1720/4631/3 1723/4632/3 1719/4633/3
f 1724/4634/4 1721/4635/4 1722/4636/4
f 1723/4637/1 1722/4638/1 1719/4639/1
f 1721/4640/2 1726/4641/2 1720/4642/2
f 1730/4643/1 1728/4644/1 1727/4645/1
f 1734/4646/2 1732/4647/2 1731/4648/2
f 1728/4649/3 1731/4650/3 1727/4651/3
f 1732/4652/4 1729/4653/4 1730/4654/4
f 1731/4655/5 1730/4656/5 1727/4657/5
f 1729/4658/6 1734/4659/6 1728/4660/6
f 1738/4661/1 1736/4662/1 1735/4663/1
f 1742/4664/2 1740/4665/2 1739/4666/2
f 1736/4667/3 1739/4668/3 1735/4669/3
f 1740/4670/4 1737/4671/4 1738/4672/4
f 1739/4673/5 1738/4674/5 1735/4675/5
f 1737/4676/6 1742/4677/6 1736/4678/6
f 1746/4679/6 1744/4680/6 1743/4681/6
f 1750/4682/5 1748/4683/5 1747/4684/5
f 1744/4685/3 1747/4686/3 1743/4687/3
f 1748/4688/4 1745/4689/4 1746/4690/4
f 1747/4691/1 1746/4692/1 1743/4693/1
f 1745/4694/2 1750/4695/2 1744/4696/2
f 1754/4697/1 1752/4698/1 1751/4699/1
f 1758/4700/2 1756/4701/2 1755/4702/2
f 1752/4703/3 1755/4704/3 1751/4705/3
f 1756/4706/4 1753/4707/4 1754/4708/4
f 1755/4709/5 1754/4710/5 1751/4711/5
f 1753/4712/6 1758/4713/6 1752/4714/6
f 1762/4715/1 1760/4716/1 1759/4717/1
f 1766/4718/2 1764/4719/2 1763/4720/2
f 1760/4721/3 1763/4722/3 1759/4723/3
f 1764/4724/4 1761/4725/4 1762/4726/4
f 1763/4727/5 1762/4728/5 1759/4729/5
f 1761/4730/6 1766/4731/6 1760/4732/6
f 1770/4733/1 1768/4734/1 1767/4735/1
f 1774/4736/2 1772/4737/2 1771/4738/2
f 1768/4739/3 1771/4740/3 1767/4741/3
f 1772/4742/4 1769/4743/4 1770/4744/4
f 1771/4745/5 1770/4746/5 1767/4747/5
f 1769/4748/6 1774/4749/6 1768/4750/6
f 1778/4751/1 1776/4752/1 1775/4753/1
f 1782/4754/2 1780/4755/2 1779/4756/2
f 1776/4757/3 1779/4758/3 1775/4759/3
f 1780/4760/4 1777/4761/4 1778/4762/4
f 1779/4763/5 1778/4764/5 1775/4765/5
f 1777/4766/6 1782/4767/6 1776/4768/6
f 1786/4769/6 1784/4770/6 1783/4771/6
f 1790/4772/5 1788/4773/5 1787/4774/5
f 1784/4775/3 1787/4776/3 1783/4777/3
f 1788/4778/4 1785/4779/4 1786/4780/4
f 1787/4781/1 1786/4782/1 1783/4783/1
f 1785/4784/2 1790/4785/2 1784/4786/2
f 1794/4787/182 1792/4788/183 1791/4789/182
f 1798/4790/184 1796/4791/184 1795/4792/184
f 1792/4793/185 1795/4794/185 1791/4795/185
f 1796/4796/186 1793/4797/187 1794/4798/187
f 1795/4799/188 1794/4800/188 1791/4801/188
f 1793/4802/189 1798/4803/189 1792/4804/189
f 1802/4805/6 1800/4806/6 1799/4807/6
f 1806/4808/5 1804/4809/5 1803/4810/5
f 1800/4811/3 1803/4812/3 1799/4813/3
f 1804/4814/4 1801/4815/4 1802/4816/4
f 1803/4817/1 1802/4818/1 1799/4819/1
f 1801/4820/2 1806/4821/2 1800/4822/2
f 1810/4823/1 1808/4824/1 1807/4825/1
f 1814/4826/2 1812/4827/2 1811/4828/2
f 1808/4829/3 1811/4830/3 1807/4831/3
f 1812/4832/4 1809/4833/4 1810/4834/4
f 1811/4835/5 1810/4836/5 1807/4837/5
f 1809/4838/6 1814/4839/6 1808/4840/6
f 1818/4841/1 1816/4842/1 1815/4843/1
f 1822/4844/2 1820/4845/2 1819/4846/2
f 1816/4847/3 1819/4848/3 1815/4849/3
f 1820/4850/4 1817/4851/4 1818/4852/4
f 1819/4853/5 1818/4854/5 1815/4855/5
f 1817/4856/6 1822/4857/6 1816/4858/6
f 1826/4859/1 1824/4860/1 1823/4861/1
f 1830/4862/2 1828/4863/2 1827/4864/2
f 1824/4865/3 1827/4866/3 1823/4867/3
f 1828/4868/4 1825/4869/4 1826/4870/4
f 1827/4871/5 1826/4872/5 1823/4873/5
f 1825/4874/6 1830/4875/6 1824/4876/6
f 1834/4877/2 1832/4878/2 1831/4879/2
f 1838/4880/1 1836/4881/1 1835/4882/1
f 1832/4883/3 1835/4884/3 1831/4885/3
f 1836/4886/4 1833/4887/4 1834/4888/4
f 1835/4889/6 1834/4890/6 1831/4891/6
f 1833/4892/5 1838/4893/5 1832/4894/5
f 1842/4895/1 1840/4896/1 1839/4897/1
f 1846/4898/2 1844/4899/2 1843/4900/2
f 1840/4901/3 1843/4902/3 1839/4903/3
f 1844/4904/4 1841/4905/4 1842/4906/4
f 1843/4907/5 1842/4908/5 1839/4909/5
f 1841/4910/6 1846/4911/6 1840/4912/6
f 1850/4913/1 1848/4914/1 1847/4915/1
f 1854/4916/190 1852/4917/190 1851/4918/190
f 1848/4919/191 1851/4920/191 1847/4921/191
f 1858/4922/192 1856/4923/192 1855/4924/192
f 1851/4925/5 1850/4926/5 1847/4927/5
f 1849/4928/6 1854/4929/6 1848/4930/6
f 1852/4931/193 1858/4932/194 1855/4933/195
f 1856/4934/196 1857/4935/196 1854/4936/196
f 1850/4937/197 1856/4938/197 1849/4939/197
f 1853/4940/198 1858/4941/198 1852/4942/198
f 1855/4943/195 1851/4944/199 1852/4945/193
f 1857/4946/200 1853/4947/200 1854/4948/200
f 1862/4949/2 1860/4950/2 1859/4951/2
f 1866/4952/1 1864/4953/1 1863/4954/1
f 1860/4955/5 1863/4956/5 1859/4957/5
f 1864/4958/6 1861/4959/6 1862/4960/6
f 1863/4961/3 1862/4962/3 1859/4963/3
f 1861/4964/4 1866/4965/4 1860/4966/4
f 1870/4967/1 1868/4968/1 1867/4969/1
f 1874/4970/2 1872/4971/2 1871/4972/2
f 1868/4973/3 1871/4974/3 1867/4975/3
f 1872/4976/4 1869/4977/4 1870/4978/4
f 1871/4979/5 1870/4980/5 1867/4981/5
f 1869/4982/6 1874/4983/6 1868/4984/6
f 1878/4985/1 1876/4986/1 1875/4987/1
f 1882/4988/2 1880/4989/2 1879/4990/2
f 1876/4991/3 1879/4992/3 1875/4993/3
f 1880/4994/4 1877/4995/4 1878/4996/4
f 1879/4997/5 1878/4998/5 1875/4999/5
f 1877/5000/6 1882/5001/6 1876/5002/6
f 1886/5003/201 1884/5004/201 1883/5005/201
f 1890/5006/2 1888/5007/2 1887/5008/2
f 1884/5009/3 1887/5010/3 1883/5011/3
f 1892/5012/202 1885/5013/202 1886/5014/202
f 1887/5015/5 1888/5016/5 1883/5017/5
f 1889/5018/6 1890/5019/6 1884/5020/6
f 1888/5021/203 1886/5022/203 1883/5023/203
f 1884/5024/204 1885/5025/204 1889/5026/204
f 1891/5027/205 1889/5028/205 1885/5029/205
f 1893/5030/206 1888/5031/206 1889/5032/206
f 1894/5033/207 1886/5034/207 1888/5035/207
f 1895/5036/208 1891/5037/208 1892/5038/208
f 1896/5039/209 1893/5040/210 1891/5041/211
f 1897/5042/212 1894/5043/212 1893/5044/212
f 1897/5045/213 1892/5046/213 1894/5047/213
f 1897/5048/214 1895/5049/214 1898/5050/214
f 1892/5051/215 1898/5052/215 1895/5053/215
f 1897/5054/216 1898/5055/216 1892/5056/216
f 1891/5057/211 1895/5058/217 1896/5059/209
f 1893/5060/218 1896/5061/218 1897/5062/218
f 1902/5063/1 1900/5064/1 1899/5065/1
f 1906/5066/2 1904/5067/2 1903/5068/2
f 1900/5069/3 1903/5070/3 1899/5071/3
f 1904/5072/4 1901/5073/4 1902/5074/4
f 1903/5075/5 1902/5076/5 1899/5077/5
f 1901/5078/6 1906/5079/6 1900/5080/6
f 1910/5081/1 1908/5082/1 1907/5083/1
f 1914/5084/2 1912/5085/2 1911/5086/2
f 1908/5087/3 1911/5088/3 1907/5089/3
f 1912/5090/4 1909/5091/4 1910/5092/4
f 1911/5093/5 1910/5094/5 1907/5095/5
f 1909/5096/6 1914/5097/6 1908/5098/6
f 1918/5099/1 1916/5100/1 1915/5101/1
f 1922/5102/2 1920/5103/2 1919/5104/2
f 1916/5105/3 1919/5106/3 1915/5107/3
f 1920/5108/4 1917/5109/4 1918/5110/4
f 1919/5111/5 1918/5112/5 1915/5113/5
f 1917/5114/6 1922/5115/6 1916/5116/6
f 1926/5117/1 1924/5118/1 1923/5119/1
f 1930/5120/2 1928/5121/2 1927/5122/2
f 1924/5123/3 1927/5124/3 1923/5125/3
f 1928/5126/4 1925/5127/4 1926/5128/4
f 1927/5129/5 1926/5130/5 1923/5131/5
f 1925/5132/6 1930/5133/6 1924/5134/6
f 1934/5135/3 1932/5136/3 1931/5137/3
f 1938/5138/4 1936/5139/4 1935/5140/4
f 1934/5141/1 1935/5142/1 1933/5143/1
f 1931/5144/2 1936/5145/2 1937/5146/2
f 1934/5147/5 1937/5148/5 1938/5149/5
f 1933/5150/6 1936/5151/6 1932/5152/6
f 1942/5153/1 1940/5154/1 1939/5155/1
f 1946/5156/2 1944/5157/2 1943/5158/2
f 1940/5159/3 1943/5160/3 1939/5161/3
f 1944/5162/4 1941/5163/4 1942/5164/4
f 1943/5165/5 1942/5166/5 1939/5167/5
f 1941/5168/6 1946/5169/6 1940/5170/6
f 1950/5171/1 1948/5172/1 1947/5173/1
f 1954/5174/2 1952/5175/2 1951/5176/2
f 1948/5177/3 1951/5178/3 1947/5179/3
f 1952/5180/4 1949/5181/4 1950/5182/4
f 1951/5183/5 1950/5184/5 1947/5185/5
f 1949/5186/6 1954/5187/6 1948/5188/6
f 1958/5189/3 1956/5190/3 1955/5191/3
f 1962/5192/4 1960/5193/4 1959/5194/4
f 1956/5195/2 1959/5196/2 1955/5197/2
f 1960/5198/1 1957/5199/1 1958/5200/1
f 1959/5201/5 1958/5202/5 1955/5203/5
f 1957/5204/6 1962/5205/6 1956/5206/6
f 1966/5207/1 1964/5208/1 1963/5209/1
f 1970/5210/2 1968/5211/2 1967/5212/2
f 1964/5213/3 1967/5214/3 1963/5215/3
f 1968/5216/4 1965/5217/4 1966/5218/4
f 1967/5219/5 1966/5220/5 1963/5221/5
f 1965/5222/6 1970/5223/6 1964/5224/6
f 4/1/1 3/5225/1 2/2/1
f 8/4/2 7/5226/2 6/5/2
f 2/7/3 8/5227/3 5/8/3
f 6/10/4 7/5228/4 3/11/4
f 5/13/5 6/5229/5 4/14/5
f 3/16/6 7/5230/6 8/17/6
f 12/19/1 11/5231/1 10/20/1
f 16/22/2 15/5232/2 14/23/2
f 10/25/3 16/5233/3 13/26/3
f 14/28/4 15/5234/4 11/29/4
f 13/31/5 14/5235/5 12/32/5
f 11/34/6 15/5236/6 16/35/6
f 20/37/1 19/5237/1 18/38/1
f 24/40/2 23/5238/2 22/41/2
f 18/43/3 24/5239/3 21/44/3
f 22/46/4 23/5240/4 19/47/4
f 21/49/5 22/5241/5 20/50/5
f 19/52/6 23/5242/6 24/53/6
f 28/55/1 27/5243/1 26/56/1
f 32/58/2 31/5244/2 30/59/2
f 26/61/3 32/5245/3 29/62/3
f 30/64/4 31/5246/4 27/65/4
f 29/67/5 30/5247/5 28/68/5
f 27/70/6 31/5248/6 32/71/6
f 36/73/6 35/5249/6 34/74/6
f 40/76/5 39/5250/5 38/77/5
f 34/79/3 40/5251/3 37/80/3
f 38/82/4 39/5252/4 35/83/4
f 37/85/1 38/5253/1 36/86/1
f 35/88/2 39/5254/2 40/89/2
f 44/91/1 43/5255/1 42/92/1
f 48/94/2 47/5256/2 46/95/2
f 42/97/3 48/5257/3 45/98/3
f 46/100/4 47/5258/4 43/101/4
f 45/103/5 46/5259/5 44/104/5
f 43/106/6 47/5260/6 48/107/6
f 52/109/1 51/5261/1 50/110/1
f 56/112/2 55/5262/2 54/113/2
f 50/115/3 56/5263/3 53/116/3
f 54/118/4 55/5264/4 51/119/4
f 53/121/5 54/5265/5 52/122/5
f 51/124/6 55/5266/6 56/125/6
f 71/163/19 70/5267/19 58/164/19
f 70/166/20 72/5268/20 60/167/20
f 72/169/21 73/5269/21 61/170/21
f 73/172/22 74/5270/22 62/173/23
f 74/175/24 75/5271/24 63/176/24
f 75/178/25 76/5272/25 64/179/26
f 76/181/27 77/5273/27 65/182/27
f 77/184/29 78/5274/29 66/185/29
f 78/187/30 79/5275/30 67/188/30
f 79/190/31 80/5276/31 68/191/31
f 80/193/32 81/5277/32 69/194/32
f 81/196/33 71/5278/33 59/197/33
f 83/199/34 82/5279/34 70/200/34
f 82/202/35 84/5280/35 72/203/35
f 84/205/37 85/5281/37 73/206/37
f 85/208/38 86/5282/38 74/209/38
f 86/211/39 87/5283/39 75/212/39
f 87/214/40 88/5284/40 76/215/40
f 88/217/41 89/5285/41 77/218/41
f 89/220/42 90/5286/219 78/221/42
f 90/223/43 91/5287/43 79/224/43
f 91/226/44 92/5288/44 80/227/44
f 92/229/45 93/5289/45 81/230/45
f 93/232/46 83/5290/46 71/233/46
f 95/235/47 94/5291/47 82/236/47
f 94/238/48 96/5292/48 84/239/48
f 96/241/49 97/5293/49 85/242/49
f 97/244/50 98/5294/50 86/245/50
f 98/247/51 99/5295/51 87/248/51
f 99/250/52 100/5296/52 88/251/52
f 100/253/53 101/5297/53 89/254/53
f 101/256/54 102/5298/54 90/257/54
f 102/259/55 103/5299/55 91/260/55
f 103/262/56 104/5300/56 92/263/56
f 104/265/57 105/5301/57 93/266/57
f 105/268/58 95/5302/58 83/269/58
f 107/271/59 106/5303/59 94/272/59
f 106/274/60 108/5304/60 96/275/60
f 108/277/61 109/5305/61 97/278/61
f 109/280/62 110/5306/62 98/281/62
f 110/283/63 111/5307/63 99/284/63
f 111/286/64 112/5308/64 100/287/64
f 112/289/65 113/5309/65 101/290/65
f 113/292/66 114/5310/66 102/293/66
f 114/295/67 115/5311/67 103/296/67
f 115/298/68 116/5312/68 104/299/68
f 116/301/69 117/5313/69 105/302/69
f 117/304/70 107/5314/70 95/305/70
f 119/307/71 118/5315/71 106/308/71
f 118/310/72 120/5316/72 108/311/72
f 120/313/73 121/5317/73 109/314/73
f 121/316/74 122/5318/74 110/317/74
f 122/319/75 123/5319/75 111/320/75
f 123/322/76 124/5320/76 112/323/76
f 124/325/77 125/5321/77 113/326/77
f 125/328/78 126/5322/78 114/329/78
f 126/331/79 127/5323/79 115/332/79
f 127/334/80 128/5324/80 116/335/80
f 128/337/81 129/5325/81 117/338/81
f 129/340/82 119/5326/82 107/341/82
f 131/343/83 130/5327/83 118/344/83
f 130/346/84 132/5328/84 120/347/84
f 132/349/85 133/5329/85 121/350/85
f 133/352/86 134/5330/86 122/353/86
f 134/355/87 135/5331/87 123/356/87
f 135/358/88 136/5332/88 124/359/88
f 136/361/89 137/5333/89 125/362/89
f 137/364/90 138/5334/90 126/365/90
f 138/367/91 139/5335/91 127/368/91
f 139/370/92 140/5336/92 128/371/92
f 140/373/93 141/5337/93 129/374/93
f 141/376/94 131/5338/94 119/377/94
f 143/379/95 142/5339/95 130/380/95
f 142/382/96 144/5340/96 132/383/96
f 144/385/97 145/5341/97 133/386/97
f 145/388/98 146/5342/98 134/389/98
f 146/391/99 147/5343/99 135/392/99
f 147/394/100 148/5344/100 136/395/100
f 148/397/101 149/5345/101 137/398/101
f 149/400/102 150/5346/102 138/401/102
f 150/403/103 151/5347/103 139/404/103
f 151/406/104 152/5348/104 140/407/104
f 152/409/105 153/5349/105 141/410/105
f 153/412/106 143/5350/106 131/413/106
f 169/487/19 168/5351/19 156/488/19
f 168/490/20 170/5352/20 158/491/20
f 170/493/21 171/5353/21 159/494/21
f 171/496/22 172/5354/22 160/497/22
f 172/499/121 173/5355/121 161/500/121
f 173/502/26 174/5356/26 162/503/26
f 174/505/28 175/5357/28 163/506/28
f 175/508/29 176/5358/29 164/509/29
f 176/511/30 177/5359/30 165/512/30
f 177/514/31 178/5360/31 166/515/31
f 178/517/32 179/5361/32 167/518/32
f 179/520/33 169/5362/33 157/521/33
f 181/523/122 180/5363/122 168/524/122
f 180/526/35 182/5364/35 170/527/35
f 182/529/37 183/5365/37 171/530/37
f 183/532/38 184/5366/38 172/533/38
f 184/535/39 185/5367/39 173/536/39
f 185/538/40 186/5368/40 174/539/40
f 186/541/41 187/5369/41 175/542/41
f 187/544/42 188/5370/42 176/545/42
f 188/547/123 189/5371/123 177/548/123
f 189/550/124 190/5372/124 178/551/124
f 190/553/125 191/5373/125 179/554/125
f 191/556/126 181/5374/126 169/557/126
f 193/559/47 192/5375/47 180/560/47
f 192/562/48 194/5376/48 182/563/48
f 194/565/127 195/5377/127 183/566/127
f 195/568/128 196/5378/128 184/569/128
f 196/571/51 197/5379/51 185/572/51
f 197/574/52 198/5380/52 186/575/52
f 198/577/53 199/5381/53 187/578/53
f 199/580/54 200/5382/54 188/581/54
f 200/583/129 201/5383/129 189/584/129
f 201/586/130 202/5384/130 190/587/130
f 202/589/57 203/5385/57 191/590/57
f 203/592/58 193/5386/58 181/593/58
f 205/595/59 204/5387/59 192/596/59
f 204/598/60 206/5388/60 194/599/60
f 206/601/61 207/5389/61 195/602/61
f 207/604/62 208/5390/62 196/605/62
f 208/607/63 209/5391/63 197/608/63
f 209/610/64 210/5392/64 198/611/64
f 210/613/65 211/5393/65 199/614/65
f 211/616/66 212/5394/66 200/617/66
f 212/619/67 213/5395/67 201/620/67
f 213/622/68 214/5396/68 202/623/68
f 214/625/69 215/5397/69 203/626/69
f 215/628/70 205/5398/70 193/629/70
f 217/631/71 216/5399/71 204/632/71
f 216/634/72 218/5400/72 206/635/72
f 218/637/73 219/5401/73 207/638/73
f 219/640/74 220/5402/74 208/641/74
f 220/643/75 221/5403/75 209/644/75
f 221/646/132 222/5404/132 210/647/132
f 222/649/133 223/5405/133 211/650/133
f 223/652/78 224/5406/78 212/653/78
f 224/655/79 225/5407/79 213/656/79
f 225/658/80 226/5408/80 214/659/80
f 226/661/81 227/5409/81 215/662/81
f 227/664/82 217/5410/82 205/665/82
f 229/667/83 228/5411/83 216/668/83
f 228/670/84 230/5412/84 218/671/84
f 230/673/85 231/5413/85 219/674/85
f 231/676/86 232/5414/86 220/677/86
f 232/679/87 233/5415/87 221/680/87
f 233/682/88 234/5416/88 222/683/88
f 234/685/89 235/5417/89 223/686/89
f 235/688/90 236/5418/90 224/689/90
f 236/691/91 237/5419/91 225/692/91
f 237/694/92 238/5420/92 226/695/92
f 238/697/93 239/5421/93 227/698/93
f 239/700/94 229/5422/94 217/701/94
f 241/703/95 240/5423/95 228/704/95
f 240/706/96 242/5424/96 230/707/96
f 242/709/97 243/5425/97 231/710/97
f 243/712/98 244/5426/98 232/713/98
f 244/715/99 245/5427/99 233/716/99
f 245/718/100 246/5428/100 234/719/100
f 246/721/101 247/5429/101 235/722/101
f 247/724/102 248/5430/102 236/725/102
f 248/727/103 249/5431/103 237/728/103
f 249/730/104 250/5432/104 238/731/104
f 250/733/105 251/5433/105 239/734/105
f 251/736/106 241/5434/106 229/737/106
f 256/775/1 255/5435/1 254/776/1
f 260/778/2 259/5436/2 258/779/2
f 254/781/3 260/5437/3 257/782/3
f 258/784/4 259/5438/4 255/785/4
f 257/787/5 258/5439/5 256/788/5
f 255/790/6 259/5440/6 260/791/6
f 264/793/3 263/5441/3 262/794/3
f 268/796/5 267/5442/5 266/797/5
f 262/799/3 269/5443/3 265/800/3
f 273/802/4 272/5444/4 271/803/4
f 261/5445/5 265/5446/5 266/805/5
f 266/805/5 273/5447/5 270/806/5
f 274/807/5 261/5445/5 266/805/5
f 276/808/6 271/5448/6 272/5449/6
f 275/809/6 269/5450/6 262/810/6
f 276/808/6 272/5449/6 275/809/6
f 275/811/2 272/5451/2 273/812/2
f 267/814/134 277/5452/134 275/815/134
f 277/817/6 278/5453/6 269/818/6
f 278/820/3 268/5454/3 265/821/3
f 278/823/2 277/5455/2 267/824/2
f 274/826/1 270/5456/1 271/827/1
f 263/829/6 279/5457/6 276/830/6
f 279/832/135 280/5458/135 274/833/135
f 280/835/5 264/5459/5 261/836/5
f 280/838/1 279/5460/1 263/839/1
f 284/841/1 283/5461/1 282/842/1
f 288/844/2 287/5462/2 286/845/2
f 282/847/3 288/5463/3 285/848/3
f 286/850/4 287/5464/4 283/851/4
f 285/853/5 286/5465/5 284/854/5
f 283/856/6 287/5466/6 288/857/6
f 292/859/1 291/5467/1 290/860/1
f 296/862/2 295/5468/2 294/863/2
f 290/865/3 296/5469/3 293/866/3
f 294/868/4 295/5470/4 291/869/4
f 293/871/5 294/5471/5 292/872/5
f 291/874/6 295/5472/6 296/875/6
f 300/877/6 299/5473/6 298/878/6
f 304/880/5 303/5474/5 302/881/5
f 298/883/4 304/5475/4 301/884/4
f 302/886/3 303/5476/3 299/887/3
f 301/889/2 302/5477/2 300/890/2
f 299/892/1 303/5478/1 304/893/1
f 308/895/2 307/5479/2 306/896/2
f 312/898/1 311/5480/1 310/899/1
f 306/901/3 312/5481/3 309/902/3
f 314/904/136 313/5482/136 307/905/136
f 305/909/6 309/5483/6 310/907/6
f 310/907/6 314/5484/6 308/908/6
f 306/912/5 307/5485/5 313/910/5
f 313/910/5 311/5486/5 312/911/5
f 314/913/4 310/5487/4 311/914/4
f 318/916/1 317/5488/1 316/917/1
f 322/919/2 321/5489/2 320/920/2
f 316/922/3 322/5490/3 319/923/3
f 324/925/137 323/5491/137 317/926/137
f 315/930/5 319/5492/5 320/928/5
f 320/928/5 324/5493/5 318/929/5
f 316/933/6 317/5494/6 323/931/6
f 323/931/6 321/5495/6 322/932/6
f 326/934/6 325/5496/6 321/935/6
f 321/939/2 325/5497/2 328/937/2
f 328/937/2 327/5498/2 320/938/2
f 327/940/5 329/5499/5 324/941/5
f 324/945/1 329/5500/1 330/943/1
f 330/943/1 326/5501/1 323/944/1
f 332/946/6 331/5502/6 325/947/6
f 330/949/4 329/5503/4 327/950/4
f 331/952/2 333/5504/2 328/953/2
f 333/955/5 334/5505/5 330/956/5
f 334/958/1 332/5506/1 326/959/1
f 334/949/4 333/5507/4 331/961/4
f 338/963/1 337/5508/1 336/964/1
f 342/966/2 341/5509/2 340/967/2
f 336/969/3 342/5510/3 339/970/3
f 340/972/4 341/5511/4 337/973/4
f 339/975/5 340/5512/5 338/976/5
f 337/978/6 341/5513/6 342/979/6
f 346/981/1 345/5514/1 344/982/1
f 350/984/2 349/5515/2 348/985/2
f 344/987/3 350/5516/3 347/988/3
f 348/990/4 349/5517/4 345/991/4
f 347/993/5 348/5518/5 346/994/5
f 345/996/6 349/5519/6 350/997/6
f 365/1035/19 364/5520/19 352/1036/19
f 364/1038/20 366/5521/20 354/1039/20
f 366/1041/21 367/5522/21 355/1042/21
f 367/1044/22 368/5523/22 356/1045/22
f 368/1047/121 369/5524/121 357/1048/121
f 369/1050/26 370/5525/26 358/1051/26
f 370/1053/28 371/5526/220 359/1054/28
f 371/1056/29 372/5527/29 360/1057/29
f 372/1059/30 373/5528/30 361/1060/30
f 373/1062/31 374/5529/31 362/1063/31
f 374/1065/32 375/5530/32 363/1066/32
f 375/1068/33 365/5531/33 353/1069/33
f 377/1071/122 376/5532/34 364/1072/122
f 376/1074/35 378/5533/35 366/1075/35
f 378/1077/37 379/5534/37 367/1078/37
f 379/1080/38 380/5535/38 368/1081/38
f 380/1083/39 381/5536/39 369/1084/39
f 381/1086/40 382/5537/40 370/1087/40
f 382/1089/41 383/5538/41 371/1090/41
f 383/1092/42 384/5539/42 372/1093/42
f 384/1095/123 385/5540/123 373/1096/123
f 385/1098/124 386/5541/44 374/1099/124
f 386/1101/45 387/5542/125 375/1102/45
f 387/1104/126 377/5543/126 365/1105/126
f 389/1107/47 388/5544/47 376/1108/47
f 388/1110/48 390/5545/48 378/1111/48
f 390/1113/127 391/5546/127 379/1114/127
f 391/1116/128 392/5547/128 380/1117/128
f 392/1119/51 393/5548/51 381/1120/51
f 393/1122/143 394/5549/143 382/1123/143
f 394/1125/144 395/5550/144 383/1126/144
f 395/1128/54 396/5551/54 384/1129/54
f 396/1131/55 397/5552/129 385/1132/55
f 397/1134/56 398/5553/56 386/1135/56
f 398/1137/57 399/5554/57 387/1138/57
f 399/1140/58 389/5555/58 377/1141/58
f 401/1143/59 400/5556/59 388/1144/59
f 400/1146/60 402/5557/60 390/1147/60
f 402/1149/61 403/5558/61 391/1150/61
f 403/1152/62 404/5559/62 392/1153/62
f 404/1155/63 405/5560/63 393/1156/63
f 405/1158/64 406/5561/64 394/1159/64
f 406/1161/65 407/5562/65 395/1162/65
f 407/1164/66 408/5563/66 396/1165/66
f 408/1167/67 409/5564/67 397/1168/67
f 409/1170/68 410/5565/68 398/1171/68
f 410/1173/69 411/5566/69 399/1174/69
f 411/1176/70 401/5567/70 389/1177/70
f 413/1179/131 412/5568/71 400/1180/71
f 412/1182/72 414/5569/221 402/1183/72
f 414/1185/73 415/5570/222 403/1186/73
f 415/1188/74 416/5571/74 404/1189/74
f 416/1191/75 417/5572/75 405/1192/75
f 417/1194/76 418/5573/76 406/1195/76
f 418/1197/77 419/5574/77 407/1198/77
f 419/1200/78 420/5575/78 408/1201/78
f 420/1203/146 421/5576/79 409/1204/146
f 421/1206/80 422/5577/147 410/1207/147
f 422/1209/81 423/5578/223 411/1210/81
f 423/1212/148 413/5579/148 401/1213/148
f 425/1215/83 424/5580/224 412/1216/83
f 424/1218/84 426/5581/84 414/1219/84
f 426/1221/85 427/5582/85 415/1222/85
f 427/1224/86 428/5583/86 416/1225/86
f 428/1227/87 429/5584/87 417/1228/87
f 429/1230/88 430/5585/88 418/1231/88
f 430/1233/89 431/5586/89 419/1234/89
f 431/1236/90 432/5587/225 420/1237/90
f 432/1239/91 433/5588/91 421/1240/91
f 433/1242/92 434/5589/226 422/1243/92
f 434/1245/93 435/5590/93 423/1246/93
f 435/1248/94 425/5591/94 413/1249/94
f 437/1251/95 436/5592/95 424/1252/95
f 436/1254/96 438/5593/96 426/1255/96
f 438/1257/97 439/5594/97 427/1258/97
f 439/1260/98 440/5595/98 428/1261/98
f 440/1263/99 441/5596/227 429/1264/99
f 441/1266/100 442/5597/100 430/1267/100
f 442/1269/101 443/5598/101 431/1270/101
f 443/1272/102 444/5599/102 432/1273/102
f 444/1275/103 445/5600/103 433/1276/103
f 445/1278/104 446/5601/104 434/1279/104
f 446/1281/105 447/5602/105 435/1282/105
f 447/1284/106 437/5603/106 425/1285/106
f 452/1323/2 451/5604/2 450/1324/2
f 456/1326/1 455/5605/1 454/1327/1
f 450/1329/5 456/5606/5 453/1330/5
f 454/1332/6 455/5607/6 451/1333/6
f 453/1335/3 454/5608/3 452/1336/3
f 451/1338/4 455/5609/4 456/1339/4
f 460/1341/1 459/5610/1 458/1342/1
f 464/1344/2 463/5611/2 462/1345/2
f 458/1347/3 464/5612/3 461/1348/3
f 462/1350/4 463/5613/4 459/1351/4
f 461/1353/5 462/5614/5 460/1354/5
f 459/1356/6 463/5615/6 464/1357/6
f 468/1359/1 467/5616/1 466/1360/1
f 472/1362/2 471/5617/2 470/1363/2
f 466/1365/3 472/5618/3 469/1366/3
f 470/1368/4 471/5619/4 467/1369/4
f 469/1371/5 470/5620/5 468/1372/5
f 467/1374/6 471/5621/6 472/1375/6
f 476/1377/1 475/5622/1 474/1378/1
f 480/1380/2 479/5623/2 478/1381/2
f 474/1383/3 480/5624/3 477/1384/3
f 478/1386/4 479/5625/4 475/1387/4
f 477/1389/5 478/5626/5 476/1390/5
f 475/1392/6 479/5627/6 480/1393/6
f 495/1431/19 494/5628/19 482/1432/19
f 494/1434/20 496/5629/20 484/1435/20
f 496/1437/21 497/5630/21 485/1438/21
f 497/1440/22 498/5631/22 486/1441/22
f 498/1443/121 499/5632/121 487/1444/121
f 499/1446/26 500/5633/26 488/1447/26
f 500/1449/28 501/5634/28 489/1450/28
f 501/1452/29 502/5635/29 490/1453/29
f 502/1455/30 503/5636/30 491/1456/30
f 503/1458/31 504/5637/31 492/1459/31
f 504/1461/32 505/5638/32 493/1462/32
f 505/1464/33 495/5639/33 483/1465/33
f 507/1467/122 506/5640/122 494/1468/122
f 506/1470/35 508/5641/35 496/1471/35
f 508/1473/37 509/5642/37 497/1474/37
f 509/1476/38 510/5643/38 498/1477/38
f 510/1479/39 511/5644/39 499/1480/39
f 511/1482/40 512/5645/40 500/1483/40
f 512/1485/41 513/5646/41 501/1486/41
f 513/1488/42 514/5647/42 502/1489/42
f 514/1491/123 515/5648/123 503/1492/123
f 515/1494/124 516/5649/124 504/1495/124
f 516/1497/125 517/5650/125 505/1498/125
f 517/1500/126 507/5651/126 495/1501/126
f 519/1503/150 518/5652/150 506/1504/150
f 518/1506/48 520/5653/48 508/1507/48
f 520/1509/127 521/5654/49 509/1510/49
f 521/1512/50 522/5655/50 510/1513/50
f 522/1515/51 523/5656/51 511/1516/51
f 523/1518/143 524/5657/143 512/1519/143
f 524/1521/144 525/5658/144 513/1522/144
f 525/1524/54 526/5659/54 514/1525/54
f 526/1527/55 527/5660/129 515/1528/55
f 527/1530/56 528/5661/56 516/1531/56
f 528/1533/57 529/5662/57 517/1534/57
f 529/1536/145 519/5663/145 507/1537/145
f 531/1539/59 530/5664/59 518/1540/59
f 530/1542/60 532/5665/60 520/1543/60
f 532/1545/61 533/5666/61 521/1546/61
f 533/1548/62 534/5667/62 522/1549/62
f 534/1551/63 535/5668/63 523/1552/63
f 535/1554/64 536/5669/64 524/1555/64
f 536/1557/65 537/5670/65 525/1558/65
f 537/1560/66 538/5671/66 526/1561/66
f 538/1563/67 539/5672/67 527/1564/67
f 539/1566/68 540/5673/68 528/1567/68
f 540/1569/69 541/5674/69 529/1570/69
f 541/1572/70 531/5675/70 519/1573/70
f 543/1575/71 542/5676/71 530/1576/71
f 542/1578/72 544/5677/72 532/1579/72
f 544/1581/73 545/5678/73 533/1582/73
f 545/1584/74 546/5679/74 534/1585/74
f 546/1587/75 547/5680/75 535/1588/75
f 547/1590/76 548/5681/76 536/1591/76
f 548/1593/77 549/5682/77 537/1594/77
f 549/1596/78 550/5683/78 538/1597/78
f 550/1599/146 551/5684/146 539/1600/146
f 551/1602/147 552/5685/147 540/1603/147
f 552/1605/81 553/5686/81 541/1606/81
f 553/1608/82 543/5687/82 531/1609/82
f 555/1611/83 554/5688/83 542/1612/83
f 554/1614/84 556/5689/84 544/1615/84
f 556/1617/85 557/5690/85 545/1618/85
f 557/1620/86 558/5691/86 546/1621/86
f 558/1623/87 559/5692/87 547/1624/87
f 559/1626/88 560/5693/88 548/1627/88
f 560/1629/89 561/5694/89 549/1630/89
f 561/1632/90 562/5695/90 550/1633/90
f 562/1635/91 563/5696/91 551/1636/91
f 563/1638/92 564/5697/92 552/1639/92
f 564/1641/93 565/5698/93 553/1642/93
f 565/1644/94 555/5699/94 543/1645/94
f 567/1647/95 566/5700/95 554/1648/95
f 566/1650/96 568/5701/96 556/1651/96
f 568/1653/97 569/5702/97 557/1654/97
f 569/1656/98 570/5703/98 558/1657/98
f 570/1659/99 571/5704/228 559/1660/99
f 571/1662/100 572/5705/229 560/1663/100
f 572/1665/101 573/5706/101 561/1666/101
f 573/1668/102 574/5707/102 562/1669/102
f 574/1671/103 575/5708/103 563/1672/103
f 575/1674/104 576/5709/104 564/1675/104
f 576/1677/105 577/5710/105 565/1678/105
f 577/1680/106 567/5711/106 555/1681/106
f 582/1719/1 581/5712/1 580/1720/1
f 586/1722/2 585/5713/2 584/1723/2
f 580/1725/3 586/5714/3 583/1726/3
f 584/1728/4 585/5715/4 581/1729/4
f 583/1731/5 584/5716/5 582/1732/5
f 581/1734/6 585/5717/6 586/1735/6
f 590/1737/1 589/5718/1 588/1738/1
f 588/1743/3 594/5719/3 591/1744/3
f 596/1746/152 595/5720/152 589/1747/152
f 591/1755/153 592/5721/230 596/1756/153
f 589/1758/154 595/5722/154 597/1759/154
f 597/1761/2 595/5723/2 596/1762/2
f 599/1764/155 598/5724/155 597/1765/155
f 600/1770/3 593/5725/3 591/1771/3
f 600/1773/2 598/5726/2 599/1774/2
f 604/1782/1 603/5727/1 602/1783/1
f 608/1785/2 607/5728/2 606/1786/2
f 602/1788/3 608/5729/3 605/1789/3
f 606/1791/4 607/5730/4 603/1792/4
f 605/1794/5 606/5731/5 604/1795/5
f 603/1797/6 607/5732/6 608/1798/6
f 612/1800/6 611/5733/6 610/1801/6
f 616/1803/5 615/5734/5 614/1804/5
f 610/1806/3 616/5735/3 613/1807/3
f 614/1809/4 615/5736/4 611/1810/4
f 613/1812/1 614/5737/1 612/1813/1
f 611/1815/2 615/5738/2 616/1816/2
f 620/1818/1 619/5739/1 618/1819/1
f 624/1821/2 623/5740/2 622/1822/2
f 618/1824/3 624/5741/3 621/1825/3
f 622/1827/4 623/5742/4 619/1828/4
f 621/1830/5 622/5743/5 620/1831/5
f 619/1833/6 623/5744/6 624/1834/6
f 628/1836/1 627/5745/1 626/1837/1
f 632/1839/2 631/5746/2 630/1840/2
f 626/1842/3 632/5747/3 629/1843/3
f 630/1845/4 631/5748/4 627/1846/4
f 629/1848/5 630/5749/5 628/1849/5
f 627/1851/6 631/5750/6 632/1852/6
f 636/1854/5 635/5751/5 634/1855/5
f 640/1857/6 639/5752/6 638/1858/6
f 634/1860/3 640/5753/3 637/1861/3
f 638/1863/4 639/5754/4 635/1864/4
f 637/1866/2 638/5755/2 636/1867/2
f 635/1869/1 639/5756/1 640/1870/1
f 644/1872/1 643/5757/1 642/1873/1
f 648/1875/2 647/5758/2 646/1876/2
f 642/1878/3 648/5759/3 645/1879/3
f 646/1881/4 647/5760/4 643/1882/4
f 645/1884/5 646/5761/5 644/1885/5
f 643/1887/6 647/5762/6 648/1888/6
f 652/1890/1 651/5763/1 650/1891/1
f 656/1893/2 655/5764/2 654/1894/2
f 650/1896/3 656/5765/3 653/1897/3
f 654/1899/4 655/5766/4 651/1900/4
f 653/1902/5 654/5767/5 652/1903/5
f 651/1905/6 655/5768/6 656/1906/6
f 660/1908/5 659/5769/5 658/1909/5
f 664/1911/6 663/5770/6 662/1912/6
f 658/1914/3 664/5771/3 661/1915/3
f 662/1917/4 663/5772/4 659/1918/4
f 661/1920/2 662/5773/2 660/1921/2
f 659/1923/1 663/5774/1 664/1924/1
f 668/1926/1 667/5775/1 666/1927/1
f 672/1929/2 671/5776/2 670/1930/2
f 666/1932/3 672/5777/3 669/1933/3
f 670/1935/4 671/5778/4 667/1936/4
f 669/1938/5 670/5779/5 668/1939/5
f 667/1941/6 671/5780/6 672/1942/6
f 676/1944/1 675/5781/1 674/1945/1
f 680/1947/2 679/5782/2 678/1948/2
f 674/1950/3 680/5783/3 677/1951/3
f 678/1953/4 679/5784/4 675/1954/4
f 677/1956/5 678/5785/5 676/1957/5
f 675/1959/6 679/5786/6 680/1960/6
f 684/1962/1 683/5787/1 682/1963/1
f 688/1965/2 687/5788/2 686/1966/2
f 682/1968/3 688/5789/3 685/1969/3
f 686/1971/4 687/5790/4 683/1972/4
f 685/1974/5 686/5791/5 684/1975/5
f 683/1977/6 687/5792/6 688/1978/6
f 692/1980/5 691/5793/5 690/1981/5
f 696/1983/6 695/5794/6 694/1984/6
f 690/1986/3 696/5795/3 693/1987/3
f 694/1989/4 695/5796/4 691/1990/4
f 693/1992/2 694/5797/2 692/1993/2
f 691/1995/1 695/5798/1 696/1996/1
f 700/1998/1 699/5799/1 698/1999/1
f 704/2001/2 703/5800/2 702/2002/2
f 698/2004/3 704/5801/3 701/2005/3
f 702/2007/4 703/5802/4 699/2008/4
f 701/2010/5 702/5803/5 700/2011/5
f 699/2013/6 703/5804/6 704/2014/6
f 708/2016/1 707/5805/1 706/2017/1
f 712/2019/2 711/5806/2 710/2020/2
f 706/2022/3 712/5807/3 709/2023/3
f 710/2025/4 711/5808/4 707/2026/4
f 709/2028/5 710/5809/5 708/2029/5
f 707/2031/6 711/5810/6 712/2032/6
f 716/2034/5 715/5811/5 714/2035/5
f 720/2037/6 719/5812/6 718/2038/6
f 714/2040/3 720/5813/3 717/2041/3
f 718/2043/4 719/5814/4 715/2044/4
f 717/2046/2 718/5815/2 716/2047/2
f 715/2049/1 719/5816/1 720/2050/1
f 724/2052/1 723/5817/1 722/2053/1
f 728/2055/2 727/5818/2 726/2056/2
f 722/2058/3 728/5819/3 725/2059/3
f 726/2061/4 727/5820/4 723/2062/4
f 725/2064/5 726/5821/5 724/2065/5
f 723/2067/6 727/5822/6 728/2068/6
f 732/2070/1 731/5823/1 730/2071/1
f 736/2073/2 735/5824/2 734/2074/2
f 730/2076/3 736/5825/3 733/2077/3
f 734/2079/4 735/5826/4 731/2080/4
f 733/2082/5 734/5827/5 732/2083/5
f 731/2085/6 735/5828/6 736/2086/6
f 740/2088/1 739/5829/1 738/2089/1
f 744/2091/2 743/5830/2 742/2092/2
f 738/2094/3 744/5831/3 741/2095/3
f 742/2097/4 743/5832/4 739/2098/4
f 741/2100/5 742/5833/5 740/2101/5
f 739/2103/6 743/5834/6 744/2104/6
f 748/2106/1 747/5835/1 746/2107/1
f 752/2109/2 751/5836/2 750/2110/2
f 746/2112/3 752/5837/3 749/2113/3
f 750/2115/4 751/5838/4 747/2116/4
f 749/2118/5 750/5839/5 748/2119/5
f 747/2121/6 751/5840/6 752/2122/6
f 756/2124/1 755/5841/1 754/2125/1
f 760/2127/2 759/5842/2 758/2128/2
f 754/2130/3 760/5843/3 757/2131/3
f 758/2133/4 759/5844/4 755/2134/4
f 757/2136/5 758/5845/5 756/2137/5
f 755/2139/6 759/5846/6 760/2140/6
f 764/2142/1 763/5847/1 762/2143/1
f 768/2145/2 767/5848/2 766/2146/2
f 762/2148/3 768/5849/3 765/2149/3
f 766/2151/4 767/5850/4 763/2152/4
f 765/2154/5 766/5851/5 764/2155/5
f 763/2157/6 767/5852/6 768/2158/6
f 772/2160/1 771/5853/1 770/2161/1
f 776/2163/2 775/5854/2 774/2164/2
f 770/2166/3 776/5855/3 773/2167/3
f 774/2169/4 775/5856/4 771/2170/4
f 773/2172/5 774/5857/5 772/2173/5
f 771/2175/6 775/5858/6 776/2176/6
f 780/2178/1 779/5859/1 778/2179/1
f 784/2181/2 783/5860/2 782/2182/2
f 778/2184/3 784/5861/3 781/2185/3
f 782/2187/4 783/5862/4 779/2188/4
f 781/2190/5 782/5863/5 780/2191/5
f 779/2193/6 783/5864/6 784/2194/6
f 788/2196/1 787/5865/1 786/2197/1
f 792/2199/2 791/5866/2 790/2200/2
f 786/2202/3 792/5867/3 789/2203/3
f 790/2205/4 791/5868/4 787/2206/4
f 789/2208/5 790/5869/5 788/2209/5
f 787/2211/6 791/5870/6 792/2212/6
f 796/2214/2 795/5871/2 794/2215/2
f 800/2217/1 799/5872/1 798/2218/1
f 796/2220/3 800/5873/3 797/2221/3
f 793/2223/4 794/5874/4 798/2224/4
f 796/2226/5 793/5875/5 799/2227/5
f 795/2229/6 797/5876/6 798/2230/6
f 804/2232/1 803/5877/1 802/2233/1
f 808/2235/2 807/5878/2 806/2236/2
f 802/2238/3 808/5879/3 805/2239/3
f 806/2241/4 807/5880/4 803/2242/4
f 805/2244/5 806/5881/5 804/2245/5
f 803/2247/6 807/5882/6 808/2248/6
f 812/2250/1 811/5883/1 810/2251/1
f 816/2253/2 815/5884/2 814/2254/2
f 810/2256/3 816/5885/3 813/2257/3
f 814/2259/4 815/5886/4 811/2260/4
f 813/2262/5 814/5887/5 812/2263/5
f 811/2265/6 815/5888/6 816/2266/6
f 820/2268/1 819/5889/1 818/2269/1
f 824/2271/2 823/5890/2 822/2272/2
f 818/2274/3 824/5891/3 821/2275/3
f 822/2277/4 823/5892/4 819/2278/4
f 821/2280/5 822/5893/5 820/2281/5
f 819/2283/6 823/5894/6 824/2284/6
f 828/2286/1 827/5895/1 826/2287/1
f 832/2289/2 831/5896/2 830/2290/2
f 826/2292/3 832/5897/3 829/2293/3
f 830/2295/4 831/5898/4 827/2296/4
f 829/2298/5 830/5899/5 828/2299/5
f 827/2301/6 831/5900/6 832/2302/6
f 836/2304/1 835/5901/1 834/2305/1
f 840/2307/2 839/5902/2 838/2308/2
f 834/2310/3 840/5903/3 837/2311/3
f 838/2313/4 839/5904/4 835/2314/4
f 837/2316/5 838/5905/5 836/2317/5
f 835/2319/6 839/5906/6 840/2320/6
f 844/2322/1 843/5907/1 842/2323/1
f 848/2325/2 847/5908/2 846/2326/2
f 842/2328/3 848/5909/3 845/2329/3
f 846/2331/4 847/5910/4 843/2332/4
f 845/2334/5 846/5911/5 844/2335/5
f 843/2337/6 847/5912/6 848/2338/6
f 852/2340/1 851/5913/1 850/2341/1
f 856/2343/2 855/5914/2 854/2344/2
f 850/2346/3 856/5915/3 853/2347/3
f 854/2349/4 855/5916/4 851/2350/4
f 853/2352/5 854/5917/5 852/2353/5
f 851/2355/6 855/5918/6 856/2356/6
f 860/2358/2 859/5919/2 858/2359/2
f 864/2361/1 863/5920/1 862/2362/1
f 858/2364/3 864/5921/3 861/2365/3
f 862/2367/4 863/5922/4 859/2368/4
f 861/2370/6 862/5923/6 860/2371/6
f 859/2373/5 863/5924/5 864/2374/5
f 868/2376/2 867/5925/2 866/2377/2
f 872/2379/1 871/5926/1 870/2380/1
f 866/2382/4 872/5927/4 869/2383/4
f 870/2385/3 871/5928/3 867/2386/3
f 869/2388/5 870/5929/5 868/2389/5
f 867/2391/6 871/5930/6 872/2392/6
f 876/2394/3 875/5931/3 874/2395/3
f 880/2397/4 879/5932/4 878/2398/4
f 873/2402/2 874/5933/2 882/2400/2
f 881/2401/2 877/5934/2 873/2402/2
f 876/2405/1 878/5935/1 884/2403/1
f 884/2403/1 883/5936/1 875/2404/1
f 877/2406/5 878/5937/5 876/2407/5
f 875/2409/6 883/5938/6 882/2410/6
f 886/2412/1 885/5939/1 883/2413/1
f 885/2415/6 887/5940/6 882/2416/6
f 887/2418/2 888/5941/2 881/2419/2
f 888/2421/5 886/5942/5 884/2422/5
f 890/2424/4 889/5943/4 885/2425/4
f 889/2427/4 891/5944/4 887/2428/4
f 891/2429/4 892/5945/4 888/2430/4
f 892/2431/4 890/2446/4 886/2432/4
f 894/2434/1 893/5946/1 889/2435/1
f 893/2437/6 895/5947/6 891/2438/6
f 895/2440/2 896/5948/2 892/2441/2
f 896/2443/5 894/5949/5 890/2444/5
f 896/2431/4 895/5944/4 893/2427/4
f 879/2447/4 897/5950/4 884/2448/4
f 897/2450/4 898/5951/4 881/2451/4
f 898/2452/4 880/5952/4 877/2453/4
f 900/2454/5 899/5953/5 879/2455/5
f 899/2457/1 901/5954/1 897/2458/1
f 901/2460/6 902/5955/6 898/2461/6
f 902/2463/2 900/5956/2 880/2464/2
f 902/2466/4 901/5957/4 899/2467/4
f 906/2469/1 905/5958/1 904/2470/1
f 910/2472/2 909/5959/2 908/2473/2
f 904/2475/3 910/5960/3 907/2476/3
f 908/2478/4 909/5961/4 905/2479/4
f 907/2481/5 908/5962/5 906/2482/5
f 905/2484/6 909/5963/6 910/2485/6
f 914/2487/1 913/5964/1 912/2488/1
f 918/2490/2 917/5965/2 916/2491/2
f 912/2493/3 918/5966/3 915/2494/3
f 916/2496/4 917/5967/4 913/2497/4
f 915/2499/5 916/5968/5 914/2500/5
f 913/2502/6 917/5969/6 918/2503/6
f 922/2505/1 921/5970/1 920/2506/1
f 926/2508/2 925/5971/2 924/2509/2
f 920/2511/3 926/5972/3 923/2512/3
f 924/2514/4 925/5973/4 921/2515/4
f 923/2517/5 924/5974/5 922/2518/5
f 921/2520/6 925/5975/6 926/2521/6
f 930/2523/3 929/5976/3 928/2524/3
f 934/2526/4 933/5977/4 932/2527/4
f 928/2529/2 934/5978/2 931/2530/2
f 932/2532/1 933/5979/1 929/2533/1
f 931/2535/5 932/5980/5 930/2536/5
f 929/2538/6 933/5981/6 934/2539/6
f 938/2541/1 937/5982/1 936/2542/1
f 942/2544/2 941/5983/2 940/2545/2
f 936/2547/3 942/5984/3 939/2548/3
f 940/2550/4 941/5985/4 937/2551/4
f 939/2553/5 940/5986/5 938/2554/5
f 937/2556/6 941/5987/6 942/2557/6
f 946/2559/1 945/5988/1 944/2560/1
f 950/2562/2 949/5989/2 948/2563/2
f 944/2565/3 950/5990/3 947/2566/3
f 948/2568/4 949/5991/4 945/2569/4
f 947/2571/5 948/5992/5 946/2572/5
f 945/2574/6 949/5993/6 950/2575/6
f 965/2613/19 964/5994/19 952/2614/19
f 964/2616/20 966/5995/20 954/2617/20
f 966/2619/21 967/5996/21 955/2620/21
f 967/2622/22 968/5997/22 956/2623/22
f 968/2625/121 969/5998/121 957/2626/121
f 969/2628/26 970/5999/26 958/2629/26
f 970/2631/28 971/6000/28 959/2632/28
f 971/2634/29 972/6001/29 960/2635/29
f 972/2637/30 973/6002/30 961/2638/30
f 973/2640/31 974/6003/31 962/2641/31
f 974/2643/32 975/6004/32 963/2644/32
f 975/2646/33 965/6005/33 953/2647/33
f 977/2649/122 976/6006/122 964/2650/122
f 976/2652/35 978/6007/35 966/2653/35
f 978/2655/37 979/6008/37 967/2656/37
f 979/2658/38 980/6009/38 968/2659/38
f 980/2661/39 981/6010/39 969/2662/39
f 981/2664/40 982/6011/40 970/2665/40
f 982/2667/41 983/6012/41 971/2668/41
f 983/2670/42 984/6013/42 972/2671/42
f 984/2673/123 985/6014/123 973/2674/123
f 985/2676/124 986/6015/124 974/2677/124
f 986/2679/125 987/6016/125 975/2680/125
f 987/2682/126 977/6017/126 965/2683/126
f 989/2685/150 988/6018/150 976/2686/150
f 988/2688/48 990/6019/48 978/2689/48
f 990/2691/49 991/6020/127 979/2692/127
f 991/2694/128 992/6021/128 980/2695/128
f 992/2697/51 993/6022/51 981/2698/51
f 993/2700/143 994/6023/143 982/2701/143
f 994/2703/144 995/6024/144 983/2704/144
f 995/2706/54 996/6025/54 984/2707/54
f 996/2709/129 997/6026/129 985/2710/129
f 997/2712/56 998/6027/56 986/2713/56
f 998/2715/57 999/6028/57 987/2716/57
f 999/2718/145 989/6029/145 977/2719/145
f 1001/2721/59 1000/6030/59 988/2722/59
f 1000/2724/60 1002/6031/60 990/2725/60
f 1002/2727/61 1003/6032/61 991/2728/61
f 1003/2730/62 1004/6033/62 992/2731/62
f 1004/2733/63 1005/6034/63 993/2734/63
f 1005/2736/64 1006/6035/64 994/2737/64
f 1006/2739/65 1007/6036/65 995/2740/65
f 1007/2742/66 1008/6037/66 996/2743/66
f 1008/2745/67 1009/6038/67 997/2746/67
f 1009/2748/68 1010/6039/68 998/2749/68
f 1010/2751/69 1011/6040/69 999/2752/69
f 1011/2754/70 1001/6041/70 989/2755/70
f 1013/2757/71 1012/6042/71 1000/2758/71
f 1012/2760/72 1014/6043/72 1002/2761/72
f 1014/2763/73 1015/6044/231 1003/2764/73
f 1015/2766/74 1016/6045/74 1004/2767/74
f 1016/2769/75 1017/6046/75 1005/2770/75
f 1017/2772/132 1018/6047/76 1006/2773/132
f 1018/2775/77 1019/6048/77 1007/2776/77
f 1019/2778/78 1020/6049/78 1008/2779/78
f 1020/2781/79 1021/6050/79 1009/2782/79
f 1021/2784/80 1022/6051/80 1010/2785/80
f 1022/2787/81 1023/6052/81 1011/2788/81
f 1023/2790/82 1013/6053/82 1001/2791/82
f 1025/2793/83 1024/6054/232 1012/2794/83
f 1024/2796/84 1026/6055/84 1014/2797/84
f 1026/2799/85 1027/6056/85 1015/2800/85
f 1027/2802/86 1028/6057/86 1016/2803/86
f 1028/2805/87 1029/6058/87 1017/2806/87
f 1029/2808/88 1030/6059/88 1018/2809/88
f 1030/2811/89 1031/6060/89 1019/2812/89
f 1031/2814/90 1032/6061/90 1020/2815/90
f 1032/2817/91 1033/6062/91 1021/2818/91
f 1033/2820/92 1034/6063/92 1022/2821/92
f 1034/2823/93 1035/6064/93 1023/2824/93
f 1035/2826/94 1025/6065/94 1013/2827/94
f 1037/2829/95 1036/6066/95 1024/2830/95
f 1036/2832/96 1038/6067/96 1026/2833/96
f 1038/2835/97 1039/6068/97 1027/2836/97
f 1039/2838/98 1040/6069/98 1028/2839/98
f 1040/2841/99 1041/6070/99 1029/2842/99
f 1041/2844/100 1042/6071/100 1030/2845/100
f 1042/2847/101 1043/6072/101 1031/2848/101
f 1043/2850/102 1044/6073/102 1032/2851/102
f 1044/2853/103 1045/6074/103 1033/2854/103
f 1045/2856/104 1046/6075/104 1034/2857/104
f 1046/2859/105 1047/6076/105 1035/2860/105
f 1047/2862/106 1037/6077/106 1025/2863/106
f 1052/2901/1 1051/6078/1 1050/2902/1
f 1056/2904/2 1055/6079/2 1054/2905/2
f 1050/2907/3 1056/6080/3 1053/2908/3
f 1054/2910/4 1055/6081/4 1051/2911/4
f 1053/2913/5 1054/6082/5 1052/2914/5
f 1051/2916/6 1055/6083/6 1056/2917/6
f 1060/2919/1 1059/6084/1 1058/2920/1
f 1064/2922/2 1063/6085/2 1062/2923/2
f 1058/2925/3 1064/6086/3 1061/2926/3
f 1062/2928/4 1063/6087/4 1059/2929/4
f 1061/2931/5 1062/6088/5 1060/2932/5
f 1059/2934/6 1063/6089/6 1064/2935/6
f 1068/2937/3 1067/6090/3 1066/2938/3
f 1072/2940/4 1071/6091/4 1070/2941/4
f 1066/2943/2 1072/6092/2 1069/2944/2
f 1070/2946/1 1071/6093/1 1067/2947/1
f 1069/2949/5 1070/6094/5 1068/2950/5
f 1067/2952/6 1071/6095/6 1072/2953/6
f 1076/2955/1 1075/6096/1 1074/2956/1
f 1080/2958/2 1079/6097/2 1078/2959/2
f 1074/2961/3 1080/6098/3 1077/2962/3
f 1078/2964/4 1079/6099/4 1075/2965/4
f 1077/2967/5 1078/6100/5 1076/2968/5
f 1075/2970/6 1079/6101/6 1080/2971/6
f 1084/2973/1 1083/6102/1 1082/2974/1
f 1088/2976/2 1087/6103/2 1086/2977/2
f 1082/2979/3 1088/6104/3 1085/2980/3
f 1086/2982/4 1087/6105/4 1083/2983/4
f 1085/2985/5 1086/6106/5 1084/2986/5
f 1083/2988/6 1087/6107/6 1088/2989/6
f 1092/2991/5 1091/6108/5 1090/2992/5
f 1096/2994/6 1095/6109/6 1094/2995/6
f 1090/2997/4 1096/6110/4 1093/2998/4
f 1094/3000/3 1095/6111/3 1091/3001/3
f 1093/3003/1 1094/6112/1 1092/3004/1
f 1091/3006/2 1095/6113/2 1096/3007/2
f 1100/3009/1 1099/6114/1 1098/3010/1
f 1104/3012/2 1103/6115/2 1102/3013/2
f 1098/3015/3 1104/6116/3 1101/3016/3
f 1102/3018/164 1103/6117/164 1099/3019/164
f 1108/3033/1 1107/6118/1 1106/3034/1
f 1112/3036/2 1111/6119/2 1110/3037/2
f 1106/3039/3 1112/6120/3 1109/3040/3
f 1110/3042/4 1111/6121/4 1107/3043/4
f 1109/3045/5 1110/6122/5 1108/3046/5
f 1107/3048/6 1111/6123/6 1112/3049/6
f 1116/3051/3 1115/6124/3 1114/3052/3
f 1120/3054/2 1119/6125/2 1118/3055/2
f 1114/3052/3 1120/6126/3 1117/3057/3
f 1124/3058/4 1123/6127/4 1122/3059/4
f 1113/3063/5 1117/6128/5 1118/6129/5
f 1124/3061/5 1121/6130/5 1125/3062/5
f 1113/3063/5 1118/6129/5 1124/3061/5
f 1126/3064/6 1122/6131/6 1123/3065/6
f 1123/3065/6 1119/6132/6 1120/3066/6
f 1120/3066/6 1114/6133/6 1126/3064/6
f 1125/3067/1 1121/6134/1 1122/3068/1
f 1115/3070/6 1127/6135/6 1126/3071/6
f 1127/3073/4 1128/6136/4 1125/3074/4
f 1128/3075/5 1116/6137/5 1113/3076/5
f 1128/3078/1 1127/6138/1 1115/3079/1
f 1123/3083/6 1131/6139/6 1130/3081/6
f 1130/3081/6 1129/6140/6 1119/3082/6
f 1129/3084/2 1132/6141/2 1118/3085/2
f 1118/3089/5 1132/6142/5 1134/3087/5
f 1134/3087/5 1133/6143/5 1124/3088/5
f 1133/3090/1 1131/6144/1 1123/3091/1
f 1133/3093/4 1134/6145/4 1130/3094/4
f 1134/3096/167 1132/6146/167 1129/3097/167
f 1138/3099/1 1137/6147/1 1136/3100/1
f 1142/3102/2 1141/6148/2 1140/3103/2
f 1136/3105/3 1142/6149/3 1139/3106/3
f 1140/3108/4 1141/6150/4 1137/3109/4
f 1139/3111/5 1140/6151/5 1138/3112/5
f 1137/3114/6 1141/6152/6 1142/3115/6
f 1146/3117/1 1145/6153/1 1144/3118/1
f 1150/3120/2 1149/6154/2 1148/3121/2
f 1144/3123/3 1150/6155/3 1147/3124/3
f 1148/3126/4 1149/6156/4 1145/3127/4
f 1147/3129/5 1148/6157/5 1146/3130/5
f 1145/3132/6 1149/6158/6 1150/3133/6
f 1154/3135/1 1153/6159/1 1152/3136/1
f 1158/3138/2 1157/6160/2 1156/3139/2
f 1152/3141/3 1158/6161/3 1155/3142/3
f 1156/3144/4 1157/6162/4 1153/3145/4
f 1155/3147/5 1156/6163/5 1154/3148/5
f 1153/3150/6 1157/6164/6 1158/3151/6
f 1162/3153/1 1161/6165/1 1160/3154/1
f 1166/3156/2 1165/6166/2 1164/3157/2
f 1160/3159/3 1166/6167/3 1163/3160/3
f 1164/3162/4 1165/6168/4 1161/3163/4
f 1163/3165/5 1164/6169/5 1162/3166/5
f 1161/3168/6 1165/6170/6 1166/3169/6
f 1170/3171/1 1169/6171/1 1168/3172/1
f 1174/3174/2 1173/6172/2 1172/3175/2
f 1168/3177/3 1174/6173/3 1171/3178/3
f 1172/3180/4 1173/6174/4 1169/3181/4
f 1171/3183/5 1172/6175/5 1170/3184/5
f 1169/3186/6 1173/6176/6 1174/3187/6
f 1178/3189/1 1177/6177/1 1176/3190/1
f 1182/3192/2 1181/6178/2 1180/3193/2
f 1176/3195/3 1182/6179/3 1179/3196/3
f 1180/3198/4 1181/6180/4 1177/3199/4
f 1179/3201/5 1180/6181/5 1178/3202/5
f 1177/3204/6 1181/6182/6 1182/3205/6
f 1183/3209/6 1187/6183/6 1186/3207/6
f 1186/3207/6 1185/6184/6 1184/3208/6
f 1188/3212/5 1192/6185/5 1191/3210/5
f 1191/3210/5 1190/6186/5 1189/3211/5
f 1184/3213/3 1192/6187/3 1188/3214/3
f 1190/3216/4 1191/6188/4 1185/3217/4
f 1194/3219/6 1193/6189/6 1187/3220/6
f 1185/3222/2 1191/6190/2 1192/3223/2
f 1189/3225/168 1190/6191/168 1186/3226/168
f 1193/3228/4 1195/6192/4 1189/3229/4
f 1195/3231/5 1196/6193/5 1188/3232/5
f 1196/3234/3 1194/6194/3 1183/3235/3
f 1196/3237/1 1195/6195/1 1193/3238/1
f 1200/3240/6 1199/6196/6 1198/3241/6
f 1204/3243/5 1203/6197/5 1202/3244/5
f 1198/3246/2 1204/6198/2 1201/3247/2
f 1202/3249/1 1203/6199/1 1199/3250/1
f 1201/3252/3 1202/6200/3 1200/3253/3
f 1199/3255/4 1203/6201/4 1204/3256/4
f 1208/3258/1 1207/6202/1 1206/3259/1
f 1209/3263/5 1213/6203/5 1212/3261/5
f 1212/3261/5 1211/6204/5 1210/3262/5
f 1206/3264/3 1214/6205/3 1209/3265/3
f 1216/3267/4 1215/3279/4 1207/3268/4
f 1205/3271/5 1209/6206/5 1210/3262/5
f 1210/3262/5 1216/6207/5 1208/3270/5
f 1206/3274/6 1207/6208/6 1215/3272/6
f 1215/3272/6 1217/3282/6 1214/3273/6
f 1217/3275/2 1215/6209/2 1216/3276/2
f 1211/3278/4 1218/6210/4 1217/3279/4
f 1217/3282/6 1218/6211/6 1220/3281/6
f 1220/3281/6 1219/6212/6 1214/3273/6
f 1219/3283/3 1213/6213/3 1209/3284/3
f 1219/3286/2 1220/6214/2 1212/3287/2
f 1211/3289/169 1212/6215/169 1220/3290/169
f 1224/3292/2 1223/6216/2 1222/3293/2
f 1228/3295/1 1227/6217/1 1226/3296/1
f 1224/3298/3 1228/6218/3 1225/3299/3
f 1221/3301/4 1222/6219/4 1226/3302/4
f 1224/3304/5 1221/6220/5 1227/3305/5
f 1223/3307/6 1225/6221/6 1226/3308/6
f 1232/3310/6 1231/6222/6 1230/3311/6
f 1236/3313/5 1235/6223/5 1234/3314/5
f 1230/3316/3 1236/6224/3 1233/3317/3
f 1234/3319/4 1235/6225/4 1231/3320/4
f 1233/3322/1 1234/6226/1 1232/3323/1
f 1231/3325/2 1235/6227/2 1236/3326/2
f 1240/3328/1 1239/6228/1 1238/3329/1
f 1244/3331/2 1243/6229/2 1242/3332/2
f 1238/3334/3 1244/6230/3 1241/3335/3
f 1242/3337/4 1243/6231/4 1239/3338/4
f 1241/3340/5 1242/6232/5 1240/3341/5
f 1239/3343/6 1243/6233/6 1244/3344/6
f 1248/3346/1 1247/6234/1 1246/3347/1
f 1252/3349/2 1251/6235/2 1250/3350/2
f 1246/3352/3 1252/6236/3 1249/3353/3
f 1250/3355/4 1251/6237/4 1247/3356/4
f 1249/3358/5 1250/6238/5 1248/3359/5
f 1247/3361/6 1251/6239/6 1252/3362/6
f 1267/3400/19 1266/6240/19 1254/3401/19
f 1266/3403/20 1268/6241/20 1256/3404/20
f 1268/3406/21 1269/6242/21 1257/3407/21
f 1269/3409/22 1270/6243/22 1258/3410/22
f 1270/3412/121 1271/6244/121 1259/3413/121
f 1271/3415/26 1272/6245/26 1260/3416/26
f 1272/3418/28 1273/6246/28 1261/3419/28
f 1273/3421/29 1274/6247/29 1262/3422/29
f 1274/3424/30 1275/6248/30 1263/3425/30
f 1275/3427/31 1276/6249/31 1264/3428/31
f 1276/3430/32 1277/6250/32 1265/3431/32
f 1277/3433/33 1267/6251/33 1255/3434/33
f 1279/3436/122 1278/6252/122 1266/3437/122
f 1278/3439/35 1280/6253/35 1268/3440/35
f 1280/3442/37 1281/6254/37 1269/3443/37
f 1281/3445/38 1282/6255/38 1270/3446/38
f 1282/3448/39 1283/6256/39 1271/3449/39
f 1283/3451/40 1284/6257/40 1272/3452/40
f 1284/3454/41 1285/6258/41 1273/3455/41
f 1285/3457/42 1286/6259/42 1274/3458/42
f 1286/3460/123 1287/6260/123 1275/3461/123
f 1287/3463/124 1288/6261/124 1276/3464/124
f 1288/3466/125 1289/6262/125 1277/3467/125
f 1289/3469/126 1279/6263/126 1267/3470/126
f 1291/3472/150 1290/6264/150 1278/3473/150
f 1290/3475/48 1292/6265/48 1280/3476/48
f 1292/3478/49 1293/6266/49 1281/3479/49
f 1293/3481/50 1294/6267/50 1282/3482/50
f 1294/3484/51 1295/6268/51 1283/3485/51
f 1295/3487/143 1296/6269/52 1284/3488/143
f 1296/3490/144 1297/6270/144 1285/3491/144
f 1297/3493/54 1298/6271/54 1286/3494/54
f 1298/3496/55 1299/6272/129 1287/3497/55
f 1299/3499/56 1300/6273/56 1288/3500/56
f 1300/3502/57 1301/6274/57 1289/3503/57
f 1301/3505/145 1291/6275/145 1279/3506/145
f 1303/3508/59 1302/6276/59 1290/3509/59
f 1302/3511/60 1304/6277/60 1292/3512/60
f 1304/3514/61 1305/6278/61 1293/3515/61
f 1305/3517/62 1306/6279/62 1294/3518/62
f 1306/3520/63 1307/6280/63 1295/3521/63
f 1307/3523/64 1308/6281/64 1296/3524/64
f 1308/3526/65 1309/6282/65 1297/3527/65
f 1309/3529/66 1310/6283/66 1298/3530/66
f 1310/3532/67 1311/6284/67 1299/3533/67
f 1311/3535/68 1312/6285/68 1300/3536/68
f 1312/3538/69 1313/6286/69 1301/3539/69
f 1313/3541/70 1303/6287/70 1291/3542/70
f 1315/3544/71 1314/6288/71 1302/3545/71
f 1314/3547/72 1316/6289/72 1304/3548/72
f 1316/3550/73 1317/6290/73 1305/3551/73
f 1317/3553/74 1318/6291/74 1306/3554/74
f 1318/3556/75 1319/6292/75 1307/3557/75
f 1319/3559/76 1320/6293/76 1308/3560/76
f 1320/3562/133 1321/6294/133 1309/3563/133
f 1321/3565/78 1322/6295/78 1310/3566/78
f 1322/3568/79 1323/6296/79 1311/3569/79
f 1323/3571/147 1324/6297/147 1312/3572/147
f 1324/3574/81 1325/6298/81 1313/3575/81
f 1325/3577/82 1315/6299/82 1303/3578/82
f 1327/3580/83 1326/6300/83 1314/3581/83
f 1326/3583/84 1328/6301/84 1316/3584/84
f 1328/3586/85 1329/6302/85 1317/3587/85
f 1329/3589/86 1330/6303/86 1318/3590/86
f 1330/3592/87 1331/6304/87 1319/3593/87
f 1331/3595/88 1332/6305/88 1320/3596/88
f 1332/3598/89 1333/6306/89 1321/3599/89
f 1333/3601/90 1334/6307/90 1322/3602/90
f 1334/3604/91 1335/6308/91 1323/3605/91
f 1335/3607/92 1336/6309/92 1324/3608/92
f 1336/3610/93 1337/6310/93 1325/3611/93
f 1337/3613/94 1327/6311/94 1315/3614/94
f 1339/3616/95 1338/6312/95 1326/3617/95
f 1338/3619/96 1340/6313/233 1328/3620/96
f 1340/3622/97 1341/6314/97 1329/3623/97
f 1341/3625/98 1342/6315/98 1330/3626/98
f 1342/3628/99 1343/6316/99 1331/3629/99
f 1343/3631/100 1344/6317/100 1332/3632/100
f 1344/3634/101 1345/6318/101 1333/3635/101
f 1345/3637/102 1346/6319/234 1334/3638/102
f 1346/3640/103 1347/6320/103 1335/3641/103
f 1347/3643/104 1348/6321/104 1336/3644/104
f 1348/3646/105 1349/6322/105 1337/3647/105
f 1349/3649/106 1339/6323/235 1327/3650/106
f 1354/3688/1 1353/6324/1 1352/3689/1
f 1358/3691/2 1357/6325/2 1356/3692/2
f 1352/3694/3 1358/6326/3 1355/3695/3
f 1356/3697/4 1357/6327/4 1353/3698/4
f 1355/3700/5 1356/6328/5 1354/3701/5
f 1353/3703/6 1357/6329/6 1358/3704/6
f 1362/3706/1 1361/6330/1 1360/3707/1
f 1366/3709/2 1365/6331/2 1364/3710/2
f 1360/3712/3 1366/6332/3 1363/3713/3
f 1364/3715/4 1365/6333/4 1361/3716/4
f 1363/3718/5 1364/6334/5 1362/3719/5
f 1361/3721/6 1365/6335/6 1366/3722/6
f 1370/3724/3 1369/6336/3 1368/3725/3
f 1374/3727/2 1373/6337/2 1372/3728/2
f 1368/3730/3 1374/6338/3 1371/3731/3
f 1372/3733/4 1373/6339/4 1376/3734/4
f 1367/3738/5 1371/6340/5 1372/3736/5
f 1372/3736/5 1375/6341/5 1377/3737/5
f 1368/3741/6 1378/3746/6 1376/3739/6
f 1376/3739/6 1373/6342/6 1374/3740/6
f 1377/3742/1 1375/6343/1 1376/3743/1
f 1369/3745/6 1379/6344/6 1378/3746/6
f 1379/3748/4 1380/6345/4 1377/3749/4
f 1380/3751/5 1370/6346/5 1367/3752/5
f 1380/3742/1 1379/6347/1 1369/3754/1
f 1384/3756/1 1383/6348/1 1382/3757/1
f 1388/3759/2 1387/6349/2 1386/3760/2
f 1382/3762/3 1388/6350/3 1385/3763/3
f 1386/3765/4 1387/6351/4 1383/3766/4
f 1385/3768/5 1386/6352/5 1384/3769/5
f 1383/3771/6 1387/6353/6 1388/3772/6
f 1392/3774/1 1391/6354/1 1390/3775/1
f 1396/3777/2 1395/6355/2 1394/3778/2
f 1390/3780/3 1396/6356/3 1393/3781/3
f 1394/3783/4 1395/6357/4 1391/3784/4
f 1393/3786/5 1394/6358/5 1392/3787/5
f 1391/3789/6 1395/6359/6 1396/3790/6
f 1400/3792/1 1399/6360/1 1398/3793/1
f 1404/3795/2 1403/6361/2 1402/3796/2
f 1398/3798/3 1404/6362/3 1401/3799/3
f 1402/3801/4 1403/6363/4 1399/3802/4
f 1401/3804/5 1402/6364/5 1400/3805/5
f 1399/3807/6 1403/6365/6 1404/3808/6
f 1408/3810/1 1407/6366/1 1406/3811/1
f 1412/3813/2 1411/6367/2 1410/3814/2
f 1406/3816/3 1412/6368/3 1409/3817/3
f 1410/3819/4 1411/6369/4 1407/3820/4
f 1409/3822/5 1410/6370/5 1408/3823/5
f 1407/3825/6 1411/6371/6 1412/3826/6
f 1416/3828/2 1415/6372/2 1414/3829/2
f 1420/3831/1 1419/6373/1 1418/3832/1
f 1416/3834/3 1420/6374/3 1417/3835/3
f 1413/3837/4 1414/6375/4 1418/3838/4
f 1416/3840/5 1413/6376/5 1419/3841/5
f 1415/3843/6 1417/6377/6 1418/3844/6
f 1424/3846/1 1423/6378/1 1422/3847/1
f 1428/3849/2 1427/6379/2 1426/3850/2
f 1422/3852/3 1428/6380/3 1425/3853/3
f 1430/3855/4 1429/6381/4 1423/3856/4
f 1421/3860/5 1425/6382/5 1426/3858/5
f 1426/3858/5 1430/6383/5 1424/3859/5
f 1422/3863/6 1423/6384/6 1429/3861/6
f 1429/3861/6 1427/6385/6 1428/3862/6
f 1430/3864/171 1426/6386/171 1427/3865/171
f 1434/3867/1 1433/6387/1 1432/3868/1
f 1438/3870/2 1437/6388/2 1436/3871/2
f 1432/3873/3 1438/6389/3 1435/3874/3
f 1436/3876/4 1437/6390/4 1433/3877/4
f 1435/3879/5 1436/6391/5 1434/3880/5
f 1433/3882/6 1437/6392/6 1438/3883/6
f 1442/3885/1 1441/6393/1 1440/3886/1
f 1446/3888/2 1445/6394/2 1444/3889/2
f 1440/3891/3 1446/6395/3 1443/3892/3
f 1444/3894/4 1445/6396/4 1441/3895/4
f 1443/3897/5 1444/6397/5 1442/3898/5
f 1441/3900/6 1445/6398/6 1446/3901/6
f 1450/3903/1 1449/6399/1 1448/3904/1
f 1454/3906/2 1453/6400/2 1452/3907/2
f 1448/3909/3 1454/6401/3 1451/3910/3
f 1452/3912/4 1453/6402/4 1449/3913/4
f 1451/3915/5 1452/6403/5 1450/3916/5
f 1449/3918/6 1453/6404/6 1454/3919/6
f 1458/3921/1 1457/6405/1 1456/3922/1
f 1462/3924/2 1461/6406/2 1460/3925/2
f 1456/3927/3 1462/6407/3 1459/3928/3
f 1460/3930/4 1461/6408/4 1457/3931/4
f 1459/3933/5 1460/6409/5 1458/3934/5
f 1457/3936/6 1461/6410/6 1462/3937/6
f 1466/3939/1 1465/6411/1 1464/3940/1
f 1470/3942/2 1469/6412/2 1468/3943/2
f 1464/3945/3 1470/6413/3 1467/3946/3
f 1468/3948/4 1469/6414/4 1465/3949/4
f 1467/3951/5 1468/6415/5 1466/3952/5
f 1465/3954/6 1469/6416/6 1470/3955/6
f 1474/3957/1 1473/6417/1 1472/3958/1
f 1478/3960/2 1477/6418/2 1476/3961/2
f 1472/3963/3 1478/6419/3 1475/3964/3
f 1476/3966/4 1477/6420/4 1473/3967/4
f 1475/3969/5 1476/6421/5 1474/3970/5
f 1473/3972/6 1477/6422/6 1478/3973/6
f 1482/3975/5 1481/6423/5 1480/3976/5
f 1486/3978/6 1485/6424/6 1484/3979/6
f 1480/3981/3 1486/6425/3 1483/3982/3
f 1484/3984/4 1485/6426/4 1481/3985/4
f 1483/3987/2 1484/6427/2 1482/3988/2
f 1481/3990/1 1485/6428/1 1486/3991/1
f 1490/3993/1 1489/6429/1 1488/3994/1
f 1494/3996/2 1493/6430/2 1492/3997/2
f 1488/3999/3 1494/6431/3 1491/4000/3
f 1492/4002/4 1493/6432/4 1489/4003/4
f 1491/4005/5 1492/6433/5 1490/4006/5
f 1489/4008/6 1493/6434/6 1494/4009/6
f 1498/4011/1 1497/6435/1 1496/4012/1
f 1502/4014/2 1501/6436/2 1500/4015/2
f 1496/4017/3 1502/6437/3 1499/4018/3
f 1500/4020/4 1501/6438/4 1497/4021/4
f 1499/4023/5 1500/6439/5 1498/4024/5
f 1497/4026/6 1501/6440/6 1502/4027/6
f 1506/4029/6 1505/6441/6 1504/4030/6
f 1510/4032/5 1509/6442/5 1508/4033/5
f 1504/4035/2 1510/6443/2 1507/4036/2
f 1508/4038/1 1509/6444/1 1505/4039/1
f 1507/4041/3 1508/6445/3 1506/4042/3
f 1505/4044/4 1509/6446/4 1510/4045/4
f 1511/4049/6 1515/6447/6 1514/4047/6
f 1514/4047/6 1513/6448/6 1512/4048/6
f 1516/4052/5 1520/6449/5 1519/4050/5
f 1519/4050/5 1518/6450/5 1517/4051/5
f 1512/4053/3 1520/6451/3 1516/4054/3
f 1518/4056/4 1519/6452/4 1513/4057/4
f 1522/4059/6 1521/6453/6 1515/4060/6
f 1513/4062/2 1519/6454/2 1520/4063/2
f 1517/4065/168 1518/6455/168 1514/4066/168
f 1521/4068/4 1523/6456/4 1517/4069/4
f 1523/4071/5 1524/6457/5 1516/4072/5
f 1524/4074/3 1522/6458/3 1511/4055/3
f 1524/4076/1 1523/6459/1 1521/4077/1
f 1528/4079/1 1527/6460/1 1526/4080/1
f 1532/4082/2 1531/6461/2 1530/4083/2
f 1526/4085/3 1532/6462/3 1529/4086/3
f 1530/4088/4 1531/6463/4 1527/4089/4
f 1529/4091/5 1530/6464/5 1528/4092/5
f 1527/4094/6 1531/6465/6 1532/4095/6
f 1547/4133/19 1546/6466/19 1534/4134/19
f 1546/4136/20 1548/6467/20 1536/4137/20
f 1548/4139/21 1549/6468/21 1537/4140/21
f 1549/4142/22 1550/6469/22 1538/4143/22
f 1550/4145/121 1551/6470/121 1539/4146/121
f 1551/4148/26 1552/6471/26 1540/4149/26
f 1552/4151/28 1553/6472/28 1541/4152/28
f 1553/4154/29 1554/6473/29 1542/4155/29
f 1554/4157/30 1555/6474/30 1543/4158/30
f 1555/4160/31 1556/6475/31 1544/4161/31
f 1556/4163/32 1557/6476/32 1545/4164/32
f 1557/4166/33 1547/6477/33 1535/4167/33
f 1559/4169/122 1558/6478/122 1546/4170/122
f 1558/4172/35 1560/6479/35 1548/4173/35
f 1560/4175/37 1561/6480/37 1549/4176/37
f 1561/4178/38 1562/6481/38 1550/4179/38
f 1562/4181/39 1563/6482/39 1551/4182/39
f 1563/4184/40 1564/6483/40 1552/4185/40
f 1564/4187/41 1565/6484/41 1553/4188/41
f 1565/4190/42 1566/6485/42 1554/4191/42
f 1566/4193/123 1567/6486/123 1555/4194/123
f 1567/4196/124 1568/6487/124 1556/4197/124
f 1568/4199/125 1569/6488/125 1557/4200/125
f 1569/4202/126 1559/6489/126 1547/4203/126
f 1571/4205/150 1570/6490/150 1558/4206/150
f 1570/4208/48 1572/6491/48 1560/4209/48
f 1572/4211/127 1573/6492/127 1561/4212/127
f 1573/4214/128 1574/6493/128 1562/4215/128
f 1574/4217/51 1575/6494/51 1563/4218/51
f 1575/4220/143 1576/6495/143 1564/4221/143
f 1576/4223/144 1577/6496/144 1565/4224/144
f 1577/4226/54 1578/6497/54 1566/4227/54
f 1578/4229/55 1579/6498/55 1567/4230/55
f 1579/4232/56 1580/6499/130 1568/4233/56
f 1580/4235/57 1581/6500/57 1569/4236/57
f 1581/4238/145 1571/6501/145 1559/4239/145
f 1583/4241/59 1582/6502/59 1570/4242/59
f 1582/4244/60 1584/6503/60 1572/4245/60
f 1584/4247/61 1585/6504/61 1573/4248/61
f 1585/4250/62 1586/6505/62 1574/4251/62
f 1586/4253/63 1587/6506/63 1575/4254/63
f 1587/4256/64 1588/6507/64 1576/4257/64
f 1588/4259/65 1589/6508/65 1577/4260/65
f 1589/4262/66 1590/6509/66 1578/4263/66
f 1590/4265/67 1591/6510/67 1579/4266/67
f 1591/4268/68 1592/6511/68 1580/4269/68
f 1592/4271/69 1593/6512/69 1581/4272/69
f 1593/4274/70 1583/6513/70 1571/4275/70
f 1595/4277/71 1594/6514/131 1582/4278/71
f 1594/4280/72 1596/6515/72 1584/4281/72
f 1596/4283/73 1597/6516/73 1585/4284/73
f 1597/4286/74 1598/6517/74 1586/4287/74
f 1598/4289/75 1599/6518/75 1587/4290/75
f 1599/4292/76 1600/6519/76 1588/4293/76
f 1600/4295/77 1601/6520/77 1589/4296/77
f 1601/4298/78 1602/6521/78 1590/4299/78
f 1602/4301/146 1603/6522/146 1591/4302/146
f 1603/4304/147 1604/6523/147 1592/4305/147
f 1604/4307/81 1605/6524/81 1593/4308/81
f 1605/4310/82 1595/6525/82 1583/4311/82
f 1607/4313/83 1606/6526/83 1594/4314/83
f 1606/4316/84 1608/6527/84 1596/4317/84
f 1608/4319/85 1609/6528/85 1597/4320/85
f 1609/4322/86 1610/6529/86 1598/4323/86
f 1610/4325/87 1611/6530/87 1599/4326/87
f 1611/4328/88 1612/6531/88 1600/4329/88
f 1612/4331/89 1613/6532/89 1601/4332/89
f 1613/4334/90 1614/6533/90 1602/4335/90
f 1614/4337/91 1615/6534/91 1603/4338/91
f 1615/4340/92 1616/6535/92 1604/4341/92
f 1616/4343/93 1617/6536/93 1605/4344/93
f 1617/4346/94 1607/6537/94 1595/4347/94
f 1619/4349/95 1618/6538/95 1606/4350/95
f 1618/4352/96 1620/6539/96 1608/4353/96
f 1620/4355/97 1621/6540/97 1609/4356/97
f 1621/4358/98 1622/6541/98 1610/4359/98
f 1622/4361/99 1623/6542/99 1611/4362/99
f 1623/4364/100 1624/6543/100 1612/4365/100
f 1624/4367/101 1625/6544/101 1613/4368/101
f 1625/4370/102 1626/6545/102 1614/4371/102
f 1626/4373/103 1627/6546/103 1615/4374/103
f 1627/4376/104 1628/6547/104 1616/4377/104
f 1628/4379/105 1629/6548/105 1617/4380/105
f 1629/4382/106 1619/6549/106 1607/4383/106
f 1634/4421/2 1633/6550/2 1632/4422/2
f 1638/4424/1 1637/6551/1 1636/4425/1
f 1634/4427/3 1638/6552/3 1635/4428/3
f 1631/4430/4 1632/6553/4 1636/4431/4
f 1634/4433/5 1631/6554/5 1637/4434/5
f 1633/4436/6 1635/6555/6 1636/4437/6
f 1642/4439/1 1641/6556/1 1640/4440/1
f 1646/4442/2 1645/6557/2 1644/4443/2
f 1640/4445/3 1646/6558/3 1643/4446/3
f 1644/4448/4 1645/6559/4 1641/4449/4
f 1643/4451/5 1644/6560/5 1642/4452/5
f 1641/4454/6 1645/6561/6 1646/4455/6
f 1650/4457/1 1649/6562/1 1648/4458/1
f 1654/4460/2 1653/6563/2 1652/4461/2
f 1648/4463/3 1654/6564/3 1651/4464/3
f 1652/4466/4 1653/6565/4 1649/4467/4
f 1651/4469/5 1652/6566/5 1650/4470/5
f 1649/4472/6 1653/6567/6 1654/4473/6
f 1658/4475/172 1657/6568/172 1656/4476/172
f 1662/4478/2 1661/6569/2 1660/4479/2
f 1656/4481/3 1662/6570/3 1659/4482/3
f 1660/4484/173 1661/6571/173 1657/4485/173
f 1666/4499/1 1665/6572/1 1664/4500/1
f 1670/4502/2 1669/6573/2 1668/4503/2
f 1664/4505/3 1670/6574/3 1667/4506/3
f 1668/4508/4 1669/6575/4 1665/4509/4
f 1667/4511/5 1668/6576/5 1666/4512/5
f 1665/4514/6 1669/6577/6 1670/4515/6
f 1674/4517/1 1673/6578/1 1672/4518/1
f 1678/4520/2 1677/6579/2 1676/4521/2
f 1672/4523/3 1678/6580/3 1675/4524/3
f 1676/4526/4 1677/6581/4 1673/4527/4
f 1675/4529/5 1676/6582/5 1674/4530/5
f 1673/4532/6 1677/6583/6 1678/4533/6
f 1682/4535/1 1681/6584/1 1680/4536/1
f 1686/4538/2 1685/6585/2 1684/4539/2
f 1680/4541/3 1686/6586/3 1683/4542/3
f 1684/4544/4 1685/6587/4 1681/4545/4
f 1683/4547/5 1684/6588/5 1682/4548/5
f 1681/4550/6 1685/6589/6 1686/4551/6
f 1690/4553/176 1689/6590/176 1688/4554/176
f 1694/4556/177 1693/6591/177 1692/4557/177
f 1688/4559/178 1694/6592/178 1691/4560/178
f 1692/4562/179 1693/6593/179 1689/4563/179
f 1691/4565/180 1692/6594/180 1690/4566/180
f 1689/4568/181 1693/6595/181 1694/4569/181
f 1698/4571/1 1697/6596/1 1696/4572/1
f 1702/4574/2 1701/6597/2 1700/4575/2
f 1696/4577/3 1702/6598/3 1699/4578/3
f 1700/4580/4 1701/6599/4 1697/4581/4
f 1699/4583/5 1700/6600/5 1698/4584/5
f 1697/4586/6 1701/6601/6 1702/4587/6
f 1706/4589/1 1705/6602/1 1704/4590/1
f 1710/4592/2 1709/6603/2 1708/4593/2
f 1704/4595/3 1710/6604/3 1707/4596/3
f 1708/4598/4 1709/6605/4 1705/4599/4
f 1707/4601/5 1708/6606/5 1706/4602/5
f 1705/4604/6 1709/6607/6 1710/4605/6
f 1714/4607/2 1713/6608/2 1712/4608/2
f 1718/4610/1 1717/6609/1 1716/4611/1
f 1714/4613/3 1718/6610/3 1715/4614/3
f 1711/4616/4 1712/6611/4 1716/4617/4
f 1714/4619/5 1711/6612/5 1717/4620/5
f 1713/4622/6 1715/6613/6 1716/4623/6
f 1722/4625/6 1721/6614/6 1720/4626/6
f 1726/4628/5 1725/6615/5 1724/4629/5
f 1720/4631/3 1726/6616/3 1723/4632/3
f 1724/4634/4 1725/6617/4 1721/4635/4
f 1723/4637/1 1724/6618/1 1722/4638/1
f 1721/4640/2 1725/6619/2 1726/4641/2
f 1730/4643/1 1729/6620/1 1728/4644/1
f 1734/4646/2 1733/6621/2 1732/4647/2
f 1728/4649/3 1734/6622/3 1731/4650/3
f 1732/4652/4 1733/6623/4 1729/4653/4
f 1731/4655/5 1732/6624/5 1730/4656/5
f 1729/4658/6 1733/6625/6 1734/4659/6
f 1738/4661/1 1737/6626/1 1736/4662/1
f 1742/4664/2 1741/6627/2 1740/4665/2
f 1736/4667/3 1742/6628/3 1739/4668/3
f 1740/4670/4 1741/6629/4 1737/4671/4
f 1739/4673/5 1740/6630/5 1738/4674/5
f 1737/4676/6 1741/6631/6 1742/4677/6
f 1746/4679/6 1745/6632/6 1744/4680/6
f 1750/4682/5 1749/6633/5 1748/4683/5
f 1744/4685/3 1750/6634/3 1747/4686/3
f 1748/4688/4 1749/6635/4 1745/4689/4
f 1747/4691/1 1748/6636/1 1746/4692/1
f 1745/4694/2 1749/6637/2 1750/4695/2
f 1754/4697/1 1753/6638/1 1752/4698/1
f 1758/4700/2 1757/6639/2 1756/4701/2
f 1752/4703/3 1758/6640/3 1755/4704/3
f 1756/4706/4 1757/6641/4 1753/4707/4
f 1755/4709/5 1756/6642/5 1754/4710/5
f 1753/4712/6 1757/6643/6 1758/4713/6
f 1762/4715/1 1761/6644/1 1760/4716/1
f 1766/4718/2 1765/6645/2 1764/4719/2
f 1760/4721/3 1766/6646/3 1763/4722/3
f 1764/4724/4 1765/6647/4 1761/4725/4
f 1763/4727/5 1764/6648/5 1762/4728/5
f 1761/4730/6 1765/6649/6 1766/4731/6
f 1770/4733/1 1769/6650/1 1768/4734/1
f 1774/4736/2 1773/6651/2 1772/4737/2
f 1768/4739/3 1774/6652/3 1771/4740/3
f 1772/4742/4 1773/6653/4 1769/4743/4
f 1771/4745/5 1772/6654/5 1770/4746/5
f 1769/4748/6 1773/6655/6 1774/4749/6
f 1778/4751/1 1777/6656/1 1776/4752/1
f 1782/4754/2 1781/6657/2 1780/4755/2
f 1776/4757/3 1782/6658/3 1779/4758/3
f 1780/4760/4 1781/6659/4 1777/4761/4
f 1779/4763/5 1780/6660/5 1778/4764/5
f 1777/4766/6 1781/6661/6 1782/4767/6
f 1786/4769/6 1785/6662/6 1784/4770/6
f 1790/4772/5 1789/6663/5 1788/4773/5
f 1784/4775/3 1790/6664/3 1787/4776/3
f 1788/4778/4 1789/6665/4 1785/4779/4
f 1787/4781/1 1788/6666/1 1786/4782/1
f 1785/4784/2 1789/6667/2 1790/4785/2
f 1794/4787/182 1793/6668/183 1792/4788/183
f 1798/4790/184 1797/6669/236 1796/4791/184
f 1792/4793/185 1798/6670/185 1795/4794/185
f 1796/4796/186 1797/6671/186 1793/4797/187
f 1795/4799/188 1796/6672/188 1794/4800/188
f 1793/4802/189 1797/6673/189 1798/4803/189
f 1802/4805/6 1801/6674/6 1800/4806/6
f 1806/4808/5 1805/6675/5 1804/4809/5
f 1800/4811/3 1806/6676/3 1803/4812/3
f 1804/4814/4 1805/6677/4 1801/4815/4
f 1803/4817/1 1804/6678/1 1802/4818/1
f 1801/4820/2 1805/6679/2 1806/4821/2
f 1810/4823/1 1809/6680/1 1808/4824/1
f 1814/4826/2 1813/6681/2 1812/4827/2
f 1808/4829/3 1814/6682/3 1811/4830/3
f 1812/4832/4 1813/6683/4 1809/4833/4
f 1811/4835/5 1812/6684/5 1810/4836/5
f 1809/4838/6 1813/6685/6 1814/4839/6
f 1818/4841/1 1817/6686/1 1816/4842/1
f 1822/4844/2 1821/6687/2 1820/4845/2
f 1816/4847/3 1822/6688/3 1819/4848/3
f 1820/4850/4 1821/6689/4 1817/4851/4
f 1819/4853/5 1820/6690/5 1818/4854/5
f 1817/4856/6 1821/6691/6 1822/4857/6
f 1826/4859/1 1825/6692/1 1824/4860/1
f 1830/4862/2 1829/6693/2 1828/4863/2
f 1824/4865/3 1830/6694/3 1827/4866/3
f 1828/4868/4 1829/6695/4 1825/4869/4
f 1827/4871/5 1828/6696/5 1826/4872/5
f 1825/4874/6 1829/6697/6 1830/4875/6
f 1834/4877/2 1833/6698/2 1832/4878/2
f 1838/4880/1 1837/6699/1 1836/4881/1
f 1832/4883/3 1838/6700/3 1835/4884/3
f 1836/4886/4 1837/6701/4 1833/4887/4
f 1835/4889/6 1836/6702/6 1834/4890/6
f 1833/4892/5 1837/6703/5 1838/4893/5
f 1842/4895/1 1841/6704/1 1840/4896/1
f 1846/4898/2 1845/6705/2 1844/4899/2
f 1840/4901/3 1846/6706/3 1843/4902/3
f 1844/4904/4 1845/6707/4 1841/4905/4
f 1843/4907/5 1844/6708/5 1842/4908/5
f 1841/4910/6 1845/6709/6 1846/4911/6
f 1850/4913/1 1849/6710/1 1848/4914/1
f 1854/4916/190 1853/6711/190 1852/4917/190
f 1848/4919/191 1854/6712/191 1851/4920/191
f 1858/4922/192 1857/6713/192 1856/4923/192
f 1851/4925/5 1855/6714/5 1850/4926/5
f 1849/4928/6 1856/6715/6 1854/4929/6
f 1850/4937/197 1855/6716/197 1856/4938/197
f 1853/4940/198 1857/6717/198 1858/4941/198
f 1862/4949/2 1861/6718/2 1860/4950/2
f 1866/4952/1 1865/6719/1 1864/4953/1
f 1860/4955/5 1866/6720/5 1863/4956/5
f 1864/4958/6 1865/6721/6 1861/4959/6
f 1863/4961/3 1864/6722/3 1862/4962/3
f 1861/4964/4 1865/6723/4 1866/4965/4
f 1870/4967/1 1869/6724/1 1868/4968/1
f 1874/4970/2 1873/6725/2 1872/4971/2
f 1868/4973/3 1874/6726/3 1871/4974/3
f 1872/4976/4 1873/6727/4 1869/4977/4
f 1871/4979/5 1872/6728/5 1870/4980/5
f 1869/4982/6 1873/6729/6 1874/4983/6
f 1878/4985/1 1877/6730/1 1876/4986/1
f 1882/4988/2 1881/6731/2 1880/4989/2
f 1876/4991/3 1882/6732/3 1879/4992/3
f 1880/4994/4 1881/6733/4 1877/4995/4
f 1879/4997/5 1880/6734/5 1878/4998/5
f 1877/5000/6 1881/6735/6 1882/5001/6
f 1886/5003/201 1885/6736/201 1884/5004/201
f 1890/5006/2 1889/6737/2 1888/5007/2
f 1884/5009/3 1890/6738/3 1887/5010/3
f 1892/5012/202 1891/6739/202 1885/5013/202
f 1891/5027/205 1893/6740/205 1889/5028/205
f 1893/5030/206 1894/6741/206 1888/5031/206
f 1894/5033/207 1892/6742/207 1886/5034/207
f 1897/5048/214 1896/6743/214 1895/5049/214
f 1902/5063/1 1901/6744/1 1900/5064/1
f 1906/5066/2 1905/6745/2 1904/5067/2
f 1900/5069/3 1906/6746/3 1903/5070/3
f 1904/5072/4 1905/6747/4 1901/5073/4
f 1903/5075/5 1904/6748/5 1902/5076/5
f 1901/5078/6 1905/6749/6 1906/5079/6
f 1910/5081/1 1909/6750/1 1908/5082/1
f 1914/5084/2 1913/6751/2 1912/5085/2
f 1908/5087/3 1914/6752/3 1911/5088/3
f 1912/5090/4 1913/6753/4 1909/5091/4
f 1911/5093/5 1912/6754/5 1910/5094/5
f 1909/5096/6 1913/6755/6 1914/5097/6
f 1918/5099/1 1917/6756/1 1916/5100/1
f 1922/5102/2 1921/6757/2 1920/5103/2
f 1916/5105/3 1922/6758/3 1919/5106/3
f 1920/5108/4 1921/6759/4 1917/5109/4
f 1919/5111/5 1920/6760/5 1918/5112/5
f 1917/5114/6 1921/6761/6 1922/5115/6
f 1926/5117/1 1925/6762/1 1924/5118/1
f 1930/5120/2 1929/6763/2 1928/5121/2
f 1924/5123/3 1930/6764/3 1927/5124/3
f 1928/5126/4 1929/6765/4 1925/5127/4
f 1927/5129/5 1928/6766/5 1926/5130/5
f 1925/5132/6 1929/6767/6 1930/5133/6
f 1934/5135/3 1933/6768/3 1932/5136/3
f 1938/5138/4 1937/6769/4 1936/5139/4
f 1934/5141/1 1938/6770/1 1935/5142/1
f 1931/5144/2 1932/6771/2 1936/5145/2
f 1934/5147/5 1931/6772/5 1937/5148/5
f 1933/5150/6 1935/6773/6 1936/5151/6
f 1942/5153/1 1941/6774/1 1940/5154/1
f 1946/5156/2 1945/6775/2 1944/5157/2
f 1940/5159/3 1946/6776/3 1943/5160/3
f 1944/5162/4 1945/6777/4 1941/5163/4
f 1943/5165/5 1944/6778/5 1942/5166/5
f 1941/5168/6 1945/6779/6 1946/5169/6
f 1950/5171/1 1949/6780/1 1948/5172/1
f 1954/5174/2 1953/6781/2 1952/5175/2
f 1948/5177/3 1954/6782/3 1951/5178/3
f 1952/5180/4 1953/6783/4 1949/5181/4
f 1951/5183/5 1952/6784/5 1950/5184/5
f 1949/5186/6 1953/6785/6 1954/5187/6
f 1958/5189/3 1957/6786/3 1956/5190/3
f 1962/5192/4 1961/6787/4 1960/5193/4
f 1956/5195/2 1962/6788/2 1959/5196/2
f 1960/5198/1 1961/6789/1 1957/5199/1
f 1959/5201/5 1960/6790/5 1958/5202/5
f 1957/5204/6 1961/6791/6 1962/5205/6
f 1966/5207/1 1965/6792/1 1964/5208/1
f 1970/5210/2 1969/6793/2 1968/5211/2
f 1964/5213/3 1970/6794/3 1967/5214/3
f 1968/5216/4 1969/6795/4 1965/5217/4
f 1967/5219/5 1968/6796/5 1966/5220/5
f 1965/5222/6 1969/6797/6 1970/5223/6
