# Blender 5.1.0
# www.blender.org
mtllib donut.mtl
o Torus
v 1.400000 0.000000 0.000000
v 1.369552 0.153073 -0.000000
v 1.282843 0.282843 -0.000000
v 1.153073 0.369552 -0.000000
v 1.000000 0.400000 -0.000000
v 0.846927 0.369552 -0.000000
v 0.717157 0.282843 -0.000000
v 0.630448 0.153073 -0.000000
v 0.600000 0.000000 0.000000
v 0.630448 -0.153073 0.000000
v 0.717157 -0.282843 0.000000
v 0.846927 -0.369552 0.000000
v 1.000000 -0.400000 0.000000
v 1.153073 -0.369552 0.000000
v 1.282843 -0.282843 0.000000
v 1.369552 -0.153073 0.000000
v 1.388023 -0.000000 -0.182737
v 1.357835 0.153073 -0.178762
v 1.271868 0.282843 -0.167445
v 1.143209 0.369552 -0.150506
v 0.991445 0.400000 -0.130526
v 0.839681 0.369552 -0.110546
v 0.711022 0.282843 -0.093608
v 0.625055 0.153073 -0.082290
v 0.594867 -0.000000 -0.078316
v 0.625055 -0.153073 -0.082290
v 0.711022 -0.282843 -0.093608
v 0.839681 -0.369552 -0.110546
v 0.991445 -0.400000 -0.130526
v 1.143209 -0.369552 -0.150506
v 1.271868 -0.282843 -0.167445
v 1.357835 -0.153073 -0.178762
v 1.352296 -0.000000 -0.362347
v 1.322885 0.153073 -0.354466
v 1.239131 0.282843 -0.332024
v 1.113783 0.369552 -0.298437
v 0.965926 0.400000 -0.258819
v 0.818068 0.369552 -0.219201
v 0.692721 0.282843 -0.185614
v 0.608966 0.153073 -0.163172
v 0.579556 -0.000000 -0.155291
v 0.608966 -0.153073 -0.163172
v 0.692721 -0.282843 -0.185614
v 0.818068 -0.369552 -0.219201
v 0.965926 -0.400000 -0.258819
v 1.113783 -0.369552 -0.298437
v 1.239131 -0.282843 -0.332024
v 1.322885 -0.153073 -0.354466
v 1.293431 -0.000000 -0.535757
v 1.265301 0.153073 -0.524105
v 1.185192 0.282843 -0.490923
v 1.065301 0.369552 -0.441262
v 0.923880 0.400000 -0.382683
v 0.782458 0.369552 -0.324105
v 0.662567 0.282843 -0.274444
v 0.582458 0.153073 -0.241262
v 0.554328 -0.000000 -0.229610
v 0.582458 -0.153073 -0.241262
v 0.662567 -0.282843 -0.274444
v 0.782458 -0.369552 -0.324105
v 0.923880 -0.400000 -0.382683
v 1.065301 -0.369552 -0.441262
v 1.185192 -0.282843 -0.490923
v 1.265301 -0.153073 -0.524105
v 1.212435 -0.000000 -0.700000
v 1.186067 0.153073 -0.684776
v 1.110974 0.282843 -0.641422
v 0.998591 0.369552 -0.576537
v 0.866025 0.400000 -0.500000
v 0.733460 0.369552 -0.423463
v 0.621076 0.282843 -0.358579
v 0.545984 0.153073 -0.315224
v 0.519615 -0.000000 -0.300000
v 0.545984 -0.153073 -0.315224
v 0.621076 -0.282843 -0.358579
v 0.733460 -0.369552 -0.423463
v 0.866025 -0.400000 -0.500000
v 0.998591 -0.369552 -0.576537
v 1.110974 -0.282843 -0.641422
v 1.186067 -0.153073 -0.684776
v 1.110695 -0.000000 -0.852266
v 1.086539 0.153073 -0.833730
v 1.017748 0.282843 -0.780945
v 0.914795 0.369552 -0.701946
v 0.793353 0.400000 -0.608761
v 0.671912 0.369552 -0.515576
v 0.568959 0.282843 -0.436578
v 0.500168 0.153073 -0.383792
v 0.476012 -0.000000 -0.365257
v 0.500168 -0.153073 -0.383792
v 0.568959 -0.282843 -0.436578
v 0.671912 -0.369552 -0.515576
v 0.793353 -0.400000 -0.608761
v 0.914795 -0.369552 -0.701946
v 1.017748 -0.282843 -0.780945
v 1.086539 -0.153073 -0.833730
v 0.989949 -0.000000 -0.989950
v 0.968419 0.153073 -0.968419
v 0.907107 0.282843 -0.907107
v 0.815346 0.369552 -0.815346
v 0.707107 0.400000 -0.707107
v 0.598867 0.369552 -0.598868
v 0.507107 0.282843 -0.507107
v 0.445794 0.153073 -0.445794
v 0.424264 -0.000000 -0.424264
v 0.445794 -0.153073 -0.445794
v 0.507107 -0.282843 -0.507107
v 0.598867 -0.369552 -0.598868
v 0.707107 -0.400000 -0.707107
v 0.815346 -0.369552 -0.815346
v 0.907107 -0.282843 -0.907107
v 0.968419 -0.153073 -0.968419
v 0.852266 -0.000000 -1.110694
v 0.833730 0.153073 -1.086538
v 0.780945 0.282843 -1.017747
v 0.701947 0.369552 -0.914795
v 0.608762 0.400000 -0.793353
v 0.515576 0.369552 -0.671912
v 0.436578 0.282843 -0.568959
v 0.383793 0.153073 -0.500168
v 0.365257 -0.000000 -0.476012
v 0.383793 -0.153073 -0.500168
v 0.436578 -0.282843 -0.568959
v 0.515576 -0.369552 -0.671912
v 0.608762 -0.400000 -0.793353
v 0.701947 -0.369552 -0.914795
v 0.780945 -0.282843 -1.017747
v 0.833730 -0.153073 -1.086538
v 0.700000 -0.000000 -1.212436
v 0.684776 0.153073 -1.186067
v 0.641421 0.282843 -1.110974
v 0.576537 0.369552 -0.998591
v 0.500000 0.400000 -0.866025
v 0.423463 0.369552 -0.733460
v 0.358579 0.282843 -0.621076
v 0.315224 0.153073 -0.545984
v 0.300000 -0.000000 -0.519615
v 0.315224 -0.153073 -0.545984
v 0.358579 -0.282843 -0.621076
v 0.423463 -0.369552 -0.733460
v 0.500000 -0.400000 -0.866025
v 0.576537 -0.369552 -0.998591
v 0.641421 -0.282843 -1.110974
v 0.684776 -0.153073 -1.186067
v 0.535757 -0.000000 -1.293431
v 0.524105 0.153073 -1.265301
v 0.490923 0.282843 -1.185192
v 0.441262 0.369552 -1.065301
v 0.382684 0.400000 -0.923879
v 0.324105 0.369552 -0.782458
v 0.274444 0.282843 -0.662567
v 0.241262 0.153073 -0.582458
v 0.229610 -0.000000 -0.554328
v 0.241262 -0.153073 -0.582458
v 0.274444 -0.282843 -0.662567
v 0.324105 -0.369552 -0.782458
v 0.382684 -0.400000 -0.923879
v 0.441262 -0.369552 -1.065301
v 0.490923 -0.282843 -1.185192
v 0.524105 -0.153073 -1.265301
v 0.362347 -0.000000 -1.352296
v 0.354466 0.153073 -1.322885
v 0.332024 0.282843 -1.239131
v 0.298437 0.369552 -1.113783
v 0.258819 0.400000 -0.965926
v 0.219201 0.369552 -0.818068
v 0.185614 0.282843 -0.692721
v 0.163172 0.153073 -0.608966
v 0.155291 -0.000000 -0.579556
v 0.163172 -0.153073 -0.608966
v 0.185614 -0.282843 -0.692721
v 0.219201 -0.369552 -0.818068
v 0.258819 -0.400000 -0.965926
v 0.298437 -0.369552 -1.113783
v 0.332024 -0.282843 -1.239131
v 0.354466 -0.153073 -1.322885
v 0.182736 -0.000000 -1.388023
v 0.178762 0.153073 -1.357835
v 0.167444 0.282843 -1.271868
v 0.150506 0.369552 -1.143209
v 0.130526 0.400000 -0.991445
v 0.110546 0.369552 -0.839681
v 0.093608 0.282843 -0.711022
v 0.082290 0.153073 -0.625055
v 0.078316 -0.000000 -0.594867
v 0.082290 -0.153073 -0.625055
v 0.093608 -0.282843 -0.711022
v 0.110546 -0.369552 -0.839681
v 0.130526 -0.400000 -0.991445
v 0.150506 -0.369552 -1.143209
v 0.167444 -0.282843 -1.271868
v 0.178762 -0.153073 -1.357835
v 0.000000 -0.000000 -1.400000
v 0.000000 0.153073 -1.369552
v 0.000000 0.282843 -1.282843
v 0.000000 0.369552 -1.153073
v 0.000000 0.400000 -1.000000
v 0.000000 0.369552 -0.846927
v 0.000000 0.282843 -0.717157
v 0.000000 0.153073 -0.630448
v 0.000000 -0.000000 -0.600000
v 0.000000 -0.153073 -0.630448
v 0.000000 -0.282843 -0.717157
v 0.000000 -0.369552 -0.846927
v 0.000000 -0.400000 -1.000000
v 0.000000 -0.369552 -1.153073
v 0.000000 -0.282843 -1.282843
v 0.000000 -0.153073 -1.369552
v -0.182737 -0.000000 -1.388023
v -0.178763 0.153073 -1.357835
v -0.167445 0.282843 -1.271868
v -0.150506 0.369552 -1.143209
v -0.130526 0.400000 -0.991445
v -0.110546 0.369552 -0.839681
v -0.093608 0.282843 -0.711022
v -0.082290 0.153073 -0.625055
v -0.078316 -0.000000 -0.594867
v -0.082290 -0.153073 -0.625055
v -0.093608 -0.282843 -0.711022
v -0.110546 -0.369552 -0.839681
v -0.130526 -0.400000 -0.991445
v -0.150506 -0.369552 -1.143209
v -0.167445 -0.282843 -1.271868
v -0.178763 -0.153073 -1.357835
v -0.362347 -0.000000 -1.352296
v -0.354466 0.153073 -1.322886
v -0.332024 0.282843 -1.239131
v -0.298437 0.369552 -1.113783
v -0.258819 0.400000 -0.965926
v -0.219201 0.369552 -0.818068
v -0.185614 0.282843 -0.692721
v -0.163172 0.153073 -0.608966
v -0.155291 -0.000000 -0.579556
v -0.163172 -0.153073 -0.608966
v -0.185614 -0.282843 -0.692721
v -0.219201 -0.369552 -0.818068
v -0.258819 -0.400000 -0.965926
v -0.298437 -0.369552 -1.113783
v -0.332024 -0.282843 -1.239131
v -0.354466 -0.153073 -1.322886
v -0.535757 -0.000000 -1.293431
v -0.524105 0.153073 -1.265301
v -0.490923 0.282843 -1.185192
v -0.441262 0.369552 -1.065301
v -0.382684 0.400000 -0.923880
v -0.324105 0.369552 -0.782458
v -0.274444 0.282843 -0.662567
v -0.241262 0.153073 -0.582458
v -0.229610 -0.000000 -0.554328
v -0.241262 -0.153073 -0.582458
v -0.274444 -0.282843 -0.662567
v -0.324105 -0.369552 -0.782458
v -0.382684 -0.400000 -0.923880
v -0.441262 -0.369552 -1.065301
v -0.490923 -0.282843 -1.185192
v -0.524105 -0.153073 -1.265301
v -0.700000 -0.000000 -1.212436
v -0.684776 0.153073 -1.186067
v -0.641421 0.282843 -1.110975
v -0.576537 0.369552 -0.998591
v -0.500000 0.400000 -0.866026
v -0.423463 0.369552 -0.733460
v -0.358579 0.282843 -0.621077
v -0.315224 0.153073 -0.545984
v -0.300000 -0.000000 -0.519615
v -0.315224 -0.153073 -0.545984
v -0.358579 -0.282843 -0.621077
v -0.423463 -0.369552 -0.733460
v -0.500000 -0.400000 -0.866026
v -0.576537 -0.369552 -0.998591
v -0.641421 -0.282843 -1.110975
v -0.684776 -0.153073 -1.186067
v -0.852266 -0.000000 -1.110695
v -0.833730 0.153073 -1.086538
v -0.780945 0.282843 -1.017748
v -0.701947 0.369552 -0.914795
v -0.608761 0.400000 -0.793353
v -0.515576 0.369552 -0.671912
v -0.436578 0.282843 -0.568959
v -0.383793 0.153073 -0.500168
v -0.365257 -0.000000 -0.476012
v -0.383793 -0.153073 -0.500168
v -0.436578 -0.282843 -0.568959
v -0.515576 -0.369552 -0.671912
v -0.608761 -0.400000 -0.793353
v -0.701947 -0.369552 -0.914795
v -0.780945 -0.282843 -1.017748
v -0.833730 -0.153073 -1.086538
v -0.989950 -0.000000 -0.989949
v -0.968420 0.153073 -0.968419
v -0.907107 0.282843 -0.907107
v -0.815346 0.369552 -0.815346
v -0.707107 0.400000 -0.707107
v -0.598868 0.369552 -0.598867
v -0.507107 0.282843 -0.507107
v -0.445794 0.153073 -0.445794
v -0.424264 -0.000000 -0.424264
v -0.445794 -0.153073 -0.445794
v -0.507107 -0.282843 -0.507107
v -0.598868 -0.369552 -0.598867
v -0.707107 -0.400000 -0.707107
v -0.815346 -0.369552 -0.815346
v -0.907107 -0.282843 -0.907107
v -0.968420 -0.153073 -0.968419
v -1.110695 -0.000000 -0.852266
v -1.086538 0.153073 -0.833730
v -1.017748 0.282843 -0.780945
v -0.914795 0.369552 -0.701947
v -0.793353 0.400000 -0.608761
v -0.671912 0.369552 -0.515576
v -0.568959 0.282843 -0.436578
v -0.500168 0.153073 -0.383793
v -0.476012 -0.000000 -0.365257
v -0.500168 -0.153073 -0.383793
v -0.568959 -0.282843 -0.436578
v -0.671912 -0.369552 -0.515576
v -0.793353 -0.400000 -0.608761
v -0.914795 -0.369552 -0.701947
v -1.017748 -0.282843 -0.780945
v -1.086538 -0.153073 -0.833730
v -1.212435 -0.000000 -0.700000
v -1.186066 0.153073 -0.684776
v -1.110974 0.282843 -0.641422
v -0.998591 0.369552 -0.576537
v -0.866025 0.400000 -0.500000
v -0.733460 0.369552 -0.423464
v -0.621076 0.282843 -0.358579
v -0.545984 0.153073 -0.315224
v -0.519615 -0.000000 -0.300000
v -0.545984 -0.153073 -0.315224
v -0.621076 -0.282843 -0.358579
v -0.733460 -0.369552 -0.423464
v -0.866025 -0.400000 -0.500000
v -0.998591 -0.369552 -0.576537
v -1.110974 -0.282843 -0.641422
v -1.186066 -0.153073 -0.684776
v -1.293431 -0.000000 -0.535757
v -1.265301 0.153073 -0.524105
v -1.185192 0.282843 -0.490923
v -1.065301 0.369552 -0.441262
v -0.923880 0.400000 -0.382683
v -0.782458 0.369552 -0.324105
v -0.662567 0.282843 -0.274444
v -0.582458 0.153073 -0.241262
v -0.554328 -0.000000 -0.229610
v -0.582458 -0.153073 -0.241262
v -0.662567 -0.282843 -0.274444
v -0.782458 -0.369552 -0.324105
v -0.923880 -0.400000 -0.382683
v -1.065301 -0.369552 -0.441262
v -1.185192 -0.282843 -0.490923
v -1.265301 -0.153073 -0.524105
v -1.352296 -0.000000 -0.362347
v -1.322886 0.153073 -0.354466
v -1.239131 0.282843 -0.332024
v -1.113783 0.369552 -0.298437
v -0.965926 0.400000 -0.258819
v -0.818068 0.369552 -0.219201
v -0.692721 0.282843 -0.185614
v -0.608966 0.153073 -0.163172
v -0.579556 -0.000000 -0.155291
v -0.608966 -0.153073 -0.163172
v -0.692721 -0.282843 -0.185614
v -0.818068 -0.369552 -0.219201
v -0.965926 -0.400000 -0.258819
v -1.113783 -0.369552 -0.298437
v -1.239131 -0.282843 -0.332024
v -1.322886 -0.153073 -0.354466
v -1.388023 -0.000000 -0.182737
v -1.357835 0.153073 -0.178763
v -1.271868 0.282843 -0.167445
v -1.143209 0.369552 -0.150506
v -0.991445 0.400000 -0.130526
v -0.839681 0.369552 -0.110546
v -0.711022 0.282843 -0.093608
v -0.625055 0.153073 -0.082290
v -0.594867 -0.000000 -0.078316
v -0.625055 -0.153073 -0.082290
v -0.711022 -0.282843 -0.093608
v -0.839681 -0.369552 -0.110546
v -0.991445 -0.400000 -0.130526
v -1.143209 -0.369552 -0.150506
v -1.271868 -0.282843 -0.167445
v -1.357835 -0.153073 -0.178763
v -1.400000 0.000000 0.000000
v -1.369552 0.153073 -0.000000
v -1.282843 0.282843 -0.000000
v -1.153073 0.369552 -0.000000
v -1.000000 0.400000 -0.000000
v -0.846927 0.369552 -0.000000
v -0.717157 0.282843 -0.000000
v -0.630448 0.153073 -0.000000
v -0.600000 0.000000 0.000000
v -0.630448 -0.153073 0.000000
v -0.717157 -0.282843 0.000000
v -0.846927 -0.369552 0.000000
v -1.000000 -0.400000 0.000000
v -1.153073 -0.369552 0.000000
v -1.282843 -0.282843 0.000000
v -1.369552 -0.153073 0.000000
v -1.388023 0.000000 0.182737
v -1.357835 0.153073 0.178763
v -1.271868 0.282843 0.167445
v -1.143209 0.369552 0.150506
v -0.991445 0.400000 0.130526
v -0.839681 0.369552 0.110546
v -0.711022 0.282843 0.093608
v -0.625055 0.153073 0.082290
v -0.594867 0.000000 0.078316
v -0.625055 -0.153073 0.082290
v -0.711022 -0.282843 0.093608
v -0.839681 -0.369552 0.110546
v -0.991445 -0.400000 0.130526
v -1.143209 -0.369552 0.150506
v -1.271868 -0.282843 0.167445
v -1.357835 -0.153073 0.178763
v -1.352296 0.000000 0.362347
v -1.322886 0.153073 0.354466
v -1.239131 0.282843 0.332024
v -1.113783 0.369552 0.298437
v -0.965926 0.400000 0.258819
v -0.818068 0.369552 0.219201
v -0.692721 0.282843 0.185614
v -0.608966 0.153073 0.163172
v -0.579556 0.000000 0.155291
v -0.608966 -0.153073 0.163172
v -0.692721 -0.282843 0.185614
v -0.818068 -0.369552 0.219201
v -0.965926 -0.400000 0.258819
v -1.113783 -0.369552 0.298437
v -1.239131 -0.282843 0.332024
v -1.322886 -0.153073 0.354466
v -1.293432 0.000000 0.535756
v -1.265301 0.153073 0.524104
v -1.185192 0.282843 0.490922
v -1.065301 0.369552 0.441262
v -0.923880 0.400000 0.382683
v -0.782458 0.369552 0.324104
v -0.662567 0.282843 0.274444
v -0.582458 0.153073 0.241262
v -0.554328 0.000000 0.229610
v -0.582458 -0.153073 0.241262
v -0.662567 -0.282843 0.274444
v -0.782458 -0.369552 0.324104
v -0.923880 -0.400000 0.382683
v -1.065301 -0.369552 0.441262
v -1.185192 -0.282843 0.490922
v -1.265301 -0.153073 0.524104
v -1.212436 0.000000 0.700000
v -1.186067 0.153073 0.684776
v -1.110975 0.282843 0.641421
v -0.998591 0.369552 0.576537
v -0.866026 0.400000 0.500000
v -0.733460 0.369552 0.423463
v -0.621077 0.282843 0.358579
v -0.545984 0.153073 0.315224
v -0.519615 0.000000 0.300000
v -0.545984 -0.153073 0.315224
v -0.621077 -0.282843 0.358579
v -0.733460 -0.369552 0.423463
v -0.866026 -0.400000 0.500000
v -0.998591 -0.369552 0.576537
v -1.110975 -0.282843 0.641421
v -1.186067 -0.153073 0.684776
v -1.110695 0.000000 0.852266
v -1.086538 0.153073 0.833730
v -1.017748 0.282843 0.780945
v -0.914795 0.369552 0.701947
v -0.793353 0.400000 0.608761
v -0.671912 0.369552 0.515576
v -0.568959 0.282843 0.436578
v -0.500168 0.153073 0.383793
v -0.476012 0.000000 0.365257
v -0.500168 -0.153073 0.383793
v -0.568959 -0.282843 0.436578
v -0.671912 -0.369552 0.515576
v -0.793353 -0.400000 0.608761
v -0.914795 -0.369552 0.701947
v -1.017748 -0.282843 0.780945
v -1.086538 -0.153073 0.833730
v -0.989950 0.000000 0.989949
v -0.968420 0.153073 0.968419
v -0.907107 0.282843 0.907107
v -0.815346 0.369552 0.815346
v -0.707107 0.400000 0.707107
v -0.598868 0.369552 0.598867
v -0.507107 0.282843 0.507107
v -0.445794 0.153073 0.445794
v -0.424264 0.000000 0.424264
v -0.445794 -0.153073 0.445794
v -0.507107 -0.282843 0.507107
v -0.598868 -0.369552 0.598867
v -0.707107 -0.400000 0.707107
v -0.815346 -0.369552 0.815346
v -0.907107 -0.282843 0.907107
v -0.968420 -0.153073 0.968419
v -0.852267 0.000000 1.110694
v -0.833731 0.153073 1.086538
v -0.780946 0.282843 1.017747
v -0.701947 0.369552 0.914794
v -0.608762 0.400000 0.793353
v -0.515577 0.369552 0.671912
v -0.436578 0.282843 0.568959
v -0.383793 0.153073 0.500168
v -0.365257 0.000000 0.476012
v -0.383793 -0.153073 0.500168
v -0.436578 -0.282843 0.568959
v -0.515577 -0.369552 0.671912
v -0.608762 -0.400000 0.793353
v -0.701947 -0.369552 0.914794
v -0.780946 -0.282843 1.017747
v -0.833731 -0.153073 1.086538
v -0.700000 0.000000 1.212436
v -0.684776 0.153073 1.186067
v -0.641421 0.282843 1.110975
v -0.576537 0.369552 0.998591
v -0.500000 0.400000 0.866026
v -0.423463 0.369552 0.733460
v -0.358579 0.282843 0.621077
v -0.315224 0.153073 0.545984
v -0.300000 0.000000 0.519615
v -0.315224 -0.153073 0.545984
v -0.358579 -0.282843 0.621077
v -0.423463 -0.369552 0.733460
v -0.500000 -0.400000 0.866026
v -0.576537 -0.369552 0.998591
v -0.641421 -0.282843 1.110975
v -0.684776 -0.153073 1.186067
v -0.535757 0.000000 1.293431
v -0.524105 0.153073 1.265301
v -0.490923 0.282843 1.185192
v -0.441262 0.369552 1.065301
v -0.382684 0.400000 0.923880
v -0.324105 0.369552 0.782458
v -0.274444 0.282843 0.662567
v -0.241262 0.153073 0.582458
v -0.229610 0.000000 0.554328
v -0.241262 -0.153073 0.582458
v -0.274444 -0.282843 0.662567
v -0.324105 -0.369552 0.782458
v -0.382684 -0.400000 0.923880
v -0.441262 -0.369552 1.065301
v -0.490923 -0.282843 1.185192
v -0.524105 -0.153073 1.265301
v -0.362347 0.000000 1.352296
v -0.354467 0.153073 1.322885
v -0.332025 0.282843 1.239131
v -0.298438 0.369552 1.113783
v -0.258819 0.400000 0.965926
v -0.219201 0.369552 0.818068
v -0.185614 0.282843 0.692721
v -0.163172 0.153073 0.608966
v -0.155292 0.000000 0.579555
v -0.163172 -0.153073 0.608966
v -0.185614 -0.282843 0.692721
v -0.219201 -0.369552 0.818068
v -0.258819 -0.400000 0.965926
v -0.298438 -0.369552 1.113783
v -0.332025 -0.282843 1.239131
v -0.354467 -0.153073 1.322885
v -0.182738 0.000000 1.388023
v -0.178763 0.153073 1.357835
v -0.167445 0.282843 1.271868
v -0.150507 0.369552 1.143209
v -0.130527 0.400000 0.991445
v -0.110547 0.369552 0.839681
v -0.093608 0.282843 0.711022
v -0.082290 0.153073 0.625055
v -0.078316 0.000000 0.594867
v -0.082290 -0.153073 0.625055
v -0.093608 -0.282843 0.711022
v -0.110547 -0.369552 0.839681
v -0.130527 -0.400000 0.991445
v -0.150507 -0.369552 1.143209
v -0.167445 -0.282843 1.271868
v -0.178763 -0.153073 1.357835
v 0.000000 0.000000 1.400000
v 0.000000 0.153073 1.369552
v 0.000000 0.282843 1.282843
v 0.000000 0.369552 1.153073
v 0.000000 0.400000 1.000000
v 0.000000 0.369552 0.846927
v 0.000000 0.282843 0.717157
v 0.000000 0.153073 0.630448
v 0.000000 0.000000 0.600000
v 0.000000 -0.153073 0.630448
v 0.000000 -0.282843 0.717157
v 0.000000 -0.369552 0.846927
v 0.000000 -0.400000 1.000000
v 0.000000 -0.369552 1.153073
v 0.000000 -0.282843 1.282843
v 0.000000 -0.153073 1.369552
v 0.182736 0.000000 1.388023
v 0.178762 0.153073 1.357835
v 0.167444 0.282843 1.271868
v 0.150506 0.369552 1.143209
v 0.130526 0.400000 0.991445
v 0.110546 0.369552 0.839681
v 0.093608 0.282843 0.711022
v 0.082290 0.153073 0.625055
v 0.078316 0.000000 0.594867
v 0.082290 -0.153073 0.625055
v 0.093608 -0.282843 0.711022
v 0.110546 -0.369552 0.839681
v 0.130526 -0.400000 0.991445
v 0.150506 -0.369552 1.143209
v 0.167444 -0.282843 1.271868
v 0.178762 -0.153073 1.357835
v 0.362346 0.000000 1.352296
v 0.354465 0.153073 1.322886
v 0.332024 0.282843 1.239131
v 0.298437 0.369552 1.113783
v 0.258819 0.400000 0.965926
v 0.219200 0.369552 0.818068
v 0.185614 0.282843 0.692721
v 0.163172 0.153073 0.608966
v 0.155291 0.000000 0.579556
v 0.163172 -0.153073 0.608966
v 0.185614 -0.282843 0.692721
v 0.219200 -0.369552 0.818068
v 0.258819 -0.400000 0.965926
v 0.298437 -0.369552 1.113783
v 0.332024 -0.282843 1.239131
v 0.354465 -0.153073 1.322886
v 0.535757 0.000000 1.293431
v 0.524105 0.153073 1.265301
v 0.490923 0.282843 1.185192
v 0.441262 0.369552 1.065301
v 0.382684 0.400000 0.923879
v 0.324105 0.369552 0.782458
v 0.274444 0.282843 0.662567
v 0.241262 0.153073 0.582458
v 0.229610 0.000000 0.554328
v 0.241262 -0.153073 0.582458
v 0.274444 -0.282843 0.662567
v 0.324105 -0.369552 0.782458
v 0.382684 -0.400000 0.923879
v 0.441262 -0.369552 1.065301
v 0.490923 -0.282843 1.185192
v 0.524105 -0.153073 1.265301
v 0.700000 0.000000 1.212436
v 0.684776 0.153073 1.186067
v 0.641421 0.282843 1.110974
v 0.576537 0.369552 0.998591
v 0.500000 0.400000 0.866025
v 0.423463 0.369552 0.733460
v 0.358579 0.282843 0.621076
v 0.315224 0.153073 0.545984
v 0.300000 0.000000 0.519615
v 0.315224 -0.153073 0.545984
v 0.358579 -0.282843 0.621076
v 0.423463 -0.369552 0.733460
v 0.500000 -0.400000 0.866025
v 0.576537 -0.369552 0.998591
v 0.641421 -0.282843 1.110974
v 0.684776 -0.153073 1.186067
v 0.852266 0.000000 1.110695
v 0.833730 0.153073 1.086539
v 0.780945 0.282843 1.017748
v 0.701946 0.369552 0.914795
v 0.608761 0.400000 0.793353
v 0.515576 0.369552 0.671912
v 0.436578 0.282843 0.568959
v 0.383792 0.153073 0.500168
v 0.365257 0.000000 0.476012
v 0.383792 -0.153073 0.500168
v 0.436578 -0.282843 0.568959
v 0.515576 -0.369552 0.671912
v 0.608761 -0.400000 0.793353
v 0.701946 -0.369552 0.914795
v 0.780945 -0.282843 1.017748
v 0.833730 -0.153073 1.086539
v 0.989949 0.000000 0.989950
v 0.968419 0.153073 0.968420
v 0.907106 0.282843 0.907107
v 0.815346 0.369552 0.815346
v 0.707106 0.400000 0.707107
v 0.598867 0.369552 0.598868
v 0.507107 0.282843 0.507107
v 0.445794 0.153073 0.445794
v 0.424264 0.000000 0.424264
v 0.445794 -0.153073 0.445794
v 0.507107 -0.282843 0.507107
v 0.598867 -0.369552 0.598868
v 0.707106 -0.400000 0.707107
v 0.815346 -0.369552 0.815346
v 0.907106 -0.282843 0.907107
v 0.968419 -0.153073 0.968420
v 1.110695 0.000000 0.852266
v 1.086539 0.153073 0.833730
v 1.017748 0.282843 0.780945
v 0.914795 0.369552 0.701946
v 0.793353 0.400000 0.608761
v 0.671912 0.369552 0.515576
v 0.568959 0.282843 0.436578
v 0.500168 0.153073 0.383792
v 0.476012 0.000000 0.365257
v 0.500168 -0.153073 0.383792
v 0.568959 -0.282843 0.436578
v 0.671912 -0.369552 0.515576
v 0.793353 -0.400000 0.608761
v 0.914795 -0.369552 0.701946
v 1.017748 -0.282843 0.780945
v 1.086539 -0.153073 0.833730
v 1.212435 0.000000 0.700000
v 1.186067 0.153073 0.684776
v 1.110974 0.282843 0.641422
v 0.998591 0.369552 0.576537
v 0.866025 0.400000 0.500000
v 0.733460 0.369552 0.423463
v 0.621076 0.282843 0.358579
v 0.545984 0.153073 0.315224
v 0.519615 0.000000 0.300000
v 0.545984 -0.153073 0.315224
v 0.621076 -0.282843 0.358579
v 0.733460 -0.369552 0.423463
v 0.866025 -0.400000 0.500000
v 0.998591 -0.369552 0.576537
v 1.110974 -0.282843 0.641422
v 1.186067 -0.153073 0.684776
v 1.293431 0.000000 0.535757
v 1.265301 0.153073 0.524105
v 1.185192 0.282843 0.490923
v 1.065301 0.369552 0.441263
v 0.923879 0.400000 0.382684
v 0.782458 0.369552 0.324105
v 0.662567 0.282843 0.274444
v 0.582458 0.153073 0.241262
v 0.554328 0.000000 0.229610
v 0.582458 -0.153073 0.241262
v 0.662567 -0.282843 0.274444
v 0.782458 -0.369552 0.324105
v 0.923879 -0.400000 0.382684
v 1.065301 -0.369552 0.441263
v 1.185192 -0.282843 0.490923
v 1.265301 -0.153073 0.524105
v 1.352296 0.000000 0.362346
v 1.322886 0.153073 0.354466
v 1.239131 0.282843 0.332024
v 1.113783 0.369552 0.298437
v 0.965926 0.400000 0.258819
v 0.818068 0.369552 0.219201
v 0.692721 0.282843 0.185614
v 0.608966 0.153073 0.163172
v 0.579556 0.000000 0.155291
v 0.608966 -0.153073 0.163172
v 0.692721 -0.282843 0.185614
v 0.818068 -0.369552 0.219201
v 0.965926 -0.400000 0.258819
v 1.113783 -0.369552 0.298437
v 1.239131 -0.282843 0.332024
v 1.322886 -0.153073 0.354466
v 1.388023 0.000000 0.182737
v 1.357835 0.153073 0.178762
v 1.271868 0.282843 0.167445
v 1.143209 0.369552 0.150506
v 0.991445 0.400000 0.130526
v 0.839681 0.369552 0.110546
v 0.711022 0.282843 0.093608
v 0.625055 0.153073 0.082290
v 0.594867 0.000000 0.078316
v 0.625055 -0.153073 0.082290
v 0.711022 -0.282843 0.093608
v 0.839681 -0.369552 0.110546
v 0.991445 -0.400000 0.130526
v 1.143209 -0.369552 0.150506
v 1.271868 -0.282843 0.167445
v 1.357835 -0.153073 0.178762
vn 1.0000 -0.0000 -0.0000
vn 0.9171 0.3798 -0.1207
vn 0.9251 0.3798 -0.0000
vn 0.7050 0.7031 -0.0928
vn 0.7111 0.7031 -0.0000
vn 0.3862 0.9210 -0.0508
vn 0.3896 0.9210 -0.0000
vn 0.0081 1.0000 -0.0011
vn 0.0081 1.0000 -0.0000
vn -0.3725 0.9267 0.0490
vn -0.3757 0.9267 -0.0000
vn -0.6970 0.7112 0.0918
vn -0.7030 0.7112 -0.0000
vn -0.9148 0.3856 0.1204
vn -0.9227 0.3856 -0.0000
vn -0.9914 -0.0000 0.1305
vn -1.0000 -0.0000 -0.0000
vn -0.9148 -0.3856 0.1204
vn -0.9227 -0.3856 -0.0000
vn -0.6970 -0.7112 0.0918
vn -0.7030 -0.7112 -0.0000
vn -0.3725 -0.9267 0.0490
vn -0.3757 -0.9267 -0.0000
vn 0.0081 -1.0000 -0.0011
vn 0.0081 -1.0000 -0.0000
vn 0.3862 -0.9210 -0.0509
vn 0.3896 -0.9210 -0.0000
vn 0.7050 -0.7031 -0.0928
vn 0.7111 -0.7031 -0.0000
vn 0.9171 -0.3798 -0.1207
vn 0.9251 -0.3798 -0.0000
vn 0.9914 -0.0000 -0.1305
vn 0.8935 0.3798 -0.2394
vn 0.6869 0.7031 -0.1841
vn 0.3763 0.9210 -0.1008
vn 0.0079 1.0000 -0.0021
vn -0.3629 0.9267 0.0972
vn -0.6790 0.7112 0.1819
vn -0.8912 0.3856 0.2388
vn -0.9659 -0.0000 0.2588
vn -0.8912 -0.3856 0.2388
vn -0.6790 -0.7112 0.1820
vn -0.3629 -0.9267 0.0972
vn 0.0079 -1.0000 -0.0021
vn 0.3763 -0.9210 -0.1008
vn 0.6869 -0.7031 -0.1841
vn 0.8935 -0.3798 -0.2394
vn 0.9659 -0.0000 -0.2588
vn 0.8546 0.3798 -0.3540
vn 0.6570 0.7031 -0.2721
vn 0.3599 0.9210 -0.1491
vn 0.0075 1.0000 -0.0031
vn -0.3471 0.9267 0.1438
vn -0.6495 0.7112 0.2690
vn -0.8524 0.3856 0.3531
vn -0.9239 -0.0000 0.3827
vn -0.8524 -0.3856 0.3531
vn -0.6495 -0.7112 0.2690
vn -0.3471 -0.9267 0.1438
vn 0.0075 -1.0000 -0.0031
vn 0.3599 -0.9210 -0.1491
vn 0.6570 -0.7031 -0.2721
vn 0.8546 -0.3798 -0.3540
vn 0.9239 -0.0000 -0.3827
vn 0.8011 0.3798 -0.4625
vn 0.6159 0.7031 -0.3556
vn 0.3374 0.9210 -0.1948
vn 0.0070 1.0000 -0.0041
vn -0.3254 0.9267 0.1879
vn -0.6088 0.7112 0.3515
vn -0.7991 0.3856 0.4613
vn -0.8660 -0.0000 0.5000
vn -0.7991 -0.3856 0.4613
vn -0.6088 -0.7112 0.3515
vn -0.3254 -0.9267 0.1879
vn 0.0070 -1.0000 -0.0041
vn 0.3374 -0.9210 -0.1948
vn 0.6158 -0.7031 -0.3556
vn 0.8011 -0.3798 -0.4625
vn 0.8660 -0.0000 -0.5000
vn 0.7339 0.3798 -0.5631
vn 0.5642 0.7031 -0.4329
vn 0.3091 0.9210 -0.2372
vn 0.0064 1.0000 -0.0049
vn -0.2981 0.9267 0.2287
vn -0.5577 0.7112 0.4280
vn -0.7320 0.3856 0.5617
vn -0.7934 -0.0000 0.6088
vn -0.7320 -0.3856 0.5617
vn -0.5577 -0.7112 0.4280
vn -0.2981 -0.9267 0.2287
vn 0.0064 -1.0000 -0.0049
vn 0.3091 -0.9210 -0.2372
vn 0.5642 -0.7031 -0.4329
vn 0.7339 -0.3798 -0.5631
vn 0.7934 -0.0000 -0.6088
vn 0.6541 0.3798 -0.6541
vn 0.5028 0.7031 -0.5028
vn 0.2755 0.9210 -0.2755
vn 0.0057 1.0000 -0.0057
vn -0.2657 0.9267 0.2657
vn -0.4971 0.7112 0.4971
vn -0.6524 0.3856 0.6524
vn -0.7071 -0.0000 0.7071
vn -0.6524 -0.3856 0.6524
vn -0.4971 -0.7112 0.4971
vn -0.2657 -0.9267 0.2657
vn 0.0057 -1.0000 -0.0057
vn 0.2755 -0.9210 -0.2755
vn 0.5028 -0.7031 -0.5028
vn 0.6541 -0.3798 -0.6541
vn 0.7071 -0.0000 -0.7071
vn 0.5631 0.3798 -0.7339
vn 0.4329 0.7031 -0.5642
vn 0.2372 0.9210 -0.3091
vn 0.0049 1.0000 -0.0064
vn -0.2287 0.9267 0.2981
vn -0.4280 0.7112 0.5577
vn -0.5617 0.3856 0.7320
vn -0.6088 -0.0000 0.7934
vn -0.5617 -0.3856 0.7320
vn -0.4280 -0.7112 0.5577
vn -0.2287 -0.9267 0.2981
vn 0.0049 -1.0000 -0.0064
vn 0.2372 -0.9210 -0.3091
vn 0.4329 -0.7031 -0.5642
vn 0.5631 -0.3798 -0.7339
vn 0.6088 -0.0000 -0.7934
vn 0.4625 0.3798 -0.8011
vn 0.3556 0.7031 -0.6158
vn 0.1948 0.9210 -0.3374
vn 0.0041 1.0000 -0.0070
vn -0.1879 0.9267 0.3254
vn -0.3515 0.7112 0.6088
vn -0.4613 0.3856 0.7991
vn -0.5000 -0.0000 0.8660
vn -0.4613 -0.3856 0.7991
vn -0.3515 -0.7112 0.6088
vn -0.1879 -0.9267 0.3254
vn 0.0041 -1.0000 -0.0070
vn 0.1948 -0.9210 -0.3374
vn 0.3556 -0.7031 -0.6159
vn 0.4625 -0.3798 -0.8011
vn 0.5000 -0.0000 -0.8660
vn 0.3540 0.3798 -0.8546
vn 0.2721 0.7031 -0.6570
vn 0.1491 0.9210 -0.3599
vn 0.0031 1.0000 -0.0075
vn -0.1438 0.9267 0.3471
vn -0.2690 0.7112 0.6495
vn -0.3531 0.3856 0.8524
vn -0.3827 -0.0000 0.9239
vn -0.3531 -0.3856 0.8524
vn -0.2690 -0.7112 0.6495
vn -0.1438 -0.9267 0.3471
vn 0.0031 -1.0000 -0.0075
vn 0.1491 -0.9210 -0.3599
vn 0.2721 -0.7031 -0.6570
vn 0.3540 -0.3798 -0.8546
vn 0.3827 -0.0000 -0.9239
vn 0.2394 0.3798 -0.8935
vn 0.1841 0.7031 -0.6869
vn 0.1008 0.9210 -0.3763
vn 0.0021 1.0000 -0.0079
vn -0.0972 0.9267 0.3629
vn -0.1820 0.7112 0.6790
vn -0.2388 0.3856 0.8912
vn -0.2588 -0.0000 0.9659
vn -0.2388 -0.3856 0.8912
vn -0.1819 -0.7112 0.6790
vn -0.0972 -0.9267 0.3629
vn 0.0021 -1.0000 -0.0079
vn 0.1008 -0.9210 -0.3763
vn 0.1841 -0.7031 -0.6869
vn 0.2394 -0.3798 -0.8935
vn 0.2588 -0.0000 -0.9659
vn 0.1207 0.3798 -0.9171
vn 0.0928 0.7031 -0.7050
vn 0.0509 0.9210 -0.3862
vn 0.0011 1.0000 -0.0081
vn -0.0490 0.9267 0.3725
vn -0.0918 0.7112 0.6970
vn -0.1204 0.3856 0.9148
vn -0.1305 -0.0000 0.9914
vn -0.1204 -0.3856 0.9148
vn -0.0918 -0.7112 0.6970
vn -0.0490 -0.9267 0.3725
vn 0.0011 -1.0000 -0.0081
vn 0.0508 -0.9210 -0.3862
vn 0.0928 -0.7031 -0.7050
vn 0.1207 -0.3798 -0.9171
vn 0.1305 -0.0000 -0.9914
vn -0.0000 0.3798 -0.9251
vn -0.0000 0.7031 -0.7111
vn -0.0000 0.9210 -0.3896
vn -0.0000 1.0000 -0.0081
vn -0.0000 0.9267 0.3757
vn -0.0000 0.7112 0.7030
vn -0.0000 0.3856 0.9227
vn -0.0000 -0.0000 1.0000
vn -0.0000 -0.3856 0.9227
vn -0.0000 -0.7112 0.7030
vn -0.0000 -0.9267 0.3757
vn -0.0000 -1.0000 -0.0081
vn -0.0000 -0.9210 -0.3896
vn -0.0000 -0.7031 -0.7111
vn -0.0000 -0.3798 -0.9251
vn -0.0000 -0.0000 -1.0000
vn -0.1207 0.3798 -0.9171
vn -0.0928 0.7031 -0.7050
vn -0.0508 0.9210 -0.3862
vn -0.0011 1.0000 -0.0081
vn 0.0490 0.9267 0.3725
vn 0.0918 0.7112 0.6970
vn 0.1204 0.3856 0.9148
vn 0.1305 -0.0000 0.9914
vn 0.1204 -0.3856 0.9148
vn 0.0918 -0.7112 0.6970
vn 0.0490 -0.9267 0.3725
vn -0.0011 -1.0000 -0.0081
vn -0.0509 -0.9210 -0.3862
vn -0.0928 -0.7031 -0.7050
vn -0.1207 -0.3798 -0.9171
vn -0.1305 -0.0000 -0.9914
vn -0.2394 0.3798 -0.8935
vn -0.1841 0.7031 -0.6869
vn -0.1008 0.9210 -0.3763
vn -0.0021 1.0000 -0.0079
vn 0.0972 0.9267 0.3629
vn 0.1819 0.7112 0.6790
vn 0.2388 0.3856 0.8912
vn 0.2588 -0.0000 0.9659
vn 0.2388 -0.3856 0.8912
vn 0.1820 -0.7112 0.6790
vn 0.0972 -0.9267 0.3629
vn -0.0021 -1.0000 -0.0078
vn -0.1008 -0.9210 -0.3763
vn -0.1841 -0.7031 -0.6869
vn -0.2394 -0.3798 -0.8935
vn -0.2588 -0.0000 -0.9659
vn -0.3540 0.3798 -0.8546
vn -0.2721 0.7031 -0.6570
vn -0.1491 0.9210 -0.3599
vn -0.0031 1.0000 -0.0075
vn 0.1438 0.9267 0.3471
vn 0.2690 0.7112 0.6495
vn 0.3531 0.3856 0.8524
vn 0.3827 -0.0000 0.9239
vn 0.3531 -0.3856 0.8524
vn 0.2690 -0.7112 0.6495
vn 0.1438 -0.9267 0.3471
vn -0.0031 -1.0000 -0.0075
vn -0.1491 -0.9210 -0.3599
vn -0.2721 -0.7031 -0.6570
vn -0.3540 -0.3798 -0.8546
vn -0.3827 -0.0000 -0.9239
vn -0.4625 0.3798 -0.8011
vn -0.3556 0.7031 -0.6159
vn -0.1948 0.9210 -0.3374
vn -0.0041 1.0000 -0.0070
vn 0.1879 0.9267 0.3254
vn 0.3515 0.7112 0.6088
vn 0.4613 0.3856 0.7991
vn 0.5000 -0.0000 0.8660
vn 0.4613 -0.3856 0.7991
vn 0.3515 -0.7112 0.6088
vn 0.1879 -0.9267 0.3254
vn -0.0041 -1.0000 -0.0070
vn -0.1948 -0.9210 -0.3374
vn -0.3556 -0.7031 -0.6159
vn -0.4625 -0.3798 -0.8011
vn -0.5000 -0.0000 -0.8660
vn -0.5631 0.3798 -0.7339
vn -0.4329 0.7031 -0.5642
vn -0.2372 0.9210 -0.3091
vn -0.0049 1.0000 -0.0064
vn 0.2287 0.9267 0.2981
vn 0.4280 0.7112 0.5577
vn 0.5617 0.3856 0.7320
vn 0.6088 -0.0000 0.7934
vn 0.5617 -0.3856 0.7320
vn 0.4280 -0.7112 0.5577
vn 0.2287 -0.9267 0.2981
vn -0.0049 -1.0000 -0.0064
vn -0.2372 -0.9210 -0.3091
vn -0.4329 -0.7031 -0.5642
vn -0.5631 -0.3798 -0.7339
vn -0.6088 -0.0000 -0.7934
vn -0.6541 0.3798 -0.6541
vn -0.5028 0.7031 -0.5028
vn -0.2755 0.9210 -0.2755
vn -0.0057 1.0000 -0.0057
vn 0.2657 0.9267 0.2657
vn 0.4971 0.7112 0.4971
vn 0.6524 0.3856 0.6524
vn 0.7071 -0.0000 0.7071
vn 0.6524 -0.3856 0.6524
vn 0.4971 -0.7112 0.4971
vn 0.2657 -0.9267 0.2657
vn -0.0057 -1.0000 -0.0057
vn -0.2755 -0.9210 -0.2755
vn -0.5028 -0.7031 -0.5028
vn -0.6541 -0.3798 -0.6541
vn -0.7071 -0.0000 -0.7071
vn -0.7339 0.3798 -0.5631
vn -0.5642 0.7031 -0.4329
vn -0.3091 0.9210 -0.2372
vn -0.0064 1.0000 -0.0049
vn 0.2981 0.9267 0.2287
vn 0.5577 0.7112 0.4280
vn 0.7320 0.3856 0.5617
vn 0.7934 -0.0000 0.6088
vn 0.7320 -0.3856 0.5617
vn 0.5577 -0.7112 0.4280
vn 0.2981 -0.9267 0.2287
vn -0.0064 -1.0000 -0.0049
vn -0.3091 -0.9210 -0.2372
vn -0.5642 -0.7031 -0.4329
vn -0.7339 -0.3798 -0.5631
vn -0.7934 -0.0000 -0.6088
vn -0.8011 0.3798 -0.4625
vn -0.6159 0.7031 -0.3556
vn -0.3374 0.9210 -0.1948
vn -0.0070 1.0000 -0.0041
vn 0.3254 0.9267 0.1879
vn 0.6088 0.7112 0.3515
vn 0.7991 0.3856 0.4613
vn 0.8660 -0.0000 0.5000
vn 0.7991 -0.3856 0.4613
vn 0.6088 -0.7112 0.3515
vn 0.3254 -0.9267 0.1879
vn -0.0070 -1.0000 -0.0041
vn -0.3374 -0.9210 -0.1948
vn -0.6159 -0.7031 -0.3556
vn -0.8011 -0.3798 -0.4625
vn -0.8660 -0.0000 -0.5000
vn -0.8546 0.3798 -0.3540
vn -0.6570 0.7031 -0.2721
vn -0.3599 0.9210 -0.1491
vn -0.0075 1.0000 -0.0031
vn 0.3471 0.9267 0.1438
vn 0.6495 0.7112 0.2690
vn 0.8524 0.3856 0.3531
vn 0.9239 -0.0000 0.3827
vn 0.8524 -0.3856 0.3531
vn 0.6495 -0.7112 0.2690
vn 0.3471 -0.9267 0.1438
vn -0.0075 -1.0000 -0.0031
vn -0.3599 -0.9210 -0.1491
vn -0.6570 -0.7031 -0.2721
vn -0.8546 -0.3798 -0.3540
vn -0.9239 -0.0000 -0.3827
vn -0.8935 0.3798 -0.2394
vn -0.6869 0.7031 -0.1841
vn -0.3763 0.9210 -0.1008
vn -0.0079 1.0000 -0.0021
vn 0.3629 0.9267 0.0972
vn 0.6790 0.7112 0.1820
vn 0.8912 0.3856 0.2388
vn 0.9659 -0.0000 0.2588
vn 0.8912 -0.3856 0.2388
vn 0.6790 -0.7112 0.1819
vn 0.3629 -0.9267 0.0972
vn -0.0079 -1.0000 -0.0021
vn -0.3763 -0.9210 -0.1008
vn -0.6869 -0.7031 -0.1841
vn -0.8935 -0.3798 -0.2394
vn -0.9659 -0.0000 -0.2588
vn -0.9171 0.3798 -0.1207
vn -0.7050 0.7031 -0.0928
vn -0.3862 0.9210 -0.0509
vn -0.0081 1.0000 -0.0011
vn 0.3725 0.9267 0.0490
vn 0.6970 0.7112 0.0918
vn 0.9148 0.3856 0.1204
vn 0.9914 -0.0000 0.1305
vn 0.9148 -0.3856 0.1204
vn 0.6970 -0.7112 0.0918
vn 0.3725 -0.9267 0.0490
vn -0.0081 -1.0000 -0.0011
vn -0.3862 -0.9210 -0.0508
vn -0.7050 -0.7031 -0.0928
vn -0.9171 -0.3798 -0.1207
vn -0.9914 -0.0000 -0.1305
vn -0.9251 0.3798 -0.0000
vn -0.7111 0.7031 -0.0000
vn -0.3896 0.9210 -0.0000
vn -0.0081 1.0000 -0.0000
vn 0.3757 0.9267 -0.0000
vn 0.7030 0.7112 -0.0000
vn 0.9227 0.3856 -0.0000
vn 0.9227 -0.3856 -0.0000
vn 0.7030 -0.7112 -0.0000
vn 0.3757 -0.9267 -0.0000
vn -0.0081 -1.0000 -0.0000
vn -0.3896 -0.9210 -0.0000
vn -0.7111 -0.7031 -0.0000
vn -0.9251 -0.3798 -0.0000
vn -0.9171 0.3798 0.1207
vn -0.7050 0.7031 0.0928
vn -0.3862 0.9210 0.0508
vn -0.0081 1.0000 0.0011
vn 0.3725 0.9267 -0.0490
vn 0.6970 0.7112 -0.0918
vn 0.9148 0.3856 -0.1204
vn 0.9148 -0.3856 -0.1204
vn 0.6970 -0.7112 -0.0918
vn 0.3725 -0.9267 -0.0490
vn -0.0081 -1.0000 0.0011
vn -0.3862 -0.9210 0.0509
vn -0.7050 -0.7031 0.0928
vn -0.9171 -0.3798 0.1207
vn -0.8935 0.3798 0.2394
vn -0.6869 0.7031 0.1841
vn -0.3763 0.9210 0.1008
vn -0.0079 1.0000 0.0021
vn 0.3629 0.9267 -0.0972
vn 0.6790 0.7112 -0.1819
vn 0.8912 0.3856 -0.2388
vn 0.8912 -0.3856 -0.2388
vn 0.6790 -0.7112 -0.1820
vn 0.3629 -0.9267 -0.0972
vn -0.0079 -1.0000 0.0021
vn -0.3763 -0.9210 0.1008
vn -0.6869 -0.7031 0.1841
vn -0.8935 -0.3798 0.2394
vn -0.8546 0.3798 0.3540
vn -0.6570 0.7031 0.2721
vn -0.3599 0.9210 0.1491
vn -0.0075 1.0000 0.0031
vn 0.3471 0.9267 -0.1438
vn 0.6495 0.7112 -0.2690
vn 0.8524 0.3856 -0.3531
vn 0.8524 -0.3856 -0.3531
vn 0.6495 -0.7112 -0.2690
vn 0.3471 -0.9267 -0.1438
vn -0.0075 -1.0000 0.0031
vn -0.3599 -0.9210 0.1491
vn -0.6570 -0.7031 0.2721
vn -0.8546 -0.3798 0.3540
vn -0.8011 0.3798 0.4625
vn -0.6159 0.7031 0.3556
vn -0.3374 0.9210 0.1948
vn -0.0070 1.0000 0.0041
vn 0.3254 0.9267 -0.1879
vn 0.6088 0.7112 -0.3515
vn 0.7991 0.3856 -0.4613
vn 0.7991 -0.3856 -0.4613
vn 0.6088 -0.7112 -0.3515
vn 0.3254 -0.9267 -0.1879
vn -0.0070 -1.0000 0.0041
vn -0.3374 -0.9210 0.1948
vn -0.6159 -0.7031 0.3556
vn -0.8011 -0.3798 0.4625
vn -0.7339 0.3798 0.5631
vn -0.5642 0.7031 0.4329
vn -0.3091 0.9210 0.2372
vn -0.0064 1.0000 0.0049
vn 0.2981 0.9267 -0.2287
vn 0.5577 0.7112 -0.4280
vn 0.7320 0.3856 -0.5617
vn 0.7320 -0.3856 -0.5617
vn 0.5577 -0.7112 -0.4280
vn 0.2981 -0.9267 -0.2287
vn -0.0064 -1.0000 0.0049
vn -0.3091 -0.9210 0.2372
vn -0.5642 -0.7031 0.4329
vn -0.7339 -0.3798 0.5631
vn -0.6541 0.3798 0.6541
vn -0.5028 0.7031 0.5028
vn -0.2755 0.9210 0.2755
vn -0.0057 1.0000 0.0057
vn 0.2657 0.9267 -0.2657
vn 0.4971 0.7112 -0.4971
vn 0.6524 0.3856 -0.6524
vn 0.6524 -0.3856 -0.6524
vn 0.4971 -0.7112 -0.4971
vn 0.2657 -0.9267 -0.2657
vn -0.0057 -1.0000 0.0057
vn -0.2755 -0.9210 0.2755
vn -0.5028 -0.7031 0.5028
vn -0.6541 -0.3798 0.6541
vn -0.5631 0.3798 0.7339
vn -0.4329 0.7031 0.5642
vn -0.2372 0.9210 0.3091
vn -0.0049 1.0000 0.0064
vn 0.2287 0.9267 -0.2981
vn 0.4280 0.7112 -0.5577
vn 0.5617 0.3856 -0.7320
vn 0.5617 -0.3856 -0.7320
vn 0.4280 -0.7112 -0.5577
vn 0.2287 -0.9267 -0.2981
vn -0.0049 -1.0000 0.0064
vn -0.2372 -0.9210 0.3091
vn -0.4329 -0.7031 0.5642
vn -0.5631 -0.3798 0.7339
vn -0.4625 0.3798 0.8011
vn -0.3556 0.7031 0.6159
vn -0.1948 0.9210 0.3374
vn -0.0041 1.0000 0.0070
vn 0.1879 0.9267 -0.3254
vn 0.3515 0.7112 -0.6088
vn 0.4613 0.3856 -0.7991
vn 0.4613 -0.3856 -0.7991
vn 0.3515 -0.7112 -0.6088
vn 0.1879 -0.9267 -0.3254
vn -0.0041 -1.0000 0.0070
vn -0.1948 -0.9210 0.3374
vn -0.3556 -0.7031 0.6159
vn -0.4625 -0.3798 0.8011
vn -0.3540 0.3798 0.8546
vn -0.2721 0.7031 0.6570
vn -0.1491 0.9210 0.3599
vn -0.0031 1.0000 0.0075
vn 0.1438 0.9267 -0.3471
vn 0.2690 0.7112 -0.6495
vn 0.3531 0.3856 -0.8524
vn 0.3531 -0.3856 -0.8524
vn 0.2690 -0.7112 -0.6495
vn 0.1438 -0.9267 -0.3471
vn -0.0031 -1.0000 0.0075
vn -0.1491 -0.9210 0.3599
vn -0.2721 -0.7031 0.6570
vn -0.3540 -0.3798 0.8546
vn -0.2394 0.3798 0.8935
vn -0.1841 0.7031 0.6869
vn -0.1008 0.9210 0.3763
vn -0.0021 1.0000 0.0078
vn 0.0972 0.9267 -0.3629
vn 0.1820 0.7112 -0.6790
vn 0.2388 0.3856 -0.8912
vn 0.2388 -0.3856 -0.8912
vn 0.1819 -0.7112 -0.6790
vn 0.0972 -0.9267 -0.3629
vn -0.0021 -1.0000 0.0078
vn -0.1008 -0.9210 0.3763
vn -0.1841 -0.7031 0.6869
vn -0.2394 -0.3798 0.8935
vn -0.1207 0.3798 0.9171
vn -0.0928 0.7031 0.7050
vn -0.0509 0.9210 0.3862
vn -0.0011 1.0000 0.0081
vn 0.0490 0.9267 -0.3725
vn 0.0918 0.7112 -0.6970
vn 0.1204 0.3856 -0.9148
vn 0.1204 -0.3856 -0.9148
vn 0.0918 -0.7112 -0.6970
vn 0.0490 -0.9267 -0.3725
vn -0.0011 -1.0000 0.0081
vn -0.0508 -0.9210 0.3862
vn -0.0928 -0.7031 0.7050
vn -0.1207 -0.3798 0.9171
vn -0.0000 0.3798 0.9251
vn -0.0000 0.7031 0.7111
vn -0.0000 0.9210 0.3896
vn -0.0000 1.0000 0.0081
vn -0.0000 0.9267 -0.3757
vn -0.0000 0.7112 -0.7030
vn -0.0000 0.3856 -0.9227
vn -0.0000 -0.3856 -0.9227
vn -0.0000 -0.7112 -0.7030
vn -0.0000 -0.9267 -0.3757
vn -0.0000 -1.0000 0.0081
vn -0.0000 -0.9210 0.3896
vn -0.0000 -0.7031 0.7111
vn -0.0000 -0.3798 0.9251
vn 0.1207 0.3798 0.9171
vn 0.0928 0.7031 0.7050
vn 0.0508 0.9210 0.3862
vn 0.0011 1.0000 0.0081
vn -0.0490 0.9267 -0.3725
vn -0.0918 0.7112 -0.6970
vn -0.1204 0.3856 -0.9148
vn -0.1204 -0.3856 -0.9148
vn -0.0918 -0.7112 -0.6970
vn -0.0490 -0.9267 -0.3725
vn 0.0011 -1.0000 0.0081
vn 0.0509 -0.9210 0.3862
vn 0.0928 -0.7031 0.7050
vn 0.1207 -0.3798 0.9171
vn 0.2394 0.3798 0.8935
vn 0.1841 0.7031 0.6869
vn 0.1008 0.9210 0.3763
vn 0.0021 1.0000 0.0079
vn -0.0972 0.9267 -0.3629
vn -0.1819 0.7112 -0.6790
vn -0.2388 0.3856 -0.8912
vn -0.2388 -0.3856 -0.8912
vn -0.1820 -0.7112 -0.6790
vn -0.0972 -0.9267 -0.3629
vn 0.0021 -1.0000 0.0079
vn 0.1008 -0.9210 0.3763
vn 0.1841 -0.7031 0.6869
vn 0.2394 -0.3798 0.8935
vn 0.3540 0.3798 0.8546
vn 0.2721 0.7031 0.6570
vn 0.1491 0.9210 0.3599
vn 0.0031 1.0000 0.0075
vn -0.1438 0.9267 -0.3471
vn -0.2690 0.7112 -0.6495
vn -0.3531 0.3856 -0.8524
vn -0.3531 -0.3856 -0.8524
vn -0.2690 -0.7112 -0.6495
vn -0.1438 -0.9267 -0.3471
vn 0.0031 -1.0000 0.0075
vn 0.1491 -0.9210 0.3599
vn 0.2721 -0.7031 0.6570
vn 0.3540 -0.3798 0.8546
vn 0.4625 0.3798 0.8011
vn 0.3556 0.7031 0.6159
vn 0.1948 0.9210 0.3374
vn 0.0041 1.0000 0.0070
vn -0.1879 0.9267 -0.3254
vn -0.3515 0.7112 -0.6088
vn -0.4613 0.3856 -0.7991
vn -0.4613 -0.3856 -0.7991
vn -0.3515 -0.7112 -0.6088
vn -0.1879 -0.9267 -0.3254
vn 0.0041 -1.0000 0.0070
vn 0.1948 -0.9210 0.3374
vn 0.3556 -0.7031 0.6158
vn 0.4625 -0.3798 0.8011
vn 0.5631 0.3798 0.7339
vn 0.4329 0.7031 0.5642
vn 0.2372 0.9210 0.3091
vn 0.0049 1.0000 0.0064
vn -0.2287 0.9267 -0.2981
vn -0.4280 0.7112 -0.5577
vn -0.5617 0.3856 -0.7320
vn -0.5617 -0.3856 -0.7320
vn -0.4280 -0.7112 -0.5577
vn -0.2287 -0.9267 -0.2981
vn 0.0049 -1.0000 0.0064
vn 0.2372 -0.9210 0.3091
vn 0.4329 -0.7031 0.5642
vn 0.5631 -0.3798 0.7339
vn 0.6541 0.3798 0.6541
vn 0.5028 0.7031 0.5028
vn 0.2755 0.9210 0.2755
vn 0.0057 1.0000 0.0057
vn -0.2657 0.9267 -0.2657
vn -0.4971 0.7112 -0.4971
vn -0.6524 0.3856 -0.6524
vn -0.6524 -0.3856 -0.6524
vn -0.4971 -0.7112 -0.4971
vn -0.2657 -0.9267 -0.2657
vn 0.0057 -1.0000 0.0057
vn 0.2755 -0.9210 0.2755
vn 0.5028 -0.7031 0.5028
vn 0.6541 -0.3798 0.6541
vn 0.7339 0.3798 0.5631
vn 0.5642 0.7031 0.4329
vn 0.3091 0.9210 0.2372
vn 0.0064 1.0000 0.0049
vn -0.2981 0.9267 -0.2287
vn -0.5577 0.7112 -0.4280
vn -0.7320 0.3856 -0.5617
vn -0.7320 -0.3856 -0.5617
vn -0.5577 -0.7112 -0.4280
vn -0.2981 -0.9267 -0.2287
vn 0.0064 -1.0000 0.0049
vn 0.3091 -0.9210 0.2372
vn 0.5642 -0.7031 0.4329
vn 0.7339 -0.3798 0.5631
vn 0.8011 0.3798 0.4625
vn 0.6158 0.7031 0.3556
vn 0.3374 0.9210 0.1948
vn 0.0070 1.0000 0.0041
vn -0.3254 0.9267 -0.1879
vn -0.6088 0.7112 -0.3515
vn -0.7991 0.3856 -0.4613
vn -0.7991 -0.3856 -0.4613
vn -0.6088 -0.7112 -0.3515
vn -0.3254 -0.9267 -0.1879
vn 0.0070 -1.0000 0.0041
vn 0.3374 -0.9210 0.1948
vn 0.6159 -0.7031 0.3556
vn 0.8011 -0.3798 0.4625
vn 0.8546 0.3798 0.3540
vn 0.6570 0.7031 0.2721
vn 0.3599 0.9210 0.1491
vn 0.0075 1.0000 0.0031
vn -0.3471 0.9267 -0.1438
vn -0.6495 0.7112 -0.2690
vn -0.8524 0.3856 -0.3531
vn -0.8524 -0.3856 -0.3531
vn -0.6495 -0.7112 -0.2690
vn -0.3471 -0.9267 -0.1438
vn 0.0075 -1.0000 0.0031
vn 0.3599 -0.9210 0.1491
vn 0.6570 -0.7031 0.2721
vn 0.8546 -0.3798 0.3540
vn 0.8935 0.3798 0.2394
vn 0.6869 0.7031 0.1841
vn 0.3763 0.9210 0.1008
vn 0.0079 1.0000 0.0021
vn -0.3629 0.9267 -0.0972
vn -0.6790 0.7112 -0.1820
vn -0.8912 0.3856 -0.2388
vn -0.8912 -0.3856 -0.2388
vn -0.6790 -0.7112 -0.1819
vn -0.3629 -0.9267 -0.0972
vn 0.0079 -1.0000 0.0021
vn 0.3763 -0.9210 0.1008
vn 0.6869 -0.7031 0.1841
vn 0.8935 -0.3798 0.2394
vn 0.9171 0.3798 0.1207
vn 0.7050 0.7031 0.0928
vn 0.3862 0.9210 0.0509
vn 0.0081 1.0000 0.0011
vn -0.3725 0.9267 -0.0490
vn -0.6970 0.7112 -0.0918
vn -0.9148 0.3856 -0.1204
vn -0.9148 -0.3856 -0.1204
vn -0.6970 -0.7112 -0.0918
vn -0.3725 -0.9267 -0.0490
vn 0.0081 -1.0000 0.0011
vn 0.3862 -0.9210 0.0508
vn 0.7050 -0.7031 0.0928
vn 0.9171 -0.3798 0.1207
vt 0.500000 0.500000
vt 0.520833 0.562500
vt 0.500000 0.562500
vt 0.520833 0.625000
vt 0.500000 0.625000
vt 0.520833 0.687500
vt 0.500000 0.687500
vt 0.520833 0.750000
vt 0.500000 0.750000
vt 0.520833 0.812500
vt 0.500000 0.812500
vt 0.520833 0.875000
vt 0.500000 0.875000
vt 0.520833 0.937500
vt 0.500000 0.937500
vt 0.520833 1.000000
vt 0.500000 1.000000
vt 0.500000 0.000000
vt 0.520833 0.062500
vt 0.500000 0.062500
vt 0.520833 0.125000
vt 0.500000 0.125000
vt 0.520833 0.187500
vt 0.500000 0.187500
vt 0.520833 0.250000
vt 0.500000 0.250000
vt 0.520833 0.312500
vt 0.500000 0.312500
vt 0.520833 0.375000
vt 0.500000 0.375000
vt 0.520833 0.437500
vt 0.500000 0.437500
vt 0.520833 0.500000
vt 0.541667 0.562500
vt 0.541667 0.625000
vt 0.541667 0.687500
vt 0.541667 0.750000
vt 0.541667 0.812500
vt 0.541667 0.875000
vt 0.541667 0.937500
vt 0.541667 1.000000
vt 0.520833 0.000000
vt 0.541667 0.062500
vt 0.541667 0.125000
vt 0.541667 0.187500
vt 0.541667 0.250000
vt 0.541667 0.312500
vt 0.541667 0.375000
vt 0.541667 0.437500
vt 0.541667 0.500000
vt 0.562500 0.562500
vt 0.562500 0.625000
vt 0.562500 0.687500
vt 0.562500 0.750000
vt 0.562500 0.812500
vt 0.562500 0.875000
vt 0.562500 0.937500
vt 0.562500 1.000000
vt 0.541667 0.000000
vt 0.562500 0.062500
vt 0.562500 0.125000
vt 0.562500 0.187500
vt 0.562500 0.250000
vt 0.562500 0.312500
vt 0.562500 0.375000
vt 0.562500 0.437500
vt 0.562500 0.500000
vt 0.583333 0.562500
vt 0.583333 0.625000
vt 0.583333 0.687500
vt 0.583333 0.750000
vt 0.583333 0.812500
vt 0.583333 0.875000
vt 0.583333 0.937500
vt 0.583333 1.000000
vt 0.562500 0.000000
vt 0.583333 0.062500
vt 0.583333 0.125000
vt 0.583333 0.187500
vt 0.583333 0.250000
vt 0.583333 0.312500
vt 0.583333 0.375000
vt 0.583333 0.437500
vt 0.583333 0.500000
vt 0.604167 0.562500
vt 0.604167 0.625000
vt 0.604167 0.687500
vt 0.604167 0.750000
vt 0.604167 0.812500
vt 0.604167 0.875000
vt 0.604167 0.937500
vt 0.604167 1.000000
vt 0.583333 0.000000
vt 0.604167 0.062500
vt 0.604167 0.125000
vt 0.604167 0.187500
vt 0.604167 0.250000
vt 0.604167 0.312500
vt 0.604167 0.375000
vt 0.604167 0.437500
vt 0.604167 0.500000
vt 0.625000 0.562500
vt 0.625000 0.625000
vt 0.625000 0.687500
vt 0.625000 0.750000
vt 0.625000 0.812500
vt 0.625000 0.875000
vt 0.625000 0.937500
vt 0.625000 1.000000
vt 0.604167 0.000000
vt 0.625000 0.062500
vt 0.625000 0.125000
vt 0.625000 0.187500
vt 0.625000 0.250000
vt 0.625000 0.312500
vt 0.625000 0.375000
vt 0.625000 0.437500
vt 0.625000 0.500000
vt 0.645833 0.562500
vt 0.645833 0.625000
vt 0.645833 0.687500
vt 0.645833 0.750000
vt 0.645833 0.812500
vt 0.645833 0.875000
vt 0.645833 0.937500
vt 0.645833 1.000000
vt 0.625000 0.000000
vt 0.645833 0.062500
vt 0.645833 0.125000
vt 0.645833 0.187500
vt 0.645833 0.250000
vt 0.645833 0.312500
vt 0.645833 0.375000
vt 0.645833 0.437500
vt 0.645833 0.500000
vt 0.666667 0.562500
vt 0.666667 0.625000
vt 0.666667 0.687500
vt 0.666667 0.750000
vt 0.666667 0.812500
vt 0.666667 0.875000
vt 0.666667 0.937500
vt 0.666667 1.000000
vt 0.645833 0.000000
vt 0.666667 0.062500
vt 0.666667 0.125000
vt 0.666667 0.187500
vt 0.666667 0.250000
vt 0.666667 0.312500
vt 0.666667 0.375000
vt 0.666667 0.437500
vt 0.666667 0.500000
vt 0.687500 0.562500
vt 0.687500 0.625000
vt 0.687500 0.687500
vt 0.687500 0.750000
vt 0.687500 0.812500
vt 0.687500 0.875000
vt 0.687500 0.937500
vt 0.687500 1.000000
vt 0.666667 0.000000
vt 0.687500 0.062500
vt 0.687500 0.125000
vt 0.687500 0.187500
vt 0.687500 0.250000
vt 0.687500 0.312500
vt 0.687500 0.375000
vt 0.687500 0.437500
vt 0.687500 0.500000
vt 0.708333 0.562500
vt 0.708333 0.625000
vt 0.708333 0.687500
vt 0.708333 0.750000
vt 0.708333 0.812500
vt 0.708333 0.875000
vt 0.708333 0.937500
vt 0.708333 1.000000
vt 0.687500 0.000000
vt 0.708333 0.062500
vt 0.708333 0.125000
vt 0.708333 0.187500
vt 0.708333 0.250000
vt 0.708333 0.312500
vt 0.708333 0.375000
vt 0.708333 0.437500
vt 0.708333 0.500000
vt 0.729167 0.562500
vt 0.729167 0.625000
vt 0.729167 0.687500
vt 0.729167 0.750000
vt 0.729167 0.812500
vt 0.729167 0.875000
vt 0.729167 0.937500
vt 0.729167 1.000000
vt 0.708333 0.000000
vt 0.729167 0.062500
vt 0.729167 0.125000
vt 0.729167 0.187500
vt 0.729167 0.250000
vt 0.729167 0.312500
vt 0.729167 0.375000
vt 0.729167 0.437500
vt 0.729167 0.500000
vt 0.750000 0.562500
vt 0.750000 0.625000
vt 0.750000 0.687500
vt 0.750000 0.750000
vt 0.750000 0.812500
vt 0.750000 0.875000
vt 0.750000 0.937500
vt 0.750000 1.000000
vt 0.729167 0.000000
vt 0.750000 0.062500
vt 0.750000 0.125000
vt 0.750000 0.187500
vt 0.750000 0.250000
vt 0.750000 0.312500
vt 0.750000 0.375000
vt 0.750000 0.437500
vt 0.750000 0.500000
vt 0.770833 0.562500
vt 0.770833 0.625000
vt 0.770833 0.687500
vt 0.770833 0.750000
vt 0.770833 0.812500
vt 0.770833 0.875000
vt 0.770833 0.937500
vt 0.770833 1.000000
vt 0.750000 0.000000
vt 0.770833 0.062500
vt 0.770833 0.125000
vt 0.770833 0.187500
vt 0.770833 0.250000
vt 0.770833 0.312500
vt 0.770833 0.375000
vt 0.770833 0.437500
vt 0.770833 0.500000
vt 0.791667 0.562500
vt 0.791667 0.625000
vt 0.791667 0.687500
vt 0.791667 0.750000
vt 0.791667 0.812500
vt 0.791667 0.875000
vt 0.791667 0.937500
vt 0.791667 1.000000
vt 0.770833 0.000000
vt 0.791667 0.062500
vt 0.791667 0.125000
vt 0.791667 0.187500
vt 0.791667 0.250000
vt 0.791667 0.312500
vt 0.791667 0.375000
vt 0.791667 0.437500
vt 0.791667 0.500000
vt 0.812500 0.562500
vt 0.812500 0.625000
vt 0.812500 0.687500
vt 0.812500 0.750000
vt 0.812500 0.812500
vt 0.812500 0.875000
vt 0.812500 0.937500
vt 0.812500 1.000000
vt 0.791667 0.000000
vt 0.812500 0.062500
vt 0.812500 0.125000
vt 0.812500 0.187500
vt 0.812500 0.250000
vt 0.812500 0.312500
vt 0.812500 0.375000
vt 0.812500 0.437500
vt 0.812500 0.500000
vt 0.833333 0.562500
vt 0.833333 0.625000
vt 0.833333 0.687500
vt 0.833333 0.750000
vt 0.833333 0.812500
vt 0.833333 0.875000
vt 0.833333 0.937500
vt 0.833333 1.000000
vt 0.812500 0.000000
vt 0.833333 0.062500
vt 0.833333 0.125000
vt 0.833333 0.187500
vt 0.833333 0.250000
vt 0.833333 0.312500
vt 0.833333 0.375000
vt 0.833333 0.437500
vt 0.833333 0.500000
vt 0.854167 0.562500
vt 0.854167 0.625000
vt 0.854167 0.687500
vt 0.854167 0.750000
vt 0.854167 0.812500
vt 0.854167 0.875000
vt 0.854167 0.937500
vt 0.854167 1.000000
vt 0.833333 0.000000
vt 0.854167 0.062500
vt 0.854167 0.125000
vt 0.854167 0.187500
vt 0.854167 0.250000
vt 0.854167 0.312500
vt 0.854167 0.375000
vt 0.854167 0.437500
vt 0.854167 0.500000
vt 0.875000 0.562500
vt 0.875000 0.625000
vt 0.875000 0.687500
vt 0.875000 0.750000
vt 0.875000 0.812500
vt 0.875000 0.875000
vt 0.875000 0.937500
vt 0.875000 1.000000
vt 0.854167 0.000000
vt 0.875000 0.062500
vt 0.875000 0.125000
vt 0.875000 0.187500
vt 0.875000 0.250000
vt 0.875000 0.312500
vt 0.875000 0.375000
vt 0.875000 0.437500
vt 0.875000 0.500000
vt 0.895833 0.562500
vt 0.895833 0.625000
vt 0.895833 0.687500
vt 0.895833 0.750000
vt 0.895833 0.812500
vt 0.895833 0.875000
vt 0.895833 0.937500
vt 0.895833 1.000000
vt 0.875000 0.000000
vt 0.895833 0.062500
vt 0.895833 0.125000
vt 0.895833 0.187500
vt 0.895833 0.250000
vt 0.895833 0.312500
vt 0.895833 0.375000
vt 0.895833 0.437500
vt 0.895833 0.500000
vt 0.916667 0.562500
vt 0.916667 0.625000
vt 0.916667 0.687500
vt 0.916667 0.750000
vt 0.916667 0.812500
vt 0.916667 0.875000
vt 0.916667 0.937500
vt 0.916667 1.000000
vt 0.895833 0.000000
vt 0.916667 0.062500
vt 0.916667 0.125000
vt 0.916667 0.187500
vt 0.916667 0.250000
vt 0.916667 0.312500
vt 0.916667 0.375000
vt 0.916667 0.437500
vt 0.916667 0.500000
vt 0.937500 0.562500
vt 0.937500 0.625000
vt 0.937500 0.687500
vt 0.937500 0.750000
vt 0.937500 0.812500
vt 0.937500 0.875000
vt 0.937500 0.937500
vt 0.937500 1.000000
vt 0.916667 0.000000
vt 0.937500 0.062500
vt 0.937500 0.125000
vt 0.937500 0.187500
vt 0.937500 0.250000
vt 0.937500 0.312500
vt 0.937500 0.375000
vt 0.937500 0.437500
vt 0.937500 0.500000
vt 0.958333 0.562500
vt 0.958333 0.625000
vt 0.958333 0.687500
vt 0.958333 0.750000
vt 0.958333 0.812500
vt 0.958333 0.875000
vt 0.958333 0.937500
vt 0.958333 1.000000
vt 0.937500 0.000000
vt 0.958333 0.062500
vt 0.958333 0.125000
vt 0.958333 0.187500
vt 0.958333 0.250000
vt 0.958333 0.312500
vt 0.958333 0.375000
vt 0.958333 0.437500
vt 0.958333 0.500000
vt 0.979167 0.562500
vt 0.979167 0.625000
vt 0.979167 0.687500
vt 0.979167 0.750000
vt 0.979167 0.812500
vt 0.979167 0.875000
vt 0.979167 0.937500
vt 0.979167 1.000000
vt 0.958333 0.000000
vt 0.979167 0.062500
vt 0.979167 0.125000
vt 0.979167 0.187500
vt 0.979167 0.250000
vt 0.979167 0.312500
vt 0.979167 0.375000
vt 0.979167 0.437500
vt 0.979167 0.500000
vt 1.000000 0.562500
vt 1.000000 0.625000
vt 1.000000 0.687500
vt 1.000000 0.750000
vt 1.000000 0.812500
vt 1.000000 0.875000
vt 1.000000 0.937500
vt 1.000000 1.000000
vt 0.979167 0.000000
vt 1.000000 0.062500
vt 1.000000 0.125000
vt 1.000000 0.187500
vt 1.000000 0.250000
vt 1.000000 0.312500
vt 1.000000 0.375000
vt 1.000000 0.437500
vt 1.000000 0.500000
vt 0.000000 0.500000
vt 0.020833 0.562500
vt 0.000000 0.562500
vt 0.020833 0.625000
vt 0.000000 0.625000
vt 0.020833 0.687500
vt 0.000000 0.687500
vt 0.020833 0.750000
vt 0.000000 0.750000
vt 0.020833 0.812500
vt 0.000000 0.812500
vt 0.020833 0.875000
vt 0.000000 0.875000
vt 0.020833 0.937500
vt 0.000000 0.937500
vt 0.020833 1.000000
vt 0.000000 1.000000
vt 0.000000 0.000000
vt 0.020833 0.062500
vt 0.000000 0.062500
vt 0.020833 0.125000
vt 0.000000 0.125000
vt 0.020833 0.187500
vt 0.000000 0.187500
vt 0.020833 0.250000
vt 0.000000 0.250000
vt 0.020833 0.312500
vt 0.000000 0.312500
vt 0.020833 0.375000
vt 0.000000 0.375000
vt 0.020833 0.437500
vt 0.000000 0.437500
vt 0.020833 0.500000
vt 0.041667 0.562500
vt 0.041667 0.625000
vt 0.041667 0.687500
vt 0.041667 0.750000
vt 0.041667 0.812500
vt 0.041667 0.875000
vt 0.041667 0.937500
vt 0.041667 1.000000
vt 0.020833 0.000000
vt 0.041667 0.062500
vt 0.041667 0.125000
vt 0.041667 0.187500
vt 0.041667 0.250000
vt 0.041667 0.312500
vt 0.041667 0.375000
vt 0.041667 0.437500
vt 0.041667 0.500000
vt 0.062500 0.562500
vt 0.062500 0.625000
vt 0.062500 0.687500
vt 0.062500 0.750000
vt 0.062500 0.812500
vt 0.062500 0.875000
vt 0.062500 0.937500
vt 0.062500 1.000000
vt 0.041667 0.000000
vt 0.062500 0.062500
vt 0.062500 0.125000
vt 0.062500 0.187500
vt 0.062500 0.250000
vt 0.062500 0.312500
vt 0.062500 0.375000
vt 0.062500 0.437500
vt 0.062500 0.500000
vt 0.083333 0.562500
vt 0.083333 0.625000
vt 0.083333 0.687500
vt 0.083333 0.750000
vt 0.083333 0.812500
vt 0.083333 0.875000
vt 0.083333 0.937500
vt 0.083333 1.000000
vt 0.062500 0.000000
vt 0.083333 0.062500
vt 0.083333 0.125000
vt 0.083333 0.187500
vt 0.083333 0.250000
vt 0.083333 0.312500
vt 0.083333 0.375000
vt 0.083333 0.437500
vt 0.083333 0.500000
vt 0.104167 0.562500
vt 0.104167 0.625000
vt 0.104167 0.687500
vt 0.104167 0.750000
vt 0.104167 0.812500
vt 0.104167 0.875000
vt 0.104167 0.937500
vt 0.104167 1.000000
vt 0.083333 0.000000
vt 0.104167 0.062500
vt 0.104167 0.125000
vt 0.104167 0.187500
vt 0.104167 0.250000
vt 0.104167 0.312500
vt 0.104167 0.375000
vt 0.104167 0.437500
vt 0.104167 0.500000
vt 0.125000 0.562500
vt 0.125000 0.625000
vt 0.125000 0.687500
vt 0.125000 0.750000
vt 0.125000 0.812500
vt 0.125000 0.875000
vt 0.125000 0.937500
vt 0.125000 1.000000
vt 0.104167 0.000000
vt 0.125000 0.062500
vt 0.125000 0.125000
vt 0.125000 0.187500
vt 0.125000 0.250000
vt 0.125000 0.312500
vt 0.125000 0.375000
vt 0.125000 0.437500
vt 0.125000 0.500000
vt 0.145833 0.562500
vt 0.145833 0.625000
vt 0.145833 0.687500
vt 0.145833 0.750000
vt 0.145833 0.812500
vt 0.145833 0.875000
vt 0.145833 0.937500
vt 0.145833 1.000000
vt 0.125000 0.000000
vt 0.145833 0.062500
vt 0.145833 0.125000
vt 0.145833 0.187500
vt 0.145833 0.250000
vt 0.145833 0.312500
vt 0.145833 0.375000
vt 0.145833 0.437500
vt 0.145833 0.500000
vt 0.166667 0.562500
vt 0.166667 0.625000
vt 0.166667 0.687500
vt 0.166667 0.750000
vt 0.166667 0.812500
vt 0.166667 0.875000
vt 0.166667 0.937500
vt 0.166667 1.000000
vt 0.145833 0.000000
vt 0.166667 0.062500
vt 0.166667 0.125000
vt 0.166667 0.187500
vt 0.166667 0.250000
vt 0.166667 0.312500
vt 0.166667 0.375000
vt 0.166667 0.437500
vt 0.166667 0.500000
vt 0.187500 0.562500
vt 0.187500 0.625000
vt 0.187500 0.687500
vt 0.187500 0.750000
vt 0.187500 0.812500
vt 0.187500 0.875000
vt 0.187500 0.937500
vt 0.187500 1.000000
vt 0.166667 0.000000
vt 0.187500 0.062500
vt 0.187500 0.125000
vt 0.187500 0.187500
vt 0.187500 0.250000
vt 0.187500 0.312500
vt 0.187500 0.375000
vt 0.187500 0.437500
vt 0.187500 0.500000
vt 0.208333 0.562500
vt 0.208333 0.625000
vt 0.208333 0.687500
vt 0.208333 0.750000
vt 0.208333 0.812500
vt 0.208333 0.875000
vt 0.208333 0.937500
vt 0.208333 1.000000
vt 0.187500 0.000000
vt 0.208333 0.062500
vt 0.208333 0.125000
vt 0.208333 0.187500
vt 0.208333 0.250000
vt 0.208333 0.312500
vt 0.208333 0.375000
vt 0.208333 0.437500
vt 0.208333 0.500000
vt 0.229167 0.562500
vt 0.229167 0.625000
vt 0.229167 0.687500
vt 0.229167 0.750000
vt 0.229167 0.812500
vt 0.229167 0.875000
vt 0.229167 0.937500
vt 0.229167 1.000000
vt 0.208333 0.000000
vt 0.229167 0.062500
vt 0.229167 0.125000
vt 0.229167 0.187500
vt 0.229167 0.250000
vt 0.229167 0.312500
vt 0.229167 0.375000
vt 0.229167 0.437500
vt 0.229167 0.500000
vt 0.250000 0.562500
vt 0.250000 0.625000
vt 0.250000 0.687500
vt 0.250000 0.750000
vt 0.250000 0.812500
vt 0.250000 0.875000
vt 0.250000 0.937500
vt 0.250000 1.000000
vt 0.229167 0.000000
vt 0.250000 0.062500
vt 0.250000 0.125000
vt 0.250000 0.187500
vt 0.250000 0.250000
vt 0.250000 0.312500
vt 0.250000 0.375000
vt 0.250000 0.437500
vt 0.250000 0.500000
vt 0.270833 0.562500
vt 0.270833 0.625000
vt 0.270833 0.687500
vt 0.270833 0.750000
vt 0.270833 0.812500
vt 0.270833 0.875000
vt 0.270833 0.937500
vt 0.270833 1.000000
vt 0.250000 0.000000
vt 0.270833 0.062500
vt 0.270833 0.125000
vt 0.270833 0.187500
vt 0.270833 0.250000
vt 0.270833 0.312500
vt 0.270833 0.375000
vt 0.270833 0.437500
vt 0.270833 0.500000
vt 0.291667 0.562500
vt 0.291667 0.625000
vt 0.291667 0.687500
vt 0.291667 0.750000
vt 0.291667 0.812500
vt 0.291667 0.875000
vt 0.291667 0.937500
vt 0.291667 1.000000
vt 0.270833 0.000000
vt 0.291667 0.062500
vt 0.291667 0.125000
vt 0.291667 0.187500
vt 0.291667 0.250000
vt 0.291667 0.312500
vt 0.291667 0.375000
vt 0.291667 0.437500
vt 0.291667 0.500000
vt 0.312500 0.562500
vt 0.312500 0.625000
vt 0.312500 0.687500
vt 0.312500 0.750000
vt 0.312500 0.812500
vt 0.312500 0.875000
vt 0.312500 0.937500
vt 0.312500 1.000000
vt 0.291667 0.000000
vt 0.312500 0.062500
vt 0.312500 0.125000
vt 0.312500 0.187500
vt 0.312500 0.250000
vt 0.312500 0.312500
vt 0.312500 0.375000
vt 0.312500 0.437500
vt 0.312500 0.500000
vt 0.333333 0.562500
vt 0.333333 0.625000
vt 0.333333 0.687500
vt 0.333333 0.750000
vt 0.333333 0.812500
vt 0.333333 0.875000
vt 0.333333 0.937500
vt 0.333333 1.000000
vt 0.312500 0.000000
vt 0.333333 0.062500
vt 0.333333 0.125000
vt 0.333333 0.187500
vt 0.333333 0.250000
vt 0.333333 0.312500
vt 0.333333 0.375000
vt 0.333333 0.437500
vt 0.333333 0.500000
vt 0.354167 0.562500
vt 0.354167 0.625000
vt 0.354167 0.687500
vt 0.354167 0.750000
vt 0.354167 0.812500
vt 0.354167 0.875000
vt 0.354167 0.937500
vt 0.354167 1.000000
vt 0.333333 0.000000
vt 0.354167 0.062500
vt 0.354167 0.125000
vt 0.354167 0.187500
vt 0.354167 0.250000
vt 0.354167 0.312500
vt 0.354167 0.375000
vt 0.354167 0.437500
vt 0.354167 0.500000
vt 0.375000 0.562500
vt 0.375000 0.625000
vt 0.375000 0.687500
vt 0.375000 0.750000
vt 0.375000 0.812500
vt 0.375000 0.875000
vt 0.375000 0.937500
vt 0.375000 1.000000
vt 0.354167 0.000000
vt 0.375000 0.062500
vt 0.375000 0.125000
vt 0.375000 0.187500
vt 0.375000 0.250000
vt 0.375000 0.312500
vt 0.375000 0.375000
vt 0.375000 0.437500
vt 0.375000 0.500000
vt 0.395833 0.562500
vt 0.395833 0.625000
vt 0.395833 0.687500
vt 0.395833 0.750000
vt 0.395833 0.812500
vt 0.395833 0.875000
vt 0.395833 0.937500
vt 0.395833 1.000000
vt 0.375000 0.000000
vt 0.395833 0.062500
vt 0.395833 0.125000
vt 0.395833 0.187500
vt 0.395833 0.250000
vt 0.395833 0.312500
vt 0.395833 0.375000
vt 0.395833 0.437500
vt 0.395833 0.500000
vt 0.416667 0.562500
vt 0.416667 0.625000
vt 0.416667 0.687500
vt 0.416667 0.750000
vt 0.416667 0.812500
vt 0.416667 0.875000
vt 0.416667 0.937500
vt 0.416667 1.000000
vt 0.395833 0.000000
vt 0.416667 0.062500
vt 0.416667 0.125000
vt 0.416667 0.187500
vt 0.416667 0.250000
vt 0.416667 0.312500
vt 0.416667 0.375000
vt 0.416667 0.437500
vt 0.416667 0.500000
vt 0.437500 0.562500
vt 0.437500 0.625000
vt 0.437500 0.687500
vt 0.437500 0.750000
vt 0.437500 0.812500
vt 0.437500 0.875000
vt 0.437500 0.937500
vt 0.437500 1.000000
vt 0.416667 0.000000
vt 0.437500 0.062500
vt 0.437500 0.125000
vt 0.437500 0.187500
vt 0.437500 0.250000
vt 0.437500 0.312500
vt 0.437500 0.375000
vt 0.437500 0.437500
vt 0.437500 0.500000
vt 0.458333 0.562500
vt 0.458333 0.625000
vt 0.458333 0.687500
vt 0.458333 0.750000
vt 0.458333 0.812500
vt 0.458333 0.875000
vt 0.458333 0.937500
vt 0.458333 1.000000
vt 0.437500 0.000000
vt 0.458333 0.062500
vt 0.458333 0.125000
vt 0.458333 0.187500
vt 0.458333 0.250000
vt 0.458333 0.312500
vt 0.458333 0.375000
vt 0.458333 0.437500
vt 0.458333 0.500000
vt 0.479167 0.562500
vt 0.479167 0.625000
vt 0.479167 0.687500
vt 0.479167 0.750000
vt 0.479167 0.812500
vt 0.479167 0.875000
vt 0.479167 0.937500
vt 0.479167 1.000000
vt 0.458333 0.000000
vt 0.479167 0.062500
vt 0.479167 0.125000
vt 0.479167 0.187500
vt 0.479167 0.250000
vt 0.479167 0.312500
vt 0.479167 0.375000
vt 0.479167 0.437500
vt 0.479167 0.500000
vt 0.479167 0.000000
vt 1.000000 0.000000
s 1
f 1/1/1 18/2/2 2/3/3
f 2/3/3 19/4/4 3/5/5
f 3/5/5 20/6/6 4/7/7
f 4/7/7 21/8/8 5/9/9
f 5/9/9 22/10/10 6/11/11
f 6/11/11 23/12/12 7/13/13
f 7/13/13 24/14/14 8/15/15
f 8/15/15 25/16/16 9/17/17
f 9/18/17 26/19/18 10/20/19
f 10/20/19 27/21/20 11/22/21
f 11/22/21 28/23/22 12/24/23
f 12/24/23 29/25/24 13/26/25
f 13/26/25 30/27/26 14/28/27
f 14/28/27 31/29/28 15/30/29
f 15/30/29 32/31/30 16/32/31
f 16/32/31 17/33/32 1/1/1
f 17/33/32 34/34/33 18/2/2
f 18/2/2 35/35/34 19/4/4
f 19/4/4 36/36/35 20/6/6
f 20/6/6 37/37/36 21/8/8
f 21/8/8 38/38/37 22/10/10
f 22/10/10 39/39/38 23/12/12
f 23/12/12 40/40/39 24/14/14
f 24/14/14 41/41/40 25/16/16
f 25/42/16 42/43/41 26/19/18
f 26/19/18 43/44/42 27/21/20
f 27/21/20 44/45/43 28/23/22
f 28/23/22 45/46/44 29/25/24
f 29/25/24 46/47/45 30/27/26
f 30/27/26 47/48/46 31/29/28
f 31/29/28 48/49/47 32/31/30
f 32/31/30 33/50/48 17/33/32
f 33/50/48 50/51/49 34/34/33
f 34/34/33 51/52/50 35/35/34
f 35/35/34 52/53/51 36/36/35
f 36/36/35 53/54/52 37/37/36
f 37/37/36 54/55/53 38/38/37
f 38/38/37 55/56/54 39/39/38
f 39/39/38 56/57/55 40/40/39
f 40/40/39 57/58/56 41/41/40
f 41/59/40 58/60/57 42/43/41
f 42/43/41 59/61/58 43/44/42
f 43/44/42 60/62/59 44/45/43
f 44/45/43 61/63/60 45/46/44
f 45/46/44 62/64/61 46/47/45
f 46/47/45 63/65/62 47/48/46
f 47/48/46 64/66/63 48/49/47
f 48/49/47 49/67/64 33/50/48
f 49/67/64 66/68/65 50/51/49
f 50/51/49 67/69/66 51/52/50
f 51/52/50 68/70/67 52/53/51
f 52/53/51 69/71/68 53/54/52
f 53/54/52 70/72/69 54/55/53
f 54/55/53 71/73/70 55/56/54
f 55/56/54 72/74/71 56/57/55
f 56/57/55 73/75/72 57/58/56
f 57/76/56 74/77/73 58/60/57
f 58/60/57 75/78/74 59/61/58
f 59/61/58 76/79/75 60/62/59
f 60/62/59 77/80/76 61/63/60
f 61/63/60 78/81/77 62/64/61
f 62/64/61 79/82/78 63/65/62
f 63/65/62 80/83/79 64/66/63
f 64/66/63 65/84/80 49/67/64
f 65/84/80 82/85/81 66/68/65
f 66/68/65 83/86/82 67/69/66
f 67/69/66 84/87/83 68/70/67
f 68/70/67 85/88/84 69/71/68
f 69/71/68 86/89/85 70/72/69
f 70/72/69 87/90/86 71/73/70
f 71/73/70 88/91/87 72/74/71
f 72/74/71 89/92/88 73/75/72
f 73/93/72 90/94/89 74/77/73
f 74/77/73 91/95/90 75/78/74
f 75/78/74 92/96/91 76/79/75
f 76/79/75 93/97/92 77/80/76
f 77/80/76 94/98/93 78/81/77
f 78/81/77 95/99/94 79/82/78
f 79/82/78 96/100/95 80/83/79
f 80/83/79 81/101/96 65/84/80
f 81/101/96 98/102/97 82/85/81
f 82/85/81 99/103/98 83/86/82
f 83/86/82 100/104/99 84/87/83
f 84/87/83 101/105/100 85/88/84
f 85/88/84 102/106/101 86/89/85
f 86/89/85 103/107/102 87/90/86
f 87/90/86 104/108/103 88/91/87
f 88/91/87 105/109/104 89/92/88
f 89/110/88 106/111/105 90/94/89
f 90/94/89 107/112/106 91/95/90
f 91/95/90 108/113/107 92/96/91
f 92/96/91 109/114/108 93/97/92
f 93/97/92 110/115/109 94/98/93
f 94/98/93 111/116/110 95/99/94
f 95/99/94 112/117/111 96/100/95
f 96/100/95 97/118/112 81/101/96
f 97/118/112 114/119/113 98/102/97
f 98/102/97 115/120/114 99/103/98
f 99/103/98 116/121/115 100/104/99
f 100/104/99 117/122/116 101/105/100
f 101/105/100 118/123/117 102/106/101
f 102/106/101 119/124/118 103/107/102
f 103/107/102 120/125/119 104/108/103
f 104/108/103 121/126/120 105/109/104
f 105/127/104 122/128/121 106/111/105
f 106/111/105 123/129/122 107/112/106
f 107/112/106 124/130/123 108/113/107
f 108/113/107 125/131/124 109/114/108
f 109/114/108 126/132/125 110/115/109
f 110/115/109 127/133/126 111/116/110
f 111/116/110 128/134/127 112/117/111
f 112/117/111 113/135/128 97/118/112
f 113/135/128 130/136/129 114/119/113
f 114/119/113 131/137/130 115/120/114
f 115/120/114 132/138/131 116/121/115
f 116/121/115 133/139/132 117/122/116
f 117/122/116 134/140/133 118/123/117
f 118/123/117 135/141/134 119/124/118
f 119/124/118 136/142/135 120/125/119
f 120/125/119 137/143/136 121/126/120
f 121/144/120 138/145/137 122/128/121
f 122/128/121 139/146/138 123/129/122
f 123/129/122 140/147/139 124/130/123
f 124/130/123 141/148/140 125/131/124
f 125/131/124 142/149/141 126/132/125
f 126/132/125 143/150/142 127/133/126
f 127/133/126 144/151/143 128/134/127
f 128/134/127 129/152/144 113/135/128
f 129/152/144 146/153/145 130/136/129
f 130/136/129 147/154/146 131/137/130
f 131/137/130 148/155/147 132/138/131
f 132/138/131 149/156/148 133/139/132
f 133/139/132 150/157/149 134/140/133
f 134/140/133 151/158/150 135/141/134
f 135/141/134 152/159/151 136/142/135
f 136/142/135 153/160/152 137/143/136
f 137/161/136 154/162/153 138/145/137
f 138/145/137 155/163/154 139/146/138
f 139/146/138 156/164/155 140/147/139
f 140/147/139 157/165/156 141/148/140
f 141/148/140 158/166/157 142/149/141
f 142/149/141 159/167/158 143/150/142
f 143/150/142 160/168/159 144/151/143
f 144/151/143 145/169/160 129/152/144
f 145/169/160 162/170/161 146/153/145
f 146/153/145 163/171/162 147/154/146
f 147/154/146 164/172/163 148/155/147
f 148/155/147 165/173/164 149/156/148
f 149/156/148 166/174/165 150/157/149
f 150/157/149 167/175/166 151/158/150
f 151/158/150 168/176/167 152/159/151
f 152/159/151 169/177/168 153/160/152
f 153/178/152 170/179/169 154/162/153
f 154/162/153 171/180/170 155/163/154
f 155/163/154 172/181/171 156/164/155
f 156/164/155 173/182/172 157/165/156
f 157/165/156 174/183/173 158/166/157
f 158/166/157 175/184/174 159/167/158
f 159/167/158 176/185/175 160/168/159
f 160/168/159 161/186/176 145/169/160
f 161/186/176 178/187/177 162/170/161
f 162/170/161 179/188/178 163/171/162
f 163/171/162 180/189/179 164/172/163
f 164/172/163 181/190/180 165/173/164
f 165/173/164 182/191/181 166/174/165
f 166/174/165 183/192/182 167/175/166
f 167/175/166 184/193/183 168/176/167
f 168/176/167 185/194/184 169/177/168
f 169/195/168 186/196/185 170/179/169
f 170/179/169 187/197/186 171/180/170
f 171/180/170 188/198/187 172/181/171
f 172/181/171 189/199/188 173/182/172
f 173/182/172 190/200/189 174/183/173
f 174/183/173 191/201/190 175/184/174
f 175/184/174 192/202/191 176/185/175
f 176/185/175 177/203/192 161/186/176
f 177/203/192 194/204/193 178/187/177
f 178/187/177 195/205/194 179/188/178
f 179/188/178 196/206/195 180/189/179
f 180/189/179 197/207/196 181/190/180
f 181/190/180 198/208/197 182/191/181
f 182/191/181 199/209/198 183/192/182
f 183/192/182 200/210/199 184/193/183
f 184/193/183 201/211/200 185/194/184
f 185/212/184 202/213/201 186/196/185
f 186/196/185 203/214/202 187/197/186
f 187/197/186 204/215/203 188/198/187
f 188/198/187 205/216/204 189/199/188
f 189/199/188 206/217/205 190/200/189
f 190/200/189 207/218/206 191/201/190
f 191/201/190 208/219/207 192/202/191
f 192/202/191 193/220/208 177/203/192
f 193/220/208 210/221/209 194/204/193
f 194/204/193 211/222/210 195/205/194
f 195/205/194 212/223/211 196/206/195
f 196/206/195 213/224/212 197/207/196
f 197/207/196 214/225/213 198/208/197
f 198/208/197 215/226/214 199/209/198
f 199/209/198 216/227/215 200/210/199
f 200/210/199 217/228/216 201/211/200
f 201/229/200 218/230/217 202/213/201
f 202/213/201 219/231/218 203/214/202
f 203/214/202 220/232/219 204/215/203
f 204/215/203 221/233/220 205/216/204
f 205/216/204 222/234/221 206/217/205
f 206/217/205 223/235/222 207/218/206
f 207/218/206 224/236/223 208/219/207
f 208/219/207 209/237/224 193/220/208
f 209/237/224 226/238/225 210/221/209
f 210/221/209 227/239/226 211/222/210
f 211/222/210 228/240/227 212/223/211
f 212/223/211 229/241/228 213/224/212
f 213/224/212 230/242/229 214/225/213
f 214/225/213 231/243/230 215/226/214
f 215/226/214 232/244/231 216/227/215
f 216/227/215 233/245/232 217/228/216
f 217/246/216 234/247/233 218/230/217
f 218/230/217 235/248/234 219/231/218
f 219/231/218 236/249/235 220/232/219
f 220/232/219 237/250/236 221/233/220
f 221/233/220 238/251/237 222/234/221
f 222/234/221 239/252/238 223/235/222
f 223/235/222 240/253/239 224/236/223
f 224/236/223 225/254/240 209/237/224
f 225/254/240 242/255/241 226/238/225
f 226/238/225 243/256/242 227/239/226
f 227/239/226 244/257/243 228/240/227
f 228/240/227 245/258/244 229/241/228
f 229/241/228 246/259/245 230/242/229
f 230/242/229 247/260/246 231/243/230
f 231/243/230 248/261/247 232/244/231
f 232/244/231 249/262/248 233/245/232
f 233/263/232 250/264/249 234/247/233
f 234/247/233 251/265/250 235/248/234
f 235/248/234 252/266/251 236/249/235
f 236/249/235 253/267/252 237/250/236
f 237/250/236 254/268/253 238/251/237
f 238/251/237 255/269/254 239/252/238
f 239/252/238 256/270/255 240/253/239
f 240/253/239 241/271/256 225/254/240
f 241/271/256 258/272/257 242/255/241
f 242/255/241 259/273/258 243/256/242
f 243/256/242 260/274/259 244/257/243
f 244/257/243 261/275/260 245/258/244
f 245/258/244 262/276/261 246/259/245
f 246/259/245 263/277/262 247/260/246
f 247/260/246 264/278/263 248/261/247
f 248/261/247 265/279/264 249/262/248
f 249/280/248 266/281/265 250/264/249
f 250/264/249 267/282/266 251/265/250
f 251/265/250 268/283/267 252/266/251
f 252/266/251 269/284/268 253/267/252
f 253/267/252 270/285/269 254/268/253
f 254/268/253 271/286/270 255/269/254
f 255/269/254 272/287/271 256/270/255
f 256/270/255 257/288/272 241/271/256
f 257/288/272 274/289/273 258/272/257
f 258/272/257 275/290/274 259/273/258
f 259/273/258 276/291/275 260/274/259
f 260/274/259 277/292/276 261/275/260
f 261/275/260 278/293/277 262/276/261
f 262/276/261 279/294/278 263/277/262
f 263/277/262 280/295/279 264/278/263
f 264/278/263 281/296/280 265/279/264
f 265/297/264 282/298/281 266/281/265
f 266/281/265 283/299/282 267/282/266
f 267/282/266 284/300/283 268/283/267
f 268/283/267 285/301/284 269/284/268
f 269/284/268 286/302/285 270/285/269
f 270/285/269 287/303/286 271/286/270
f 271/286/270 288/304/287 272/287/271
f 272/287/271 273/305/288 257/288/272
f 273/305/288 290/306/289 274/289/273
f 274/289/273 291/307/290 275/290/274
f 275/290/274 292/308/291 276/291/275
f 276/291/275 293/309/292 277/292/276
f 277/292/276 294/310/293 278/293/277
f 278/293/277 295/311/294 279/294/278
f 279/294/278 296/312/295 280/295/279
f 280/295/279 297/313/296 281/296/280
f 281/314/280 298/315/297 282/298/281
f 282/298/281 299/316/298 283/299/282
f 283/299/282 300/317/299 284/300/283
f 284/300/283 301/318/300 285/301/284
f 285/301/284 302/319/301 286/302/285
f 286/302/285 303/320/302 287/303/286
f 287/303/286 304/321/303 288/304/287
f 288/304/287 289/322/304 273/305/288
f 289/322/304 306/323/305 290/306/289
f 290/306/289 307/324/306 291/307/290
f 291/307/290 308/325/307 292/308/291
f 292/308/291 309/326/308 293/309/292
f 293/309/292 310/327/309 294/310/293
f 294/310/293 311/328/310 295/311/294
f 295/311/294 312/329/311 296/312/295
f 296/312/295 313/330/312 297/313/296
f 297/331/296 314/332/313 298/315/297
f 298/315/297 315/333/314 299/316/298
f 299/316/298 316/334/315 300/317/299
f 300/317/299 317/335/316 301/318/300
f 301/318/300 318/336/317 302/319/301
f 302/319/301 319/337/318 303/320/302
f 303/320/302 320/338/319 304/321/303
f 304/321/303 305/339/320 289/322/304
f 305/339/320 322/340/321 306/323/305
f 306/323/305 323/341/322 307/324/306
f 307/324/306 324/342/323 308/325/307
f 308/325/307 325/343/324 309/326/308
f 309/326/308 326/344/325 310/327/309
f 310/327/309 327/345/326 311/328/310
f 311/328/310 328/346/327 312/329/311
f 312/329/311 329/347/328 313/330/312
f 313/348/312 330/349/329 314/332/313
f 314/332/313 331/350/330 315/333/314
f 315/333/314 332/351/331 316/334/315
f 316/334/315 333/352/332 317/335/316
f 317/335/316 334/353/333 318/336/317
f 318/336/317 335/354/334 319/337/318
f 319/337/318 336/355/335 320/338/319
f 320/338/319 321/356/336 305/339/320
f 321/356/336 338/357/337 322/340/321
f 322/340/321 339/358/338 323/341/322
f 323/341/322 340/359/339 324/342/323
f 324/342/323 341/360/340 325/343/324
f 325/343/324 342/361/341 326/344/325
f 326/344/325 343/362/342 327/345/326
f 327/345/326 344/363/343 328/346/327
f 328/346/327 345/364/344 329/347/328
f 329/365/328 346/366/345 330/349/329
f 330/349/329 347/367/346 331/350/330
f 331/350/330 348/368/347 332/351/331
f 332/351/331 349/369/348 333/352/332
f 333/352/332 350/370/349 334/353/333
f 334/353/333 351/371/350 335/354/334
f 335/354/334 352/372/351 336/355/335
f 336/355/335 337/373/352 321/356/336
f 337/373/352 354/374/353 338/357/337
f 338/357/337 355/375/354 339/358/338
f 339/358/338 356/376/355 340/359/339
f 340/359/339 357/377/356 341/360/340
f 341/360/340 358/378/357 342/361/341
f 342/361/341 359/379/358 343/362/342
f 343/362/342 360/380/359 344/363/343
f 344/363/343 361/381/360 345/364/344
f 345/382/344 362/383/361 346/366/345
f 346/366/345 363/384/362 347/367/346
f 347/367/346 364/385/363 348/368/347
f 348/368/347 365/386/364 349/369/348
f 349/369/348 366/387/365 350/370/349
f 350/370/349 367/388/366 351/371/350
f 351/371/350 368/389/367 352/372/351
f 352/372/351 353/390/368 337/373/352
f 353/390/368 370/391/369 354/374/353
f 354/374/353 371/392/370 355/375/354
f 355/375/354 372/393/371 356/376/355
f 356/376/355 373/394/372 357/377/356
f 357/377/356 374/395/373 358/378/357
f 358/378/357 375/396/374 359/379/358
f 359/379/358 376/397/375 360/380/359
f 360/380/359 377/398/376 361/381/360
f 361/399/360 378/400/377 362/383/361
f 362/383/361 379/401/378 363/384/362
f 363/384/362 380/402/379 364/385/363
f 364/385/363 381/403/380 365/386/364
f 365/386/364 382/404/381 366/387/365
f 366/387/365 383/405/382 367/388/366
f 367/388/366 384/406/383 368/389/367
f 368/389/367 369/407/384 353/390/368
f 369/407/384 386/408/385 370/391/369
f 370/391/369 387/409/386 371/392/370
f 371/392/370 388/410/387 372/393/371
f 372/393/371 389/411/388 373/394/372
f 373/394/372 390/412/389 374/395/373
f 374/395/373 391/413/390 375/396/374
f 375/396/374 392/414/391 376/397/375
f 376/397/375 393/415/1 377/398/376
f 377/416/376 394/417/392 378/400/377
f 378/400/377 395/418/393 379/401/378
f 379/401/378 396/419/394 380/402/379
f 380/402/379 397/420/395 381/403/380
f 381/403/380 398/421/396 382/404/381
f 382/404/381 399/422/397 383/405/382
f 383/405/382 400/423/398 384/406/383
f 384/406/383 385/424/17 369/407/384
f 385/425/17 402/426/399 386/427/385
f 386/427/385 403/428/400 387/429/386
f 387/429/386 404/430/401 388/431/387
f 388/431/387 405/432/402 389/433/388
f 389/433/388 406/434/403 390/435/389
f 390/435/389 407/436/404 391/437/390
f 391/437/390 408/438/405 392/439/391
f 392/439/391 409/440/32 393/441/1
f 393/442/1 410/443/406 394/444/392
f 394/444/392 411/445/407 395/446/393
f 395/446/393 412/447/408 396/448/394
f 396/448/394 413/449/409 397/450/395
f 397/450/395 414/451/410 398/452/396
f 398/452/396 415/453/411 399/454/397
f 399/454/397 416/455/412 400/456/398
f 400/456/398 401/457/16 385/425/17
f 401/457/16 418/458/413 402/426/399
f 402/426/399 419/459/414 403/428/400
f 403/428/400 420/460/415 404/430/401
f 404/430/401 421/461/416 405/432/402
f 405/432/402 422/462/417 406/434/403
f 406/434/403 423/463/418 407/436/404
f 407/436/404 424/464/419 408/438/405
f 408/438/405 425/465/48 409/440/32
f 409/466/32 426/467/420 410/443/406
f 410/443/406 427/468/421 411/445/407
f 411/445/407 428/469/422 412/447/408
f 412/447/408 429/470/423 413/449/409
f 413/449/409 430/471/424 414/451/410
f 414/451/410 431/472/425 415/453/411
f 415/453/411 432/473/426 416/455/412
f 416/455/412 417/474/40 401/457/16
f 417/474/40 434/475/427 418/458/413
f 418/458/413 435/476/428 419/459/414
f 419/459/414 436/477/429 420/460/415
f 420/460/415 437/478/430 421/461/416
f 421/461/416 438/479/431 422/462/417
f 422/462/417 439/480/432 423/463/418
f 423/463/418 440/481/433 424/464/419
f 424/464/419 441/482/64 425/465/48
f 425/483/48 442/484/434 426/467/420
f 426/467/420 443/485/435 427/468/421
f 427/468/421 444/486/436 428/469/422
f 428/469/422 445/487/437 429/470/423
f 429/470/423 446/488/438 430/471/424
f 430/471/424 447/489/439 431/472/425
f 431/472/425 448/490/440 432/473/426
f 432/473/426 433/491/56 417/474/40
f 433/491/56 450/492/441 434/475/427
f 434/475/427 451/493/442 435/476/428
f 435/476/428 452/494/443 436/477/429
f 436/477/429 453/495/444 437/478/430
f 437/478/430 454/496/445 438/479/431
f 438/479/431 455/497/446 439/480/432
f 439/480/432 456/498/447 440/481/433
f 440/481/433 457/499/80 441/482/64
f 441/500/64 458/501/448 442/484/434
f 442/484/434 459/502/449 443/485/435
f 443/485/435 460/503/450 444/486/436
f 444/486/436 461/504/451 445/487/437
f 445/487/437 462/505/452 446/488/438
f 446/488/438 463/506/453 447/489/439
f 447/489/439 464/507/454 448/490/440
f 448/490/440 449/508/72 433/491/56
f 449/508/72 466/509/455 450/492/441
f 450/492/441 467/510/456 451/493/442
f 451/493/442 468/511/457 452/494/443
f 452/494/443 469/512/458 453/495/444
f 453/495/444 470/513/459 454/496/445
f 454/496/445 471/514/460 455/497/446
f 455/497/446 472/515/461 456/498/447
f 456/498/447 473/516/96 457/499/80
f 457/517/80 474/518/462 458/501/448
f 458/501/448 475/519/463 459/502/449
f 459/502/449 476/520/464 460/503/450
f 460/503/450 477/521/465 461/504/451
f 461/504/451 478/522/466 462/505/452
f 462/505/452 479/523/467 463/506/453
f 463/506/453 480/524/468 464/507/454
f 464/507/454 465/525/88 449/508/72
f 465/525/88 482/526/469 466/509/455
f 466/509/455 483/527/470 467/510/456
f 467/510/456 484/528/471 468/511/457
f 468/511/457 485/529/472 469/512/458
f 469/512/458 486/530/473 470/513/459
f 470/513/459 487/531/474 471/514/460
f 471/514/460 488/532/475 472/515/461
f 472/515/461 489/533/112 473/516/96
f 473/534/96 490/535/476 474/518/462
f 474/518/462 491/536/477 475/519/463
f 475/519/463 492/537/478 476/520/464
f 476/520/464 493/538/479 477/521/465
f 477/521/465 494/539/480 478/522/466
f 478/522/466 495/540/481 479/523/467
f 479/523/467 496/541/482 480/524/468
f 480/524/468 481/542/104 465/525/88
f 481/542/104 498/543/483 482/526/469
f 482/526/469 499/544/484 483/527/470
f 483/527/470 500/545/485 484/528/471
f 484/528/471 501/546/486 485/529/472
f 485/529/472 502/547/487 486/530/473
f 486/530/473 503/548/488 487/531/474
f 487/531/474 504/549/489 488/532/475
f 488/532/475 505/550/128 489/533/112
f 489/551/112 506/552/490 490/535/476
f 490/535/476 507/553/491 491/536/477
f 491/536/477 508/554/492 492/537/478
f 492/537/478 509/555/493 493/538/479
f 493/538/479 510/556/494 494/539/480
f 494/539/480 511/557/495 495/540/481
f 495/540/481 512/558/496 496/541/482
f 496/541/482 497/559/120 481/542/104
f 497/559/120 514/560/497 498/543/483
f 498/543/483 515/561/498 499/544/484
f 499/544/484 516/562/499 500/545/485
f 500/545/485 517/563/500 501/546/486
f 501/546/486 518/564/501 502/547/487
f 502/547/487 519/565/502 503/548/488
f 503/548/488 520/566/503 504/549/489
f 504/549/489 521/567/144 505/550/128
f 505/568/128 522/569/504 506/552/490
f 506/552/490 523/570/505 507/553/491
f 507/553/491 524/571/506 508/554/492
f 508/554/492 525/572/507 509/555/493
f 509/555/493 526/573/508 510/556/494
f 510/556/494 527/574/509 511/557/495
f 511/557/495 528/575/510 512/558/496
f 512/558/496 513/576/136 497/559/120
f 513/576/136 530/577/511 514/560/497
f 514/560/497 531/578/512 515/561/498
f 515/561/498 532/579/513 516/562/499
f 516/562/499 533/580/514 517/563/500
f 517/563/500 534/581/515 518/564/501
f 518/564/501 535/582/516 519/565/502
f 519/565/502 536/583/517 520/566/503
f 520/566/503 537/584/160 521/567/144
f 521/585/144 538/586/518 522/569/504
f 522/569/504 539/587/519 523/570/505
f 523/570/505 540/588/520 524/571/506
f 524/571/506 541/589/521 525/572/507
f 525/572/507 542/590/522 526/573/508
f 526/573/508 543/591/523 527/574/509
f 527/574/509 544/592/524 528/575/510
f 528/575/510 529/593/152 513/576/136
f 529/593/152 546/594/525 530/577/511
f 530/577/511 547/595/526 531/578/512
f 531/578/512 548/596/527 532/579/513
f 532/579/513 549/597/528 533/580/514
f 533/580/514 550/598/529 534/581/515
f 534/581/515 551/599/530 535/582/516
f 535/582/516 552/600/531 536/583/517
f 536/583/517 553/601/176 537/584/160
f 537/602/160 554/603/532 538/586/518
f 538/586/518 555/604/533 539/587/519
f 539/587/519 556/605/534 540/588/520
f 540/588/520 557/606/535 541/589/521
f 541/589/521 558/607/536 542/590/522
f 542/590/522 559/608/537 543/591/523
f 543/591/523 560/609/538 544/592/524
f 544/592/524 545/610/168 529/593/152
f 545/610/168 562/611/539 546/594/525
f 546/594/525 563/612/540 547/595/526
f 547/595/526 564/613/541 548/596/527
f 548/596/527 565/614/542 549/597/528
f 549/597/528 566/615/543 550/598/529
f 550/598/529 567/616/544 551/599/530
f 551/599/530 568/617/545 552/600/531
f 552/600/531 569/618/192 553/601/176
f 553/619/176 570/620/546 554/603/532
f 554/603/532 571/621/547 555/604/533
f 555/604/533 572/622/548 556/605/534
f 556/605/534 573/623/549 557/606/535
f 557/606/535 574/624/550 558/607/536
f 558/607/536 575/625/551 559/608/537
f 559/608/537 576/626/552 560/609/538
f 560/609/538 561/627/184 545/610/168
f 561/627/184 578/628/553 562/611/539
f 562/611/539 579/629/554 563/612/540
f 563/612/540 580/630/555 564/613/541
f 564/613/541 581/631/556 565/614/542
f 565/614/542 582/632/557 566/615/543
f 566/615/543 583/633/558 567/616/544
f 567/616/544 584/634/559 568/617/545
f 568/617/545 585/635/208 569/618/192
f 569/636/192 586/637/560 570/620/546
f 570/620/546 587/638/561 571/621/547
f 571/621/547 588/639/562 572/622/548
f 572/622/548 589/640/563 573/623/549
f 573/623/549 590/641/564 574/624/550
f 574/624/550 591/642/565 575/625/551
f 575/625/551 592/643/566 576/626/552
f 576/626/552 577/644/200 561/627/184
f 577/644/200 594/645/567 578/628/553
f 578/628/553 595/646/568 579/629/554
f 579/629/554 596/647/569 580/630/555
f 580/630/555 597/648/570 581/631/556
f 581/631/556 598/649/571 582/632/557
f 582/632/557 599/650/572 583/633/558
f 583/633/558 600/651/573 584/634/559
f 584/634/559 601/652/224 585/635/208
f 585/653/208 602/654/574 586/637/560
f 586/637/560 603/655/575 587/638/561
f 587/638/561 604/656/576 588/639/562
f 588/639/562 605/657/577 589/640/563
f 589/640/563 606/658/578 590/641/564
f 590/641/564 607/659/579 591/642/565
f 591/642/565 608/660/580 592/643/566
f 592/643/566 593/661/216 577/644/200
f 593/661/216 610/662/581 594/645/567
f 594/645/567 611/663/582 595/646/568
f 595/646/568 612/664/583 596/647/569
f 596/647/569 613/665/584 597/648/570
f 597/648/570 614/666/585 598/649/571
f 598/649/571 615/667/586 599/650/572
f 599/650/572 616/668/587 600/651/573
f 600/651/573 617/669/240 601/652/224
f 601/670/224 618/671/588 602/654/574
f 602/654/574 619/672/589 603/655/575
f 603/655/575 620/673/590 604/656/576
f 604/656/576 621/674/591 605/657/577
f 605/657/577 622/675/592 606/658/578
f 606/658/578 623/676/593 607/659/579
f 607/659/579 624/677/594 608/660/580
f 608/660/580 609/678/232 593/661/216
f 609/678/232 626/679/595 610/662/581
f 610/662/581 627/680/596 611/663/582
f 611/663/582 628/681/597 612/664/583
f 612/664/583 629/682/598 613/665/584
f 613/665/584 630/683/599 614/666/585
f 614/666/585 631/684/600 615/667/586
f 615/667/586 632/685/601 616/668/587
f 616/668/587 633/686/256 617/669/240
f 617/687/240 634/688/602 618/671/588
f 618/671/588 635/689/603 619/672/589
f 619/672/589 636/690/604 620/673/590
f 620/673/590 637/691/605 621/674/591
f 621/674/591 638/692/606 622/675/592
f 622/675/592 639/693/607 623/676/593
f 623/676/593 640/694/608 624/677/594
f 624/677/594 625/695/248 609/678/232
f 625/695/248 642/696/609 626/679/595
f 626/679/595 643/697/610 627/680/596
f 627/680/596 644/698/611 628/681/597
f 628/681/597 645/699/612 629/682/598
f 629/682/598 646/700/613 630/683/599
f 630/683/599 647/701/614 631/684/600
f 631/684/600 648/702/615 632/685/601
f 632/685/601 649/703/272 633/686/256
f 633/704/256 650/705/616 634/688/602
f 634/688/602 651/706/617 635/689/603
f 635/689/603 652/707/618 636/690/604
f 636/690/604 653/708/619 637/691/605
f 637/691/605 654/709/620 638/692/606
f 638/692/606 655/710/621 639/693/607
f 639/693/607 656/711/622 640/694/608
f 640/694/608 641/712/264 625/695/248
f 641/712/264 658/713/623 642/696/609
f 642/696/609 659/714/624 643/697/610
f 643/697/610 660/715/625 644/698/611
f 644/698/611 661/716/626 645/699/612
f 645/699/612 662/717/627 646/700/613
f 646/700/613 663/718/628 647/701/614
f 647/701/614 664/719/629 648/702/615
f 648/702/615 665/720/288 649/703/272
f 649/721/272 666/722/630 650/705/616
f 650/705/616 667/723/631 651/706/617
f 651/706/617 668/724/632 652/707/618
f 652/707/618 669/725/633 653/708/619
f 653/708/619 670/726/634 654/709/620
f 654/709/620 671/727/635 655/710/621
f 655/710/621 672/728/636 656/711/622
f 656/711/622 657/729/280 641/712/264
f 657/729/280 674/730/637 658/713/623
f 658/713/623 675/731/638 659/714/624
f 659/714/624 676/732/639 660/715/625
f 660/715/625 677/733/640 661/716/626
f 661/716/626 678/734/641 662/717/627
f 662/717/627 679/735/642 663/718/628
f 663/718/628 680/736/643 664/719/629
f 664/719/629 681/737/304 665/720/288
f 665/738/288 682/739/644 666/722/630
f 666/722/630 683/740/645 667/723/631
f 667/723/631 684/741/646 668/724/632
f 668/724/632 685/742/647 669/725/633
f 669/725/633 686/743/648 670/726/634
f 670/726/634 687/744/649 671/727/635
f 671/727/635 688/745/650 672/728/636
f 672/728/636 673/746/296 657/729/280
f 673/746/296 690/747/651 674/730/637
f 674/730/637 691/748/652 675/731/638
f 675/731/638 692/749/653 676/732/639
f 676/732/639 693/750/654 677/733/640
f 677/733/640 694/751/655 678/734/641
f 678/734/641 695/752/656 679/735/642
f 679/735/642 696/753/657 680/736/643
f 680/736/643 697/754/320 681/737/304
f 681/755/304 698/756/658 682/739/644
f 682/739/644 699/757/659 683/740/645
f 683/740/645 700/758/660 684/741/646
f 684/741/646 701/759/661 685/742/647
f 685/742/647 702/760/662 686/743/648
f 686/743/648 703/761/663 687/744/649
f 687/744/649 704/762/664 688/745/650
f 688/745/650 689/763/312 673/746/296
f 689/763/312 706/764/665 690/747/651
f 690/747/651 707/765/666 691/748/652
f 691/748/652 708/766/667 692/749/653
f 692/749/653 709/767/668 693/750/654
f 693/750/654 710/768/669 694/751/655
f 694/751/655 711/769/670 695/752/656
f 695/752/656 712/770/671 696/753/657
f 696/753/657 713/771/336 697/754/320
f 697/772/320 714/773/672 698/756/658
f 698/756/658 715/774/673 699/757/659
f 699/757/659 716/775/674 700/758/660
f 700/758/660 717/776/675 701/759/661
f 701/759/661 718/777/676 702/760/662
f 702/760/662 719/778/677 703/761/663
f 703/761/663 720/779/678 704/762/664
f 704/762/664 705/780/328 689/763/312
f 705/780/328 722/781/679 706/764/665
f 706/764/665 723/782/680 707/765/666
f 707/765/666 724/783/681 708/766/667
f 708/766/667 725/784/682 709/767/668
f 709/767/668 726/785/683 710/768/669
f 710/768/669 727/786/684 711/769/670
f 711/769/670 728/787/685 712/770/671
f 712/770/671 729/788/352 713/771/336
f 713/789/336 730/790/686 714/773/672
f 714/773/672 731/791/687 715/774/673
f 715/774/673 732/792/688 716/775/674
f 716/775/674 733/793/689 717/776/675
f 717/776/675 734/794/690 718/777/676
f 718/777/676 735/795/691 719/778/677
f 719/778/677 736/796/692 720/779/678
f 720/779/678 721/797/344 705/780/328
f 721/797/344 738/798/693 722/781/679
f 722/781/679 739/799/694 723/782/680
f 723/782/680 740/800/695 724/783/681
f 724/783/681 741/801/696 725/784/682
f 725/784/682 742/802/697 726/785/683
f 726/785/683 743/803/698 727/786/684
f 727/786/684 744/804/699 728/787/685
f 728/787/685 745/805/368 729/788/352
f 729/806/352 746/807/700 730/790/686
f 730/790/686 747/808/701 731/791/687
f 731/791/687 748/809/702 732/792/688
f 732/792/688 749/810/703 733/793/689
f 733/793/689 750/811/704 734/794/690
f 734/794/690 751/812/705 735/795/691
f 735/795/691 752/813/706 736/796/692
f 736/796/692 737/814/360 721/797/344
f 737/814/360 754/815/707 738/798/693
f 738/798/693 755/816/708 739/799/694
f 739/799/694 756/817/709 740/800/695
f 740/800/695 757/818/710 741/801/696
f 741/801/696 758/819/711 742/802/697
f 742/802/697 759/820/712 743/803/698
f 743/803/698 760/821/713 744/804/699
f 744/804/699 761/822/384 745/805/368
f 745/823/368 762/824/714 746/807/700
f 746/807/700 763/825/715 747/808/701
f 747/808/701 764/826/716 748/809/702
f 748/809/702 765/827/717 749/810/703
f 749/810/703 766/828/718 750/811/704
f 750/811/704 767/829/719 751/812/705
f 751/812/705 768/830/720 752/813/706
f 752/813/706 753/831/376 737/814/360
f 753/831/376 2/3/3 754/815/707
f 754/815/707 3/5/5 755/816/708
f 755/816/708 4/7/7 756/817/709
f 756/817/709 5/9/9 757/818/710
f 757/818/710 6/11/11 758/819/711
f 758/819/711 7/13/13 759/820/712
f 759/820/712 8/15/15 760/821/713
f 760/821/713 9/17/17 761/822/384
f 761/832/384 10/20/19 762/824/714
f 762/824/714 11/22/21 763/825/715
f 763/825/715 12/24/23 764/826/716
f 764/826/716 13/26/25 765/827/717
f 765/827/717 14/28/27 766/828/718
f 766/828/718 15/30/29 767/829/719
f 767/829/719 16/32/31 768/830/720
f 768/830/720 1/1/1 753/831/376
f 1/1/1 17/33/32 18/2/2
f 2/3/3 18/2/2 19/4/4
f 3/5/5 19/4/4 20/6/6
f 4/7/7 20/6/6 21/8/8
f 5/9/9 21/8/8 22/10/10
f 6/11/11 22/10/10 23/12/12
f 7/13/13 23/12/12 24/14/14
f 8/15/15 24/14/14 25/16/16
f 9/18/17 25/42/16 26/19/18
f 10/20/19 26/19/18 27/21/20
f 11/22/21 27/21/20 28/23/22
f 12/24/23 28/23/22 29/25/24
f 13/26/25 29/25/24 30/27/26
f 14/28/27 30/27/26 31/29/28
f 15/30/29 31/29/28 32/31/30
f 16/32/31 32/31/30 17/33/32
f 17/33/32 33/50/48 34/34/33
f 18/2/2 34/34/33 35/35/34
f 19/4/4 35/35/34 36/36/35
f 20/6/6 36/36/35 37/37/36
f 21/8/8 37/37/36 38/38/37
f 22/10/10 38/38/37 39/39/38
f 23/12/12 39/39/38 40/40/39
f 24/14/14 40/40/39 41/41/40
f 25/42/16 41/59/40 42/43/41
f 26/19/18 42/43/41 43/44/42
f 27/21/20 43/44/42 44/45/43
f 28/23/22 44/45/43 45/46/44
f 29/25/24 45/46/44 46/47/45
f 30/27/26 46/47/45 47/48/46
f 31/29/28 47/48/46 48/49/47
f 32/31/30 48/49/47 33/50/48
f 33/50/48 49/67/64 50/51/49
f 34/34/33 50/51/49 51/52/50
f 35/35/34 51/52/50 52/53/51
f 36/36/35 52/53/51 53/54/52
f 37/37/36 53/54/52 54/55/53
f 38/38/37 54/55/53 55/56/54
f 39/39/38 55/56/54 56/57/55
f 40/40/39 56/57/55 57/58/56
f 41/59/40 57/76/56 58/60/57
f 42/43/41 58/60/57 59/61/58
f 43/44/42 59/61/58 60/62/59
f 44/45/43 60/62/59 61/63/60
f 45/46/44 61/63/60 62/64/61
f 46/47/45 62/64/61 63/65/62
f 47/48/46 63/65/62 64/66/63
f 48/49/47 64/66/63 49/67/64
f 49/67/64 65/84/80 66/68/65
f 50/51/49 66/68/65 67/69/66
f 51/52/50 67/69/66 68/70/67
f 52/53/51 68/70/67 69/71/68
f 53/54/52 69/71/68 70/72/69
f 54/55/53 70/72/69 71/73/70
f 55/56/54 71/73/70 72/74/71
f 56/57/55 72/74/71 73/75/72
f 57/76/56 73/93/72 74/77/73
f 58/60/57 74/77/73 75/78/74
f 59/61/58 75/78/74 76/79/75
f 60/62/59 76/79/75 77/80/76
f 61/63/60 77/80/76 78/81/77
f 62/64/61 78/81/77 79/82/78
f 63/65/62 79/82/78 80/83/79
f 64/66/63 80/83/79 65/84/80
f 65/84/80 81/101/96 82/85/81
f 66/68/65 82/85/81 83/86/82
f 67/69/66 83/86/82 84/87/83
f 68/70/67 84/87/83 85/88/84
f 69/71/68 85/88/84 86/89/85
f 70/72/69 86/89/85 87/90/86
f 71/73/70 87/90/86 88/91/87
f 72/74/71 88/91/87 89/92/88
f 73/93/72 89/110/88 90/94/89
f 74/77/73 90/94/89 91/95/90
f 75/78/74 91/95/90 92/96/91
f 76/79/75 92/96/91 93/97/92
f 77/80/76 93/97/92 94/98/93
f 78/81/77 94/98/93 95/99/94
f 79/82/78 95/99/94 96/100/95
f 80/83/79 96/100/95 81/101/96
f 81/101/96 97/118/112 98/102/97
f 82/85/81 98/102/97 99/103/98
f 83/86/82 99/103/98 100/104/99
f 84/87/83 100/104/99 101/105/100
f 85/88/84 101/105/100 102/106/101
f 86/89/85 102/106/101 103/107/102
f 87/90/86 103/107/102 104/108/103
f 88/91/87 104/108/103 105/109/104
f 89/110/88 105/127/104 106/111/105
f 90/94/89 106/111/105 107/112/106
f 91/95/90 107/112/106 108/113/107
f 92/96/91 108/113/107 109/114/108
f 93/97/92 109/114/108 110/115/109
f 94/98/93 110/115/109 111/116/110
f 95/99/94 111/116/110 112/117/111
f 96/100/95 112/117/111 97/118/112
f 97/118/112 113/135/128 114/119/113
f 98/102/97 114/119/113 115/120/114
f 99/103/98 115/120/114 116/121/115
f 100/104/99 116/121/115 117/122/116
f 101/105/100 117/122/116 118/123/117
f 102/106/101 118/123/117 119/124/118
f 103/107/102 119/124/118 120/125/119
f 104/108/103 120/125/119 121/126/120
f 105/127/104 121/144/120 122/128/121
f 106/111/105 122/128/121 123/129/122
f 107/112/106 123/129/122 124/130/123
f 108/113/107 124/130/123 125/131/124
f 109/114/108 125/131/124 126/132/125
f 110/115/109 126/132/125 127/133/126
f 111/116/110 127/133/126 128/134/127
f 112/117/111 128/134/127 113/135/128
f 113/135/128 129/152/144 130/136/129
f 114/119/113 130/136/129 131/137/130
f 115/120/114 131/137/130 132/138/131
f 116/121/115 132/138/131 133/139/132
f 117/122/116 133/139/132 134/140/133
f 118/123/117 134/140/133 135/141/134
f 119/124/118 135/141/134 136/142/135
f 120/125/119 136/142/135 137/143/136
f 121/144/120 137/161/136 138/145/137
f 122/128/121 138/145/137 139/146/138
f 123/129/122 139/146/138 140/147/139
f 124/130/123 140/147/139 141/148/140
f 125/131/124 141/148/140 142/149/141
f 126/132/125 142/149/141 143/150/142
f 127/133/126 143/150/142 144/151/143
f 128/134/127 144/151/143 129/152/144
f 129/152/144 145/169/160 146/153/145
f 130/136/129 146/153/145 147/154/146
f 131/137/130 147/154/146 148/155/147
f 132/138/131 148/155/147 149/156/148
f 133/139/132 149/156/148 150/157/149
f 134/140/133 150/157/149 151/158/150
f 135/141/134 151/158/150 152/159/151
f 136/142/135 152/159/151 153/160/152
f 137/161/136 153/178/152 154/162/153
f 138/145/137 154/162/153 155/163/154
f 139/146/138 155/163/154 156/164/155
f 140/147/139 156/164/155 157/165/156
f 141/148/140 157/165/156 158/166/157
f 142/149/141 158/166/157 159/167/158
f 143/150/142 159/167/158 160/168/159
f 144/151/143 160/168/159 145/169/160
f 145/169/160 161/186/176 162/170/161
f 146/153/145 162/170/161 163/171/162
f 147/154/146 163/171/162 164/172/163
f 148/155/147 164/172/163 165/173/164
f 149/156/148 165/173/164 166/174/165
f 150/157/149 166/174/165 167/175/166
f 151/158/150 167/175/166 168/176/167
f 152/159/151 168/176/167 169/177/168
f 153/178/152 169/195/168 170/179/169
f 154/162/153 170/179/169 171/180/170
f 155/163/154 171/180/170 172/181/171
f 156/164/155 172/181/171 173/182/172
f 157/165/156 173/182/172 174/183/173
f 158/166/157 174/183/173 175/184/174
f 159/167/158 175/184/174 176/185/175
f 160/168/159 176/185/175 161/186/176
f 161/186/176 177/203/192 178/187/177
f 162/170/161 178/187/177 179/188/178
f 163/171/162 179/188/178 180/189/179
f 164/172/163 180/189/179 181/190/180
f 165/173/164 181/190/180 182/191/181
f 166/174/165 182/191/181 183/192/182
f 167/175/166 183/192/182 184/193/183
f 168/176/167 184/193/183 185/194/184
f 169/195/168 185/212/184 186/196/185
f 170/179/169 186/196/185 187/197/186
f 171/180/170 187/197/186 188/198/187
f 172/181/171 188/198/187 189/199/188
f 173/182/172 189/199/188 190/200/189
f 174/183/173 190/200/189 191/201/190
f 175/184/174 191/201/190 192/202/191
f 176/185/175 192/202/191 177/203/192
f 177/203/192 193/220/208 194/204/193
f 178/187/177 194/204/193 195/205/194
f 179/188/178 195/205/194 196/206/195
f 180/189/179 196/206/195 197/207/196
f 181/190/180 197/207/196 198/208/197
f 182/191/181 198/208/197 199/209/198
f 183/192/182 199/209/198 200/210/199
f 184/193/183 200/210/199 201/211/200
f 185/212/184 201/229/200 202/213/201
f 186/196/185 202/213/201 203/214/202
f 187/197/186 203/214/202 204/215/203
f 188/198/187 204/215/203 205/216/204
f 189/199/188 205/216/204 206/217/205
f 190/200/189 206/217/205 207/218/206
f 191/201/190 207/218/206 208/219/207
f 192/202/191 208/219/207 193/220/208
f 193/220/208 209/237/224 210/221/209
f 194/204/193 210/221/209 211/222/210
f 195/205/194 211/222/210 212/223/211
f 196/206/195 212/223/211 213/224/212
f 197/207/196 213/224/212 214/225/213
f 198/208/197 214/225/213 215/226/214
f 199/209/198 215/226/214 216/227/215
f 200/210/199 216/227/215 217/228/216
f 201/229/200 217/246/216 218/230/217
f 202/213/201 218/230/217 219/231/218
f 203/214/202 219/231/218 220/232/219
f 204/215/203 220/232/219 221/233/220
f 205/216/204 221/233/220 222/234/221
f 206/217/205 222/234/221 223/235/222
f 207/218/206 223/235/222 224/236/223
f 208/219/207 224/236/223 209/237/224
f 209/237/224 225/254/240 226/238/225
f 210/221/209 226/238/225 227/239/226
f 211/222/210 227/239/226 228/240/227
f 212/223/211 228/240/227 229/241/228
f 213/224/212 229/241/228 230/242/229
f 214/225/213 230/242/229 231/243/230
f 215/226/214 231/243/230 232/244/231
f 216/227/215 232/244/231 233/245/232
f 217/246/216 233/263/232 234/247/233
f 218/230/217 234/247/233 235/248/234
f 219/231/218 235/248/234 236/249/235
f 220/232/219 236/249/235 237/250/236
f 221/233/220 237/250/236 238/251/237
f 222/234/221 238/251/237 239/252/238
f 223/235/222 239/252/238 240/253/239
f 224/236/223 240/253/239 225/254/240
f 225/254/240 241/271/256 242/255/241
f 226/238/225 242/255/241 243/256/242
f 227/239/226 243/256/242 244/257/243
f 228/240/227 244/257/243 245/258/244
f 229/241/228 245/258/244 246/259/245
f 230/242/229 246/259/245 247/260/246
f 231/243/230 247/260/246 248/261/247
f 232/244/231 248/261/247 249/262/248
f 233/263/232 249/280/248 250/264/249
f 234/247/233 250/264/249 251/265/250
f 235/248/234 251/265/250 252/266/251
f 236/249/235 252/266/251 253/267/252
f 237/250/236 253/267/252 254/268/253
f 238/251/237 254/268/253 255/269/254
f 239/252/238 255/269/254 256/270/255
f 240/253/239 256/270/255 241/271/256
f 241/271/256 257/288/272 258/272/257
f 242/255/241 258/272/257 259/273/258
f 243/256/242 259/273/258 260/274/259
f 244/257/243 260/274/259 261/275/260
f 245/258/244 261/275/260 262/276/261
f 246/259/245 262/276/261 263/277/262
f 247/260/246 263/277/262 264/278/263
f 248/261/247 264/278/263 265/279/264
f 249/280/248 265/297/264 266/281/265
f 250/264/249 266/281/265 267/282/266
f 251/265/250 267/282/266 268/283/267
f 252/266/251 268/283/267 269/284/268
f 253/267/252 269/284/268 270/285/269
f 254/268/253 270/285/269 271/286/270
f 255/269/254 271/286/270 272/287/271
f 256/270/255 272/287/271 257/288/272
f 257/288/272 273/305/288 274/289/273
f 258/272/257 274/289/273 275/290/274
f 259/273/258 275/290/274 276/291/275
f 260/274/259 276/291/275 277/292/276
f 261/275/260 277/292/276 278/293/277
f 262/276/261 278/293/277 279/294/278
f 263/277/262 279/294/278 280/295/279
f 264/278/263 280/295/279 281/296/280
f 265/297/264 281/314/280 282/298/281
f 266/281/265 282/298/281 283/299/282
f 267/282/266 283/299/282 284/300/283
f 268/283/267 284/300/283 285/301/284
f 269/284/268 285/301/284 286/302/285
f 270/285/269 286/302/285 287/303/286
f 271/286/270 287/303/286 288/304/287
f 272/287/271 288/304/287 273/305/288
f 273/305/288 289/322/304 290/306/289
f 274/289/273 290/306/289 291/307/290
f 275/290/274 291/307/290 292/308/291
f 276/291/275 292/308/291 293/309/292
f 277/292/276 293/309/292 294/310/293
f 278/293/277 294/310/293 295/311/294
f 279/294/278 295/311/294 296/312/295
f 280/295/279 296/312/295 297/313/296
f 281/314/280 297/331/296 298/315/297
f 282/298/281 298/315/297 299/316/298
f 283/299/282 299/316/298 300/317/299
f 284/300/283 300/317/299 301/318/300
f 285/301/284 301/318/300 302/319/301
f 286/302/285 302/319/301 303/320/302
f 287/303/286 303/320/302 304/321/303
f 288/304/287 304/321/303 289/322/304
f 289/322/304 305/339/320 306/323/305
f 290/306/289 306/323/305 307/324/306
f 291/307/290 307/324/306 308/325/307
f 292/308/291 308/325/307 309/326/308
f 293/309/292 309/326/308 310/327/309
f 294/310/293 310/327/309 311/328/310
f 295/311/294 311/328/310 312/329/311
f 296/312/295 312/329/311 313/330/312
f 297/331/296 313/348/312 314/332/313
f 298/315/297 314/332/313 315/333/314
f 299/316/298 315/333/314 316/334/315
f 300/317/299 316/334/315 317/335/316
f 301/318/300 317/335/316 318/336/317
f 302/319/301 318/336/317 319/337/318
f 303/320/302 319/337/318 320/338/319
f 304/321/303 320/338/319 305/339/320
f 305/339/320 321/356/336 322/340/321
f 306/323/305 322/340/321 323/341/322
f 307/324/306 323/341/322 324/342/323
f 308/325/307 324/342/323 325/343/324
f 309/326/308 325/343/324 326/344/325
f 310/327/309 326/344/325 327/345/326
f 311/328/310 327/345/326 328/346/327
f 312/329/311 328/346/327 329/347/328
f 313/348/312 329/365/328 330/349/329
f 314/332/313 330/349/329 331/350/330
f 315/333/314 331/350/330 332/351/331
f 316/334/315 332/351/331 333/352/332
f 317/335/316 333/352/332 334/353/333
f 318/336/317 334/353/333 335/354/334
f 319/337/318 335/354/334 336/355/335
f 320/338/319 336/355/335 321/356/336
f 321/356/336 337/373/352 338/357/337
f 322/340/321 338/357/337 339/358/338
f 323/341/322 339/358/338 340/359/339
f 324/342/323 340/359/339 341/360/340
f 325/343/324 341/360/340 342/361/341
f 326/344/325 342/361/341 343/362/342
f 327/345/326 343/362/342 344/363/343
f 328/346/327 344/363/343 345/364/344
f 329/365/328 345/382/344 346/366/345
f 330/349/329 346/366/345 347/367/346
f 331/350/330 347/367/346 348/368/347
f 332/351/331 348/368/347 349/369/348
f 333/352/332 349/369/348 350/370/349
f 334/353/333 350/370/349 351/371/350
f 335/354/334 351/371/350 352/372/351
f 336/355/335 352/372/351 337/373/352
f 337/373/352 353/390/368 354/374/353
f 338/357/337 354/374/353 355/375/354
f 339/358/338 355/375/354 356/376/355
f 340/359/339 356/376/355 357/377/356
f 341/360/340 357/377/356 358/378/357
f 342/361/341 358/378/357 359/379/358
f 343/362/342 359/379/358 360/380/359
f 344/363/343 360/380/359 361/381/360
f 345/382/344 361/399/360 362/383/361
f 346/366/345 362/383/361 363/384/362
f 347/367/346 363/384/362 364/385/363
f 348/368/347 364/385/363 365/386/364
f 349/369/348 365/386/364 366/387/365
f 350/370/349 366/387/365 367/388/366
f 351/371/350 367/388/366 368/389/367
f 352/372/351 368/389/367 353/390/368
f 353/390/368 369/407/384 370/391/369
f 354/374/353 370/391/369 371/392/370
f 355/375/354 371/392/370 372/393/371
f 356/376/355 372/393/371 373/394/372
f 357/377/356 373/394/372 374/395/373
f 358/378/357 374/395/373 375/396/374
f 359/379/358 375/396/374 376/397/375
f 360/380/359 376/397/375 377/398/376
f 361/399/360 377/416/376 378/400/377
f 362/383/361 378/400/377 379/401/378
f 363/384/362 379/401/378 380/402/379
f 364/385/363 380/402/379 381/403/380
f 365/386/364 381/403/380 382/404/381
f 366/387/365 382/404/381 383/405/382
f 367/388/366 383/405/382 384/406/383
f 368/389/367 384/406/383 369/407/384
f 369/407/384 385/424/17 386/408/385
f 370/391/369 386/408/385 387/409/386
f 371/392/370 387/409/386 388/410/387
f 372/393/371 388/410/387 389/411/388
f 373/394/372 389/411/388 390/412/389
f 374/395/373 390/412/389 391/413/390
f 375/396/374 391/413/390 392/414/391
f 376/397/375 392/414/391 393/415/1
f 377/416/376 393/833/1 394/417/392
f 378/400/377 394/417/392 395/418/393
f 379/401/378 395/418/393 396/419/394
f 380/402/379 396/419/394 397/420/395
f 381/403/380 397/420/395 398/421/396
f 382/404/381 398/421/396 399/422/397
f 383/405/382 399/422/397 400/423/398
f 384/406/383 400/423/398 385/424/17
f 385/425/17 401/457/16 402/426/399
f 386/427/385 402/426/399 403/428/400
f 387/429/386 403/428/400 404/430/401
f 388/431/387 404/430/401 405/432/402
f 389/433/388 405/432/402 406/434/403
f 390/435/389 406/434/403 407/436/404
f 391/437/390 407/436/404 408/438/405
f 392/439/391 408/438/405 409/440/32
f 393/442/1 409/466/32 410/443/406
f 394/444/392 410/443/406 411/445/407
f 395/446/393 411/445/407 412/447/408
f 396/448/394 412/447/408 413/449/409
f 397/450/395 413/449/409 414/451/410
f 398/452/396 414/451/410 415/453/411
f 399/454/397 415/453/411 416/455/412
f 400/456/398 416/455/412 401/457/16
f 401/457/16 417/474/40 418/458/413
f 402/426/399 418/458/413 419/459/414
f 403/428/400 419/459/414 420/460/415
f 404/430/401 420/460/415 421/461/416
f 405/432/402 421/461/416 422/462/417
f 406/434/403 422/462/417 423/463/418
f 407/436/404 423/463/418 424/464/419
f 408/438/405 424/464/419 425/465/48
f 409/466/32 425/483/48 426/467/420
f 410/443/406 426/467/420 427/468/421
f 411/445/407 427/468/421 428/469/422
f 412/447/408 428/469/422 429/470/423
f 413/449/409 429/470/423 430/471/424
f 414/451/410 430/471/424 431/472/425
f 415/453/411 431/472/425 432/473/426
f 416/455/412 432/473/426 417/474/40
f 417/474/40 433/491/56 434/475/427
f 418/458/413 434/475/427 435/476/428
f 419/459/414 435/476/428 436/477/429
f 420/460/415 436/477/429 437/478/430
f 421/461/416 437/478/430 438/479/431
f 422/462/417 438/479/431 439/480/432
f 423/463/418 439/480/432 440/481/433
f 424/464/419 440/481/433 441/482/64
f 425/483/48 441/500/64 442/484/434
f 426/467/420 442/484/434 443/485/435
f 427/468/421 443/485/435 444/486/436
f 428/469/422 444/486/436 445/487/437
f 429/470/423 445/487/437 446/488/438
f 430/471/424 446/488/438 447/489/439
f 431/472/425 447/489/439 448/490/440
f 432/473/426 448/490/440 433/491/56
f 433/491/56 449/508/72 450/492/441
f 434/475/427 450/492/441 451/493/442
f 435/476/428 451/493/442 452/494/443
f 436/477/429 452/494/443 453/495/444
f 437/478/430 453/495/444 454/496/445
f 438/479/431 454/496/445 455/497/446
f 439/480/432 455/497/446 456/498/447
f 440/481/433 456/498/447 457/499/80
f 441/500/64 457/517/80 458/501/448
f 442/484/434 458/501/448 459/502/449
f 443/485/435 459/502/449 460/503/450
f 444/486/436 460/503/450 461/504/451
f 445/487/437 461/504/451 462/505/452
f 446/488/438 462/505/452 463/506/453
f 447/489/439 463/506/453 464/507/454
f 448/490/440 464/507/454 449/508/72
f 449/508/72 465/525/88 466/509/455
f 450/492/441 466/509/455 467/510/456
f 451/493/442 467/510/456 468/511/457
f 452/494/443 468/511/457 469/512/458
f 453/495/444 469/512/458 470/513/459
f 454/496/445 470/513/459 471/514/460
f 455/497/446 471/514/460 472/515/461
f 456/498/447 472/515/461 473/516/96
f 457/517/80 473/534/96 474/518/462
f 458/501/448 474/518/462 475/519/463
f 459/502/449 475/519/463 476/520/464
f 460/503/450 476/520/464 477/521/465
f 461/504/451 477/521/465 478/522/466
f 462/505/452 478/522/466 479/523/467
f 463/506/453 479/523/467 480/524/468
f 464/507/454 480/524/468 465/525/88
f 465/525/88 481/542/104 482/526/469
f 466/509/455 482/526/469 483/527/470
f 467/510/456 483/527/470 484/528/471
f 468/511/457 484/528/471 485/529/472
f 469/512/458 485/529/472 486/530/473
f 470/513/459 486/530/473 487/531/474
f 471/514/460 487/531/474 488/532/475
f 472/515/461 488/532/475 489/533/112
f 473/534/96 489/551/112 490/535/476
f 474/518/462 490/535/476 491/536/477
f 475/519/463 491/536/477 492/537/478
f 476/520/464 492/537/478 493/538/479
f 477/521/465 493/538/479 494/539/480
f 478/522/466 494/539/480 495/540/481
f 479/523/467 495/540/481 496/541/482
f 480/524/468 496/541/482 481/542/104
f 481/542/104 497/559/120 498/543/483
f 482/526/469 498/543/483 499/544/484
f 483/527/470 499/544/484 500/545/485
f 484/528/471 500/545/485 501/546/486
f 485/529/472 501/546/486 502/547/487
f 486/530/473 502/547/487 503/548/488
f 487/531/474 503/548/488 504/549/489
f 488/532/475 504/549/489 505/550/128
f 489/551/112 505/568/128 506/552/490
f 490/535/476 506/552/490 507/553/491
f 491/536/477 507/553/491 508/554/492
f 492/537/478 508/554/492 509/555/493
f 493/538/479 509/555/493 510/556/494
f 494/539/480 510/556/494 511/557/495
f 495/540/481 511/557/495 512/558/496
f 496/541/482 512/558/496 497/559/120
f 497/559/120 513/576/136 514/560/497
f 498/543/483 514/560/497 515/561/498
f 499/544/484 515/561/498 516/562/499
f 500/545/485 516/562/499 517/563/500
f 501/546/486 517/563/500 518/564/501
f 502/547/487 518/564/501 519/565/502
f 503/548/488 519/565/502 520/566/503
f 504/549/489 520/566/503 521/567/144
f 505/568/128 521/585/144 522/569/504
f 506/552/490 522/569/504 523/570/505
f 507/553/491 523/570/505 524/571/506
f 508/554/492 524/571/506 525/572/507
f 509/555/493 525/572/507 526/573/508
f 510/556/494 526/573/508 527/574/509
f 511/557/495 527/574/509 528/575/510
f 512/558/496 528/575/510 513/576/136
f 513/576/136 529/593/152 530/577/511
f 514/560/497 530/577/511 531/578/512
f 515/561/498 531/578/512 532/579/513
f 516/562/499 532/579/513 533/580/514
f 517/563/500 533/580/514 534/581/515
f 518/564/501 534/581/515 535/582/516
f 519/565/502 535/582/516 536/583/517
f 520/566/503 536/583/517 537/584/160
f 521/585/144 537/602/160 538/586/518
f 522/569/504 538/586/518 539/587/519
f 523/570/505 539/587/519 540/588/520
f 524/571/506 540/588/520 541/589/521
f 525/572/507 541/589/521 542/590/522
f 526/573/508 542/590/522 543/591/523
f 527/574/509 543/591/523 544/592/524
f 528/575/510 544/592/524 529/593/152
f 529/593/152 545/610/168 546/594/525
f 530/577/511 546/594/525 547/595/526
f 531/578/512 547/595/526 548/596/527
f 532/579/513 548/596/527 549/597/528
f 533/580/514 549/597/528 550/598/529
f 534/581/515 550/598/529 551/599/530
f 535/582/516 551/599/530 552/600/531
f 536/583/517 552/600/531 553/601/176
f 537/602/160 553/619/176 554/603/532
f 538/586/518 554/603/532 555/604/533
f 539/587/519 555/604/533 556/605/534
f 540/588/520 556/605/534 557/606/535
f 541/589/521 557/606/535 558/607/536
f 542/590/522 558/607/536 559/608/537
f 543/591/523 559/608/537 560/609/538
f 544/592/524 560/609/538 545/610/168
f 545/610/168 561/627/184 562/611/539
f 546/594/525 562/611/539 563/612/540
f 547/595/526 563/612/540 564/613/541
f 548/596/527 564/613/541 565/614/542
f 549/597/528 565/614/542 566/615/543
f 550/598/529 566/615/543 567/616/544
f 551/599/530 567/616/544 568/617/545
f 552/600/531 568/617/545 569/618/192
f 553/619/176 569/636/192 570/620/546
f 554/603/532 570/620/546 571/621/547
f 555/604/533 571/621/547 572/622/548
f 556/605/534 572/622/548 573/623/549
f 557/606/535 573/623/549 574/624/550
f 558/607/536 574/624/550 575/625/551
f 559/608/537 575/625/551 576/626/552
f 560/609/538 576/626/552 561/627/184
f 561/627/184 577/644/200 578/628/553
f 562/611/539 578/628/553 579/629/554
f 563/612/540 579/629/554 580/630/555
f 564/613/541 580/630/555 581/631/556
f 565/614/542 581/631/556 582/632/557
f 566/615/543 582/632/557 583/633/558
f 567/616/544 583/633/558 584/634/559
f 568/617/545 584/634/559 585/635/208
f 569/636/192 585/653/208 586/637/560
f 570/620/546 586/637/560 587/638/561
f 571/621/547 587/638/561 588/639/562
f 572/622/548 588/639/562 589/640/563
f 573/623/549 589/640/563 590/641/564
f 574/624/550 590/641/564 591/642/565
f 575/625/551 591/642/565 592/643/566
f 576/626/552 592/643/566 577/644/200
f 577/644/200 593/661/216 594/645/567
f 578/628/553 594/645/567 595/646/568
f 579/629/554 595/646/568 596/647/569
f 580/630/555 596/647/569 597/648/570
f 581/631/556 597/648/570 598/649/571
f 582/632/557 598/649/571 599/650/572
f 583/633/558 599/650/572 600/651/573
f 584/634/559 600/651/573 601/652/224
f 585/653/208 601/670/224 602/654/574
f 586/637/560 602/654/574 603/655/575
f 587/638/561 603/655/575 604/656/576
f 588/639/562 604/656/576 605/657/577
f 589/640/563 605/657/577 606/658/578
f 590/641/564 606/658/578 607/659/579
f 591/642/565 607/659/579 608/660/580
f 592/643/566 608/660/580 593/661/216
f 593/661/216 609/678/232 610/662/581
f 594/645/567 610/662/581 611/663/582
f 595/646/568 611/663/582 612/664/583
f 596/647/569 612/664/583 613/665/584
f 597/648/570 613/665/584 614/666/585
f 598/649/571 614/666/585 615/667/586
f 599/650/572 615/667/586 616/668/587
f 600/651/573 616/668/587 617/669/240
f 601/670/224 617/687/240 618/671/588
f 602/654/574 618/671/588 619/672/589
f 603/655/575 619/672/589 620/673/590
f 604/656/576 620/673/590 621/674/591
f 605/657/577 621/674/591 622/675/592
f 606/658/578 622/675/592 623/676/593
f 607/659/579 623/676/593 624/677/594
f 608/660/580 624/677/594 609/678/232
f 609/678/232 625/695/248 626/679/595
f 610/662/581 626/679/595 627/680/596
f 611/663/582 627/680/596 628/681/597
f 612/664/583 628/681/597 629/682/598
f 613/665/584 629/682/598 630/683/599
f 614/666/585 630/683/599 631/684/600
f 615/667/586 631/684/600 632/685/601
f 616/668/587 632/685/601 633/686/256
f 617/687/240 633/704/256 634/688/602
f 618/671/588 634/688/602 635/689/603
f 619/672/589 635/689/603 636/690/604
f 620/673/590 636/690/604 637/691/605
f 621/674/591 637/691/605 638/692/606
f 622/675/592 638/692/606 639/693/607
f 623/676/593 639/693/607 640/694/608
f 624/677/594 640/694/608 625/695/248
f 625/695/248 641/712/264 642/696/609
f 626/679/595 642/696/609 643/697/610
f 627/680/596 643/697/610 644/698/611
f 628/681/597 644/698/611 645/699/612
f 629/682/598 645/699/612 646/700/613
f 630/683/599 646/700/613 647/701/614
f 631/684/600 647/701/614 648/702/615
f 632/685/601 648/702/615 649/703/272
f 633/704/256 649/721/272 650/705/616
f 634/688/602 650/705/616 651/706/617
f 635/689/603 651/706/617 652/707/618
f 636/690/604 652/707/618 653/708/619
f 637/691/605 653/708/619 654/709/620
f 638/692/606 654/709/620 655/710/621
f 639/693/607 655/710/621 656/711/622
f 640/694/608 656/711/622 641/712/264
f 641/712/264 657/729/280 658/713/623
f 642/696/609 658/713/623 659/714/624
f 643/697/610 659/714/624 660/715/625
f 644/698/611 660/715/625 661/716/626
f 645/699/612 661/716/626 662/717/627
f 646/700/613 662/717/627 663/718/628
f 647/701/614 663/718/628 664/719/629
f 648/702/615 664/719/629 665/720/288
f 649/721/272 665/738/288 666/722/630
f 650/705/616 666/722/630 667/723/631
f 651/706/617 667/723/631 668/724/632
f 652/707/618 668/724/632 669/725/633
f 653/708/619 669/725/633 670/726/634
f 654/709/620 670/726/634 671/727/635
f 655/710/621 671/727/635 672/728/636
f 656/711/622 672/728/636 657/729/280
f 657/729/280 673/746/296 674/730/637
f 658/713/623 674/730/637 675/731/638
f 659/714/624 675/731/638 676/732/639
f 660/715/625 676/732/639 677/733/640
f 661/716/626 677/733/640 678/734/641
f 662/717/627 678/734/641 679/735/642
f 663/718/628 679/735/642 680/736/643
f 664/719/629 680/736/643 681/737/304
f 665/738/288 681/755/304 682/739/644
f 666/722/630 682/739/644 683/740/645
f 667/723/631 683/740/645 684/741/646
f 668/724/632 684/741/646 685/742/647
f 669/725/633 685/742/647 686/743/648
f 670/726/634 686/743/648 687/744/649
f 671/727/635 687/744/649 688/745/650
f 672/728/636 688/745/650 673/746/296
f 673/746/296 689/763/312 690/747/651
f 674/730/637 690/747/651 691/748/652
f 675/731/638 691/748/652 692/749/653
f 676/732/639 692/749/653 693/750/654
f 677/733/640 693/750/654 694/751/655
f 678/734/641 694/751/655 695/752/656
f 679/735/642 695/752/656 696/753/657
f 680/736/643 696/753/657 697/754/320
f 681/755/304 697/772/320 698/756/658
f 682/739/644 698/756/658 699/757/659
f 683/740/645 699/757/659 700/758/660
f 684/741/646 700/758/660 701/759/661
f 685/742/647 701/759/661 702/760/662
f 686/743/648 702/760/662 703/761/663
f 687/744/649 703/761/663 704/762/664
f 688/745/650 704/762/664 689/763/312
f 689/763/312 705/780/328 706/764/665
f 690/747/651 706/764/665 707/765/666
f 691/748/652 707/765/666 708/766/667
f 692/749/653 708/766/667 709/767/668
f 693/750/654 709/767/668 710/768/669
f 694/751/655 710/768/669 711/769/670
f 695/752/656 711/769/670 712/770/671
f 696/753/657 712/770/671 713/771/336
f 697/772/320 713/789/336 714/773/672
f 698/756/658 714/773/672 715/774/673
f 699/757/659 715/774/673 716/775/674
f 700/758/660 716/775/674 717/776/675
f 701/759/661 717/776/675 718/777/676
f 702/760/662 718/777/676 719/778/677
f 703/761/663 719/778/677 720/779/678
f 704/762/664 720/779/678 705/780/328
f 705/780/328 721/797/344 722/781/679
f 706/764/665 722/781/679 723/782/680
f 707/765/666 723/782/680 724/783/681
f 708/766/667 724/783/681 725/784/682
f 709/767/668 725/784/682 726/785/683
f 710/768/669 726/785/683 727/786/684
f 711/769/670 727/786/684 728/787/685
f 712/770/671 728/787/685 729/788/352
f 713/789/336 729/806/352 730/790/686
f 714/773/672 730/790/686 731/791/687
f 715/774/673 731/791/687 732/792/688
f 716/775/674 732/792/688 733/793/689
f 717/776/675 733/793/689 734/794/690
f 718/777/676 734/794/690 735/795/691
f 719/778/677 735/795/691 736/796/692
f 720/779/678 736/796/692 721/797/344
f 721/797/344 737/814/360 738/798/693
f 722/781/679 738/798/693 739/799/694
f 723/782/680 739/799/694 740/800/695
f 724/783/681 740/800/695 741/801/696
f 725/784/682 741/801/696 742/802/697
f 726/785/683 742/802/697 743/803/698
f 727/786/684 743/803/698 744/804/699
f 728/787/685 744/804/699 745/805/368
f 729/806/352 745/823/368 746/807/700
f 730/790/686 746/807/700 747/808/701
f 731/791/687 747/808/701 748/809/702
f 732/792/688 748/809/702 749/810/703
f 733/793/689 749/810/703 750/811/704
f 734/794/690 750/811/704 751/812/705
f 735/795/691 751/812/705 752/813/706
f 736/796/692 752/813/706 737/814/360
f 737/814/360 753/831/376 754/815/707
f 738/798/693 754/815/707 755/816/708
f 739/799/694 755/816/708 756/817/709
f 740/800/695 756/817/709 757/818/710
f 741/801/696 757/818/710 758/819/711
f 742/802/697 758/819/711 759/820/712
f 743/803/698 759/820/712 760/821/713
f 744/804/699 760/821/713 761/822/384
f 745/823/368 761/832/384 762/824/714
f 746/807/700 762/824/714 763/825/715
f 747/808/701 763/825/715 764/826/716
f 748/809/702 764/826/716 765/827/717
f 749/810/703 765/827/717 766/828/718
f 750/811/704 766/828/718 767/829/719
f 751/812/705 767/829/719 768/830/720
f 752/813/706 768/830/720 753/831/376
f 753/831/376 1/1/1 2/3/3
f 754/815/707 2/3/3 3/5/5
f 755/816/708 3/5/5 4/7/7
f 756/817/709 4/7/7 5/9/9
f 757/818/710 5/9/9 6/11/11
f 758/819/711 6/11/11 7/13/13
f 759/820/712 7/13/13 8/15/15
f 760/821/713 8/15/15 9/17/17
f 761/832/384 9/18/17 10/20/19
f 762/824/714 10/20/19 11/22/21
f 763/825/715 11/22/21 12/24/23
f 764/826/716 12/24/23 13/26/25
f 765/827/717 13/26/25 14/28/27
f 766/828/718 14/28/27 15/30/29
f 767/829/719 15/30/29 16/32/31
f 768/830/720 16/32/31 1/1/1
