# Toon Link bind pose (debug export)
mtllib link.mtl
v 6.9708724 42.081253 9.763543
v 12.074951 47.86234 5.984087
v 12.074951 42.081398 5.984003
v 13.943542 47.86229 0.8206553
v 13.943542 42.081596 0.8205708
v 12.07594 47.86224 -4.343142
v 12.07594 42.081795 -4.343226
v 6.9725847 47.862206 -8.123659
v 6.9725847 42.08194 -8.123742
v 0.00091014523 47.86219 -9.507911
v 0.0009101534 42.081993 -9.507995
v -6.9710293 47.862206 -8.124994
v -6.9710293 42.08194 -8.125078
v -12.075109 47.86224 -4.3454566
v -12.075109 42.081795 -4.345541
v -13.943698 47.86229 0.8179828
v -13.943698 42.081596 0.81789833
v -12.076102 47.86234 5.9817734
v -12.076102 42.081398 5.981689
v -6.972793 47.86238 10.270287
v -6.9727445 42.081253 9.762209
v -0.0011156321 47.862392 11.654548
v -0.001110881 42.08117 11.604913
v 6.970824 47.86238 10.271622
v 11.869622 67.13629 -4.197485
v 10.8940735 65.67941 -5.7907825
v 12.645911 64.07264 -0.3370643
v 11.396231 59.949883 -4.727448
v 13.158682 59.95021 0.32017803
v 11.852357 53.559692 -4.4051075
v 13.68537 53.56006 0.6855497
v 12.07594 47.86224 -4.343142
v 13.943542 47.86229 0.8206553
v 12.074951 47.86234 5.984087
v 6.970824 47.86238 10.271622
v 6.841742 53.56074 10.195491
v -0.0011094054 53.56084 11.5894985
v -0.0011031664 59.95091 11.524322
v -6.5803256 59.95082 10.117967
v -6.2756042 65.96977 9.4787035
v -10.891765 65.427666 5.482637
v -0.0010429118 65.96985 10.907157
v 6.5783863 59.95082 10.119229
v 11.962001 53.56043 5.8538346
v -12.645846 64.07264 -0.3394833
v -13.158743 59.95021 0.31765682
v -11.613159 59.950542 5.7212076
v -11.963127 53.56043 5.8515415
v -6.843694 53.56074 10.1941805
v -6.972793 47.86238 10.270287
v -0.0011156321 47.862392 11.654548
v 6.273791 65.96977 9.479907
v 11.612058 59.950542 5.723433
v 26.849068 100.49399 -2.4921074
v 25.562595 98.511 -2.4920375
v 22.016367 100.06189 -0.17495897
v 24.822563 95.391754 -2.7333615
v 20.859613 95.2294 -0.65917885
v 23.398552 92.53001 -2.298431
v 20.31582 90.67667 -0.7103498
v 0.0009960991 65.968735 -10.408073
v 0.00092992367 59.949566 -9.714525
v 7.12971 66.08678 -8.674322
v 6.864328 59.949654 -8.308154
v -12.076102 47.86234 5.9817734
v -13.685502 53.56006 0.68292767
v -11.395322 59.949883 -4.7296314
v -13.943698 47.86229 0.8179828
v -11.851514 53.559692 -4.4073763
v -6.8627343 59.949654 -8.309468
v -12.075109 47.86224 -4.3454566
v -6.986919 53.559418 -8.2171755
v -6.9710293 47.862206 -8.124994
v 0.0009200286 53.55932 -9.611156
v 0.00091014523 47.86219 -9.507911
v 6.9884944 53.559418 -8.215837
v -26.848593 100.49399 -2.4972327
v -22.016333 100.06189 -0.1791633
v -25.56212 98.511 -2.4969203
v -20.85949 95.2294 -0.6631625
v -24.822042 95.391754 -2.7381005
v -23.398113 92.53001 -2.3028982
v 17.325962 90.33463 1.9071953
v 18.769085 96.504364 2.8755317
v 19.004587 99.18801 2.302527
v 6.9725847 47.862206 -8.123659
v 10.890715 65.427666 5.4847226
v -17.326326 90.33463 1.9038866
v -18.769634 96.504364 2.8719444
v -19.005028 99.18801 2.298898
v -20.315683 90.67667 -0.7142293
v 10.153483 68.83263 5.7900233
v 13.660359 71.13535 2.1805375
v 12.318112 67.74114 2.445294
v 13.894201 69.78426 -1.2672706
v 12.922273 66.22637 -0.8993274
v 13.66417 71.12469 -4.210313
v 11.020092 69.36471 -7.1579585
v 13.849825 80.45893 1.1190774
v 13.753917 78.78248 2.8471968
v 9.654056 79.5452 1.2916877
v 10.008196 77.76958 3.3406026
v 6.416733 77.705765 3.540373
v 10.197348 75.39221 5.0210004
v 6.5405617 74.37426 6.6188583
v 10.1406145 71.811646 5.7836537
v 6.664518 71.511 8.362199
v 6.4691443 68.740395 9.02283
v 13.535337 73.379456 -6.164112
v 10.765925 72.61078 -7.6502724
v 7.266196 68.47894 -9.098436
v 7.0749893 71.60441 -9.191803
v 0.0010208016 68.50967 -10.665927
v 0.0010065058 71.5595 -10.516701
v 13.730863 75.92839 -6.6127243
v 10.168417 75.1561 -7.5947094
v 6.562666 74.31562 -8.7066765
v 0.000957785 74.34508 -10.008135
v 13.884161 78.87461 -5.87525
v 9.824905 77.50624 -6.4914417
v 5.975307 77.09987 -7.560196
v 0.0008700636 77.13066 -9.092469
v 13.948531 80.39572 -4.251683
v 9.596701 79.33028 -4.429245
v 5.308218 78.94289 -6.044847
v 0.0007540296 78.68432 -7.8812656
v 13.865958 80.954994 -1.6170573
v 9.528861 79.90048 -1.3763793
v 7.1966605 79.142876 -1.1218463
v 13.641608 73.36017 3.8399832
v 10.153483 68.83263 5.7900233
v 13.582955 76.528946 3.8642461
v -10.154594 68.83263 5.788079
v -12.426634 67.76309 2.4430816
v -13.030205 66.24832 -0.9016464
v -11.976959 67.13434 -4.199615
v -13.894114 69.7845 -1.2692506
v -13.663645 71.12499 -4.21226
v -6.4708714 68.740395 9.021591
v -6.66612 71.511 8.36092
v -10.141574 71.811806 5.7820425
v -10.19814 75.392365 5.01938
v -13.642152 73.36053 3.8381674
v -13.583392 76.52935 3.8625278
v -10.89303 65.67944 -5.7927966
v -11.018972 69.36484 -7.159781
v -13.534558 73.37984 -6.1659045
v -5.3070593 78.94289 -6.0458617
v -7.196448 79.142876 -1.1232231
v -9.59593 79.33043 -4.430771
v -9.528567 79.90061 -1.3778969
v -13.865572 80.95541 -1.6188048
v -13.849807 80.45932 1.1173257
v -6.41741 77.705765 3.5391462
v -9.65419 79.54534 1.2901512
v -13.754166 78.782875 2.845457
v -6.541828 74.37426 6.617606
v -10.008681 77.76972 3.33901
v -10.154594 68.83263 5.788079
v -13.660728 71.13559 2.1785848
v -10.764742 72.61095 -7.651981
v -13.729989 75.928795 -6.6144533
v -10.167203 75.15626 -7.596325
v -13.883294 78.87502 -5.876995
v -9.823833 77.50639 -6.4930024
v -13.947835 80.39613 -4.253437
v -7.1281285 66.08681 -8.675646
v -5.014358 76.18815 6.4291277
v -3.6111705 74.47386 7.9174376
v -2.040726 72.94066 8.839135
v -0.0009244798 71.40744 9.660485
v 2.0390341 72.94066 8.839527
v -0.0009939462 68.68866 10.385598
v -6.0410886 77.065704 -7.561249
v -6.561143 74.315674 -8.707825
v -7.0734024 71.60446 -9.193042
v -7.2645674 68.47897 -9.099756
v 5.013127 76.18815 6.4300895
v 3.6096554 74.47386 7.918128
v -0.00072596606 75.98837 7.5883284
v -0.0008325002 74.341385 8.70037
v -5.014358 76.18815 6.4291277
v -3.6111705 74.47386 7.9174376
v 2.0390341 72.94066 8.839527
v -0.0009244798 71.40744 9.660485
v -2.040726 72.94066 8.839135
v 5.013127 76.18815 6.4300895
v 3.6096554 74.47386 7.918128
v 46.41225 74.6603 2.1252196
v 46.420734 72.77644 -1.5238693
v 38.452595 74.319 2.3305593
v 38.448303 72.008385 -1.5565606
v 34.657623 71.83326 -1.5593776
v 38.43732 74.3413 -6.0923514
v 34.644253 74.24427 -6.519045
v 34.65244 79.102974 -6.5163083
v 29.719095 78.63677 -5.781599
v 31.66699 80.882866 -1.4572897
v 27.068453 78.58749 -5.8521485
v 27.076496 80.96762 -1.4585837
v 18.542654 79.920074 -3.9786065
v 18.479189 80.458 -1.737688
v 13.948531 80.39572 -4.251683
v 13.865958 80.954994 -1.6170573
v 50.31702 78.29811 2.0000901
v 50.317123 76.32776 2.497325
v 46.412018 78.42858 2.1255722
v 38.460747 78.93734 2.3332179
v 35.275574 78.753654 1.7006238
v 35.304012 74.453766 1.7241874
v 27.06934 78.594246 2.034454
v 27.053864 74.43199 2.036075
v 18.780077 76.19973 2.731354
v 18.690752 73.81456 2.392794
v 13.582955 76.528946 3.8642461
v 13.641608 73.36017 3.8399832
v 31.613031 72.02775 -1.4652951
v 27.045574 72.046524 -1.4616631
v 18.639442 72.45044 0.7272389
v 18.746227 71.61224 -1.66968
v 13.660359 71.13535 2.1805375
v 13.894201 69.78426 -1.2672706
v 29.711449 74.51241 -5.7831464
v 27.052977 74.42521 -5.856792
v 18.740139 76.22625 -6.1271067
v 18.529552 78.58751 -5.5217032
v 13.730863 75.92839 -6.6127243
v 13.884161 78.87461 -5.87525
v 34.67398 81.5436 -1.5574231
v 38.464626 81.24508 -1.5512416
v 46.42026 80.31299 -1.523151
v 50.317265 74.35752 1.9997172
v 50.317406 72.9503 0.5073205
v 50.317516 72.38754 -1.4824154
v 50.31755 72.950676 -3.472046
v 18.622759 72.42009 -3.9175732
v 13.66417 71.12469 -4.210313
v 18.655464 73.838974 -5.7510467
v 13.535337 73.379456 -6.164112
v 18.60301 79.83209 0.71808076
v 50.31713 79.705986 -3.4714024
v 46.484383 78.368256 -5.8163757
v 38.44548 78.95964 -6.089693
v 13.849825 80.45893 1.1190774
v 18.561197 78.55493 2.0684047
v 13.753917 78.78248 2.8471968
v 50.316986 79.70561 0.50796485
v 50.317024 80.268745 -1.4816663
v 46.484615 74.59998 -5.816743
v 50.31752 74.35817 -4.9641747
v 50.317417 76.328514 -5.4614067
v 50.317276 78.298775 -4.963799
v -50.317146 78.29965 1.9937506
v -50.316887 79.707146 0.5016235
v -46.41216 78.43001 2.1197224
v -46.419884 80.314415 -1.5290016
v -38.4609 78.93853 2.3283715
v -38.46421 81.24627 -1.5560892
v -34.673584 81.54468 -1.5617979
v -38.444553 78.96083 -6.094536
v -34.65148 79.10402 -6.52068
v -34.643417 74.245316 -6.523414
v -29.777437 74.39444 -5.6705117
v -31.6129 72.02873 -1.4692882
v -27.052216 74.426056 -5.8602023
v -27.045439 72.047356 -1.465074
v -18.622307 72.42069 -3.9199245
v -18.74608 71.61283 -1.6720477
v -13.894114 69.7845 -1.2692506
v -13.660728 71.13559 2.1785848
v -13.663645 71.12499 -4.21226
v -18.654755 73.83955 -5.7534056
v -18.739298 76.22684 -6.1294737
v -27.067577 78.58831 -5.8555613
v -18.528734 78.5881 -5.52404
v -18.541967 79.92067 -3.9809518
v -13.883294 78.87502 -5.876995
v -13.947835 80.39613 -4.253437
v -18.639578 72.45103 0.72488475
v -27.05372 74.43282 2.0326655
v -18.69106 73.81516 2.390435
v -18.780363 76.200325 2.728987
v -13.583392 76.52935 3.8625278
v -18.561335 78.55552 2.0660584
v -13.754166 78.782875 2.845457
v -13.849807 80.45932 1.1173257
v -35.275154 74.45514 1.7197511
v -34.657486 71.83432 -1.5637466
v -38.43654 74.34249 -6.097196
v -46.483852 74.60141 -5.8225985
v -46.483505 78.36968 -5.8222356
v -50.316673 76.330055 -5.4677477
v -18.60293 79.832695 0.7157301
v -27.069094 78.595085 2.0310426
v -27.076101 80.968445 -1.4619993
v -31.666601 80.883865 -1.4612906
v -29.784956 78.51877 -5.668964
v -13.729989 75.928795 -6.6144533
v -13.534558 73.37984 -6.1659045
v -50.316902 74.359726 -4.9705153
v -50.317154 72.952225 -3.478387
v -46.420578 72.77787 -1.529721
v -50.317387 72.38909 -1.48876
v -50.317505 72.95184 0.5009768
v -50.316666 80.27028 -1.4880075
v -50.316536 79.70753 -3.477744
v -50.316544 78.30032 -4.970139
v -35.24658 78.75503 1.6961939
v -46.412502 74.661736 2.1193707
v -38.448166 72.00958 -1.5614072
v -18.478773 80.45861 -1.7400223
v -13.865572 80.95541 -1.6188048
v -50.317375 76.32931 2.490983
v -50.317513 74.359055 1.9933743
v 13.16033 29.448633 -5.3843446
v 12.385832 28.862766 -5.078074
v 15.155977 29.391195 0.16978255
v 14.308805 28.750023 0.25091076
v 13.159246 29.44734 5.9233084
v 12.38481 28.861546 5.579547
v -38.452873 74.32019 2.3257139
v -13.642152 73.36053 3.8381674
v 3.930897 28.818068 10.763001
v 2.8104818 34.33159 10.789218
v 8.687378 28.841597 8.861898
v 7.6623497 39.753258 9.4546385
v 12.329729 35.268623 5.836743
v 12.081215 40.38108 5.939686
v 14.2723055 37.719814 0.4224088
v 8.669578 28.843538 -8.521833
v 8.277637 32.08361 -8.170084
v 3.5006003 28.83461 -10.141603
v -0.0011132837 37.714912 11.641725
v -0.0010851336 28.84238 11.328432
v 0.0010142982 28.835154 -10.590431
v 3.5626009 31.289228 -10.13535
v 12.579248 32.553196 -4.7441516
v 14.418438 32.71447 0.30843335
v 12.330742 36.732655 -4.727179
v 7.6737156 36.246243 -8.30339
v 2.7324035 35.84944 -10.084229
v 0.0009644746 35.84944 -10.072903
v -2.7304695 35.84944 -10.084751
v 0.00095278985 37.716984 -9.955996
v -7.2601357 39.043816 -8.13244
v -6.9710293 42.08194 -8.125078
v -12.08133 40.1321 -4.7125897
v -12.075109 42.081795 -4.345541
v -14.126275 40.385136 0.5334516
v -13.943698 42.081596 0.81789833
v -12.082352 40.38108 5.937374
v -12.076102 42.081398 5.981689
v -7.6641626 39.753258 9.453172
v -6.9727445 42.081253 9.762209
v -3.1173363 38.155903 11.060846
v -0.001110881 42.08117 11.604913
v 3.1152177 38.155903 11.061442
v 6.9708724 42.081253 9.763543
v 12.074951 42.081398 5.984003
v 14.126174 40.385136 0.53615725
v 13.943542 42.081596 0.8205708
v 12.082233 40.1321 -4.710276
v 7.261692 39.043816 -8.131049
v 6.9725847 42.08194 -8.123742
v 12.07594 42.081795 -4.343226
v 0.0009101534 42.081993 -9.507995
v -2.8125484 34.33159 10.78868
v -3.5606573 31.289228 -10.136031
v -3.4986575 28.834608 -10.142273
v -12.384855 28.862757 -5.080442
v -8.667945 28.843525 -8.523493
v -13.159293 29.448626 -5.3868647
v -8.276071 32.08361 -8.171669
v -12.330848 35.268623 5.8343825
v -13.160381 29.447346 5.9207897
v -14.272386 37.719814 0.41967267
v -14.418497 32.71447 0.30567074
v -12.329836 36.732655 -4.729543
v -12.578341 32.553196 -4.7465615
v -7.6721225 36.246243 -8.30486
v -8.689077 28.84161 8.86024
v -14.308853 28.750021 0.24817254
v -15.15601 29.391193 0.16688082
v -12.38588 28.861555 5.577176
v -3.9329586 28.818075 10.762249
v 13.096398 87.02658 12.495867
v 15.412629 87.31309 8.863089
v 11.419131 84.66805 12.363623
v 13.115754 84.80338 8.911233
v 8.8448515 82.964424 12.376238
v 9.964836 82.96505 8.998965
v 5.6764765 81.49304 12.388734
v 5.943571 81.55217 9.227014
v -0.0012228074 80.60487 12.7977915
v -0.00092964474 80.43659 9.733891
v -5.6788454 81.49304 12.387648
v -5.9453325 81.55217 9.225873
v -9.966557 82.96505 8.997053
v -10.222933 83.26408 6.1014423
v -13.407473 85.09993 5.8294606
v -9.702419 83.563156 3.1319919
v -12.932116 85.39661 2.6021357
v -10.943729 85.71107 -2.1300368
v -12.786851 88.320206 -4.792572
v -8.968362 84.38728 -1.7836715
v -7.218552 85.74261 -6.262277
v -6.4424567 82.9394 -1.2150775
v -4.4224253 83.265816 -4.9785795
v -3.8814054 81.342766 -4.595085
v 0.0006397307 81.36438 -6.6869454
v 0.0007092658 79.49846 -7.4094033
v 3.8822846 81.342766 -4.594342
v 4.4370375 79.6301 -5.358688
v 6.274281 79.39665 -0.9348517
v 5.308218 78.94289 -6.044847
v 7.1966605 79.142876 -1.1218463
v 5.0966034 81.91808 14.09313
v -0.0014018561 80.95134 14.669535
v -5.0992985 81.91808 14.092155
v -8.8472185 82.964424 12.374546
v -7.1616983 83.120544 14.466492
v -11.421497 84.66805 12.361439
v -8.318239 84.665054 14.84084
v -13.0987835 87.02658 12.493364
v -9.678712 86.99333 15.233494
v -14.312399 89.82046 12.625317
v -10.690824 89.87114 15.626139
v -11.036664 95.44295 15.853872
v -5.519253 95.44311 17.556217
v -5.771399 101.1581 17.25539
v -0.0017287479 101.15817 18.118347
v -0.0016332455 105.72597 17.12146
v 5.8043146 105.72591 16.434473
v -0.0004980721 79.627335 5.2067986
v -0.0005326737 80.86193 5.5762587
v 3.8815205 80.13966 3.3919048
v 4.732158 81.72875 3.5803986
v 6.4426894 82.9394 -1.2138435
v 9.70182 83.563156 3.1338437
v 8.968702 84.38728 -1.7819602
v 12.931618 85.39661 2.6046033
v 10.944135 85.71107 -2.1279478
v 15.7339525 87.76208 2.1600873
v 12.7877655 88.320206 -4.790132
v 17.325962 90.33463 1.9071953
v 16.120817 90.883125 -4.0204277
v 17.314827 91.4567 -2.4383287
v 17.93765 94.04985 -3.3443675
v 18.96016 97.21651 -2.66838
v 0.0007540296 78.68432 -7.8812656
v -5.3070593 78.94289 -6.0458617
v -4.4360104 79.6301 -5.35954
v -7.196448 79.142876 -1.1232231
v -6.2741027 79.39665 -0.93605596
v -6.41741 77.705765 3.5391462
v -4.4369183 78.04964 4.124998
v -5.014358 76.18815 6.4291277
v -0.00059591985 77.43863 6.225329
v -0.00072596606 75.98837 7.5883284
v 4.4361277 78.04964 4.1258473
v 5.013127 76.18815 6.4300895
v 6.416733 77.705765 3.540373
v -13.1174555 84.80338 8.908728
v -15.414322 87.31309 8.860146
v -16.69075 90.02983 8.737589
v -14.950474 95.90343 12.7656975
v -11.540987 101.15793 15.501894
v -5.8074536 105.72591 16.433357
v 18.507874 99.06786 6.038399
v 18.455225 96.49933 5.8823
v 17.158234 101.22992 9.87356
v 17.467018 96.37602 8.928339
v 14.948036 95.90343 12.768549
v 14.309985 89.82046 12.628048
v 10.687839 89.87114 15.628183
v 9.675801 86.99333 15.23534
v 8.315403 84.665054 14.84243
v 7.158931 83.120544 14.467866
v -5.489683 80.88099 -0.84953946
v -4.732842 81.72875 3.5794942
v -3.8821695 80.13966 3.3911622
v 5.4898453 80.88099 -0.8484891
v -5.3463054 89.82987 17.196735
v -0.001752666 95.443184 18.368013
v -0.0017056051 89.78857 17.876774
v 5.515901 95.44311 17.557274
v 5.3430247 89.82987 17.197758
v 11.033639 95.44295 15.855978
v 5.7681036 101.1581 17.256496
v 11.538025 101.15793 15.504097
v 14.87853 101.18889 12.749451
v -15.734364 87.76208 2.1570818
v -16.120045 90.883125 -4.023506
v -17.326326 90.33463 1.9038866
v -17.314363 91.4567 -2.4416356
v -20.315683 90.67667 -0.7142293
v -20.748821 94.97042 -3.3464868
v -23.398113 92.53001 -2.3028982
v -24.822042 95.391754 -2.7381005
v 18.769085 96.504364 2.8755317
v 17.41684 90.18227 5.6942935
v 16.689081 90.02983 8.740778
v 14.239036 105.70403 12.293013
v 11.610353 105.72575 14.856937
v -17.937012 94.04985 -3.3477936
v -18.95965 97.21651 -2.6720004
v -21.195644 98.259476 -2.980047
v -25.56212 98.511 -2.4969203
v 4.423377 83.265816 -4.9777336
v 0.00067067676 83.60027 -7.018754
v 20.31582 90.67667 -0.7103498
v 20.74946 94.97042 -3.3425224
v 21.19621 98.259476 -2.9759998
v 19.004587 99.18801 2.302527
v 22.016367 100.06189 -0.17495897
v -16.029182 87.53761 5.7971845
v -17.41793 90.18227 5.6909676
v -18.769634 96.504364 2.8719444
v -5.9565516 81.85369 6.4475527
v -14.880962 101.18889 12.746611
v -17.468729 96.37602 8.925001
v -17.160124 101.22992 9.870283
v -18.509024 99.06786 6.0348625
v -11.61319 105.72575 14.854723
v -14.241381 105.70403 12.290291
v 10.221766 83.26408 6.103394
v 13.406359 85.09993 5.832027
v 16.028074 87.53761 5.8002453
v 5.9553194 81.85369 6.4486904
v 0.00076655415 84.958305 -8.032878
v 7.21975 85.74261 -6.2608976
v -18.456348 96.49933 5.8787756
v 23.398552 92.53001 -2.298431
v 24.822563 95.391754 -2.7333615
v 25.562595 98.511 -2.4920375
v -19.005028 99.18801 2.298898
v -22.016333 100.06189 -0.1791633
v -26.848593 100.49399 -2.4972327
v 26.849068 100.49399 -2.4921074
v 10.687839 89.87114 15.628183
v 9.675801 86.99333 15.23534
v 5.3430247 89.82987 17.197758
v 4.9684753 86.97279 16.815718
v -0.0017056051 89.78857 17.876774
v -0.0016580641 86.952126 17.380526
v -5.3463054 89.82987 17.196735
v -4.971688 86.97279 16.814768
v -10.690824 89.87114 15.626139
v -9.678712 86.99333 15.233494
v 8.315403 84.665054 14.84243
v 4.422281 84.66523 16.308628
v -0.0016006244 84.665276 16.759226
v -4.4253974 84.66523 16.307783
v -8.318239 84.665054 14.84084
v 5.0966034 81.91808 14.09313
v -0.0014018561 80.95134 14.669535
v 7.158931 83.120544 14.467866
v 3.9008765 82.90488 15.555811
v -7.1616983 83.120544 14.466492
v -3.9038515 82.90488 15.555064
v -5.0992985 81.91808 14.092155
v -0.0015184181 82.68907 15.888055
v -10.274406 104.09482 18.082005
v -10.079288 104.18296 21.618038
v -5.8074536 105.72591 16.433357
v -6.89708 100.08333 20.773413
v -3.2128553 97.04813 23.957392
v -9.649181 96.600586 24.438202
v -13.406694 102.60466 22.317266
v -10.079288 104.18296 21.618038
v -10.274406 104.09482 18.082005
v -9.806696 100.252655 24.099669
v -9.494924 107.800575 23.875006
v -7.2481546 101.50158 26.37086
v -6.67997 106.22617 25.85711
v -4.029918 103.99258 26.597904
v -0.7367249 106.837845 25.951906
v -7.5626955 113.04786 23.052687
v -0.27954578 113.63156 23.223
v -12.227685 107.021324 23.689806
v -9.494924 107.800575 23.875006
v -1.623949 101.67121 25.814762
v -19.518059 111.67199 14.968721
v -24.069149 107.35864 15.078894
v -18.902813 112.2225 11.459584
v -24.746119 105.19727 12.01673
v -20.341848 109.11948 8.894733
v -19.70284 106.16506 8.460676
v -18.611893 108.677 6.934718
v -19.10888 103.63774 9.495307
v -16.332144 106.758965 8.323063
v -15.426941 101.81976 12.586973
v -14.241381 105.70403 12.290302
v -13.360355 101.59768 17.916311
v -11.61319 105.72575 14.854723
v -18.46584 100.88931 15.50488
v -17.75632 102.75781 21.730923
v -23.476131 101.572945 15.745406
v -22.28463 103.68146 20.096489
v -7.5626955 113.04786 23.052687
v -13.059657 109.6002 23.385674
v -13.678332 113.73867 20.41231
v -17.85865 105.97232 23.149693
v -19.012785 110.74205 19.627077
v -23.2114 107.30087 18.746523
v -24.277637 103.01955 12.913662
v -18.56389 101.834236 12.9415655
v -12.932618 116.32168 7.8686533
v -7.9258265 119.66579 8.313646
v -16.713299 114.08791 14.806743
v -17.160118 101.22992 9.870291
v -18.611893 108.67702 6.934718
v -14.241381 105.70403 12.290302
v -16.962523 112.81182 7.3390627
v -13.583004 111.083145 12.812792
v -5.4866986 117.33026 18.297995
v -16.056583 116.05019 3.3195608
v -12.748785 118.558975 4.5914683
v -19.80026 108.654106 3.3129168
v -18.439274 112.29643 1.4374533
v -19.267292 103.90079 6.484636
v -20.243038 104.16175 3.1309626
v -3.7684956 116.06586 20.496336
v -16.962523 112.81182 7.3390627
v -11.61319 105.72575 14.854723
v -18.50902 99.06786 6.0348716
v -19.93459 101.04403 5.6614237
v -20.283255 101.18491 3.5415487
v -20.540943 96.75345 5.1936564
v -20.80155 96.82527 3.6493645
v -21.38217 92.07845 5.5833154
v -21.556293 92.08099 3.2431555
v -21.355955 87.3389 3.4216437
v -19.120813 87.3143 2.0718741
v -18.782106 83.6845 4.404222
v -17.372385 87.288734 3.4685931
v -17.406609 87.2832 5.205322
v -17.407076 92.03484 5.684293
v -19.0556 87.30467 6.72879
v -19.242056 92.07718 6.753587
v -21.318468 87.33381 5.2338953
v 18.96016 97.21651 -2.66838
v 19.004587 99.18801 2.302527
v 20.24244 104.16175 3.134818
v 20.28258 101.18491 3.545415
v 19.933508 101.04403 5.6652203
v 20.800852 96.82527 3.653326
v 20.539951 96.75345 5.1975694
v 21.555672 92.081116 3.246746
v 21.381102 92.078285 5.5868716
v 21.317467 87.33365 5.236509
v 19.054312 87.304276 6.7309613
v 18.781265 83.68446 4.4053955
v 17.405611 87.28305 5.207178
v 17.371729 87.288864 3.470445
v 17.55798 92.04009 3.0307198
v 19.120419 87.31466 2.074064
v 19.586632 92.08246 2.076488
v 21.3553 87.33903 3.4242656
v 19.313334 96.753204 2.52308
v 18.769089 96.504364 2.8755317
v 17.405987 92.03466 5.6870847
v 18.455225 96.49933 5.8823
v 19.240763 92.076866 6.756737
v 19.249966 96.63499 6.1927404
v -0.0016430618 118.39222 17.19261
v 8.428011 113.647644 18.246445
v 9.825903 116.84111 12.857346
v 13.580563 111.083145 12.815382
v 12.930888 116.32179 7.87106
v 16.96094 112.81202 7.342151
v 16.055954 116.05019 3.3226202
v 18.439001 112.29643 1.4409672
v 11.610353 105.72575 14.856937
v 14.239036 105.70403 12.293013
v 18.610445 108.67723 6.9380746
v 19.799631 108.654106 3.3166883
v 19.881025 109.0801 0.1870755
v 19.41856 99.08282 -4.5233626
v 16.665855 94.14006 -6.62204
v 8.588372 88.02591 -9.612461
v 5.0188875 84.85917 -9.983896
v 7.21975 85.74261 -6.2608976
v 5.079224 83.48883 -7.9879894
v 0.00076655415 84.958305 -8.032878
v 1.194563 83.13116 -9.04966
v 0.0010302695 86.28457 -10.827385
v 2.0368247 84.42782 -10.393555
v -13.731717 90.40746 -8.212837
v -7.2185574 85.74261 -6.2622724
v -8.586542 88.02591 -9.614098
v -5.241918 83.22071 -8.591568
v -4.8059 84.74291 -9.877134
v -1.8633577 81.059875 -10.850039
v -1.3374114 84.64608 -10.695501
v -2.1201613 83.1796 -8.607691
v -19.881062 109.0801 0.18328929
v -18.95965 97.21651 -2.6719935
v -19.4177 99.08282 -4.527064
v -17.937012 94.04985 -3.3477824
v -16.664598 94.14006 -6.6252146
v -16.12005 90.883125 -4.0234976
v -12.786851 88.320206 -4.792567
v -19.005028 99.18801 2.298905
v -19.313816 96.753204 2.5194013
v -18.769634 96.504364 2.8719544
v -19.587029 92.08219 2.073274
v -17.55856 92.03995 3.0278976
v -18.456348 96.49933 5.8787827
v -19.251137 96.63499 6.1890736
v -0.00083773566 120.79826 8.807209
v -4.1119165 120.67877 7.4899626
v -0.0005859426 121.20935 6.1371517
v -4.4895325 120.95466 5.944045
v 12.747908 118.558975 4.5938954
v 7.9242406 119.66579 8.315155
v 8.797782 120.10109 5.4146976
v 4.1104903 120.67877 7.490746
v 4.4884005 120.95466 5.944901
v 17.158234 101.22992 9.87356
v 19.266058 103.90079 6.4883056
v 18.507874 99.06786 6.038399
v 17.93765 94.04985 -3.3443675
v 13.733283 90.40746 -8.210221
v 16.120817 90.883125 -4.0204277
v 12.7877655 88.320206 -4.790132
v -26.862984 104.14285 15.979791
v 3.8856437 81.59519 -10.853991
v -8.798816 120.10109 5.4130206
v 6.877502 109.19678 21.929527
v 5.628802 104.74581 22.988894
v 10.604765 106.17676 18.432304
v 9.345317 103.02134 17.72049
v 11.610353 105.72575 14.856937
v 5.8043146 105.72591 16.434473
v 3.5132203 98.90736 22.573362
v 4.288252 100.87842 19.30413
v -1.5870488 99.866035 20.133297
v -0.0016332455 105.72597 17.12146
v 10.384182 109.56507 18.339458
v 19.418566 99.08278 -4.5233736
v 19.881025 109.08006 0.18706548
v 21.701975 108.43134 -1.4985509
v 18.438997 112.296394 1.4409552
v 20.698004 112.16337 -0.40376157
v 16.055954 116.05019 3.3226202
v 18.470095 116.51483 1.179494
v 12.747908 118.558975 4.5938954
v 14.808706 119.75008 2.562711
v 8.797782 120.10103 5.4146867
v 10.221239 122.02965 3.6427202
v 4.4884005 120.95466 5.944901
v 5.2150664 123.51439 4.316335
v -0.0005829426 121.20935 6.1371517
v -0.0004340172 124.058014 4.5513005
v -4.4895344 120.95466 5.944045
v -5.2158923 123.51439 4.3153396
v -8.798816 120.10103 5.4130044
v -10.221934 122.02965 3.6407676
v -12.748785 118.558975 4.591461
v -14.8091955 119.75008 2.5598829
v -16.056583 116.05019 3.3195558
v -18.470314 116.51483 1.1759692
v -18.43927 112.296394 1.4374332
v -20.697927 112.16337 -0.40771434
v -19.881058 109.08006 0.18326628
v -21.701689 108.43134 -1.502698
v -19.417694 99.08278 -4.527084
v -20.544037 107.23606 -6.960595
v -19.205858 98.62616 -9.282204
v -19.27363 106.84244 -11.343293
v -17.639332 99.60793 -17.68427
v -16.85832 106.293175 -20.883001
v -14.219171 106.5851 -28.359077
v -14.179701 114.13549 -20.784016
v -12.313744 112.80697 -29.059101
v -8.185852 119.693535 -20.396194
v -7.1081576 117.361565 -29.058706
v 0.001935865 121.72796 -20.253672
v 0.0027820673 119.02874 -29.058075
v 8.189752 119.693535 -20.39463
v 7.1137233 117.361565 -29.057348
v 14.183675 114.13549 -20.781288
v 12.3193 112.806854 -29.05672
v 16.862316 106.293175 -20.879765
v 14.224586 106.584984 -28.356325
v 17.642717 99.60793 -17.680899
v 12.935122 100.36341 -29.056364
v 12.092731 92.66915 -19.350285
v 7.2559385 95.80888 -29.056925
v 0.0018485931 90.3097 -19.339783
v 0.002780864 94.14165 -29.057571
v -12.0890255 92.66915 -19.352596
v -7.250377 95.80888 -29.058308
v -12.929546 100.3633 -29.058813
v -5.137272 98.42676 -39.145203
v -8.900754 101.87488 -39.145557
v -10.278292 106.58536 -39.14577
v -8.900754 111.295654 -39.145653
v -5.137277 114.74389 -39.14534
v 0.0037485284 116.00604 -39.14484
v 5.144763 114.74389 -39.14434
v 8.908251 111.295654 -39.143948
v 10.285786 106.585266 -39.143772
v 8.908243 101.87488 -39.143875
v 5.144763 98.42666 -39.144184
v 0.0037485112 97.1645 -39.14466
v -8.586538 88.02591 -9.614101
v 0.0010332696 86.28457 -10.827385
v 0.0013296875 87.5145 -13.931938
v 10.302622 89.25656 -12.766626
v 15.434185 91.607475 -11.65037
v 19.207624 98.626144 -9.278536
v 19.275793 106.84244 -11.339607
v 20.545355 107.23606 -6.9566693
v 16.693348 115.427185 -10.022744
v 16.902979 115.59717 -4.5900226
v 9.638182 121.31636 -8.621236
v 10.017024 120.67613 -2.9651592
v 0.0007237085 123.707924 -7.557014
v 0.00017411617 123.10193 -1.8279243
v -9.636527 121.31636 -8.623079
v -10.016459 120.67613 -2.9670734
v -16.691423 115.427185 -10.025936
v -16.902105 115.59717 -4.593253
v 16.665855 94.14006 -6.62204
v 13.733283 90.40746 -8.210221
v 8.588372 88.02591 -9.612461
v -16.664589 94.14006 -6.6252227
v -13.731712 90.40746 -8.212845
v -15.431957 91.607475 -11.65332
v -10.300181 89.25656 -12.768595
v 6.7312126 106.58551 -48.531128
v 5.8300257 103.65067 -48.53121
v 3.3679273 101.502235 -48.53145
v 0.0046501774 100.71587 -48.53177
v -3.3586297 101.502235 -48.53209
v -5.8207273 103.65067 -48.532326
v -6.7219133 106.58551 -48.53241
v -5.8207245 109.520325 -48.532326
v -3.3586297 111.66875 -48.53209
v 0.0046501774 112.45511 -48.53177
v 3.3679292 111.66875 -48.53145
v 5.8300185 109.52023 -48.531155
v -2.8131971 106.585495 -57.919056
v -2.4355571 107.87682 -57.919018
v -1.4038221 108.82213 -57.91892
v 0.0055479654 109.16811 -57.918785
v 1.41492 108.82213 -57.91865
v 2.446658 107.87682 -57.918552
v 2.824295 106.585495 -57.918514
v 2.446658 105.29418 -57.918552
v 1.41492 104.34888 -57.91865
v 0.0055479654 104.002846 -57.918785
v -1.4038221 104.34888 -57.91892
v -2.4355571 105.29418 -57.919018
v 0.006021162 106.58549 -62.892765
v 3.9228766 31.504957 6.382286
v 4.9379754 28.841356 5.6594615
v 2.5461147 29.857634 0.26273206
v 3.4409132 28.774113 0.23613478
v 4.939007 28.842524 -5.1053333
v 2.7324035 35.84944 -10.084229
v 1.8219006 31.86367 -5.5409102
v 3.6521623 30.94402 -5.664271
v 1.4352393 30.652843 0.26804408
v 12.38481 28.861517 5.579547
v 8.687515 28.84174 7.4671874
v 12.329729 35.268623 5.836743
v 7.6623497 39.753258 9.4546385
v 12.385832 28.862766 -5.078074
v 8.277637 32.08361 -8.170084
v 8.68889 28.843306 -6.9123435
v 7.6737156 36.246243 -8.30339
v 14.308805 28.749996 0.25091076
v 12.3971815 21.026693 4.412839
v 13.959063 21.026545 0.020175504
v 13.96211 18.726192 -0.2677933
v 12.398001 21.02767 -4.131112
v 12.658009 19.771372 -4.050997
v 9.063411 20.996565 -5.682886
v 9.161555 19.921782 -5.665038
v 5.664795 19.77137 -4.0516663
v 9.161576 17.025217 -5.8740544
v 5.778102 16.837347 -4.26066
v 9.062294 20.995224 5.988291
v 5.709813 21.026825 4.448483
v 5.9472146 18.725729 4.266227
v 4.4268947 18.72619 -0.2687062
v 5.7773213 16.600206 3.9013987
v 4.300414 16.600542 -0.26318002
v 5.664098 14.474733 3.2313402
v 4.2161307 14.474903 -0.6646742
v 14.105989 16.600525 -0.2622422
v 12.657247 16.600208 3.9020581
v 12.657211 18.72573 4.266869
v 9.160486 16.60009 5.515446
v 9.160452 18.725563 5.8802567
v 4.3486724 21.05383 0.013079464
v 5.7106347 21.027811 -4.14371
v 12.658028 16.837347 -4.260002
v 12.658057 14.475073 -4.55974
v 13.964966 14.474903 -0.6637413
v 9.160552 14.474663 4.8453965
v 5.664844 14.475072 -4.560408
v 12.6573105 14.474735 3.2320082
v -12.38588 28.861526 5.577176
v -12.330848 35.268623 5.8343825
v -8.688948 28.841751 7.4655294
v -7.6641626 39.753258 9.453172
v -3.9240992 31.504957 6.381535
v -2.2846372 32.97948 7.1851807
v -2.5461652 29.857634 0.26224536
v -1.4352906 30.652843 0.26776975
v -1.8208374 31.86367 -5.541258
v -0.0000287181 30.57072 0.29976967
v 0.0005253568 32.04163 -5.4942985
v -3.1173363 38.155903 11.060846
v -0.0011132837 37.714912 11.641725
v -0.0009082803 33.223312 9.491389
v 3.1152177 38.155903 11.061442
v 2.2832627 32.97948 7.1856184
v 0.0009644746 35.84944 -10.072903
v -2.7304695 35.849438 -10.084751
v -3.6510756 30.94402 -5.6649694
v -12.384855 28.862757 -5.080442
v -8.687565 28.843296 -6.9140043
v -8.276071 32.08361 -8.171669
v -7.6721225 36.246243 -8.30486
v -4.938026 28.842524 -5.1062775
v -3.4409583 28.774115 0.23548181
v -4.93906 28.841364 5.658519
v -5.7098374 21.027807 -4.1447725
v -5.6640134 19.771364 -4.0527153
v -4.3486714 21.05383 0.012273958
v -4.4268374 18.726192 -0.26952004
v -5.710661 21.026833 4.4474196
v -5.9480305 18.725737 4.2651253
v -9.063436 20.995234 5.986586
v -9.161573 18.725569 5.878538
v -12.658024 18.725735 4.264479
v -9.161538 16.60008 5.5137267
v -12.657988 16.600206 3.8996685
v -9.161472 14.474653 4.843676
v -12.657922 14.474725 3.2296183
v -9.062314 20.996555 -5.6845922
v -9.160462 19.921774 -5.6667604
v -9.160441 17.025238 -5.8757687
v -12.657203 16.837357 -4.2623887
v -12.398024 21.026701 4.410494
v -13.962052 18.726189 -0.27043393
v -13.959062 21.026539 0.01752982
v -12.397204 21.027662 -4.1334553
v -14.105933 16.600521 -0.26490808
v -12.657223 19.771362 -4.053389
v -14.308853 28.749998 0.24817254
v -5.778063 16.600208 3.90033
v -5.6647086 14.474727 3.2302883
v -4.3003573 16.600544 -0.2639653
v -4.2159953 14.474907 -0.665449
v -5.777279 16.837358 -4.261731
v -5.6639624 14.475085 -4.5614634
v -12.657173 14.475082 -4.5621324
v -13.96483 14.474903 -0.66638213
v -9.160384 2.8963711 -6.4515433
v -9.160383 6.686655 -6.4513526
v -12.901914 2.906566 -4.75749
v -12.901915 6.3584843 -4.7573166
v -14.452031 3.3119402 -0.6669393
v -14.452031 6.1546106 -0.6667824
v -12.902699 5.094293 3.4239912
v -12.902711 7.12192 3.535185
v -9.161495 5.5090113 5.1187854
v -9.161507 7.6069727 5.2299776
v -5.419964 5.0942945 3.4247074
v -5.419977 7.1219225 3.5359013
v -3.8698483 3.3119419 -0.6659228
v -3.8698492 6.154614 -0.66576606
v -5.4191823 2.896209 -4.7567773
v -5.419181 6.353297 -4.756601
v -13.060394 1.7227796 -5.2591696
v -14.782318 2.258867 -0.75954664
v -13.061281 4.0211725 3.9517612
v -9.17231 4.505431 5.8864446
v -5.2829776 4.0211735 3.9525058
v -3.5610337 2.258867 -0.7584716
v -5.2820935 1.7022756 -5.2584243
v -5.4191837 13.843591 -4.7562604
v -3.8698483 13.843403 -0.66544455
v -4.2159953 14.474907 -0.665449
v -5.6647086 14.474727 3.2302883
v -5.6639624 14.475085 -4.5614634
v -9.160385 13.843665 -6.4510283
v -12.9019165 13.843588 -4.756977
v -14.599894 0.00017595291 -0.66726637
v -12.902699 3.0013845 3.423854
v -9.161495 3.427458 5.118658
v -5.419966 13.843214 3.4250743
v -9.161472 14.474653 4.843676
v -9.160412 14.475157 -6.175519
v -12.657173 14.475082 -4.5621324
v -14.452034 13.843399 -0.6664605
v -13.96483 14.474903 -0.66638213
v -12.902703 13.84321 3.4243584
v -12.657922 14.474725 3.2296183
v -9.161499 13.843145 5.1191263
v -9.160412 14.475157 -6.175519
v -5.419963 3.0013852 3.4245706
v -3.8698473 0.00017595291 -0.6662374
v -9.160384 0.00072979927 -6.4518204
v -12.901914 0.0005674362 -4.757768
v -5.4191804 0.0005674362 -4.7570543
v -14.599894 0.00017595291 -0.66726637
v -3.8698473 0.00017595291 -0.6662374
v -14.711088 -0.00008273125 2.034753
v -3.8318076 -0.000084638596 2.0572615
v -14.147977 -0.0003727392 5.0671225
v -4.1749973 -0.00037291396 5.0680795
v -13.115224 -0.0005853947 7.2982497
v -5.2081776 -0.00058574043 7.2990108
v -11.571393 -0.0007544136 9.07382
v -6.748097 -0.00075470004 9.074282
v -9.161947 -0.00082850456 9.858301
v -3.8698473 0.00017595291 -0.6662374
v -3.8318076 -0.000084638596 2.0572615
v -5.419963 3.0013852 3.4245706
v -5.3474283 1.8461655 4.7098994
v -9.161495 3.427458 5.118658
v -9.161622 2.345611 6.448598
v -12.902699 3.0013845 3.423854
v -12.975476 1.8461654 4.709166
v -14.599894 0.00017595291 -0.66726637
v -14.711088 -0.00008273125 2.034753
v -12.901914 0.0005674362 -4.757768
v -9.171062 1.7024541 -7.122648
v -9.160384 0.00072979927 -6.4518204
v -5.4191804 0.0005674362 -4.7570543
v -13.115224 -0.0005853947 7.2982497
v -14.147977 -0.0003727392 5.0671225
v -13.081781 0.42596123 7.029565
v -13.0482435 1.0504287 5.8251176
v -11.468269 0.6930079 8.640062
v -11.564255 1.3724939 6.920521
v -9.161888 0.806782 9.248262
v -9.16176 1.5056854 7.9070277
v -6.8519826 0.69300765 8.640509
v -6.754489 1.3724939 6.9209805
v -4.1749973 -0.00037291396 5.0680795
v -5.274883 1.0504277 5.8258605
v -5.241575 0.4259609 7.03032
v -5.2081776 -0.00058574043 7.2990108
v -6.748097 -0.00075470004 9.074282
v -9.161947 -0.00082850456 9.858301
v -11.571393 -0.0007544136 9.07382
v 14.600037 0.00017404556 -0.664478
v 14.710711 -0.000084638596 2.0375628
v 12.902058 3.0013835 3.426317
v 12.974587 1.8461641 4.7116456
v 9.160526 3.4274666 5.1204042
v 9.1603985 2.3456094 6.450345
v 5.4193215 3.001384 3.4256005
v 5.346541 1.8461647 4.7109146
v 3.8699884 0.00017499924 -0.66550493
v 3.831427 -0.00008559227 2.0579865
v 5.206794 -0.00058730086 7.2999997
v 4.174039 -0.0003738223 5.06887
v 5.2402406 0.4259494 7.0313144
v 5.2737756 1.0504259 5.826862
v 6.8503375 0.6929966 8.641811
v 6.7531757 1.3724921 6.9222655
v 9.160131 0.8067792 9.250006
v 9.16026 1.5056837 7.9087725
v 11.466626 0.69299704 8.642254
v 11.562941 1.3724921 6.922726
v 9.160073 -0.0008313656 9.860043
v 11.569668 -0.000756371 9.076029
v 6.746374 -0.0007568339 9.075566
v 13.113836 -0.00058685243 7.300757
v 5.206794 -0.00058730086 7.2999997
v 14.1470175 -0.00037390942 5.0698247
v 4.174039 -0.0003738223 5.06887
v 14.710711 -0.000084638596 2.0375628
v 3.831427 -0.00008559227 2.0579865
v 14.1470175 -0.00037390942 5.0698247
v 13.04714 1.050427 5.8276043
v 13.080445 0.42594984 7.0320654
v 13.113836 -0.00058685243 7.300757
v 11.569668 -0.000756371 9.076029
v 9.160073 -0.0008313656 9.860043
v 6.746374 -0.0007568339 9.075566
v 14.7824745 2.2588654 -0.75672436
v 14.600037 0.00017404556 -0.664478
v 13.060532 4.0211716 3.954255
v 12.902058 3.0013835 3.426317
v 9.171196 4.5054297 5.8881965
v 9.160526 3.4274666 5.1204042
v 5.4193215 3.001384 3.4256005
v 3.8699884 0.00017499924 -0.66550493
v 3.561191 2.2588573 -0.7577983
v 5.282231 4.0211716 3.9535105
v 9.161632 13.843655 -6.449306
v 9.161635 6.686634 -6.449613
v 12.902837 13.843569 -4.7545395
v 12.90284 6.3584642 -4.75486
v 14.452169 13.843399 -0.6637224
v 14.452171 6.1546106 -0.664025
v 12.902055 13.843221 3.4267972
v 12.902044 7.1219196 3.5376432
v 9.160525 13.843144 5.120849
v 9.160516 7.6069713 5.231719
v 5.419319 13.843221 3.4260802
v 5.41931 7.121919 3.536928
v 3.8699837 13.843399 -0.6647341
v 3.869987 6.15461 -0.6650383
v 5.4201026 13.843568 -4.755254
v 5.4201026 6.3532753 -4.755575
v 5.420103 2.896208 -4.755748
v 9.161635 2.8963704 -6.4497986
v 5.283113 1.7022749 -5.2574234
v 9.17244 1.7024534 -7.1209
v 9.161606 14.475144 -6.1737995
v 12.658057 14.475073 -4.55974
v 13.964966 14.474903 -0.6637413
v 12.6573105 14.474735 3.2320082
v 9.160552 14.474663 4.8453965
v 5.664098 14.474733 3.2313402
v 4.2161307 14.474903 -0.6646742
v 5.664844 14.475072 -4.560408
v 3.8699875 3.31194 -0.6651899
v 5.4193215 5.0942926 3.4257355
v 9.160526 5.50901 5.120528
v 12.902055 5.0942926 3.4264505
v 14.452171 3.3119392 -0.6641766
v 13.061414 1.7227778 -5.256676
v 12.902839 2.9065642 -4.755031
v 12.902839 0.00056552887 -4.755309
v 9.161634 0.0007278919 -6.4500775
v 5.420103 0.00056648254 -4.756025
v 9.161634 0.0007278919 -6.4500775
v 5.420103 0.00056648254 -4.756025
v 12.902839 0.00056552887 -4.755309
v 3.8699884 0.00017499924 -0.66550493
v 14.600037 0.00017404556 -0.664478
v 9.161606 14.475144 -6.1737995
v 61.018253 77.098694 1.0481433
v 61.632294 76.0408 1.1226429
v 61.66838 76.43419 1.6117705
v 61.836395 75.55664 1.6184818
v 61.53459 76.00718 2.0971498
v 61.319286 75.5089 1.8721589
v 60.72177 76.3808 2.303473
v 60.693447 75.82591 1.9525605
v 58.555973 77.62724 2.466992
v 58.52554 77.014786 2.0932484
v 57.451275 77.18592 2.1587124
v 57.815495 77.37179 0.48831534
v 54.880566 76.584526 2.744369
v 55.048344 76.88562 0.47875428
v 54.707527 76.16245 1.500358
v 52.804726 73.88775 0.23689377
v 54.220783 74.37162 1.7253515
v 52.160656 73.42407 1.5544239
v 53.973885 73.88762 2.519113
v 53.67134 74.22321 3.3090792
v 56.83123 73.34445 4.1067247
v 56.905678 73.645256 4.6678033
v 57.45535 73.34381 4.3952723
v 57.46997 73.92137 4.9413834
v 57.90011 73.66331 4.473943
v 57.998188 74.149666 4.5123115
v 57.55141 74.413704 3.6373324
v 57.447998 74.72983 4.2033877
v 55.99284 75.39003 2.7288108
v 56.01886 75.67909 3.3853126
v 54.45488 75.91782 3.6778278
v 53.47949 76.91471 3.274736
v 53.41156 75.070755 3.8456655
v 50.300728 76.51371 2.327845
v 51.71038 74.60319 3.0184226
v 50.30075 74.706245 1.8435265
v 50.30059 73.38309 0.52036715
v 52.40928 73.383835 -1.5527191
v 53.886444 74.99969 -1.6712121
v 52.53416 73.67482 -3.3188062
v 53.13872 74.177086 -4.46315
v 50.299915 73.38309 -3.0945485
v 50.299583 74.70624 -4.4176874
v 49.3643 73.4897 -3.0330763
v 49.36398 74.76778 -4.311131
v 48.49246 73.80241 -2.8526142
v 48.492172 74.94828 -3.9984903
v 47.743797 74.29986 -2.5654688
v 47.74356 75.23547 -3.50107
v 47.169266 75.278984 -2.5219827
v 47.16908 76.51352 -3.0949159
v 46.808205 75.87446 -1.9265404
v 46.808105 76.5135 -2.2231112
v 46.68511 76.51349 -1.2875195
v 46.808117 77.15251 -1.9265313
v 46.80822 77.4491 -1.2874961
v 47.1693 78.32097 -1.2874461
v 47.169567 77.748024 -0.05293441
v 47.74399 78.72723 -0.009306788
v 47.744225 77.7916 0.9262954
v 48.492985 78.078896 1.4239033
v 48.493164 76.5136 1.8433133
v 49.365086 76.51365 2.2045536
v 49.365105 74.76777 1.7367371
v 55.175117 76.98862 -1.7856679
v 57.942345 77.44751 -1.8578403
v 57.70002 77.40211 -4.1304436
v 58.896114 77.30302 -2.4793882
v 58.82843 77.31248 -3.601016
v 61.04368 76.11487 -3.4608054
v 61.20631 76.75769 -3.785767
v 61.680668 75.929535 -3.3736072
v 61.953224 76.36829 -3.5090775
v 62.128727 76.006905 -3.045352
v 62.155407 76.58915 -3.0578978
v 62.015358 76.38309 -2.6306143
v 61.435863 77.29726 -2.549375
v 61.26668 76.777664 -2.312923
v 59.271606 78.724945 -2.333133
v 59.142384 78.126945 -2.0431101
v 57.94298 79.50214 -1.857635
v 58.57908 78.343346 -1.8789663
v 59.209682 78.25951 -1.746059
v 58.965767 77.540695 -1.2652842
v 58.892685 77.51547 -0.12602746
v 61.363297 76.19127 -1.1871382
v 61.33542 76.19709 -0.34812766
v 62.01423 75.724686 -0.47573853
v 61.471123 76.78073 0.013775706
v 62.348946 76.21027 -0.28297526
v 61.761326 77.33522 -0.1906941
v 62.52245 76.50782 -0.8266587
v 61.834435 77.56036 -0.7704043
v 61.78421 77.32941 -1.3566926
v 59.41897 78.841736 -1.4795779
v 55.093594 76.72826 -5.6234126
v 57.084328 77.44914 -5.447211
v 58.595493 77.068054 -4.4231577
v 59.67668 75.772514 -5.466889
v 59.84967 75.76462 -4.7826047
v 60.356865 75.63453 -4.857919
v 60.243515 76.30122 -4.5086155
v 60.80655 76.04085 -4.7879863
v 60.572594 76.77097 -4.726439
v 60.942112 76.25679 -5.2341685
v 60.57761 76.91474 -5.184118
v 60.36567 76.69983 -5.6405687
v 57.329716 78.71499 -5.5877533
v 59.989334 76.26571 -5.846868
v 57.116856 78.02866 -5.8528366
v 54.153904 77.16231 -5.823916
v 53.903816 75.340416 -5.458876
v 50.299377 76.51372 -4.9019823
v 49.36378 76.51366 -4.7789245
v 48.491993 76.5136 -4.4179006
v 47.743416 76.51356 -3.8435163
v 47.7434 77.79161 -3.5010529
v 47.16911 77.748024 -2.521966
v 47.743515 78.72722 -2.5654383
v 47.743732 79.069664 -1.2873704
v 48.4927 79.224785 0.27802694
v 49.364883 78.25952 1.7367622
v 54.236305 78.3231 -5.7291517
v 50.299355 78.32117 -4.417662
v 54.36845 79.483894 -5.3190837
v 50.29952 79.64433 -3.0945048
v 54.649185 79.99789 -3.9001198
v 54.800655 80.430885 -1.7163115
v 57.885273 79.66176 -3.03578
v 59.196945 79.041725 -3.0623918
v 49.364655 73.021904 -1.2872102
v 48.492775 73.38297 -1.2873158
v 48.493042 73.80241 0.27799225
v 47.74427 74.299866 -0.009337544
v 47.74439 75.23547 0.9262773
v 47.169724 75.27899 -0.052951097
v 47.169754 76.51352 0.51999784
v 46.808456 76.5135 -0.35189515
v 46.808353 77.15252 -0.6484678
v 60.988663 77.261894 1.564947
v 60.89808 76.97071 2.103702
v 58.840084 78.63877 1.5312985
v 58.703148 78.267685 2.2060657
v 57.39984 78.71306 2.2783976
v 57.333733 77.99823 2.572167
v 55.439667 77.81389 2.776567
v 47.74437 76.51356 1.2687436
v 48.493183 74.94828 1.4238814
v 49.36495 73.48971 0.45866275
v 50.30028 72.89879 -1.2870927
v 59.410408 79.117096 -0.68731517
v 59.349106 78.791916 0.103850484
v 57.80722 79.32409 0.47637928
v 59.119186 78.20523 0.36948335
v 58.446 78.22285 0.51409733
v 58.939796 77.92222 0.6369182
v 58.738956 77.15948 0.878971
v 60.84916 76.51287 0.86428773
v 60.74169 75.862785 1.0487667
v 61.35621 75.51246 1.2200857
v 57.595753 79.209496 1.5191692
v 58.984898 78.56058 0.85666883
v 57.91995 79.6617 -0.66806686
v 54.777004 80.04762 0.30980575
v 50.299824 80.12863 -1.2870431
v 50.300194 79.64433 0.52040994
v 49.36421 80.005394 -1.2871616
v 49.364567 79.5376 0.45870435
v 48.492382 79.64422 -1.2872723
v 54.430237 79.21439 2.0746799
v 58.70722 77.76792 -4.281111
v 58.777386 78.33933 -4.497546
v 57.555283 79.25415 -4.982921
v 57.0075 74.18491 4.948465
v 57.276382 74.55611 4.748705
v 47.744057 73.957405 -1.2874051
v 47.169533 74.70604 -1.2874709
v 46.80844 75.87446 -0.6484768
v 62.680485 75.78791 -0.8456826
v 62.359074 76.20678 -1.3468324
v 61.500668 76.77312 -1.5563774
v 60.229553 75.58853 -5.5057273
v 60.65071 75.98803 -5.68851
v 60.802246 75.54503 -5.2629447
v 59.009384 78.12331 -4.0545955
v 61.374664 77.27094 -3.5820532
v 59.174934 78.71386 -3.7837272
v 61.447712 77.47214 -3.0717912
v 49.363758 78.25952 -4.311109
v 49.363914 79.5376 -3.0330348
v 48.491974 78.078896 -3.9984684
v 48.492115 79.224785 -2.8525794
v 50.30052 78.32116 1.8435515
v 57.75376 79.350685 -4.1087866
v 58.17269 78.14196 -4.180659
v 55.43013 74.08252 2.56951
v 57.11611 73.47692 3.5951724
v 62.033432 75.7212 -1.1544436
v 55.427883 75.436165 3.951332
v 46.808342 75.57788 -1.287509
v 61.715866 75.93237 -2.6952524
v 61.07912 76.12063 -2.6299322
v -61.017242 77.10037 1.0394802
v -61.667225 76.43583 1.6029501
v -61.63129 76.04249 1.1138153
v -61.835262 75.55828 1.6095932
v -61.35519 75.51413 1.2112997
v -61.31808 75.510506 1.8633819
v -60.69221 75.82749 1.943929
v -61.533306 76.008766 2.088346
v -60.72042 76.38235 2.294856
v -60.896774 76.97229 2.0950656
v -58.554543 77.628716 2.4588788
v -58.701775 78.26919 2.1979425
v -57.332264 77.99966 2.5643296
v -57.39844 78.714516 2.2705712
v -55.43815 77.81525 2.769132
v -54.428886 79.2158 2.0675051
v -53.47786 76.91596 3.2676942
v -50.29927 78.322464 1.8372343
v -50.299385 76.51497 2.3214688
v -49.363777 76.51489 2.19838
v -49.363983 74.76906 1.7305038
v -48.492146 74.94958 1.417839
v -48.492367 73.80381 0.27190912
v -47.743664 74.30127 -0.015244007
v -47.743824 73.95894 -1.2933259
v -47.169277 74.70756 -1.2932425
v -47.74392 74.30152 -2.5713773
v -47.16935 75.280624 -2.5277386
v -47.743927 75.23722 -3.5069509
v -47.169292 76.51521 -3.1006308
v -47.743843 76.515335 -3.8493567
v -47.743694 77.79336 -3.5068471
v -48.492584 76.51546 -4.423902
v -48.4924 78.08071 -4.004417
v -49.364475 76.51557 -4.7851143
v -49.364265 78.26139 -4.317237
v -50.300102 76.51567 -4.908372
v -50.299892 78.323074 -4.423991
v -54.23721 78.32524 -5.736328
v -54.369205 79.48601 -5.326249
v -57.117798 78.0309 -5.8606453
v -57.330563 78.71721 -5.595584
v -60.366585 76.70213 -5.6491175
v -57.555943 79.25632 -4.9907804
v -60.57839 76.91701 -5.1927037
v -60.573242 76.77319 -4.7350254
v -60.94292 76.25908 -5.2428527
v -60.807236 76.04309 -4.79665
v -60.803085 75.54731 -5.2716236
v -60.357586 75.636765 -4.8665
v -60.23046 75.59082 -5.5142813
v -59.850365 75.76683 -4.7910724
v -59.67757 75.77479 -5.475319
v -58.596054 77.07019 -4.4313126
v -57.08517 77.45134 -5.4550285
v -57.700485 77.4042 -4.138392
v -55.09451 76.730415 -5.630826
v -55.174927 76.99041 -1.7930822
v -53.88628 75.00143 -1.6784182
v -55.04751 76.88719 0.47136903
v -52.80405 73.88928 0.22988784
v -54.70642 76.16392 1.4930217
v -54.219666 74.37305 1.7180586
v -55.9914 75.3914 2.7211769
v -55.428776 74.08389 2.561952
v -57.54974 74.41503 3.6293323
v -57.11448 73.47824 3.5872324
v -57.898216 73.664566 4.465846
v -57.453487 73.34507 4.3872595
v -57.46794 73.92258 4.933386
v -57.00546 74.1861 4.9405746
v -57.99627 74.150925 4.5042095
v -57.274387 74.55732 4.7407684
v -57.446156 74.7311 4.1954193
v -55.426094 75.4374 3.943823
v -56.017227 75.680405 3.3776844
v -54.45316 75.91907 3.670542
v -54.879093 76.58588 2.7370136
v -54.649517 79.99987 -3.9073267
v -57.75417 79.352776 -4.1166816
v -57.88536 79.66374 -3.0436916
v -59.175262 78.71595 -3.7919466
v -59.19706 79.04375 -3.0706034
v -61.37497 77.27307 -3.5907934
v -61.44787 77.47423 -3.0805411
v -62.155586 76.591255 -3.0668285
v -61.435875 77.29929 -2.5581267
v -62.01542 76.38515 -2.6395192
v -61.26664 76.77967 -2.3216534
v -61.715958 75.93443 -2.7041101
v -61.079185 76.122665 -2.638647
v -61.680954 75.931656 -3.3824584
v -61.04398 76.11698 -3.469514
v -61.206688 76.75984 -3.794489
v -59.009804 78.12542 -4.0628033
v -58.17315 78.144066 -4.188683
v -58.707718 77.77005 -4.289264
v -58.77793 78.341484 -4.5056953
v -60.244118 76.30342 -4.5171494
v -60.9875 77.26352 1.5562985
v -58.838894 78.64035 1.5231593
v -57.59455 79.21104 1.5113163
v -58.983902 78.56221 0.8484919
v -57.806316 79.32573 0.46847987
v -58.445114 78.2245 0.5060251
v -59.34832 78.79364 0.09560263
v -59.118343 78.206924 0.3612665
v -61.76066 77.33704 -0.19950938
v -61.470417 76.78252 0.0050063133
v -62.348335 76.21211 -0.29195362
v -62.013683 75.72654 -0.4846627
v -62.680046 75.78982 -0.85474575
v -62.033085 75.723114 -1.1633749
v -62.358772 76.20873 -1.355816
v -61.500412 76.77506 -1.5651584
v -61.78387 77.33134 -1.3655142
v -59.418633 78.84361 -1.4878415
v -59.409836 79.1189 -0.69556737
v -57.91936 79.66346 -0.67597926
v -58.89611 77.30498 -2.4875937
v -59.142227 78.128876 -2.051338
v -58.578873 78.34524 -1.8870695
v -59.271523 78.7269 -2.341373
v -57.94274 79.504005 -1.8655599
v -54.80035 80.43266 -1.7235293
v -50.299416 80.13023 -1.2933055
v -50.29964 79.64611 -3.1007872
v -49.363808 80.00697 -1.2932262
v -49.36402 79.539345 -3.0391173
v -48.49199 79.645775 -1.2931615
v -48.492184 79.22649 -2.8584867
v -47.74336 79.071205 -1.2931186
v -47.743515 78.72888 -2.5712006
v -47.16895 78.32249 -1.2930974
v -47.169125 77.74966 -2.5276384
v -46.807888 77.45061 -1.2930976
v -46.80798 77.15408 -1.9321437
v -46.684803 76.51499 -1.2931259
v -46.80807 76.51509 -2.2287474
v -46.8081 75.87602 -1.9321969
v -50.29928 79.64577 0.5141344
v -49.363678 79.53901 0.4526292
v -49.363667 78.26081 1.7306442
v -48.491863 78.08019 1.4179659
v -48.491962 76.51486 1.8373239
v -47.743336 76.51485 1.2629142
v -47.743484 75.23679 0.92040586
v -47.168934 76.51486 0.5142908
v -47.169106 75.28039 -0.05870068
v -46.807976 75.8759 -0.65412873
v -46.808064 75.579384 -1.2931747
v -53.409817 75.07195 3.838576
v -53.669777 74.22447 3.301905
v -51.70889 74.60441 3.0116818
v -52.159615 73.42545 1.5475457
v -50.2996 74.70754 1.8370891
v -50.29985 73.384514 0.51388204
v -49.364227 73.49111 0.4523822
v -49.364445 73.02348 -1.2935098
v -48.492554 73.38452 -1.293416
v -48.49268 73.80411 -2.8587055
v -48.492687 74.950096 -4.0045433
v -49.364574 73.491455 -3.0393624
v -50.300076 72.90039 -1.2935966
v -53.972553 73.888954 2.5118608
v -54.154865 77.16446 -5.831113
v -53.904728 75.34252 -5.4660816
v -50.30022 74.708145 -4.424137
v -53.13938 74.17908 -4.4702272
v -50.30021 73.384865 -3.1010394
v -52.534508 73.67669 -3.3257675
v -52.409126 73.38552 -1.5596616
v -57.814644 77.373436 0.48035026
v -57.94216 77.44939 -1.8658344
v -58.828743 77.314545 -3.609208
v -60.848213 76.514565 0.85564137
v -58.938885 77.92388 0.6287298
v -60.74071 75.864456 1.0401227
v -58.73799 77.16111 0.8708012
v -58.52424 77.01629 2.0851223
v -57.449947 77.18739 2.1508222
v -58.892002 77.51721 -0.13421941
v -48.49187 79.22619 0.27212834
v -47.74326 78.72864 -0.0150642395
v -47.74325 77.79292 0.92050743
v -47.16888 77.74942 -0.05860138
v -46.807888 76.514915 -0.35752696
v -58.96541 77.54254 -1.273493
v -59.20944 78.2614 -1.7543004
v -61.36295 76.19317 -1.1959093
v -46.807854 77.15396 -0.6540784
v -61.95353 76.37044 -3.5179727
v -62.128914 76.00901 -3.054295
v -54.77613 80.0492 0.30258167
v -49.364586 74.76965 -4.317377
v -60.651657 75.99035 -5.6971436
v -59.99032 76.26802 -5.8553467
v -62.521984 76.50972 -0.83566695
v -61.833923 77.56224 -0.779229
v -56.90373 73.64647 4.659916
v -56.82945 73.34572 4.0988426
v -61.33483 76.19891 -0.3568902
v -0.0017479524 101.15818 18.350124
v 5.768083 101.1581 17.488289
v -0.0017718723 95.44319 18.59981
v 5.5158787 95.443115 17.789066
v -0.0017248105 89.78857 18.10856
v 5.3430023 89.82987 17.429556
v 14.309965 89.820465 12.8598385
v 10.687815 89.87114 15.859974
v 14.948014 95.90343 13.000347
v 11.033615 95.44295 16.087744
v 14.878506 101.18889 12.9812565
v 11.538004 101.15793 15.735874
v -5.346328 89.82987 17.428534
v -5.5192733 95.443115 17.78801
v -5.7714243 101.1581 17.487183
v -10.6908455 89.87114 15.857925
v -11.036688 95.44295 16.08563
v -11.54101 101.15793 15.733662
v -14.312422 89.820465 12.857096
v -14.950496 95.90343 12.997482
v -14.880985 101.18889 12.978367
v -0.0017479524 101.15818 18.350124
v 5.768083 101.1581 17.488289
v -0.0017718723 95.44319 18.59981
v 5.5158787 95.44311 17.789066
v -0.0017248105 89.78857 18.10856
v 5.3430023 89.82987 17.429556
v 14.309965 89.820465 12.8598385
v 10.687815 89.87114 15.859974
v 14.948014 95.90343 13.000347
v 11.033615 95.44295 16.087744
v 14.878506 101.18889 12.9812565
v 11.538004 101.15793 15.735874
v -5.346328 89.82987 17.428534
v -5.5192733 95.443115 17.78801
v -5.7714243 101.1581 17.487183
v -10.6908455 89.87114 15.857925
v -11.036688 95.44295 16.08563
v -11.54101 101.15793 15.733662
v -14.312422 89.82046 12.857096
v -14.950496 95.90343 12.997482
v -14.880985 101.18889 12.978367
v -0.0017479524 101.15818 18.350124
v 5.768083 101.1581 17.488289
v -0.0017718723 95.44319 18.59981
v 5.5158787 95.443115 17.789066
v -0.0017248105 89.78857 18.10856
v 5.3430023 89.82987 17.429556
v 14.309965 89.820465 12.8598385
v 10.687815 89.87114 15.859974
v 14.948014 95.90343 13.000347
v 11.033615 95.44295 16.087744
v 14.878506 101.18889 12.9812565
v 11.538001 101.15793 15.735874
v -5.346328 89.82987 17.428534
v -5.5192733 95.443115 17.78801
v -5.771419 101.1581 17.487183
v -10.6908455 89.87114 15.857925
v -11.036688 95.44295 16.08563
v -11.541005 101.15793 15.733662
v -14.312422 89.820465 12.857096
v -14.950496 95.90343 12.997482
v -14.880985 101.18889 12.978367
v -0.0017303856 91.49765 17.874483
v -0.52642834 88.92215 18.980568
v -1.0508915 89.69602 17.624556
v -0.7304364 88.08421 18.980627
v -1.4588635 88.07085 17.15596
v -0.0018333667 87.51311 18.980751
v -0.0016206577 86.71672 16.76042
v 0.72676665 88.08421 18.980768
v 1.4555445 88.07085 17.156239
v 0.52275866 88.92215 18.980667
v 1.0474815 89.69602 17.624758
v -0.0018363458 89.79761 18.980534
v -0.0019423002 88.65546 20.086523
v 14.948002 95.90346 13.02808
v 11.033603 95.44298 16.115477
v 14.878495 101.18891 13.008951
v 11.537992 101.15797 15.763607
v 14.239 105.70407 12.552523
v 11.610313 105.7258 15.116432
v 5.5158625 95.44314 17.8168
v 5.768066 101.158134 17.515984
v 5.80428 105.72595 16.69398
v -0.0017895255 95.44322 18.627504
v -0.0017656093 101.15822 18.377857
v -0.0016701045 105.72602 17.380945
v -5.5192847 95.443146 17.815742
v -5.771431 101.15812 17.514877
v -5.8074822 105.72595 16.692865
v -11.036695 95.44298 16.113401
v -11.541022 101.15795 15.7613945
v -11.613225 105.7258 15.114208
v -14.950503 95.90346 13.025215
v -14.880998 101.18891 13.0061
v -14.24141 105.70408 12.549795
v 14.948002 95.90346 13.02808
v 11.033603 95.44298 16.115477
v 14.878495 101.1889 13.008951
v 11.537992 101.15797 15.763607
v 14.239 105.70407 12.552523
v 11.610313 105.7258 15.116432
v 5.5158625 95.44314 17.8168
v 5.768066 101.158134 17.515984
v 5.80428 105.72595 16.69398
v -0.0017895255 95.44322 18.627504
v -0.0017656093 101.15822 18.377857
v -0.0016701045 105.72602 17.380945
v -5.5192847 95.443146 17.815742
v -5.771431 101.15812 17.514877
v -5.8074822 105.72595 16.692865
v -11.036695 95.44296 16.113401
v -11.541022 101.15795 15.7613945
v -11.613225 105.7258 15.114208
v -14.950503 95.90346 13.025215
v -14.880993 101.18891 13.0061
v -14.24141 105.70408 12.549795
v 14.948005 95.90346 13.02808
v 11.033605 95.44298 16.115477
v 14.878492 101.1889 13.008951
v 11.53799 101.15797 15.763607
v 14.239 105.70407 12.552523
v 11.610313 105.7258 15.116432
v 5.5158625 95.44314 17.8168
v 5.768066 101.158134 17.515984
v 5.80428 105.72595 16.69398
v -0.0017895255 95.44322 18.627504
v -0.0017656093 101.15822 18.377857
v -0.0016701045 105.72602 17.380945
v -5.5192847 95.443146 17.815742
v -5.771431 101.15812 17.514877
v -5.8074822 105.72595 16.692865
v -11.036695 95.44298 16.113401
v -11.541018 101.15795 15.7613945
v -11.613223 105.7258 15.114208
v -14.950503 95.90346 13.025215
v -14.880998 101.18891 13.0061
v -14.241412 105.70408 12.549795
v 13.736853 75.14963 -11.876574
v 8.251138 75.149635 -14.429228
v 14.065994 46.58838 -11.876584
v 8.25114 46.58838 -14.710031
v 8.25114 42.079037 -13.859996
v 2.4362845 46.58838 -11.876584
v 4.483556 41.819683 -11.876584
v 8.25114 42.07904 -9.893174
v 8.25114 37.56969 -11.876588
v 12.018725 41.819683 -11.876584
v 8.25114 46.58838 -9.043136
v 8.251137 75.14963 -9.323919
v 8.251137 75.14963 -9.323919
v 2.7654247 75.14963 -11.8765745
v 8.251139 75.14963 -11.8765745
v 8.251138 75.149635 -14.429228
v 13.736853 75.14963 -11.876574
v 2.7654247 75.14963 -11.8765745
v 2.66811 49.43888 9.855504
v 4.573901 47.45833 9.855509
v 2.66811 49.43888 13.122926
v 4.573901 47.45833 13.122926
v 1.760955 47.86764 13.648205
v 3.186482 46.6573 13.623857
v 1.72284 45.81227 13.900919
v 3.521903 44.81759 13.648205
v 1.964035 44.81759 13.931398
v 1.72284 43.822906 13.900919
v 0.000008 44.81759 14.022841
v 0.982023 43.116684 13.931398
v 0.000008 42.82823 13.900919
v 1.760955 41.76753 13.648205
v 0.000008 41.138165 13.623857
v 0.000008 39.536114 13.122931
v -1.76094 41.76753 13.648205
v -2.668095 40.1963 13.122931
v -4.573885 42.176853 13.122931
v -4.573885 42.176846 9.855509
v -5.336195 44.81759 13.122931
v -5.336195 44.81759 9.855509
v -4.573885 47.45833 9.855504
v -0.982005 43.116684 13.931398
v -1.722825 43.822906 13.900919
v -1.96402 44.81759 13.931398
v -3.521887 44.81759 13.648205
v -1.722825 45.81227 13.900919
v -3.186468 46.65731 13.623857
v -1.76094 47.86764 13.648205
v -4.573885 47.45833 13.122926
v -2.668095 49.43888 13.122926
v -2.668092 49.43888 9.855504
v 0.982023 46.518486 13.931398
v 0.000008 46.806946 13.900919
v 0.000008 48.497017 13.623853
v 0.000008 50.099064 13.122926
v 0.000008 50.099064 9.855504
v 5.336211 44.81759 13.122931
v 4.573901 42.176846 13.122931
v 4.573901 42.176846 9.855509
v 2.66811 40.1963 13.122931
v 2.66811 40.1963 9.855509
v 0.000008 39.536114 9.855509
v -3.186468 42.977867 13.623857
v -0.982007 46.518486 13.931398
v 3.186482 42.977867 13.623857
v -2.668092 40.1963 9.855509
v 5.336211 44.81759 9.855509
vt 0.328125 0.0234375
vt 0.328125 0.0234375
vt 0.328125 0.0234375
vt 0.328125 0.0234375
vt 0.328125 0.0234375
vt 0.328125 0.0234375
vt 0.328125 0.0234375
vt 0.328125 0.0234375
vt 0.328125 0.0234375
vt 0.328125 0.0234375
vt 0.328125 0.0234375
vt 0.328125 0.0234375
vt 0.328125 0.0234375
vt 0.328125 0.0234375
vt 0.328125 0.0234375
vt 0.328125 0.0234375
vt 0.328125 0.0234375
vt 0.328125 0.0234375
vt 0.328125 0.0234375
vt 0.328125 0.0234375
vt 0.328125 0.0234375
vt 0.328125 0.0234375
vt 0.328125 0.0234375
vt 0.328125 0.0234375
vt 0.86328125 0.734375
vt 0.8359375 0.72265625
vt 0.953125 0.68359375
vt 0.8359375 0.640625
vt 0.9609375 0.640625
vt 0.8359375 0.578125
vt 0.96875 0.578125
vt 0.8359375 0.4765625
vt 0.98046875 0.4765625
vt 0.8359375 0.4765625
vt 0.6484375 0.4765625
vt 0.6484375 0.578125
vt 0.4453125 0.578125
vt 0.4453125 0.640625
vt 0.64453125 0.640625
vt 0.64453125 0.72265625
vt 0.8359375 0.72265625
vt 0.4453125 0.72265625
vt 0.64453125 0.640625
vt 0.8359375 0.578125
vt 0.953125 0.68359375
vt 0.9609375 0.640625
vt 0.8359375 0.640625
vt 0.8359375 0.578125
vt 0.6484375 0.578125
vt 0.6484375 0.4765625
vt 0.4453125 0.4765625
vt 0.64453125 0.72265625
vt 0.8359375 0.640625
vt 0.421875 0.98828125
vt 0.39453125 0.92578125
vt 0.14453125 0.97265625
vt 0.3828125 0.83203125
vt 0.15625 0.83203125
vt 0.3359375 0.70703125
vt 0.2265625 0.6796875
vt 0.4453125 0.72265625
vt 0.4453125 0.640625
vt 0.64453125 0.72265625
vt 0.64453125 0.640625
vt 0.8359375 0.4765625
vt 0.96875 0.578125
vt 0.8359375 0.640625
vt 0.98046875 0.4765625
vt 0.8359375 0.578125
vt 0.64453125 0.640625
vt 0.8359375 0.4765625
vt 0.6484375 0.578125
vt 0.6484375 0.4765625
vt 0.4453125 0.578125
vt 0.4453125 0.4765625
vt 0.6484375 0.578125
vt 0.421875 0.98828125
vt 0.14453125 0.97265625
vt 0.39453125 0.92578125
vt 0.15625 0.83203125
vt 0.3828125 0.83203125
vt 0.3359375 0.70703125
vt 0.01953125 0.6796875
vt 0.0078125 0.8671875
vt 0.01953125 0.953125
vt 0.6484375 0.4765625
vt 0.8359375 0.72265625
vt 0.01953125 0.6796875
vt 0.0078125 0.8671875
vt 0.01953125 0.953125
vt 0.2265625 0.6796875
vt 0.78125 0.76953125
vt 0.95703125 0.81640625
vt 0.87890625 0.74609375
vt 0.95703125 0.75390625
vt 0.953125 0.71875
vt 0.95703125 0.81640625
vt 0.8359375 0.77734375
vt 0.95703125 0.96875
vt 0.95703125 0.9375
vt 0.8359375 0.97265625
vt 0.8359375 0.94140625
vt 0.640625 0.953125
vt 0.8359375 0.88671875
vt 0.640625 0.88671875
vt 0.8359375 0.83203125
vt 0.63671875 0.828125
vt 0.640625 0.77734375
vt 0.95703125 0.86328125
vt 0.8359375 0.83203125
vt 0.640625 0.77734375
vt 0.63671875 0.828125
vt 0.4453125 0.7734375
vt 0.4453125 0.828125
vt 0.95703125 0.90625
vt 0.8359375 0.88671875
vt 0.640625 0.88671875
vt 0.4453125 0.88671875
vt 0.95703125 0.9375
vt 0.8359375 0.94140625
vt 0.625 0.94140625
vt 0.4453125 0.94140625
vt 0.95703125 0.96875
vt 0.8359375 0.97265625
vt 0.61328125 0.9765625
vt 0.4453125 0.96875
vt 0.95703125 0.99609375
vt 0.8359375 0.9921875
vt 0.65234375 0.98046875
vt 0.95703125 0.86328125
vt 0.8359375 0.76953125
vt 0.95703125 0.90625
vt 0.8359375 0.76953125
vt 0.87890625 0.74609375
vt 0.953125 0.71875
vt 0.86328125 0.734375
vt 0.95703125 0.75390625
vt 0.95703125 0.81640625
vt 0.640625 0.77734375
vt 0.63671875 0.828125
vt 0.8359375 0.83203125
vt 0.8359375 0.88671875
vt 0.95703125 0.86328125
vt 0.95703125 0.90625
vt 0.8359375 0.72265625
vt 0.8359375 0.77734375
vt 0.95703125 0.86328125
vt 0.61328125 0.9765625
vt 0.65234375 0.98046875
vt 0.8359375 0.97265625
vt 0.8359375 0.9921875
vt 0.95703125 0.99609375
vt 0.95703125 0.96875
vt 0.640625 0.953125
vt 0.8359375 0.97265625
vt 0.95703125 0.9375
vt 0.640625 0.88671875
vt 0.8359375 0.94140625
vt 0.78125 0.76953125
vt 0.95703125 0.81640625
vt 0.8359375 0.83203125
vt 0.95703125 0.90625
vt 0.8359375 0.88671875
vt 0.95703125 0.9375
vt 0.8359375 0.94140625
vt 0.95703125 0.96875
vt 0.64453125 0.72265625
vt 0.609375 0.921875
vt 0.55078125 0.88671875
vt 0.484375 0.85546875
vt 0.4453125 0.828125
vt 0.484375 0.85546875
vt 0.4453125 0.7734375
vt 0.625 0.94140625
vt 0.640625 0.88671875
vt 0.63671875 0.828125
vt 0.640625 0.77734375
vt 0.3515625 0.66796875
vt 0.3515625 0.625
vt 0.41015625 0.66796875
vt 0.41015625 0.625
vt 0.3515625 0.66796875
vt 0.3515625 0.625
vt 0.375 0.62109375
vt 0.41015625 0.6171875
vt 0.375 0.62109375
vt 0.609375 0.921875
vt 0.55078125 0.88671875
vt 0.3359375 0.140625
vt 0.3359375 0.140625
vt 0.3359375 0.25390625
vt 0.3359375 0.25390625
vt 0.3359375 0.3046875
vt 0.3359375 0.25390625
vt 0.3359375 0.3046875
vt 0.3359375 0.30859375
vt 0.3359375 0.36328125
vt 0.3359375 0.3359375
vt 0.3359375 0.41796875
vt 0.3359375 0.41796875
vt 0.3359375 0.6015625
vt 0.3359375 0.6015625
vt 0.3359375 0.65234375
vt 0.3359375 0.65234375
vt 0.3359375 0.05078125
vt 0.3359375 0.05078125
vt 0.3359375 0.140625
vt 0.3359375 0.2578125
vt 0.3359375 0.27734375
vt 0.3359375 0.28125
vt 0.3359375 0.41796875
vt 0.3359375 0.4140625
vt 0.3359375 0.6015625
vt 0.3359375 0.6015625
vt 0.3359375 0.65234375
vt 0.3359375 0.65234375
vt 0.3359375 0.33203125
vt 0.3359375 0.4140625
vt 0.3359375 0.6015625
vt 0.3359375 0.6015625
vt 0.3359375 0.65234375
vt 0.3359375 0.65234375
vt 0.3359375 0.359375
vt 0.3359375 0.4140625
vt 0.3359375 0.6015625
vt 0.3359375 0.6015625
vt 0.3359375 0.65234375
vt 0.3359375 0.65234375
vt 0.3359375 0.30078125
vt 0.3359375 0.2578125
vt 0.3359375 0.140625
vt 0.3359375 0.05078125
vt 0.3359375 0.05078125
vt 0.3359375 0.05078125
vt 0.3359375 0.05078125
vt 0.3359375 0.6015625
vt 0.3359375 0.65234375
vt 0.3359375 0.6015625
vt 0.3359375 0.65234375
vt 0.3359375 0.6015625
vt 0.3359375 0.05078125
vt 0.3359375 0.140625
vt 0.3359375 0.2578125
vt 0.3359375 0.65234375
vt 0.3359375 0.6015625
vt 0.3359375 0.65234375
vt 0.3359375 0.05078125
vt 0.3359375 0.05078125
vt 0.3359375 0.140625
vt 0.3359375 0.05078125
vt 0.3359375 0.05078125
vt 0.3359375 0.05078125
vt 0.3359375 0.05078125
vt 0.3359375 0.05078125
vt 0.3359375 0.140625
vt 0.3359375 0.140625
vt 0.3359375 0.2578125
vt 0.3359375 0.2578125
vt 0.3359375 0.30078125
vt 0.3359375 0.2578125
vt 0.3359375 0.30859375
vt 0.3359375 0.3046875
vt 0.3359375 0.359375
vt 0.3359375 0.33203125
vt 0.3359375 0.4140625
vt 0.3359375 0.4140625
vt 0.3359375 0.6015625
vt 0.3359375 0.6015625
vt 0.3359375 0.65234375
vt 0.3359375 0.65234375
vt 0.3359375 0.65234375
vt 0.3359375 0.6015625
vt 0.3359375 0.6015625
vt 0.3359375 0.41796875
vt 0.3359375 0.6015625
vt 0.3359375 0.6015625
vt 0.3359375 0.65234375
vt 0.3359375 0.65234375
vt 0.3359375 0.6015625
vt 0.3359375 0.4140625
vt 0.3359375 0.6015625
vt 0.3359375 0.6015625
vt 0.3359375 0.65234375
vt 0.3359375 0.6015625
vt 0.3359375 0.65234375
vt 0.3359375 0.65234375
vt 0.3359375 0.28125
vt 0.3359375 0.3046875
vt 0.3359375 0.25390625
vt 0.3359375 0.140625
vt 0.3359375 0.140625
vt 0.3359375 0.05078125
vt 0.3359375 0.6015625
vt 0.3359375 0.41796875
vt 0.3359375 0.41796875
vt 0.3359375 0.3359375
vt 0.3359375 0.36328125
vt 0.3359375 0.65234375
vt 0.3359375 0.65234375
vt 0.3359375 0.05078125
vt 0.3359375 0.05078125
vt 0.3359375 0.140625
vt 0.3359375 0.05078125
vt 0.3359375 0.05078125
vt 0.3359375 0.05078125
vt 0.3359375 0.05078125
vt 0.3359375 0.05078125
vt 0.3359375 0.27734375
vt 0.3359375 0.140625
vt 0.3359375 0.25390625
vt 0.3359375 0.6015625
vt 0.3359375 0.65234375
vt 0.3359375 0.05078125
vt 0.3359375 0.05078125
vt 0.93359375 0.03125
vt 0.92578125 0.01171875
vt 0.96875 0.05078125
vt 0.9609375 0.01171875
vt 0.93359375 0.03125
vt 0.92578125 0.01171875
vt 0.3359375 0.25390625
vt 0.3359375 0.65234375
vt 0.80078125 0.01171875
vt 0.78515625 0.2109375
vt 0.875 0.01171875
vt 0.85546875 0.3984375
vt 0.9296875 0.2421875
vt 0.921875 0.41015625
vt 0.95703125 0.32421875
vt 0.875 0.01171875
vt 0.8671875 0.13671875
vt 0.80078125 0.01171875
vt 0.74609375 0.32421875
vt 0.74609375 0.01171875
vt 0.74609375 0.01171875
vt 0.796875 0.11328125
vt 0.93359375 0.16015625
vt 0.9609375 0.16015625
vt 0.9296875 0.29296875
vt 0.859375 0.27734375
vt 0.7890625 0.265625
vt 0.74609375 0.25390625
vt 0.7890625 0.265625
vt 0.74609375 0.32421875
vt 0.85546875 0.3671875
vt 0.84765625 0.4765625
vt 0.921875 0.41015625
vt 0.91796875 0.4765625
vt 0.953125 0.41015625
vt 0.953125 0.4765625
vt 0.921875 0.41015625
vt 0.91796875 0.4765625
vt 0.85546875 0.3984375
vt 0.84765625 0.4765625
vt 0.7890625 0.33984375
vt 0.74609375 0.4765625
vt 0.7890625 0.33984375
vt 0.84765625 0.4765625
vt 0.91796875 0.4765625
vt 0.953125 0.41015625
vt 0.953125 0.4765625
vt 0.921875 0.41015625
vt 0.85546875 0.3671875
vt 0.84765625 0.4765625
vt 0.91796875 0.4765625
vt 0.74609375 0.4765625
vt 0.78515625 0.2109375
vt 0.796875 0.11328125
vt 0.80078125 0.01171875
vt 0.92578125 0.01171875
vt 0.875 0.01171875
vt 0.93359375 0.03125
vt 0.8671875 0.13671875
vt 0.9296875 0.2421875
vt 0.93359375 0.03125
vt 0.95703125 0.32421875
vt 0.9609375 0.16015625
vt 0.9296875 0.29296875
vt 0.93359375 0.16015625
vt 0.859375 0.27734375
vt 0.875 0.01171875
vt 0.9609375 0.01171875
vt 0.96875 0.05078125
vt 0.92578125 0.01171875
vt 0.80078125 0.01171875
vt 0.3203125 0.76953125
vt 0.3359375 0.76953125
vt 0.3203125 0.7578125
vt 0.33203125 0.7578125
vt 0.3203125 0.75
vt 0.33203125 0.75
vt 0.3203125 0.74609375
vt 0.33203125 0.74609375
vt 0.31640625 0.7421875
vt 0.33203125 0.73828125
vt 0.3203125 0.74609375
vt 0.33203125 0.74609375
vt 0.33203125 0.75
vt 0.34375 0.75390625
vt 0.34765625 0.76171875
vt 0.35546875 0.75390625
vt 0.359375 0.76171875
vt 0.37890625 0.76171875
vt 0.390625 0.7734375
vt 0.375 0.7578125
vt 0.39453125 0.76171875
vt 0.375 0.75
vt 0.390625 0.75390625
vt 0.38671875 0.7421875
vt 0.3984375 0.7421875
vt 0.3984375 0.734375
vt 0.38671875 0.7421875
vt 0.390625 0.73828125
vt 0.375 0.734375
vt 0.39453125 0.734375
vt 0.375 0.734375
vt 0.3125 0.74609375
vt 0.3125 0.7421875
vt 0.3125 0.74609375
vt 0.3203125 0.75
vt 0.3125 0.75
vt 0.3203125 0.7578125
vt 0.30859375 0.7578125
vt 0.3203125 0.76953125
vt 0.30859375 0.76953125
vt 0.3203125 0.78125
vt 0.30859375 0.78125
vt 0.3046875 0.8046875
vt 0.30078125 0.8046875
vt 0.30078125 0.828125
vt 0.296875 0.828125
vt 0.30078125 0.84765625
vt 0.3046875 0.84765625
vt 0.34765625 0.734375
vt 0.34765625 0.7421875
vt 0.35546875 0.73828125
vt 0.35546875 0.74609375
vt 0.375 0.75
vt 0.35546875 0.75390625
vt 0.375 0.7578125
vt 0.359375 0.76171875
vt 0.37890625 0.76171875
vt 0.359375 0.76953125
vt 0.390625 0.7734375
vt 0.36328125 0.78125
vt 0.38671875 0.78515625
vt 0.37890625 0.7890625
vt 0.3828125 0.796875
vt 0.37890625 0.8125
vt 0.40234375 0.73046875
vt 0.39453125 0.734375
vt 0.390625 0.73828125
vt 0.375 0.734375
vt 0.375 0.734375
vt 0.35546875 0.7265625
vt 0.3515625 0.73046875
vt 0.34375 0.72265625
vt 0.34375 0.7265625
vt 0.33984375 0.71875
vt 0.3515625 0.73046875
vt 0.34375 0.72265625
vt 0.35546875 0.7265625
vt 0.33203125 0.7578125
vt 0.3359375 0.76953125
vt 0.3359375 0.78125
vt 0.31640625 0.8046875
vt 0.30859375 0.828125
vt 0.3046875 0.84765625
vt 0.34375 0.8203125
vt 0.34765625 0.80859375
vt 0.328125 0.828125
vt 0.33203125 0.80859375
vt 0.31640625 0.8046875
vt 0.3203125 0.78125
vt 0.30859375 0.78125
vt 0.30859375 0.76953125
vt 0.30859375 0.7578125
vt 0.3125 0.75
vt 0.375 0.7421875
vt 0.35546875 0.74609375
vt 0.35546875 0.73828125
vt 0.375 0.7421875
vt 0.30078125 0.78125
vt 0.296875 0.8046875
vt 0.296875 0.78125
vt 0.30078125 0.8046875
vt 0.30078125 0.78125
vt 0.3046875 0.8046875
vt 0.30078125 0.828125
vt 0.30859375 0.828125
vt 0.31640625 0.828125
vt 0.359375 0.76953125
vt 0.38671875 0.78515625
vt 0.36328125 0.78125
vt 0.37890625 0.7890625
vt 0.37109375 0.78515625
vt 0.3828125 0.80078125
vt 0.37890625 0.79296875
vt 0.37890625 0.8046875
vt 0.359375 0.80859375
vt 0.34765625 0.78125
vt 0.3359375 0.78125
vt 0.3203125 0.84765625
vt 0.30859375 0.84765625
vt 0.3828125 0.796875
vt 0.37890625 0.8125
vt 0.3828125 0.81640625
vt 0.37890625 0.81640625
vt 0.390625 0.75390625
vt 0.3984375 0.75390625
vt 0.37109375 0.78515625
vt 0.3828125 0.80078125
vt 0.3828125 0.81640625
vt 0.359375 0.8203125
vt 0.37109375 0.82421875
vt 0.34765625 0.76953125
vt 0.34765625 0.78125
vt 0.359375 0.80859375
vt 0.34375 0.74609375
vt 0.31640625 0.828125
vt 0.33203125 0.80859375
vt 0.328125 0.828125
vt 0.34375 0.8203125
vt 0.30859375 0.84765625
vt 0.3203125 0.84765625
vt 0.34375 0.75390625
vt 0.34765625 0.76171875
vt 0.34765625 0.76953125
vt 0.34375 0.74609375
vt 0.40234375 0.7578125
vt 0.39453125 0.76171875
vt 0.34765625 0.80859375
vt 0.37890625 0.79296875
vt 0.37890625 0.8046875
vt 0.37890625 0.81640625
vt 0.359375 0.8203125
vt 0.37109375 0.82421875
vt 0.37890625 0.828125
vt 0.37890625 0.828125
vt 0.98046875 0.87890625
vt 0.9375 0.65625
vt 0.73828125 0.875
vt 0.72265625 0.65625
vt 0.4921875 0.87109375
vt 0.4921875 0.65234375
vt 0.25 0.875
vt 0.265625 0.65625
vt 0.0078125 0.87890625
vt 0.05078125 0.65625
vt 0.875 0.4765625
vt 0.6953125 0.4765625
vt 0.4921875 0.4765625
vt 0.29296875 0.4765625
vt 0.11328125 0.4765625
vt 0.7265625 0.265625
vt 0.4921875 0.19140625
vt 0.8203125 0.359375
vt 0.671875 0.33984375
vt 0.16796875 0.359375
vt 0.31640625 0.33984375
vt 0.26171875 0.265625
vt 0.4921875 0.32421875
vt 0.484375 0.40234375
vt 0.484375 0.40234375
vt 0.484375 0.40234375
vt 0.484375 0.40234375
vt 0.484375 0.40234375
vt 0.484375 0.40234375
vt 0.484375 0.40234375
vt 0.484375 0.40234375
vt 0.484375 0.40234375
vt 0.484375 0.40234375
vt 0.484375 0.40234375
vt 0.484375 0.40234375
vt 0.484375 0.40234375
vt 0.484375 0.40234375
vt 0.484375 0.40234375
vt 0.484375 0.40234375
vt 0.484375 0.40234375
vt 0.484375 0.40234375
vt 0.484375 0.40234375
vt 0.484375 0.40234375
vt 0.484375 0.40234375
vt 0.484375 0.40234375
vt 0.484375 0.40234375
vt 0.484375 0.40234375
vt 0.484375 0.40234375
vt 0.484375 0.40234375
vt 0.484375 0.40234375
vt 0.484375 0.40234375
vt 0.484375 0.40234375
vt 0.484375 0.40234375
vt 0.484375 0.40234375
vt 0.484375 0.40234375
vt 0.484375 0.40234375
vt 0.484375 0.40234375
vt 0.484375 0.40234375
vt 0.484375 0.40234375
vt 0.484375 0.40234375
vt 0.484375 0.40234375
vt 0.484375 0.40234375
vt 0.484375 0.40234375
vt 0.484375 0.40234375
vt 0.484375 0.40234375
vt 0.484375 0.40234375
vt 0.484375 0.40234375
vt 0.484375 0.40234375
vt 0.484375 0.40234375
vt 0.484375 0.40234375
vt 0.484375 0.40234375
vt 0.484375 0.40234375
vt 0.484375 0.40234375
vt 0.484375 0.40234375
vt 0.484375 0.40234375
vt 0.484375 0.40234375
vt 0.484375 0.40234375
vt 0.484375 0.40234375
vt 0.484375 0.40234375
vt 0.484375 0.40234375
vt 0.484375 0.40234375
vt 0.484375 0.40234375
vt 0.484375 0.40234375
vt 0.484375 0.40234375
vt 0.484375 0.40234375
vt 0.484375 0.40234375
vt 0.484375 0.40234375
vt 0.484375 0.40234375
vt 0.484375 0.40234375
vt 0.484375 0.40234375
vt 0.484375 0.40234375
vt 0.484375 0.40234375
vt 0.484375 0.40234375
vt 0.484375 0.40234375
vt 0.484375 0.40234375
vt 0.484375 0.40234375
vt 0.484375 0.40234375
vt 0.484375 0.40234375
vt 0.484375 0.40234375
vt 0.484375 0.40234375
vt 0.484375 0.40234375
vt 0.484375 0.40234375
vt 0.484375 0.40234375
vt 0.484375 0.40234375
vt 0.484375 0.40234375
vt 0.484375 0.40234375
vt 0.484375 0.40234375
vt 0.484375 0.40234375
vt 0.484375 0.40234375
vt 0.484375 0.40234375
vt 0.484375 0.40234375
vt 0.484375 0.40234375
vt 0.484375 0.40234375
vt 0.484375 0.40234375
vt 0.484375 0.40234375
vt 0.484375 0.40234375
vt 0.484375 0.40234375
vt 0.484375 0.40234375
vt 0.484375 0.40234375
vt 0.484375 0.40234375
vt 0.484375 0.40234375
vt 0.484375 0.40234375
vt 0.484375 0.40234375
vt 0.484375 0.40234375
vt 0.484375 0.40234375
vt 0.484375 0.40234375
vt 0.484375 0.40234375
vt 0.484375 0.40234375
vt 0.484375 0.40234375
vt 0.484375 0.40234375
vt 0.484375 0.40234375
vt 0.484375 0.40234375
vt 0.484375 0.40234375
vt 0.484375 0.40234375
vt 0.484375 0.40234375
vt 0.484375 0.40234375
vt 0.484375 0.40234375
vt 0.484375 0.40234375
vt 0.484375 0.40234375
vt 0.484375 0.40234375
vt 0.484375 0.40234375
vt 0.484375 0.40234375
vt 0.484375 0.40234375
vt 0.484375 0.40234375
vt 0.484375 0.40234375
vt 0.484375 0.40234375
vt 0.484375 0.40234375
vt 0.484375 0.40234375
vt 0.484375 0.40234375
vt 0.484375 0.40234375
vt 0.484375 0.40234375
vt 0.484375 0.40234375
vt 0.484375 0.40234375
vt 0.484375 0.40234375
vt 0.484375 0.40234375
vt 0.484375 0.40234375
vt 0.484375 0.40234375
vt 0.484375 0.40234375
vt 0.484375 0.40234375
vt 0.484375 0.40234375
vt 0.484375 0.40234375
vt 0.484375 0.40234375
vt 0.484375 0.40234375
vt 0.484375 0.40234375
vt 0.484375 0.40234375
vt 0.484375 0.40234375
vt 0.484375 0.40234375
vt 0.484375 0.40234375
vt 0.484375 0.40234375
vt 0.484375 0.40234375
vt 0.484375 0.40234375
vt 0.484375 0.40234375
vt 0.484375 0.40234375
vt 0.484375 0.40234375
vt 0.484375 0.40234375
vt 0.484375 0.40234375
vt 0.484375 0.40234375
vt 0.484375 0.40234375
vt 0.484375 0.40234375
vt 0.484375 0.40234375
vt 0.484375 0.40234375
vt 0.484375 0.40234375
vt 0.484375 0.40234375
vt 0.484375 0.40234375
vt 0.484375 0.40234375
vt 0.484375 0.40234375
vt 0.484375 0.40234375
vt 0.484375 0.40234375
vt 0.484375 0.40234375
vt 0.484375 0.40234375
vt 0.484375 0.40234375
vt 0.484375 0.40234375
vt 0.484375 0.40234375
vt 0.484375 0.40234375
vt 0.484375 0.40234375
vt 0.484375 0.40234375
vt 0.484375 0.40234375
vt 0.484375 0.40234375
vt 0.484375 0.40234375
vt 0.484375 0.40234375
vt 0.484375 0.40234375
vt 0.83203125 0.4765625
vt 0.87109375 0.4765625
vt 0.8671875 0.453125
vt 0.8828125 0.4765625
vt 0.8828125 0.453125
vt 0.89453125 0.4765625
vt 0.8984375 0.453125
vt 0.90625 0.4765625
vt 0.91015625 0.453125
vt 0.9140625 0.4765625
vt 0.921875 0.453125
vt 0.921875 0.4765625
vt 0.92578125 0.453125
vt 0.92578125 0.4765625
vt 0.9296875 0.453125
vt 0.921875 0.4765625
vt 0.92578125 0.453125
vt 0.9140625 0.4765625
vt 0.921875 0.453125
vt 0.90625 0.4765625
vt 0.91015625 0.453125
vt 0.89453125 0.4765625
vt 0.8984375 0.453125
vt 0.8828125 0.4765625
vt 0.8828125 0.453125
vt 0.87109375 0.4765625
vt 0.8671875 0.453125
vt 0.83203125 0.4765625
vt 0.859375 0.37109375
vt 0.82421875 0.39453125
vt 0.85546875 0.31640625
vt 0.82421875 0.28125
vt 0.8515625 0.23046875
vt 0.84765625 0.19921875
vt 0.8828125 0.21875
vt 0.87109375 0.1875
vt 0.90234375 0.20703125
vt 0.890625 0.1796875
vt 0.91015625 0.203125
vt 0.89453125 0.17578125
vt 0.90234375 0.20703125
vt 0.890625 0.1796875
vt 0.8828125 0.21875
vt 0.87109375 0.1875
vt 0.8515625 0.23046875
vt 0.84765625 0.19921875
vt 0.82421875 0.28125
vt 0.82421875 0.2109375
vt 0.796875 0.30078125
vt 0.80859375 0.22265625
vt 0.7890625 0.31640625
vt 0.80078125 0.22265625
vt 0.796875 0.30078125
vt 0.80859375 0.22265625
vt 0.82421875 0.2109375
vt 0.8125 0.17578125
vt 0.82421875 0.16796875
vt 0.84375 0.16015625
vt 0.859375 0.15234375
vt 0.875 0.14453125
vt 0.87890625 0.140625
vt 0.875 0.14453125
vt 0.859375 0.15234375
vt 0.84375 0.16015625
vt 0.82421875 0.16796875
vt 0.8125 0.17578125
vt 0.80859375 0.1796875
vt 0.78515625 0.4765625
vt 0.77734375 0.4765625
vt 0.78125 0.3984375
vt 0.7890625 0.40625
vt 0.796875 0.40625
vt 0.82421875 0.39453125
vt 0.85546875 0.31640625
vt 0.859375 0.37109375
vt 0.88671875 0.27734375
vt 0.890625 0.3515625
vt 0.91015625 0.26171875
vt 0.91015625 0.34375
vt 0.921875 0.2578125
vt 0.921875 0.34375
vt 0.91015625 0.26171875
vt 0.91015625 0.34375
vt 0.88671875 0.27734375
vt 0.890625 0.3515625
vt 0.80859375 0.4765625
vt 0.796875 0.4765625
vt 0.78515625 0.4765625
vt 0.80859375 0.4765625
vt 0.796875 0.4765625
vt 0.796875 0.40625
vt 0.7890625 0.40625
vt 0.8359375 0.12109375
vt 0.828125 0.125
vt 0.8203125 0.12890625
vt 0.81640625 0.1328125
vt 0.8203125 0.12890625
vt 0.828125 0.125
vt 0.8359375 0.12109375
vt 0.84765625 0.11328125
vt 0.85546875 0.109375
vt 0.859375 0.109375
vt 0.85546875 0.109375
vt 0.84765625 0.11328125
vt 0.83203125 0.078125
vt 0.8359375 0.078125
vt 0.83984375 0.07421875
vt 0.84375 0.07421875
vt 0.83984375 0.07421875
vt 0.8359375 0.078125
vt 0.83203125 0.078125
vt 0.828125 0.08203125
vt 0.82421875 0.0859375
vt 0.82421875 0.0859375
vt 0.82421875 0.0859375
vt 0.828125 0.08203125
vt 0.828125 0.05859375
vt 0.375 0.46875
vt 0.375 0.43359375
vt 0.38671875 0.4453125
vt 0.38671875 0.4296875
vt 0.3984375 0.43359375
vt 0.41015625 0.52734375
vt 0.40234375 0.47265625
vt 0.40234375 0.4609375
vt 0.38671875 0.45703125
vt 0.375 0.43359375
vt 0.37109375 0.43359375
vt 0.375 0.51953125
vt 0.3671875 0.58203125
vt 0.3984375 0.43359375
vt 0.40625 0.4765625
vt 0.40234375 0.43359375
vt 0.40625 0.53515625
vt 0.38671875 0.4296875
vt 0.37890625 0.359375
vt 0.38671875 0.359375
vt 0.390625 0.24609375
vt 0.3984375 0.359375
vt 0.3984375 0.26953125
vt 0.40234375 0.359375
vt 0.40234375 0.26953125
vt 0.3984375 0.26953125
vt 0.40234375 0.140625
vt 0.3984375 0.13671875
vt 0.375 0.359375
vt 0.37890625 0.359375
vt 0.37890625 0.24609375
vt 0.390625 0.24609375
vt 0.37890625 0.1328125
vt 0.390625 0.1328125
vt 0.3828125 0.01953125
vt 0.390625 0.01953125
vt 0.390625 0.1328125
vt 0.37890625 0.1328125
vt 0.37890625 0.24609375
vt 0.375 0.1328125
vt 0.375 0.24609375
vt 0.38671875 0.359375
vt 0.3984375 0.359375
vt 0.3984375 0.13671875
vt 0.3984375 0.01953125
vt 0.390625 0.01953125
vt 0.37890625 0.01953125
vt 0.3984375 0.01953125
vt 0.3828125 0.01953125
vt 0.375 0.43359375
vt 0.375 0.51953125
vt 0.37109375 0.43359375
vt 0.3671875 0.58203125
vt 0.375 0.46875
vt 0.37109375 0.48828125
vt 0.38671875 0.4453125
vt 0.38671875 0.45703125
vt 0.40234375 0.47265625
vt 0.38671875 0.45703125
vt 0.40234375 0.4765625
vt 0.36328125 0.5625
vt 0.36328125 0.5546875
vt 0.3671875 0.4921875
vt 0.36328125 0.5625
vt 0.37109375 0.48828125
vt 0.41015625 0.52734375
vt 0.41015625 0.52734375
vt 0.40234375 0.4609375
vt 0.3984375 0.43359375
vt 0.40234375 0.43359375
vt 0.40625 0.4765625
vt 0.40625 0.53515625
vt 0.3984375 0.43359375
vt 0.38671875 0.4296875
vt 0.375 0.43359375
vt 0.3984375 0.359375
vt 0.3984375 0.26953125
vt 0.38671875 0.359375
vt 0.390625 0.24609375
vt 0.37890625 0.359375
vt 0.37890625 0.24609375
vt 0.375 0.359375
vt 0.375 0.24609375
vt 0.37890625 0.24609375
vt 0.375 0.1328125
vt 0.37890625 0.1328125
vt 0.37890625 0.01953125
vt 0.3828125 0.01953125
vt 0.40234375 0.359375
vt 0.40234375 0.26953125
vt 0.40234375 0.140625
vt 0.3984375 0.13671875
vt 0.37890625 0.359375
vt 0.390625 0.24609375
vt 0.38671875 0.359375
vt 0.3984375 0.359375
vt 0.390625 0.1328125
vt 0.3984375 0.26953125
vt 0.38671875 0.4296875
vt 0.37890625 0.1328125
vt 0.3828125 0.01953125
vt 0.390625 0.1328125
vt 0.390625 0.01953125
vt 0.3984375 0.13671875
vt 0.3984375 0.01953125
vt 0.3984375 0.01953125
vt 0.390625 0.01953125
vt 0.28515625 0.1640625
vt 0.28515625 0.3203125
vt 0.2578125 0.1640625
vt 0.2578125 0.3046875
vt 0.1875 0.1796875
vt 0.1875 0.296875
vt 0.12109375 0.25390625
vt 0.1171875 0.3359375
vt 0.09375 0.26953125
vt 0.08984375 0.35546875
vt 0.12109375 0.25390625
vt 0.1171875 0.3359375
vt 0.1875 0.1796875
vt 0.1875 0.296875
vt 0.2578125 0.1640625
vt 0.2578125 0.3046875
vt 0.265625 0.1171875
vt 0.19140625 0.13671875
vt 0.11328125 0.2109375
vt 0.08203125 0.23046875
vt 0.11328125 0.2109375
vt 0.19140625 0.13671875
vt 0.265625 0.11328125
vt 0.2578125 0.5703125
vt 0.1875 0.5703125
vt 0.1875 0.63671875
vt 0.125 0.63671875
vt 0.25390625 0.63671875
vt 0.28515625 0.5703125
vt 0.2578125 0.5703125
vt 0.1875 0.01171875
vt 0.12109375 0.16796875
vt 0.09375 0.18359375
vt 0.12109375 0.5703125
vt 0.09765625 0.63671875
vt 0.28125 0.63671875
vt 0.25390625 0.63671875
vt 0.1875 0.5703125
vt 0.1875 0.63671875
vt 0.12109375 0.5703125
vt 0.125 0.63671875
vt 0.09375 0.5703125
vt 0.40234375 0.01953125
vt 0.12109375 0.16796875
vt 0.1875 0.01171875
vt 0.28515625 0.01171875
vt 0.2578125 0.01171875
vt 0.2578125 0.01171875
vt 0.1875 0.01171875
vt 0.1875 0.01171875
vt 0.14453125 0.01171875
vt 0.14453125 0.01171875
vt 0.09375 0.01171875
vt 0.09375 0.01171875
vt 0.05859375 0.01171875
vt 0.05859375 0.01171875
vt 0.02734375 0.01171875
vt 0.02734375 0.01171875
vt 0.015625 0.01171875
vt 0.1875 0.01171875
vt 0.14453125 0.01171875
vt 0.12109375 0.16796875
vt 0.1015625 0.12109375
vt 0.09375 0.18359375
vt 0.0703125 0.140625
vt 0.12109375 0.16796875
vt 0.1015625 0.12109375
vt 0.1875 0.01171875
vt 0.14453125 0.01171875
vt 0.2578125 0.01171875
vt 0.296875 0.11328125
vt 0.28515625 0.01171875
vt 0.2578125 0.01171875
vt 0.05859375 0.01171875
vt 0.09375 0.01171875
vt 0.0625 0.0625
vt 0.08203125 0.0859375
vt 0.03515625 0.07421875
vt 0.0625 0.1015625
vt 0.0234375 0.078125
vt 0.046875 0.10546875
vt 0.03515625 0.07421875
vt 0.0625 0.1015625
vt 0.09375 0.01171875
vt 0.08203125 0.0859375
vt 0.0625 0.0625
vt 0.05859375 0.01171875
vt 0.02734375 0.01171875
vt 0.015625 0.01171875
vt 0.02734375 0.01171875
vt 0.1875 0.01171875
vt 0.14453125 0.01171875
vt 0.12109375 0.16796875
vt 0.1015625 0.12109375
vt 0.09375 0.18359375
vt 0.0703125 0.140625
vt 0.12109375 0.16796875
vt 0.1015625 0.12109375
vt 0.1875 0.01171875
vt 0.14453125 0.01171875
vt 0.05859375 0.01171875
vt 0.09375 0.01171875
vt 0.0625 0.0625
vt 0.08203125 0.0859375
vt 0.03515625 0.07421875
vt 0.0625 0.1015625
vt 0.0234375 0.078125
vt 0.046875 0.10546875
vt 0.03515625 0.07421875
vt 0.0625 0.1015625
vt 0.015625 0.01171875
vt 0.02734375 0.01171875
vt 0.02734375 0.01171875
vt 0.05859375 0.01171875
vt 0.05859375 0.01171875
vt 0.09375 0.01171875
vt 0.09375 0.01171875
vt 0.14453125 0.01171875
vt 0.14453125 0.01171875
vt 0.09375 0.01171875
vt 0.08203125 0.0859375
vt 0.0625 0.0625
vt 0.05859375 0.01171875
vt 0.02734375 0.01171875
vt 0.015625 0.01171875
vt 0.02734375 0.01171875
vt 0.19140625 0.13671875
vt 0.1875 0.01171875
vt 0.11328125 0.2109375
vt 0.12109375 0.16796875
vt 0.08203125 0.23046875
vt 0.09375 0.18359375
vt 0.12109375 0.16796875
vt 0.1875 0.01171875
vt 0.19140625 0.13671875
vt 0.11328125 0.2109375
vt 0.28515625 0.5703125
vt 0.28515625 0.3203125
vt 0.2578125 0.5703125
vt 0.2578125 0.3046875
vt 0.1875 0.5703125
vt 0.1875 0.296875
vt 0.12109375 0.5703125
vt 0.1171875 0.3359375
vt 0.09375 0.5703125
vt 0.08984375 0.35546875
vt 0.12109375 0.5703125
vt 0.1171875 0.3359375
vt 0.1875 0.5703125
vt 0.1875 0.296875
vt 0.2578125 0.5703125
vt 0.2578125 0.3046875
vt 0.2578125 0.1640625
vt 0.28515625 0.1640625
vt 0.265625 0.11328125
vt 0.296875 0.11328125
vt 0.28125 0.63671875
vt 0.25390625 0.63671875
vt 0.1875 0.63671875
vt 0.125 0.63671875
vt 0.09765625 0.63671875
vt 0.125 0.63671875
vt 0.1875 0.63671875
vt 0.25390625 0.63671875
vt 0.1875 0.1796875
vt 0.12109375 0.25390625
vt 0.09375 0.26953125
vt 0.12109375 0.25390625
vt 0.1875 0.1796875
vt 0.265625 0.1171875
vt 0.2578125 0.1640625
vt 0.2578125 0.01171875
vt 0.28515625 0.01171875
vt 0.2578125 0.01171875
vt 0.28515625 0.01171875
vt 0.2578125 0.01171875
vt 0.2578125 0.01171875
vt 0.1875 0.01171875
vt 0.1875 0.01171875
vt 0.40234375 0.01953125
vt 0.3984375 0.80859375
vt 0.40234375 0.80859375
vt 0.40234375 0.81640625
vt 0.40234375 0.81640625
vt 0.40234375 0.82421875
vt 0.40234375 0.8203125
vt 0.39453125 0.828125
vt 0.39453125 0.8203125
vt 0.3828125 0.828125
vt 0.3828125 0.82421875
vt 0.375 0.82421875
vt 0.375 0.796875
vt 0.35546875 0.83203125
vt 0.359375 0.796875
vt 0.35546875 0.8125
vt 0.34375 0.79296875
vt 0.3515625 0.81640625
vt 0.3359375 0.8125
vt 0.3515625 0.828125
vt 0.34765625 0.84375
vt 0.37109375 0.85546875
vt 0.37109375 0.86328125
vt 0.375 0.859375
vt 0.375 0.8671875
vt 0.375 0.86328125
vt 0.37890625 0.86328125
vt 0.375 0.84765625
vt 0.375 0.85546875
vt 0.36328125 0.83203125
vt 0.36328125 0.84375
vt 0.3515625 0.84765625
vt 0.34765625 0.83984375
vt 0.34765625 0.8515625
vt 0.32421875 0.82421875
vt 0.3359375 0.8359375
vt 0.32421875 0.81640625
vt 0.32421875 0.796875
vt 0.33984375 0.765625
vt 0.3515625 0.76171875
vt 0.33984375 0.734375
vt 0.34375 0.71875
vt 0.32421875 0.73828125
vt 0.32421875 0.71875
vt 0.3203125 0.73828125
vt 0.3203125 0.71875
vt 0.3125 0.7421875
vt 0.3125 0.72265625
vt 0.30859375 0.74609375
vt 0.30859375 0.73046875
vt 0.3046875 0.74609375
vt 0.3046875 0.73828125
vt 0.30078125 0.7578125
vt 0.30078125 0.75390625
vt 0.30078125 0.765625
vt 0.30078125 0.7578125
vt 0.30078125 0.765625
vt 0.3046875 0.765625
vt 0.3046875 0.78515625
vt 0.30859375 0.7890625
vt 0.30859375 0.80078125
vt 0.3125 0.8125
vt 0.3125 0.81640625
vt 0.3203125 0.82421875
vt 0.3203125 0.81640625
vt 0.359375 0.76171875
vt 0.37890625 0.76171875
vt 0.375 0.72265625
vt 0.3828125 0.75
vt 0.3828125 0.734375
vt 0.3984375 0.734375
vt 0.3984375 0.73046875
vt 0.40234375 0.73828125
vt 0.40625 0.734375
vt 0.40625 0.7421875
vt 0.40625 0.7421875
vt 0.40625 0.75
vt 0.40234375 0.75
vt 0.40234375 0.75390625
vt 0.38671875 0.75390625
vt 0.38671875 0.7578125
vt 0.37890625 0.76171875
vt 0.3828125 0.76171875
vt 0.38671875 0.76171875
vt 0.3828125 0.76953125
vt 0.3828125 0.7890625
vt 0.40234375 0.7734375
vt 0.40234375 0.78515625
vt 0.40625 0.78515625
vt 0.40234375 0.79296875
vt 0.40625 0.78515625
vt 0.40234375 0.7890625
vt 0.41015625 0.77734375
vt 0.40234375 0.77734375
vt 0.40234375 0.76953125
vt 0.38671875 0.765625
vt 0.359375 0.69921875
vt 0.37109375 0.703125
vt 0.3828125 0.71875
vt 0.390625 0.703125
vt 0.390625 0.71484375
vt 0.39453125 0.71484375
vt 0.39453125 0.71875
vt 0.3984375 0.71484375
vt 0.39453125 0.71484375
vt 0.3984375 0.70703125
vt 0.39453125 0.70703125
vt 0.39453125 0.69921875
vt 0.375 0.69921875
vt 0.390625 0.69921875
vt 0.37109375 0.6953125
vt 0.3515625 0.6953125
vt 0.3515625 0.703125
vt 0.32421875 0.7109375
vt 0.3203125 0.7109375
vt 0.3125 0.71875
vt 0.30859375 0.7265625
vt 0.30859375 0.73046875
vt 0.3046875 0.74609375
vt 0.30859375 0.74609375
vt 0.30859375 0.765625
vt 0.3125 0.79296875
vt 0.3203125 0.81640625
vt 0.3515625 0.69921875
vt 0.32421875 0.71875
vt 0.3515625 0.703125
vt 0.32421875 0.73828125
vt 0.35546875 0.7265625
vt 0.35546875 0.76171875
vt 0.37890625 0.7421875
vt 0.38671875 0.7421875
vt 0.3203125 0.76953125
vt 0.3125 0.765625
vt 0.3125 0.79296875
vt 0.30859375 0.7890625
vt 0.30859375 0.80078125
vt 0.3046875 0.78515625
vt 0.3046875 0.796875
vt 0.30078125 0.78125
vt 0.30078125 0.77734375
vt 0.3984375 0.81640625
vt 0.3984375 0.82421875
vt 0.3828125 0.81640625
vt 0.3828125 0.82421875
vt 0.375 0.828125
vt 0.37109375 0.83203125
vt 0.359375 0.83203125
vt 0.30859375 0.80859375
vt 0.3125 0.8125
vt 0.3203125 0.796875
vt 0.32421875 0.76953125
vt 0.38671875 0.78125
vt 0.38671875 0.79296875
vt 0.375 0.796875
vt 0.38671875 0.796875
vt 0.37890625 0.796875
vt 0.3828125 0.80078125
vt 0.3828125 0.8046875
vt 0.3984375 0.8046875
vt 0.3984375 0.80859375
vt 0.40234375 0.80859375
vt 0.375 0.8125
vt 0.3828125 0.8046875
vt 0.37890625 0.78125
vt 0.35546875 0.79296875
vt 0.32421875 0.76953125
vt 0.32421875 0.796875
vt 0.3203125 0.76953125
vt 0.3203125 0.796875
vt 0.3125 0.765625
vt 0.3515625 0.82421875
vt 0.3828125 0.72265625
vt 0.3828125 0.71875
vt 0.375 0.7109375
vt 0.37109375 0.8671875
vt 0.37109375 0.8671875
vt 0.30859375 0.765625
vt 0.3046875 0.765625
vt 0.30078125 0.77734375
vt 0.41015625 0.77734375
vt 0.40625 0.76953125
vt 0.40234375 0.765625
vt 0.39453125 0.703125
vt 0.3984375 0.69921875
vt 0.3984375 0.70703125
vt 0.38671875 0.7265625
vt 0.40234375 0.734375
vt 0.38671875 0.73046875
vt 0.40234375 0.7421875
vt 0.3203125 0.71875
vt 0.3203125 0.73828125
vt 0.3125 0.72265625
vt 0.3125 0.7421875
vt 0.32421875 0.81640625
vt 0.375 0.7265625
vt 0.37890625 0.72265625
vt 0.359375 0.83203125
vt 0.37109375 0.84765625
vt 0.40625 0.7734375
vt 0.359375 0.8515625
vt 0.30078125 0.765625
vt 0.40234375 0.75
vt 0.3984375 0.75
vt 0.3984375 0.76171875
vt 0.40625 0.75390625
vt 0.40234375 0.76171875
vt 0.40625 0.75390625
vt 0.40234375 0.7578125
vt 0.40234375 0.75
vt 0.3984375 0.75
vt 0.40234375 0.74609375
vt 0.3984375 0.7421875
vt 0.3984375 0.74609375
vt 0.37890625 0.73828125
vt 0.3828125 0.7421875
vt 0.37109375 0.73828125
vt 0.37109375 0.7421875
vt 0.35546875 0.734375
vt 0.34765625 0.74609375
vt 0.34375 0.7265625
vt 0.31640625 0.74609375
vt 0.31640625 0.7421875
vt 0.3125 0.7421875
vt 0.3125 0.75
vt 0.3046875 0.75390625
vt 0.3046875 0.76953125
vt 0.296875 0.7734375
vt 0.296875 0.79296875
vt 0.29296875 0.79296875
vt 0.296875 0.8125
vt 0.29296875 0.8125
vt 0.296875 0.828125
vt 0.29296875 0.8203125
vt 0.296875 0.83203125
vt 0.296875 0.828125
vt 0.3046875 0.83984375
vt 0.3046875 0.8359375
vt 0.30859375 0.84765625
vt 0.30859375 0.83984375
vt 0.31640625 0.84765625
vt 0.31640625 0.84375
vt 0.34765625 0.86328125
vt 0.34765625 0.85546875
vt 0.3671875 0.86328125
vt 0.37109375 0.859375
vt 0.39453125 0.86328125
vt 0.37109375 0.8515625
vt 0.39453125 0.85546875
vt 0.39453125 0.84765625
vt 0.3984375 0.85546875
vt 0.3984375 0.8515625
vt 0.3984375 0.85546875
vt 0.39453125 0.8515625
vt 0.39453125 0.859375
vt 0.390625 0.84765625
vt 0.38671875 0.859375
vt 0.37890625 0.84375
vt 0.3671875 0.859375
vt 0.375 0.83984375
vt 0.35546875 0.859375
vt 0.35546875 0.8046875
vt 0.34375 0.80078125
vt 0.35546875 0.76953125
vt 0.3359375 0.7734375
vt 0.3515625 0.75390625
vt 0.34765625 0.75
vt 0.36328125 0.734375
vt 0.35546875 0.73828125
vt 0.375 0.72265625
vt 0.37109375 0.72265625
vt 0.375 0.7109375
vt 0.37109375 0.7109375
vt 0.37109375 0.703125
vt 0.37109375 0.703125
vt 0.375 0.7109375
vt 0.37109375 0.70703125
vt 0.37109375 0.71484375
vt 0.35546875 0.71875
vt 0.36328125 0.7265625
vt 0.3515625 0.72265625
vt 0.3515625 0.734375
vt 0.3515625 0.8359375
vt 0.375 0.83984375
vt 0.375 0.82421875
vt 0.38671875 0.8359375
vt 0.38671875 0.82421875
vt 0.40234375 0.83203125
vt 0.40234375 0.82421875
vt 0.40625 0.82421875
vt 0.40234375 0.81640625
vt 0.40625 0.81640625
vt 0.40234375 0.8125
vt 0.40625 0.8203125
vt 0.3984375 0.81640625
vt 0.40234375 0.828125
vt 0.3984375 0.828125
vt 0.3984375 0.8359375
vt 0.3828125 0.83984375
vt 0.37890625 0.83984375
vt 0.3828125 0.83984375
vt 0.3828125 0.84375
vt 0.39453125 0.84375
vt 0.3984375 0.75390625
vt 0.3828125 0.75390625
vt 0.375 0.75390625
vt 0.3828125 0.765625
vt 0.375 0.76953125
vt 0.37890625 0.76953125
vt 0.38671875 0.77734375
vt 0.38671875 0.7734375
vt 0.40625 0.78125
vt 0.40234375 0.77734375
vt 0.41015625 0.78125
vt 0.40625 0.78515625
vt 0.41015625 0.7890625
vt 0.40625 0.796875
vt 0.41015625 0.796875
vt 0.40234375 0.80078125
vt 0.40625 0.796875
vt 0.38671875 0.80078125
vt 0.38671875 0.7890625
vt 0.375 0.78515625
vt 0.3828125 0.81640625
vt 0.38671875 0.80859375
vt 0.37890625 0.8046875
vt 0.38671875 0.8125
vt 0.375 0.8046875
vt 0.3515625 0.80078125
vt 0.31640625 0.79296875
vt 0.31640625 0.8203125
vt 0.30859375 0.79296875
vt 0.30859375 0.8203125
vt 0.3046875 0.79296875
vt 0.3046875 0.81640625
vt 0.296875 0.79296875
vt 0.296875 0.8125
vt 0.29296875 0.79296875
vt 0.29296875 0.8125
vt 0.2890625 0.79296875
vt 0.2890625 0.8046875
vt 0.2890625 0.79296875
vt 0.2890625 0.80859375
vt 0.2890625 0.8046875
vt 0.31640625 0.765625
vt 0.3125 0.76953125
vt 0.3125 0.75
vt 0.3046875 0.75390625
vt 0.3046875 0.74609375
vt 0.296875 0.75390625
vt 0.296875 0.76171875
vt 0.29296875 0.765625
vt 0.29296875 0.77734375
vt 0.29296875 0.78515625
vt 0.2890625 0.79296875
vt 0.34375 0.71875
vt 0.34375 0.7265625
vt 0.328125 0.73046875
vt 0.33203125 0.75390625
vt 0.31640625 0.74609375
vt 0.31640625 0.765625
vt 0.3125 0.76953125
vt 0.30859375 0.79296875
vt 0.3046875 0.79296875
vt 0.3046875 0.81640625
vt 0.3046875 0.8359375
vt 0.30859375 0.8203125
vt 0.31640625 0.79296875
vt 0.34765625 0.73828125
vt 0.34765625 0.86328125
vt 0.34375 0.859375
vt 0.31640625 0.84375
vt 0.33984375 0.84375
vt 0.31640625 0.8203125
vt 0.3359375 0.82421875
vt 0.33203125 0.80078125
vt 0.375 0.76953125
vt 0.375 0.8046875
vt 0.3828125 0.83203125
vt 0.3984375 0.765625
vt 0.3828125 0.76953125
vt 0.3984375 0.76171875
vt 0.3828125 0.765625
vt 0.37890625 0.74609375
vt 0.37109375 0.74609375
vt 0.3828125 0.77734375
vt 0.3046875 0.76953125
vt 0.296875 0.7734375
vt 0.296875 0.76171875
vt 0.29296875 0.77734375
vt 0.29296875 0.78125
vt 0.3828125 0.796875
vt 0.38671875 0.8046875
vt 0.40234375 0.796875
vt 0.29296875 0.78515625
vt 0.40625 0.83203125
vt 0.40625 0.82421875
vt 0.3515625 0.7734375
vt 0.30859375 0.83984375
vt 0.39453125 0.86328125
vt 0.390625 0.8671875
vt 0.41015625 0.7890625
vt 0.40625 0.7890625
vt 0.3671875 0.70703125
vt 0.3671875 0.71484375
vt 0.40234375 0.78125
vt 0.98828125 0.78515625
vt 0.6640625 0.78515625
vt 0.98828125 0.54296875
vt 0.6796875 0.54296875
vt 0.98828125 0.30078125
vt 0.69140625 0.30078125
vt 0.19140625 0.30078125
vt 0.390625 0.3046875
vt 0.15234375 0.5625
vt 0.37109375 0.54296875
vt 0.15625 0.78515625
vt 0.34375 0.78515625
vt 0.69140625 0.30078125
vt 0.6796875 0.54296875
vt 0.6640625 0.78515625
vt 0.390625 0.3046875
vt 0.37109375 0.54296875
vt 0.34375 0.78515625
vt 0.19140625 0.30078125
vt 0.15234375 0.5625
vt 0.15625 0.78515625
vt 0.98828125 0.78515625
vt 0.6640625 0.78515625
vt 0.98828125 0.54296875
vt 0.6796875 0.54296875
vt 0.98828125 0.30078125
vt 0.69140625 0.30078125
vt 0.19140625 0.30078125
vt 0.390625 0.3046875
vt 0.15234375 0.5625
vt 0.37109375 0.54296875
vt 0.15625 0.78515625
vt 0.34375 0.78515625
vt 0.69140625 0.30078125
vt 0.6796875 0.54296875
vt 0.6640625 0.78515625
vt 0.390625 0.3046875
vt 0.37109375 0.54296875
vt 0.34375 0.78515625
vt 0.19140625 0.30078125
vt 0.15234375 0.5625
vt 0.15625 0.78515625
vt 0.98828125 0.78515625
vt 0.6640625 0.78515625
vt 0.98828125 0.54296875
vt 0.6796875 0.54296875
vt 0.98828125 0.30078125
vt 0.69140625 0.30078125
vt 0.19140625 0.30078125
vt 0.390625 0.3046875
vt 0.15234375 0.5625
vt 0.37109375 0.54296875
vt 0.15625 0.78515625
vt 0.34375 0.78515625
vt 0.69140625 0.30078125
vt 0.6796875 0.54296875
vt 0.6640625 0.78515625
vt 0.390625 0.3046875
vt 0.37109375 0.54296875
vt 0.34375 0.78515625
vt 0.19140625 0.30078125
vt 0.15234375 0.5625
vt 0.15625 0.78515625
vt 0.359375 0.77734375
vt 0.359375 0.77734375
vt 0.359375 0.77734375
vt 0.359375 0.77734375
vt 0.359375 0.77734375
vt 0.359375 0.77734375
vt 0.359375 0.77734375
vt 0.359375 0.77734375
vt 0.359375 0.77734375
vt 0.359375 0.77734375
vt 0.359375 0.77734375
vt 0.359375 0.77734375
vt 0.359375 0.77734375
vt 0.10546875 0.08984375
vt 0.3359375 0.0546875
vt 0.109375 0.5
vt 0.3046875 0.5
vt 0.1484375 0.8515625
vt 0.30078125 0.85546875
vt 0.66015625 0.0546875
vt 0.64453125 0.5
vt 0.64453125 0.85546875
vt 0.984375 0.0546875
vt 0.984375 0.5
vt 0.984375 0.85546875
vt 0.66015625 0.0546875
vt 0.64453125 0.5
vt 0.64453125 0.85546875
vt 0.3359375 0.0546875
vt 0.3046875 0.5
vt 0.30078125 0.85546875
vt 0.10546875 0.08984375
vt 0.109375 0.5
vt 0.1484375 0.8515625
vt 0.10546875 0.08984375
vt 0.3359375 0.0546875
vt 0.109375 0.5
vt 0.3046875 0.5
vt 0.1484375 0.8515625
vt 0.30078125 0.85546875
vt 0.66015625 0.0546875
vt 0.64453125 0.5
vt 0.64453125 0.85546875
vt 0.984375 0.0546875
vt 0.984375 0.5
vt 0.984375 0.85546875
vt 0.66015625 0.0546875
vt 0.64453125 0.5
vt 0.64453125 0.85546875
vt 0.3359375 0.0546875
vt 0.3046875 0.5
vt 0.30078125 0.85546875
vt 0.10546875 0.08984375
vt 0.109375 0.5
vt 0.1484375 0.8515625
vt 0.10546875 0.08984375
vt 0.3359375 0.0546875
vt 0.109375 0.5
vt 0.3046875 0.5
vt 0.1484375 0.8515625
vt 0.30078125 0.85546875
vt 0.66015625 0.0546875
vt 0.64453125 0.5
vt 0.64453125 0.85546875
vt 0.984375 0.0546875
vt 0.984375 0.5
vt 0.984375 0.85546875
vt 0.66015625 0.0546875
vt 0.64453125 0.5
vt 0.64453125 0.85546875
vt 0.3359375 0.0546875
vt 0.3046875 0.5
vt 0.30078125 0.85546875
vt 0.10546875 0.08984375
vt 0.109375 0.5
vt 0.1484375 0.8515625
vt 0.046875 0.8125
vt 1 0.8125
vt 0.046875 0.21875
vt 1 0.21875
vt 1 0.12890625
vt 0.046875 0.21875
vt 0.32421875 0.125
vt 1 0.12890625
vt 1 0.03125
vt 0.32421875 0.125
vt 1 0.21875
vt 1 0.8125
vt 0.98828125 0.86328125
vt 0.03515625 1
vt 0.98828125 1
vt 0.98828125 0.86328125
vt 0.03515625 1
vt 0.046875 0.8125
vt 0.625 0.3828125
vt 0.6640625 0.30859375
vt 0.625 0.3828125
vt 0.6640625 0.30859375
vt 0.60546875 0.32421875
vt 0.6328125 0.28125
vt 0.6015625 0.25
vt 0.640625 0.21484375
vt 0.609375 0.21484375
vt 0.6015625 0.17578125
vt 0.56640625 0.21484375
vt 0.5859375 0.15234375
vt 0.56640625 0.140625
vt 0.60546875 0.1015625
vt 0.56640625 0.078125
vt 0.56640625 0.01953125
vt 0.52734375 0.1015625
vt 0.5078125 0.046875
vt 0.46484375 0.1171875
vt 0.46484375 0.1171875
vt 0.44921875 0.21484375
vt 0.44921875 0.21484375
vt 0.46484375 0.30859375
vt 0.54296875 0.15234375
vt 0.52734375 0.17578125
vt 0.5234375 0.21484375
vt 0.48828125 0.21484375
vt 0.52734375 0.25
vt 0.49609375 0.28125
vt 0.52734375 0.32421875
vt 0.46484375 0.30859375
vt 0.5078125 0.3828125
vt 0.5078125 0.3828125
vt 0.5859375 0.27734375
vt 0.56640625 0.28515625
vt 0.56640625 0.34765625
vt 0.56640625 0.40625
vt 0.56640625 0.40625
vt 0.68359375 0.21484375
vt 0.6640625 0.1171875
vt 0.6640625 0.1171875
vt 0.625 0.046875
vt 0.625 0.046875
vt 0.56640625 0.01953125
vt 0.49609375 0.1484375
vt 0.54296875 0.27734375
vt 0.6328125 0.1484375
vt 0.5078125 0.046875
vt 0.68359375 0.21484375
vn 0.41726294 -0.00013783922 0.9087858
vn 0.81767935 0.0081455195 0.5756165
vn 0.8076299 0.0050883987 0.5896678
vn 0.99981165 0.01918998 -0.002903478
vn 0.9994022 0.03455105 -0.0011980076
vn 0.80405354 0.008937296 -0.5944898
vn 0.79581076 0.053867128 -0.60314476
vn 0.4079975 -0.0042717517 -0.91297317
vn 0.3682541 0.04499963 -0.9286356
vn 0.00009572146 -0.008670581 -0.99996245
vn 0.00009560007 0.0510863 -0.9986943
vn -0.40782267 -0.0042717517 -0.91305125
vn -0.3680763 0.04499963 -0.92870605
vn -0.8039397 0.008937296 -0.5946438
vn -0.79569525 0.053867128 -0.6032971
vn -0.99981105 0.01918998 -0.003095892
vn -0.999402 0.03455105 -0.0013893433
vn -0.8177895 0.0081455195 0.5754599
vn -0.80774313 0.0050883945 0.58951265
vn -0.43407947 -0.0101943705 0.900817
vn -0.41743693 -0.00013783922 0.90870595
vn -0.0000957117 -0.016705422 0.9998605
vn -0.000095719945 0.010346665 0.99994653
vn 0.43390697 -0.0101943705 0.90090007
vn 0.8776184 -0.270052 -0.3960529
vn 0.8183645 -0.14555578 -0.5559615
vn 0.99580914 -0.08220822 -0.040074695
vn 0.81481534 0.00463933 -0.57970214
vn 0.9961652 0.08442954 -0.022948982
vn 0.8089962 0.023764776 -0.5873333
vn 0.998465 0.053771026 -0.013280285
vn 0.80405354 0.008937296 -0.5944898
vn 0.99981165 0.01918998 -0.002903478
vn 0.81767935 0.0081455195 0.5756165
vn 0.43390697 -0.0101943705 0.90090007
vn 0.43824184 0.025903573 0.8984838
vn -0.00009571432 0.014977873 0.9998878
vn -0.00009553893 0.062331162 0.99805564
vn -0.44588035 0.072536424 0.8921486
vn -0.4485727 0.11945287 0.8857277
vn -0.8381659 0.059119858 0.54220176
vn -0.000094873714 0.13876562 0.9903253
vn 0.44570953 0.072536424 0.89223397
vn 0.8292188 0.04833803 0.55683
vn -0.9930216 -0.11128534 -0.039036438
vn -0.9961608 0.08442954 -0.023139698
vn -0.8376296 0.099792995 0.53704566
vn -0.82932615 0.048338015 0.55667007
vn -0.43841386 0.025903573 0.8983999
vn -0.43407947 -0.0101943705 0.900817
vn -0.0000957117 -0.016705422 0.9998605
vn 0.448403 0.11945287 0.88581365
vn 0.83752674 0.099792995 0.537206
vn 0.43516624 -0.2822862 0.8549531
vn 0.9027227 -0.3764099 -0.20834441
vn 0.5615153 -0.20498425 0.8016746
vn 0.92798936 -0.33810714 -0.15658677
vn 0.61483276 -0.14377972 0.77544063
vn 0.7374645 -0.6738905 -0.044920802
vn 0.4950777 -0.86166567 -0.11149202
vn 0.00009513762 -0.11743949 -0.9930801
vn 0.00009559327 -0.052457187 -0.99862325
vn 0.40503937 -0.1462619 -0.9025246
vn 0.42241952 -0.046899237 -0.9051863
vn -0.8177895 0.0081455195 0.5754599
vn -0.9984625 0.053771026 -0.01347144
vn -0.81470436 0.00463933 -0.5798581
vn -0.99981105 0.01918998 -0.003095892
vn -0.8088833 0.023764761 -0.5874888
vn -0.4222462 -0.046899237 -0.9052672
vn -0.8039397 0.008937296 -0.5946438
vn -0.41523907 -0.0069823903 -0.90968555
vn -0.40782267 -0.0042717517 -0.91305125
vn 0.000095713796 -0.015349881 -0.9998823
vn 0.00009572146 -0.008670581 -0.99996245
vn 0.41541323 -0.0069823903 -0.90960604
vn -0.43532994 -0.28228712 0.8548695
vn -0.4252749 0.5024879 0.75275975
vn -0.90268314 -0.37640902 -0.20851746
vn -0.61498064 -0.14377981 0.77532333
vn -0.9279596 -0.3381069 -0.15676345
vn -0.7374559 -0.6738905 -0.0450611
vn 0.79321927 -0.6016532 0.093896665
vn 0.877684 -0.20943278 0.43105528
vn 0.75146943 -0.13156113 0.64651793
vn 0.4079975 -0.0042717517 -0.91297317
vn 0.8413679 0.06636391 0.53637296
vn -0.7932373 -0.6016533 0.093744695
vn -0.8777662 -0.20943268 0.43088794
vn -0.34621713 0.8552965 0.38548914
vn -0.49505636 -0.8616658 -0.1115859
vn 0.7377005 0.006254762 0.67509925
vn 0.63338566 -0.53282905 0.5611737
vn 0.92077285 -0.15792982 0.35670108
vn 0.72912645 -0.6839592 -0.023971008
vn 0.9653125 -0.24401395 -0.09289264
vn 0.6255369 -0.57944643 -0.5224418
vn 0.68813807 -0.22939926 -0.6883619
vn -0.020420555 0.8920565 0.4514624
vn 0.016238065 0.6098354 0.7923618
vn -0.15989053 0.8579717 0.48817998
vn 0.019157536 0.6357009 0.77169776
vn 0.16844618 0.81700444 0.55147964
vn 0.28092545 0.36238152 0.8886847
vn 0.38165343 0.49845618 0.7783844
vn 0.5819435 0.02201656 0.81293124
vn 0.34070745 0.2976588 0.89180595
vn 0.43496388 0.14063199 0.8893983
vn 0.37645626 -0.29351288 -0.8787098
vn 0.40152976 -0.018759523 -0.9156539
vn 0.35305035 -0.11126577 -0.9289647
vn 0.28259993 0.07946825 -0.95594054
vn 0.00009560477 -0.06390053 -0.9979563
vn 0.000095264564 0.10563377 -0.9944051
vn 0.21284933 0.07404416 -0.9742755
vn 0.19231194 0.26689866 -0.9443417
vn 0.22241844 0.28550214 -0.93221176
vn 0.00011892074 0.28170472 -0.95950115
vn 0.06355081 0.53775907 -0.8407
vn 0.009650521 0.61953616 -0.7849089
vn 0.19359235 0.5400702 -0.81905216
vn -0.00014291881 0.5156625 -0.8567918
vn -0.03311044 0.885038 -0.46434
vn -0.1307231 0.91527796 -0.38102198
vn 0.18450822 0.84389883 -0.5037772
vn -0.00017935698 0.67546004 -0.73739666
vn -0.05816846 0.9983063 -0.0010185812
vn -0.23713847 0.97001016 0.053344145
vn 0.046428997 0.9954126 0.083655804
vn 0.397513 -0.29166776 0.8700077
vn 0.7377005 0.006254762 0.67509925
vn 0.18992326 0.2257517 0.95549226
vn -0.7328703 0.010370985 0.6802894
vn -0.9181529 -0.1586742 0.36306712
vn -0.97172415 -0.23207718 -0.043500934
vn -0.8777696 -0.2735237 -0.39332625
vn -0.726919 -0.6850988 -0.047205567
vn -0.5647309 -0.60718566 -0.5589317
vn -0.43513426 0.14063197 0.88931483
vn -0.34087834 0.2976588 0.8917406
vn -0.5820732 0.022026045 0.81283796
vn -0.2810622 0.3623846 0.8886402
vn -0.397639 -0.29165244 0.8699553
vn -0.19003604 0.22575822 0.9554683
vn -0.80992013 -0.15781884 -0.5649093
vn -0.6824153 -0.22714661 -0.6947761
vn -0.37634778 -0.293502 -0.87876
vn -0.18449464 0.8434185 -0.50458586
vn -0.046445012 0.9954124 0.083647884
vn 0.13098796 0.9150368 -0.38151008
vn 0.23714417 0.97000664 0.05338381
vn 0.05820566 0.9983041 -0.0010072317
vn 0.020394709 0.8920553 0.45146614
vn -0.16855183 0.81700444 0.55144733
vn 0.15982357 0.85797095 0.48820317
vn -0.016318081 0.6098376 0.7923585
vn -0.38180256 0.49845618 0.7783112
vn -0.01927168 0.6357022 0.7716939
vn -0.7328703 0.010370985 0.6802894
vn -0.63642985 -0.5267488 0.56346506
vn -0.40138474 -0.018754613 -0.91571754
vn -0.21272446 0.07405039 -0.97430235
vn -0.19209722 0.26695952 -0.94436824
vn -0.06342525 0.5377611 -0.84070826
vn -0.009286915 0.6191303 -0.7852334
vn 0.03319974 0.88503623 -0.46433693
vn -0.4048729 -0.14626072 -0.90259945
vn -0.32821244 0.62836593 0.7052893
vn -0.26158345 0.43790188 0.86012566
vn -0.17871006 0.32022133 0.9303338
vn -0.00009213893 0.27382842 0.9617786
vn 0.17853181 0.32022133 0.930368
vn -0.000093798284 0.20338176 0.9790995
vn -0.19334684 0.5391572 -0.8197113
vn -0.22215015 0.28550878 -0.93227357
vn -0.282432 0.07947033 -0.95599
vn -0.35288215 -0.111264214 -0.9290288
vn 0.32807732 0.62836593 0.7053521
vn 0.26141855 0.4379027 0.8601754
vn -0.000071398455 0.6667491 0.74528223
vn -0.00008700857 0.4184798 0.90822613
vn -0.32821244 0.62836593 0.7052893
vn -0.26158345 0.43790188 0.86012566
vn 0.17853181 0.32022133 0.930368
vn -0.00009213893 0.27382842 0.9617786
vn -0.17871006 0.32022133 0.9303338
vn 0.32807732 0.62836593 0.7053521
vn 0.26141855 0.4379027 0.8601754
vn -0.041344136 -0.5092098 0.85964876
vn -0.074370146 -0.9969848 0.022145834
vn -0.04907034 -0.5663897 0.8226754
vn 0.060248815 -0.99766034 0.032310586
vn -0.020216962 -0.9960095 0.08692767
vn 0.07607421 -0.62839115 -0.77416885
vn -0.035315484 -0.62801623 -0.77739847
vn -0.07216664 0.63310707 -0.7706928
vn -0.07993189 0.5305457 -0.8438793
vn -0.077065304 0.99702585 0.00069934194
vn 0.0067283106 0.58702564 -0.80954033
vn -0.0032851377 0.9993881 0.034826227
vn 0.048397098 0.86424154 -0.5007437
vn 0.042944048 0.9984102 -0.036508866
vn -0.03311044 0.885038 -0.46434
vn -0.05816846 0.9983063 -0.0010185812
vn 0.04458191 0.5057584 0.8615225
vn -0.014772825 -0.00015360618 0.99989086
vn 0.00018455871 0.51051795 0.85986716
vn -0.042805802 0.56035006 0.8271491
vn -0.10187602 0.5113598 0.8533068
vn -0.069665134 -0.52006906 0.8512785
vn 0.028255723 0.5477425 0.8361697
vn 0.061337616 -0.53357387 0.84352636
vn 0.11501142 0.054648962 0.9918598
vn 0.18556164 -0.39326793 0.9005039
vn 0.18992326 0.2257517 0.95549226
vn 0.397513 -0.29166776 0.8700077
vn -0.026541699 -0.99949735 -0.017340811
vn 0.056156896 -0.99793524 0.031170044
vn 0.2001848 -0.81128263 0.5493146
vn 0.23374437 -0.9695458 0.07310759
vn 0.63338566 -0.53282905 0.5611737
vn 0.72912645 -0.6839592 -0.023971008
vn -0.056485143 -0.50595945 -0.86070585
vn 0.039306488 -0.5746514 -0.81745374
vn 0.046047673 0.0010807823 -0.99893874
vn 0.041928083 0.4708484 -0.8812173
vn 0.21284933 0.07404416 -0.9742755
vn 0.06355081 0.53775907 -0.8407
vn -0.05967205 0.99311185 0.10083732
vn 0.08931352 0.9954648 0.03275751
vn 0.0063827676 0.99981695 0.018039484
vn -0.011550951 -0.5063651 0.8622419
vn -0.111797914 -0.870723 0.47889727
vn -0.099307574 -0.99505687 -0.0001733236
vn -0.04796817 -0.88690805 -0.45944884
vn 0.16896755 -0.8674865 -0.46788582
vn 0.6255369 -0.57944643 -0.5224418
vn 0.105374075 -0.5371525 -0.8368772
vn 0.37645626 -0.29351288 -0.8787098
vn 0.06430752 0.8918014 0.44783357
vn 0.03848864 0.8843935 -0.46515235
vn 0.101194136 0.52399236 -0.84569013
vn 0.091977134 0.62686265 -0.7736818
vn -0.020420555 0.8920565 0.4514624
vn 0.11817008 0.5336473 0.8374106
vn 0.016238065 0.6098354 0.7923618
vn -0.015579392 0.87624896 0.48160675
vn 0.011353489 0.99993557 0.00010488519
vn 0.065059684 -0.52869684 -0.8463137
vn 0.15754431 -0.50170654 -0.8505706
vn 0.17146392 -0.00022200364 -0.9851904
vn 0.19690353 0.4978022 -0.8446432
vn -0.04467466 0.5057605 0.8615165
vn 0.015545276 0.8762485 0.4816087
vn -0.00027698034 0.51051795 0.8598671
vn -0.006355874 0.99981713 0.018039702
vn 0.041937925 0.56061465 0.8270142
vn -0.0892886 0.9954673 0.03274628
vn 0.059354354 0.9931664 0.10048747
vn -0.09186046 0.6268648 -0.7736939
vn 0.08632873 0.62911934 -0.77250004
vn 0.03902055 -0.6293742 -0.77612215
vn 0.054179817 -0.5117207 -0.85744184
vn 0.027779149 -0.99951184 -0.014297403
vn -0.043201953 -0.57669175 -0.8158187
vn -0.056192037 -0.9979335 0.03116237
vn -0.16894062 -0.8674801 -0.46790752
vn -0.23379497 -0.9695358 0.07307749
vn -0.726919 -0.6850988 -0.047205567
vn -0.63642985 -0.5267488 0.56346506
vn -0.5647309 -0.60718566 -0.5589317
vn -0.1052868 -0.53714997 -0.83688986
vn -0.045921136 0.001082639 -0.99894446
vn -0.023131926 0.5802264 -0.8141266
vn -0.041800704 0.4708489 -0.8812231
vn -0.04830544 0.86424094 -0.5007537
vn -0.06342525 0.5377611 -0.84070826
vn 0.03319974 0.88503623 -0.46433693
vn -0.2002861 -0.8112731 0.54929185
vn -0.061500784 -0.53355527 0.8435262
vn -0.18568905 -0.3932637 0.90047956
vn -0.11513542 0.054651827 0.99184525
vn -0.19003604 0.22575822 0.9554683
vn -0.118254535 0.53365135 0.8373961
vn -0.016318081 0.6098376 0.7923585
vn 0.020394709 0.8920553 0.45146614
vn 0.06879246 -0.52030903 0.8512027
vn 0.019888807 -0.9960332 0.08673166
vn -0.07599602 -0.62838894 -0.7741783
vn -0.064968504 -0.528695 -0.846322
vn -0.101071276 0.5239961 -0.8457025
vn -0.17133886 -0.00021798257 -0.98521215
vn -0.064331174 0.8918015 0.44783005
vn -0.028365074 0.54774266 0.83616596
vn 0.0033099533 0.999388 0.034826167
vn 0.073226094 0.99726164 -0.010354938
vn 0.06672575 0.51420903 -0.85506535
vn -0.21272446 0.07405039 -0.97430235
vn -0.37634778 -0.293502 -0.87876
vn -0.15745182 -0.501702 -0.85059047
vn 0.04799815 -0.8869091 -0.4594436
vn 0.07433628 -0.99698716 0.022154212
vn 0.09927553 -0.99506 -0.00016479437
vn 0.11171217 -0.87072736 0.47890937
vn -0.011324346 0.9999359 0.000103476676
vn -0.038403235 0.8843957 -0.4651552
vn -0.1967806 0.4978101 -0.8446671
vn 0.101043746 0.51182413 0.8531273
vn 0.041221008 -0.50921106 0.859654
vn -0.06028297 -0.99765855 0.032302994
vn -0.04290319 0.9984117 -0.036515765
vn 0.05820566 0.9983041 -0.0010072317
vn 0.014646876 -0.00015505902 0.9998927
vn 0.011427579 -0.5063655 0.8622433
vn 0.7402083 -0.23027731 -0.6317152
vn 0.492762 -0.80357814 -0.3338382
vn 0.92941606 -0.3690104 -0.004130535
vn 0.57524633 -0.81798035 -0.00011090084
vn 0.8481827 -0.22613758 0.47900718
vn 0.49049604 -0.80463296 0.3346335
vn 0.048231583 -0.5666122 0.8225719
vn -0.397639 -0.29165244 0.8699553
vn 0.2580455 0.047847927 0.9649472
vn 0.2698337 -0.024068248 0.9626061
vn 0.48551345 -0.14095996 0.8627902
vn 0.4805741 -0.0130660385 0.87685686
vn 0.7541412 0.060861357 0.653886
vn 0.8054593 0.027543291 0.5920108
vn 0.996322 0.06592578 0.054738767
vn 0.49757475 -0.21156643 -0.8412248
vn 0.49846122 0.11719432 -0.85895395
vn 0.23226318 0.03911578 -0.9718662
vn -0.000095731964 -0.03783472 0.999284
vn -0.0000957727 -0.0050618416 0.9999872
vn 0.00009574095 0.034618787 -0.9994007
vn 0.25826636 0.041313495 -0.96519
vn 0.79548085 0.15471408 -0.5858957
vn 0.99099725 0.12918536 -0.035151683
vn 0.79573953 0.065503694 -0.60208637
vn 0.45217216 0.068996236 -0.8892581
vn 0.1583239 0.11241699 -0.9809668
vn 0.00009553986 0.0680306 -0.9976833
vn -0.15813603 0.11241699 -0.98099715
vn 0.000094987634 0.12999699 -0.99151444
vn -0.38933283 0.12958443 -0.91193634
vn -0.3680763 0.04499963 -0.92870605
vn -0.7873123 0.09418433 -0.6093182
vn -0.79569525 0.053867128 -0.6032971
vn -0.9980048 0.062985435 -0.0044105765
vn -0.999402 0.03455105 -0.0013893433
vn -0.8055727 0.027542291 0.5918564
vn -0.80774313 0.0050883945 0.58951265
vn -0.480742 -0.0130660385 0.87676483
vn -0.41743693 -0.00013783922 0.90870595
vn -0.26790732 -0.02538232 0.96311027
vn -0.000095719945 0.010346665 0.99994653
vn 0.26772285 -0.02538232 0.9631616
vn 0.41726294 -0.00013783922 0.9087858
vn 0.8076299 0.0050883987 0.5896678
vn 0.9980055 0.06298543 -0.004219357
vn 0.9994022 0.03455105 -0.0011980076
vn 0.78742903 0.09418433 -0.6091673
vn 0.38950753 0.12958443 -0.9118617
vn 0.3682541 0.04499963 -0.9286356
vn 0.79581076 0.053867128 -0.60314476
vn 0.00009560007 0.0510863 -0.9986943
vn -0.27001807 -0.024068248 0.9625544
vn -0.25808147 0.041313495 -0.96523947
vn -0.232077 0.03911571 -0.97191066
vn -0.4926997 -0.80357623 -0.33393446
vn -0.49741355 -0.21156564 -0.8413202
vn -0.74008733 -0.23027667 -0.6318572
vn -0.4982967 0.11719333 -0.85904956
vn -0.7542665 0.060861357 0.65374154
vn -0.8482744 -0.22613773 0.4788446
vn -0.99633247 0.06592578 0.054547895
vn -0.99099046 0.12918536 -0.03534256
vn -0.795624 0.06550469 -0.6022387
vn -0.7953682 0.15471421 -0.5860486
vn -0.4520018 0.068996236 -0.8893447
vn -0.48567793 -0.14096102 0.86269754
vn -0.57524675 -0.81798 -0.00022004075
vn -0.92941517 -0.36901066 -0.0043096365
vn -0.49055806 -0.8046342 0.33453968
vn -0.25822937 0.047847968 0.964898
vn 0.68537384 -0.42028996 0.59465885
vn 0.78571486 -0.5394319 0.3027629
vn 0.60664636 -0.63698715 0.47563395
vn 0.6201174 -0.77344316 0.13130172
vn 0.46348426 -0.83704674 0.2907493
vn 0.4327466 -0.9010892 0.027724141
vn 0.3051452 -0.93985724 0.15347579
vn 0.2632625 -0.9635169 -0.048249524
vn -0.000012740082 -0.99109155 0.13318247
vn 0.000005872175 -0.9981129 -0.06140593
vn -0.3051746 -0.93985736 0.15341644
vn -0.26325327 -0.9635169 -0.04829989
vn -0.43275183 -0.9010892 0.027641349
vn -0.38264418 -0.9178986 -0.105098784
vn -0.56533265 -0.8213578 -0.07596331
vn -0.39465386 -0.90477777 -0.1600802
vn -0.55225414 -0.80709934 -0.20882067
vn -0.5139069 -0.79445183 -0.32364503
vn -0.59291023 -0.7294665 -0.3410808
vn -0.44881532 -0.8420067 -0.29931533
vn -0.40485695 -0.75165457 -0.52067864
vn -0.6935539 -0.69195247 -0.20046112
vn -0.5290608 -0.54506505 -0.6503836
vn -0.6556771 0.1451552 -0.7409573
vn 0.000095447576 0.067223765 -0.997738
vn 0.000080866455 0.5351164 -0.84477836
vn 0.6558187 0.14515519 -0.7408318
vn 0.5024535 0.67853266 -0.53584886
vn 0.66467315 0.7436567 0.07200269
vn 0.18450822 0.84389883 -0.5037772
vn 0.046428997 0.9954126 0.083655804
vn 0.312822 -0.8521642 0.41947433
vn -0.000058344485 -0.7924607 0.60992306
vn -0.31290323 -0.8521642 0.4194135
vn -0.46353987 -0.83704674 0.29066065
vn -0.40593702 -0.6728292 0.6184788
vn -0.6067372 -0.63698715 0.47551802
vn -0.4356319 -0.44220296 0.7840162
vn -0.6854873 -0.42029026 0.5945279
vn -0.4525316 -0.31827903 0.8330148
vn -0.73480326 -0.2183934 0.6421593
vn -0.4638764 -0.1644786 0.87049735
vn -0.46845454 -0.026615392 0.88308656
vn -0.21679257 -0.015221492 0.976099
vn -0.211834 0.10610004 0.97152925
vn -0.00009510556 0.12023609 0.9927454
vn -0.00009396588 0.19476989 0.98084897
vn 0.20231372 0.17183141 0.96412826
vn -0.00009550381 0.057841286 0.9983258
vn -0.000029190578 -0.9521836 0.3055265
vn 0.6608591 0.10559699 0.7430442
vn 0.514535 -0.8364867 0.18853037
vn 0.6935928 -0.69195205 -0.20032847
vn 0.3946845 -0.90477777 -0.16000459
vn 0.4488725 -0.8420064 -0.2992302
vn 0.5522942 -0.80709934 -0.20871484
vn 0.513968 -0.794452 -0.32354766
vn 0.71451426 -0.6703163 -0.20036337
vn 0.5929749 -0.7294669 -0.34096742
vn 0.79321927 -0.6016532 0.093896665
vn 0.7284235 -0.6023504 -0.32645562
vn 0.49890152 -0.61497754 -0.6106553
vn 0.89270335 -0.32388717 -0.31333357
vn -0.008801186 0.28528824 -0.95840144
vn -0.00017935698 0.67546004 -0.73739666
vn -0.18449464 0.8434185 -0.50458586
vn -0.50235057 0.67853224 -0.5359457
vn -0.046445012 0.9954124 0.083647884
vn -0.664687 0.7436567 0.07187544
vn -0.16855183 0.81700444 0.55144733
vn -0.4118202 0.6880285 0.5975122
vn -0.32821244 0.62836593 0.7052893
vn -0.00008017931 0.54628414 0.83759993
vn -0.000071398455 0.6667491 0.74528223
vn 0.41170582 0.6880285 0.59759104
vn 0.32807732 0.62836593 0.7053521
vn 0.16844618 0.81700444 0.55147964
vn -0.62014246 -0.77344316 0.13118325
vn -0.78577286 -0.539432 0.30261236
vn -0.8910598 -0.26860988 0.3658703
vn -0.737983 -0.052832514 0.67274797
vn -0.4742871 0.081238 0.8766141
vn -0.20249745 0.17183143 0.96408963
vn 0.9453014 -0.015722789 0.32581896
vn 0.9707654 -0.12058116 0.2075446
vn 0.8564556 0.044974256 0.5142577
vn 0.90045625 -0.07414998 0.4285795
vn 0.7378546 -0.05283255 0.6728888
vn 0.7346804 -0.21839245 0.64230025
vn 0.46371073 -0.16447964 0.8705853
vn 0.45237234 -0.3182793 0.83310115
vn 0.43548232 -0.44220218 0.78409976
vn 0.4058187 -0.6728292 0.61855644
vn -0.9992968 0.003580746 -0.037326925
vn -0.5145711 -0.8364868 0.18843207
vn -0.6610012 0.10559699 0.7429177
vn 0.99930394 0.003580746 -0.03713473
vn -0.21054682 -0.12481907 0.9695825
vn -0.000095787764 -0.016345212 0.9998664
vn -0.00009512075 -0.11891994 0.9929039
vn 0.21660556 -0.015221494 0.9761406
vn 0.21036218 -0.12482016 0.9696225
vn 0.46828657 -0.026615405 0.88317573
vn 0.2116479 0.106099054 0.97157
vn 0.4741192 0.08123701 0.876705
vn 0.72509617 0.071002595 0.6849775
vn -0.71447587 -0.6703163 -0.20050028
vn -0.7283597 -0.6023513 -0.32659608
vn -0.7932373 -0.6016533 0.093744695
vn -0.4987842 -0.6149782 -0.61075056
vn -0.49505636 -0.8616658 -0.1115859
vn 0.0033192586 -0.17868027 -0.9839016
vn -0.7374559 -0.6738905 -0.0450611
vn -0.9279596 -0.3381069 -0.15676345
vn 0.877684 -0.20943278 0.43105528
vn 0.940475 -0.32513168 0.0989763
vn 0.89098996 -0.26860896 0.3660411
vn 0.7178473 0.15173416 0.6794645
vn 0.4780698 0.14386396 0.8664598
vn -0.89264274 -0.32388794 -0.3135054
vn 0.008983814 0.28528914 -0.9583994
vn 0.17341824 0.4231959 -0.8892871
vn -0.90268314 -0.37640902 -0.20851746
vn 0.5291851 -0.54506505 -0.65028244
vn 0.00008477263 -0.46122506 -0.88728315
vn 0.4950777 -0.86166567 -0.11149202
vn -0.0031317414 -0.17868027 -0.9839022
vn -0.17324887 0.42319494 -0.88932043
vn -0.47672734 0.81042826 -0.3404953
vn -0.38736582 0.83054197 -0.40018484
vn -0.7778671 -0.62831074 0.012182671
vn -0.94049394 -0.32513168 0.0987961
vn -0.8777662 -0.20943268 0.43088794
vn -0.2443845 -0.96470696 -0.09806495
vn -0.725227 0.071002655 0.684839
vn -0.9005384 -0.07414998 0.42840695
vn -0.85655355 0.044974275 0.5140948
vn -0.94536424 -0.015722794 0.32563695
vn -0.478235 0.143865 0.8663684
vn -0.71797734 0.15173514 0.6793269
vn 0.38266394 -0.9178987 -0.10502537
vn 0.56534725 -0.8213579 -0.0758542
vn 0.7778653 -0.62831014 0.0123317195
vn 0.24440327 -0.96470696 -0.09801813
vn 0.000072556424 -0.6529866 -0.7573696
vn 0.40495673 -0.75165457 -0.52060103
vn -0.97080535 -0.12058019 0.20735866
vn 0.7374645 -0.6738905 -0.044920802
vn 0.92798936 -0.33810714 -0.15658677
vn 0.9027227 -0.3764099 -0.20834441
vn -0.34621713 0.8552965 0.38548914
vn -0.4252749 0.5024879 0.75275975
vn 0.109079145 0.46570393 -0.8781923
vn -0.108911864 0.46570387 -0.87821305
vn 0.46371073 -0.16447964 0.8705853
vn 0.45237234 -0.3182793 0.83310115
vn 0.21036218 -0.12482016 0.9696225
vn 0.2105859 -0.2292239 0.95032096
vn -0.00009512075 -0.11891994 0.9929039
vn -0.00009375638 -0.20547634 0.97866213
vn -0.21054682 -0.12481907 0.9695825
vn -0.21076712 -0.22922306 0.95028114
vn -0.4638764 -0.1644786 0.87049735
vn -0.4525316 -0.31827903 0.8330148
vn 0.43548232 -0.44220218 0.78409976
vn 0.21014103 -0.3553185 0.91081816
vn -0.00009014494 -0.33128667 0.9435302
vn -0.21031505 -0.3553185 0.910778
vn -0.4356319 -0.44220296 0.7840162
vn 0.312822 -0.8521642 0.41947433
vn -0.000058344485 -0.7924607 0.60992306
vn 0.4058187 -0.6728292 0.61855644
vn 0.18858266 -0.54098487 0.81961703
vn -0.40593702 -0.6728292 0.6184788
vn -0.18873948 -0.54098487 0.819581
vn -0.31290323 -0.8521642 0.4194135
vn -0.00008316229 -0.49417198 0.86936426
vn 0.2482604 -0.9351876 -0.2525687
vn -0.82351834 -0.46078828 -0.3308955
vn -0.045717318 -0.7548796 -0.654268
vn -0.31449708 -0.59010834 -0.74354804
vn 0.124396086 -0.9916589 -0.03373786
vn -0.68816197 -0.6115273 0.39047077
vn 0.19947234 -0.7893101 0.58068955
vn 0.33398226 -0.6862024 0.64620596
vn 0.56675935 -0.7868897 -0.24410756
vn -0.89019024 0.02573051 0.45486188
vn -0.6983403 0.14550869 0.7008197
vn -0.33189097 -0.047352605 0.94212854
vn -0.21524139 0.2717999 0.93797445
vn 0.03643419 0.027124906 0.99896795
vn 0.2558694 0.2161331 0.94224066
vn -0.1931444 0.47107828 0.8606861
vn 0.12200244 0.5732579 0.81024116
vn 0.029601566 -0.14019623 0.9896811
vn -0.013870596 -0.18489839 0.98265976
vn 0.24404776 -0.2696523 0.93151945
vn -0.66403264 0.7398537 0.10806139
vn -0.7223741 0.69147235 0.0064699594
vn -0.6754257 0.72257644 -0.14725323
vn -0.79736453 0.19409032 -0.57143563
vn -0.7695424 0.41576487 -0.48471034
vn -0.52186745 -0.27694163 -0.8068195
vn -0.44097313 -0.17596422 -0.8801019
vn -0.10118526 -0.70229584 -0.70465744
vn 0.46036547 -0.47007173 -0.75305784
vn 0.4126108 -0.76898617 -0.48827514
vn 0.7176571 -0.4797672 -0.50476915
vn 0.5211228 -0.84170455 -0.14129603
vn 0.5392012 -0.64019513 -0.5471858
vn -0.027231313 -0.9996234 0.0034134518
vn -0.22671725 -0.75778586 0.6118496
vn -0.3283577 -0.9443062 -0.021612674
vn -0.556677 -0.36985603 0.74385303
vn -0.15851253 0.4219076 0.8926745
vn -0.21218763 0.31683972 0.92443985
vn -0.34147105 0.7100101 0.61585975
vn -0.35496625 0.07532917 0.93183935
vn -0.5856704 0.6877712 0.42890677
vn -0.6838832 0.45596194 0.5695634
vn -0.5289239 -0.6199946 -0.57952243
vn -0.110524036 -0.91275465 -0.39327297
vn -0.6422135 0.722043 0.25732422
vn -0.34955102 0.90574604 0.23966278
vn -0.51800007 0.8383681 0.1697496
vn -0.8309765 0.00040730173 0.55630744
vn -0.8641335 0.15465368 0.47891107
vn -0.7631158 0.1279017 0.63347876
vn -0.80904293 0.40944898 0.4216647
vn -0.7497529 0.33718872 0.5693632
vn -0.21716735 0.89443207 0.39093435
vn -0.72722864 0.60143065 0.33078668
vn -0.5287825 0.75988257 0.3781107
vn -0.94579583 0.26786467 0.18362679
vn -0.8934537 0.42473885 0.14607365
vn -0.86298954 -0.013937612 0.5050297
vn -0.9997683 0.0019740635 0.021438038
vn -0.08869554 0.77834845 0.6215359
vn -0.7642254 0.60213107 -0.23107949
vn 0.13340104 -0.86115533 -0.4905259
vn -0.40597504 -0.097590946 0.9086585
vn -0.78688926 0.031167056 0.6163067
vn -0.95555586 0.051745187 -0.2902334
vn -0.8133012 0.12946932 0.56725556
vn -0.91379416 0.13401127 -0.38343334
vn -0.85011023 0.063047685 0.52281684
vn -0.89257544 0.06453643 -0.44625577
vn -0.8230321 -0.34531912 -0.4509688
vn 0.04031847 -0.29501334 -0.9546421
vn 0.13439356 -0.99090886 -0.006165308
vn 0.8663898 -0.2149498 -0.4507387
vn 0.88511074 -0.21360974 0.41346082
vn 0.88316303 0.09469769 0.45940766
vn 0.06820289 -0.30069736 0.9512779
vn 0.0061023748 0.043538008 0.9990332
vn -0.8151102 -0.33207476 0.47468063
vn 0.980974 -0.18586132 -0.0560862
vn 0.6401401 -0.14971918 -0.7535282
vn 0.99976414 0.0019740635 0.021628594
vn 0.9556111 0.051745225 -0.2900515
vn 0.7867728 0.031167045 0.6164554
vn 0.913867 0.13401233 -0.38325945
vn 0.8131933 0.1294693 0.56741035
vn 0.8926608 0.06459205 -0.44607684
vn 0.8500102 0.06298257 0.5229875
vn 0.81501895 -0.33215234 0.4747831
vn -0.06838511 -0.30085233 0.9512158
vn -0.13439347 -0.9909076 -0.0063818363
vn -0.8851899 -0.21367712 0.41325644
vn -0.86630315 -0.21487656 -0.45094004
vn -0.84464824 0.096468315 -0.5265579
vn -0.040135574 -0.2948578 -0.9546979
vn 0.021697594 0.04538452 -0.99873394
vn 0.8231185 -0.34524563 -0.45086735
vn 0.06858851 0.03259847 -0.9971124
vn -0.7228059 0.0678671 -0.6877105
vn -0.8832506 0.09464038 0.45925114
vn -0.71368104 0.11419018 0.69110054
vn -0.006292618 0.043412533 0.99903744
vn 0.03504343 0.061199546 0.99751025
vn 0.114024736 0.88470864 0.45198333
vn 0.5310556 0.5282286 0.6625365
vn 0.56453663 0.70074624 0.43618026
vn 0.81128883 0.2425179 0.53197336
vn 0.62368894 0.65885854 0.4206158
vn 0.8089634 0.4094583 0.4218082
vn 0.72716594 0.6014304 0.33092493
vn 0.893426 0.42473802 0.1462449
vn 0.6982126 0.015966563 0.7157125
vn 0.74837655 0.100006856 0.6556914
vn 0.8640475 0.15466495 0.47906223
vn 0.94576097 0.26786348 0.18380785
vn 0.99608475 0.08644372 0.018511135
vn 0.97183245 -0.22522861 -0.069381304
vn 0.86396194 -0.385141 -0.32440126
vn 0.51598483 -0.58540285 -0.6253504
vn 0.5979054 -0.2360884 -0.7660101
vn 0.4574473 -0.88435656 0.09303459
vn 0.50066566 -0.80069077 0.3289808
vn -0.025895378 -0.9289607 0.36927152
vn -0.584754 -0.8067987 0.084491245
vn -0.0090468135 -0.43650123 -0.8996582
vn -0.32168323 -0.1993196 -0.9256304
vn -0.6525571 -0.67454726 -0.345189
vn -0.49426255 -0.8673423 0.058497738
vn -0.5296916 -0.55573636 -0.6407684
vn -0.4974191 -0.8444231 0.19880627
vn -0.5060113 -0.2605688 -0.8222266
vn 0.041570563 -0.8610087 -0.50688857
vn 0.50556964 -0.32569262 -0.7989516
vn 0.5594723 -0.6762354 0.47926664
vn -0.99608827 0.08644381 0.018321304
vn -0.9809633 -0.18586132 -0.056273155
vn -0.9718192 -0.22522864 -0.06956652
vn -0.8639006 -0.38514093 -0.32456475
vn -0.8639006 -0.38514093 -0.32456475
vn -0.7328606 -0.594451 -0.33097342
vn -0.54996973 -0.7722158 -0.31814483
vn -0.6399968 -0.1497192 -0.75364995
vn -0.06840044 0.03259746 -0.99712527
vn 0.72293466 0.06786711 -0.68757504
vn -0.021507408 0.04526008 -0.9987437
vn 0.8447487 0.09640382 -0.5264087
vn 0.7135517 0.1141892 0.6912344
vn -0.035230555 0.061199546 0.9975036
vn -0.000026669346 0.96046984 0.27838403
vn -0.127531 0.9623923 0.23986864
vn -0.000016432145 0.98517984 0.17152451
vn -0.13807538 0.9696387 0.20183195
vn 0.5287098 0.75988334 0.3782109
vn 0.33520028 0.8827011 0.32936242
vn 0.3058066 0.92307425 0.23327284
vn 0.12748607 0.9623924 0.23989211
vn 0.13803762 0.9696381 0.2018603
vn 0.83086985 0.0004073017 0.55646664
vn 0.86289316 -0.013936618 0.5051943
vn 0.4058039 -0.09758993 0.9087351
vn 0.86396194 -0.385141 -0.32440126
vn 0.65262276 -0.6745468 -0.34506568
vn 0.7329235 -0.5944506 -0.33083475
vn 0.5500305 -0.7722156 -0.31804037
vn -0.9875374 -0.11853133 0.10353943
vn 0.17605242 -0.65519655 -0.73465854
vn -0.30585042 0.9230746 0.23321433
vn 0.5704229 0.21661477 0.7922725
vn 0.57796997 -0.16440615 0.79932564
vn 0.82067853 -0.16197395 0.547952
vn 0.5752177 -0.8047409 -0.14668594
vn 0.77872103 -0.621935 -0.082403824
vn -0.123904124 -0.53701615 -0.8344228
vn 0.4597725 -0.8653227 0.1995643
vn 0.016970862 -0.6577491 -0.7530459
vn 0.0030154528 -0.68374705 -0.72971296
vn -0.016295467 -0.4703054 -0.88235325
vn 0.75688106 0.21342498 0.61772233
vn 0.93191767 -0.32874244 0.15315983
vn 0.612643 -0.20482293 0.7633585
vn 0.941372 -0.08066966 0.32758403
vn 0.6493512 0.007629845 0.7604505
vn 0.9356561 0.32146895 0.14562082
vn 0.615363 0.19617018 0.76344335
vn 0.80393386 0.5200704 0.288474
vn 0.4852445 0.42494696 0.7641713
vn 0.5864545 0.79090005 0.17478046
vn 0.3163813 0.5077029 0.8013369
vn 0.38288563 0.85162216 0.3579641
vn 0.15780099 0.50873524 0.8463377
vn 0.20951155 0.94088775 0.266149
vn -0.000082798804 0.5030059 0.864283
vn -0.00004149542 0.9013248 0.43314382
vn -0.15796314 0.50873524 0.8463074
vn -0.20956254 0.94088775 0.26610884
vn -0.31653485 0.5077029 0.8012762
vn -0.38295412 0.85162187 0.35789156
vn -0.48539037 0.42494634 0.7640791
vn -0.5864879 0.79089993 0.1746691
vn -0.61550826 0.19616918 0.76332647
vn -0.803989 0.5200699 0.28832132
vn -0.64949465 0.007628843 0.7603279
vn -0.9356837 0.32146886 0.14544354
vn -0.6127874 -0.20482399 0.76324224
vn -0.9414339 -0.08067067 0.32740575
vn -0.9319464 -0.32874325 0.1529832
vn -0.9630418 0.1641736 -0.21353605
vn -0.95234317 -0.28277096 -0.114382155
vn -0.9620199 0.10079815 -0.25368762
vn -0.91613173 -0.25083786 -0.3127029
vn -0.94935334 0.13885553 -0.28186435
vn -0.93713045 0.029252991 -0.34775117
vn -0.80294484 0.5361114 -0.26050755
vn -0.80240184 0.5094498 -0.31082505
vn -0.44277373 0.86537755 -0.23467642
vn -0.44207993 0.8471857 -0.29468957
vn 0.000021486849 0.9743414 -0.22507547
vn 0.000027667476 0.95706254 -0.28988147
vn 0.44282037 0.8653764 -0.23459283
vn 0.44213897 0.84718424 -0.29460502
vn 0.8029954 0.53610927 -0.2603562
vn 0.80246353 0.50944597 -0.31067201
vn 0.94940686 0.1388555 -0.28168404
vn 0.93719685 0.029251993 -0.34757227
vn 0.91619146 -0.25083786 -0.31252795
vn 0.7825708 -0.4750034 -0.40243596
vn 0.50541145 -0.758486 -0.4114103
vn 0.40199038 -0.83277273 -0.3806487
vn 0.000039038387 -0.91255623 -0.40895137
vn 0.000031071504 -0.94184023 -0.33606097
vn -0.50533175 -0.7584868 -0.41150668
vn -0.40191457 -0.83277345 -0.3807273
vn -0.7824914 -0.47500667 -0.40258655
vn -0.43085402 -0.83811325 -0.33456108
vn -0.7935788 -0.49079558 -0.35965607
vn -0.9336552 0.013371577 -0.3579234
vn -0.7943938 0.49884468 -0.34654358
vn -0.43785748 0.83638585 -0.3297568
vn 0.000030637915 0.947066 -0.3210391
vn 0.4379244 0.8363838 -0.32967323
vn 0.7944629 0.49884063 -0.3463909
vn 0.93372405 0.01337057 -0.357744
vn 0.7936492 -0.49079347 -0.35950357
vn 0.43091884 -0.8381132 -0.33447778
vn 0.00002769316 -0.94686955 -0.32161805
vn -0.32719922 -0.92182225 -0.20780912
vn 0.000030121244 -0.9492853 -0.31441617
vn 0.0000361154 -0.9262192 -0.37698534
vn 0.32538304 -0.8992471 -0.2923707
vn 0.7320035 -0.6644155 -0.15074125
vn 0.95236486 -0.2827709 -0.11420066
vn 0.9620687 0.10079818 -0.253503
vn 0.96308243 0.16417356 -0.21335247
vn 0.82767063 0.53623766 -0.1655612
vn 0.73024356 0.6452605 -0.2244619
vn 0.44461265 0.8931165 -0.068284616
vn 0.38218507 0.9126355 -0.14502089
vn 0.0000028619268 0.9995507 -0.02997523
vn 0.000009425274 0.9951485 -0.09838432
vn -0.4445996 0.8931165 -0.068369515
vn -0.3821573 0.9126355 -0.14509411
vn -0.8276389 0.5362376 -0.16572022
vn -0.7302007 0.6452607 -0.22460087
vn 0.83761317 -0.5429502 0.06007725
vn 0.60901505 -0.79288805 0.020718303
vn 0.32723904 -0.92182225 -0.20774642
vn -0.8376246 -0.5429502 0.059917767
vn -0.609019 -0.79288805 0.020601615
vn -0.73197466 -0.6644155 -0.1508815
vn -0.3253279 -0.89924675 -0.29243296
vn 0.9291053 0.0000050000285 -0.36981535
vn 0.7859512 -0.50123477 -0.36200082
vn 0.4338413 -0.8310892 -0.3479547
vn 0.00003060387 -0.93982434 -0.34165812
vn -0.4337747 -0.8310898 -0.34803632
vn -0.7858809 -0.5012357 -0.3621518
vn -0.92903435 0.000002000028 -0.36999354
vn -0.7858803 0.50123596 -0.362153
vn -0.4337717 0.8310898 -0.3480403
vn 0.000032604163 0.9398233 -0.34166113
vn 0.43384442 0.8310864 -0.3479578
vn 0.78595227 0.5012328 -0.36200088
vn -0.8983854 -0.0000009999665 -0.43920788
vn -0.7634 0.4838299 -0.42793578
vn -0.4248984 0.80860037 -0.40697277
vn 0.000037903876 0.9177334 -0.39719716
vn 0.42497984 0.808599 -0.40689045
vn 0.76348394 0.48382905 -0.42778718
vn 0.8984698 0.0000020000336 -0.4390352
vn 0.7634817 -0.48383087 -0.42778903
vn 0.424983 -0.8085973 -0.4068906
vn 0.000037904036 -0.9177326 -0.39719883
vn -0.42490596 -0.8085967 -0.40697235
vn -0.7634 -0.48383087 -0.42793477
vn 0.00009480056 0.0000010009823 -1
vn -0.4643461 -0.5400262 0.7019646
vn -0.70633936 -0.28443044 0.6482162
vn -0.7049878 -0.7082448 0.03716761
vn -0.9511647 -0.3008687 0.069020726
vn -0.76901895 -0.30298638 -0.5628581
vn -0.034762006 -0.70335174 -0.7099916
vn -0.24902873 -0.85053986 -0.46321356
vn -0.41397703 -0.6042321 -0.680828
vn -0.25577235 -0.9657367 0.04396997
vn 0.655884 -0.07525864 0.7511007
vn 0.11113106 -0.16021404 0.9808065
vn 0.50232553 -0.065948606 0.86216
vn 0.20634857 -0.35519418 0.9117332
vn 0.7394266 -0.1260902 -0.6613242
vn -0.14800932 -0.2852513 -0.9469557
vn 0.017491449 -0.26361302 -0.96446997
vn -0.08094936 -0.3942484 -0.91543186
vn 0.99191886 -0.04719491 0.11776989
vn 0.787228 -0.052638143 0.6144115
vn 0.9965095 -0.025796954 -0.07939339
vn 0.9977127 0.053245958 0.041645877
vn 0.79668504 0.021261983 -0.6040205
vn 0.70290625 0.06970456 -0.7078589
vn 0.0033166832 -0.05917341 -0.9982422
vn 0.0009748063 0.027792314 -0.9996132
vn -0.74628896 0.009574044 -0.66555333
vn -0.0040745335 0.08351374 -0.99649835
vn -0.67970335 0.07831745 -0.729294
vn -0.0009903486 -0.1007971 0.99490654
vn -0.7875436 -0.1443966 0.59910333
vn -0.6494821 -0.09825761 0.75400174
vn -0.9934337 -0.0087243775 0.11407589
vn -0.74224305 -0.11388072 0.6603837
vn -0.99835205 0.031598642 -0.047902197
vn -0.7860654 0.10968226 0.6083347
vn -0.9655138 0.26035172 0.0003783491
vn 0.9987085 -0.0049609463 -0.050564647
vn 0.74283487 -0.1445132 0.65369135
vn 0.6526618 -0.054308705 0.7557005
vn -0.010055734 -0.20761152 0.97815967
vn -0.01635325 -0.10896029 0.99391156
vn -0.991744 -0.07055405 -0.10708003
vn -0.7454667 -0.0890402 -0.6605689
vn 0.67810905 0.075985 -0.7310229
vn 0.7712934 0.23255114 -0.5924748
vn 0.9685147 0.24895567 -0.0005534649
vn -0.0027046315 -0.059100036 0.99824846
vn -0.7626576 0.2507428 -0.5962227
vn 0.7925314 0.091073506 0.60299236
vn -0.6560287 -0.075256646 0.75097454
vn -0.50249076 -0.065948606 0.8620637
vn -0.11131893 -0.16021279 0.98078537
vn -0.20652223 -0.35519427 0.9116939
vn 0.4642117 -0.54002625 0.70205367
vn -0.12826362 -0.72709566 0.67444813
vn 0.7049808 -0.7082449 0.037302665
vn 0.2557639 -0.9657367 0.044018954
vn 0.24911745 -0.85053986 -0.46316585
vn -0.0000029730988 -0.99951833 0.031034255
vn 0.00004330629 -0.8919945 -0.45204633
vn -0.43369582 -0.5443399 0.71805435
vn -0.000079535654 -0.55743426 0.8302212
vn -0.000055696724 -0.81363076 0.58138204
vn 0.43355832 -0.5443399 0.7181374
vn 0.12813433 -0.72709525 0.6744733
vn 0.000062414045 -0.7584219 -0.65176404
vn 0.03489798 -0.70335174 -0.7099849
vn 0.4141072 -0.6042327 -0.6807482
vn -0.7392996 -0.12609245 -0.6614657
vn -0.01730654 -0.26361403 -0.96447307
vn 0.14819072 -0.2852513 -0.9469273
vn 0.08112466 -0.3942492 -0.91541594
vn 0.7691266 -0.30298722 -0.5627104
vn 0.95115143 -0.3008684 0.06920409
vn 0.7062153 -0.28442925 0.6483517
vn 0.7455933 -0.089041986 -0.6604259
vn 0.74602807 -0.0027126942 -0.665909
vn 0.9917645 -0.07055364 -0.10688991
vn 0.99390244 -0.01580042 0.10912568
vn 0.78742886 -0.14439514 0.59925437
vn 0.64933753 -0.09825621 0.75412625
vn 0.00079968246 -0.100794904 0.99490696
vn 0.016162781 -0.10895816 0.99391496
vn -0.65280664 -0.054307867 0.7555754
vn 0.009867323 -0.20761147 0.97816163
vn -0.7429606 -0.14451338 0.6535485
vn 0.0025143686 -0.059100043 0.99824893
vn -0.79264647 0.09107241 0.60284114
vn -0.0031263074 -0.059175596 -0.9982427
vn 0.00075080135 0.025247132 -0.999681
vn 0.004809397 0.09183861 -0.9957623
vn -0.679437 0.07958501 -0.7294049
vn -0.78734577 -0.05263635 0.61426055
vn -0.998006 0.049773823 0.038816273
vn -0.99649435 -0.025797412 -0.079584405
vn -0.7965694 0.021259522 -0.6041733
vn -0.9998961 -0.014207169 -0.002451943
vn -0.6861469 0.07306275 -0.7237846
vn -0.9919415 -0.047194153 0.117578775
vn 0.7421165 -0.11388036 0.660526
vn 0.7859488 0.10968226 0.6084853
vn 0.99949336 0.031827338 0.0003652817
vn 0.96551317 0.26035377 0.0005644464
vn 0.6814603 0.08626262 -0.72675353
vn 0.7627715 0.25074494 -0.5960761
vn -0.7711796 0.2325533 -0.5926221
vn -0.9685143 0.24895684 -0.0007389817
vn 0.0009030085 0.2396518 -0.9708585
vn 0.00009580056 0.000045370336 -1
vn -0.66014373 0.15761729 -0.7344162
vn -0.7289995 0.00003088266 -0.68451416
vn -0.98859155 0.1465626 -0.034730036
vn -0.99999744 -0.0014271855 -0.0017719325
vn -0.75110364 0.19833595 0.6296874
vn -0.7295636 -0.010561112 0.68383145
vn 0.00019342761 0.26180977 0.9651195
vn -0.000095826435 -0.018436803 0.99983007
vn 0.7508579 0.191617 0.6320564
vn 0.72943246 -0.010560695 0.68397135
vn 0.9899699 0.13743575 -0.03272609
vn 0.9999978 -0.0014266132 -0.001580237
vn 0.6614244 0.1521873 -0.7344091
vn 0.72913074 0.000031884767 -0.6843745
vn -0.7301984 0.07745301 -0.6788309
vn -0.9970619 0.07482059 -0.016417362
vn -0.75554675 0.030291969 0.654394
vn 0.0007841421 -0.008086781 0.999967
vn 0.75400215 0.01669905 0.65665966
vn 0.99861264 0.051649965 -0.0102523845
vn 0.734014 0.06499072 -0.6760176
vn 0.65618616 0.18216811 -0.7322804
vn 0.970273 0.24201034 -0.0011084654
vn 0.96551317 0.26035377 0.0005644464
vn 0.7859488 0.10968226 0.6084853
vn 0.7627715 0.25074494 -0.5960761
vn 0.00009354334 0.21579666 -0.9764384
vn -0.652848 0.19901703 -0.73087734
vn -0.98746 -0.15351158 0.036839724
vn -0.6554507 -0.3614462 0.6631298
vn 0.0008395263 -0.54247886 0.84006906
vn 0.7091063 0.23324844 0.6654047
vn 0.0025143686 -0.059100043 0.99824893
vn 0.002026286 0.22758676 -0.9737557
vn -0.7711796 0.2325533 -0.5926221
vn -0.95916474 0.28284523 -0.0012999777
vn -0.9685143 0.24895684 -0.0007389817
vn -0.70484126 0.25449023 0.6621432
vn -0.79264647 0.09107241 0.60284114
vn -0.000093365044 0.22405152 0.9745773
vn 0.002026286 0.22758676 -0.9737557
vn 0.6513514 -0.37237564 0.6611187
vn 0.9825716 -0.18034428 0.04504486
vn 0.000000009169799 -1 -0.0000957176
vn 0.000000009169799 -1 -0.0000957176
vn 0.000000009169799 -1 -0.0000957176
vn 0.000000009169799 -1 -0.0000957176
vn 0.000000009169799 -1 -0.0000957176
vn 0.000000009169799 -1 -0.0000957176
vn 0.000000009169799 -1 -0.0000957176
vn -0.000000008359605 -1 -0.00009550416
vn -0.000000008359605 -1 -0.00009550416
vn -0.00000003455211 -1 -0.000095373274
vn -0.00000003455211 -1 -0.000095373274
vn -0.000000050267612 -1 -0.00009529473
vn -0.000000050267612 -1 -0.00009529473
vn 0.000000009169799 -1 -0.0000957176
vn 0.89749426 0.42974636 0.09910708
vn 0.86089313 0.49190927 0.12995549
vn 0.68421876 0.6220782 0.38060936
vn 0.60915416 0.6995203 0.3736343
vn -0.00006180392 0.7652126 0.64377767
vn -0.00013972778 0.84169537 0.53995264
vn -0.66520894 0.64422274 0.37745753
vn -0.59755075 0.706004 0.3801204
vn -0.8718999 0.47962272 0.09875541
vn -0.8423976 0.5173936 0.15056683
vn -0.71423423 -0.24087614 -0.65715164
vn 0.00086358027 0.06781451 -0.9976976
vn -0.00007596589 -0.34170493 -0.93980736
vn 0.716992 -0.25220668 -0.64985716
vn -0.7740086 0.38917223 0.4994556
vn -0.8180985 0.49188647 0.29793048
vn -0.7136845 0.55790555 0.42355162
vn -0.65075076 0.6789826 0.33986175
vn -0.4141005 0.7127834 0.5660925
vn -0.3637165 0.8302816 0.42230666
vn -0.00023975136 0.77321553 0.6341433
vn -0.00019953455 0.90607655 0.4231137
vn 0.4143118 0.7127342 0.5659998
vn 0.3640756 0.8301666 0.42222333
vn 0.8227568 0.49210992 0.28442797
vn 0.6551896 0.6796546 0.3298429
vn 0.71395314 0.55768543 0.42338857
vn 0.7742138 0.38917723 0.49913326
vn 0.47221074 0.52348816 0.7092089
vn -0.00027786495 0.5825682 0.8127818
vn -0.47209623 0.5233016 0.70942277
vn 0.87188125 0.4796223 0.09892239
vn 0.842369 0.51739275 0.1507293
vn 0.66513693 0.64422214 0.3775853
vn 0.59747833 0.70600325 0.3802357
vn -0.00006164827 0.7652126 0.64377767
vn 0.000036272173 0.84169465 0.5399538
vn -0.68429244 0.62207687 0.380479
vn -0.60922575 0.6995203 0.37351757
vn -0.89751357 0.42974553 0.098936155
vn -0.86091834 0.49190846 0.12979057
vn -0.7743087 0.3891812 0.49898297
vn -0.8228108 0.49210957 0.28427207
vn -0.71403366 0.55768454 0.42325395
vn -0.6552536 0.6796524 0.32972026
vn -0.4144213 0.71273285 0.5659214
vn -0.36415836 0.8301643 0.42215642
vn 0.00011824864 0.77321506 0.6341439
vn 0.00011846531 0.90607566 0.4231158
vn 0.4139926 0.7127839 0.5661707
vn 0.36363655 0.8302806 0.42237732
vn 0.000000009169799 -1 -0.0000957176
vn 0.00000010513362 -1 -0.000095556956
vn 0.00000010513362 -1 -0.000095556956
vn 0.00000006586748 -1 -0.00009559624
vn 0.00000006586748 -1 -0.00009559624
vn 0.0000000004238938 -1 -0.00009566169
vn 0.0000000004238938 -1 -0.00009566169
vn 0.000000009169799 -1 -0.0000957176
vn 0.000000009169799 -1 -0.0000957176
vn 0.81803966 0.49188864 0.29808852
vn 0.6506865 0.6789815 0.33998734
vn 0.7136022 0.55790746 0.42368764
vn 0.773912 0.38917822 0.49960032
vn 0.47196114 0.52330446 0.7095105
vn 0.0001221352 0.58256936 0.812781
vn -0.4723462 0.52349037 0.709117
vn 0.997065 0.07482059 -0.016226325
vn 0.9874532 -0.15350948 0.037028898
vn 0.7554212 0.030293066 0.6545388
vn 0.6553232 -0.36144704 0.66325516
vn -0.00097585295 -0.008086761 0.9999668
vn -0.0010005727 -0.54248196 0.8400669
vn -0.6514766 -0.37237895 0.6609933
vn -0.98258007 -0.18034525 0.044856593
vn -0.99861073 0.05164897 -0.01044272
vn -0.7541281 0.01669898 0.6565152
vn 0.00009354334 0.21579666 -0.9764384
vn 0.00009580056 0.000045370336 -1
vn 0.6529878 0.199015 -0.73075306
vn 0.72913074 0.000031884767 -0.6843745
vn 0.959165 0.28284523 -0.0011162007
vn 0.9999978 -0.0014268575 -0.0015802357
vn 0.70471466 0.2544914 0.6622775
vn 0.72943246 -0.010560828 0.68397135
vn -0.000093365044 0.22405152 0.9745773
vn -0.0000958321 -0.018436735 0.99983007
vn -0.7092339 0.23324847 0.6652689
vn -0.7295636 -0.01056089 0.68383145
vn -0.97027314 0.24200948 -0.0012954228
vn -0.99999744 -0.0014269414 -0.0017719336
vn -0.65604615 0.18216519 -0.7324066
vn -0.7289995 0.00003088266 -0.68451416
vn -0.66128385 0.15218632 -0.73453593
vn -0.0007169911 0.23965086 -0.9708589
vn -0.7338844 0.06499072 -0.67615825
vn -0.0006724202 0.06781451 -0.9976977
vn -0.0018397144 0.22758389 -0.9737568
vn 0.7712934 0.23255114 -0.5924748
vn 0.9685147 0.24895567 -0.0005534649
vn 0.7925314 0.091073506 0.60299236
vn -0.0027046315 -0.059100036 0.99824846
vn -0.7860654 0.10968226 0.6083347
vn -0.9655138 0.26035172 0.0003783491
vn -0.7626576 0.2507428 -0.5962227
vn -0.9899638 0.13743468 -0.032915898
vn -0.75097907 0.19161811 0.63191223
vn -0.00037851054 0.2618119 0.9651189
vn 0.75098294 0.19833618 0.62983143
vn 0.9885982 0.1465627 -0.034539506
vn 0.73032844 0.07745301 -0.67869097
vn 0.6602846 0.15761533 -0.7342899
vn 0.71436 -0.2408741 -0.6570156
vn 0.00025603408 -0.34170404 -0.9398076
vn -0.7168679 -0.25220686 -0.64999396
vn 0.000000009169799 -1 -0.0000957176
vn 0.000000009169799 -1 -0.0000957176
vn 0.000000009169799 -1 -0.0000957176
vn 0.000000009169799 -1 -0.0000957176
vn 0.000000009169799 -1 -0.0000957176
vn -0.0018397144 0.22758389 -0.9737568
vn 0.63997096 0.523784 -0.5622166
vn 0.6754653 0.018256161 -0.7371658
vn 0.88441914 0.45174742 0.1171626
vn 0.8781865 -0.47203377 0.07728171
vn 0.5413947 -0.03658231 0.8399723
vn -0.004232046 -0.875518 0.48316693
vn 0.07781343 -0.13152197 0.9882546
vn -0.37359375 -0.8076785 0.4561613
vn 0.035626035 -0.09872661 0.9944767
vn -0.28684136 -0.8548494 0.4323825
vn 0.098864354 -0.7634625 0.63824046
vn 0.19134766 -0.97819364 -0.08076709
vn 0.75523263 -0.14997165 0.6380691
vn 0.66807455 -0.7434851 -0.030105269
vn 0.876635 -0.19734904 -0.4388218
vn 0.61402684 -0.77991885 -0.12123451
vn 0.50500965 -0.68303555 -0.52766246
vn -0.0030461834 -0.9739014 0.22695147
vn 0.06306224 -0.9895158 -0.12993014
vn -0.24210896 -0.7616013 0.60112125
vn -0.11683252 -0.991991 0.04800078
vn -0.27218074 -0.72878706 0.62832093
vn 0.16996257 -0.9243803 0.34151703
vn 0.3728513 -0.30281493 0.87708896
vn 0.846161 -0.53278273 -0.012418179
vn 0.8623207 0.37260535 0.3428824
vn 0.80237806 0.17180423 -0.57155305
vn 0.59749544 0.7954127 0.101576425
vn 0.6844312 0.29581064 -0.66637075
vn 0.46264687 0.85263014 0.24285762
vn 0.1400693 0.5915933 0.79397607
vn -0.019823292 0.35086268 0.93621707
vn -0.2652992 0.055441085 0.96257085
vn -0.33792844 0.05936645 0.9392976
vn -0.42994958 -0.50121135 0.7509531
vn -0.36024526 -0.5492041 0.7540545
vn -0.046921324 -0.9341052 0.353901
vn 0.49418703 -0.8693551 -0.00094824366
vn 0.77789575 -0.6283744 0.0048935423
vn 0.44017175 -0.8838839 -0.15810843
vn 0.31152546 -0.8402511 -0.44376794
vn -0.033103205 -0.88564736 -0.46317723
vn -0.15338658 -0.5161776 -0.84263474
vn -0.2589953 -0.8364967 -0.48290247
vn -0.2589829 -0.48296642 -0.83646363
vn -0.5003647 -0.74986094 -0.4328323
vn -0.50037086 -0.43296182 -0.749782
vn -0.7385869 -0.5887262 -0.32846746
vn -0.73861593 -0.32865736 -0.5885838
vn -0.8721581 -0.34603664 -0.34583062
vn -0.8663388 -0.000049439474 -0.49945682
vn -0.9638776 -0.18845162 -0.18821806
vn -0.9661998 -0.00005981399 -0.25779438
vn -1 -0.00006496224 0.0001827245
vn -0.96390045 0.18833324 -0.18821907
vn -0.96617484 0.25788814 0.00017425002
vn -0.8663165 0.49949554 0.0001506591
vn -0.87212425 0.3458684 0.34608436
vn -0.73863405 0.58854705 0.32868242
vn -0.7386035 0.32848176 0.5886975
vn -0.5004936 0.43280482 0.7497908
vn -0.50046974 -0.00003596525 0.86575407
vn -0.25919005 -0.000021527148 0.9658264
vn -0.25914818 -0.4829156 0.83644176
vn 0.4308654 -0.9023767 0.008447246
vn 0.21162148 -0.9773474 0.0029337683
vn 0.14254108 -0.989631 0.017682364
vn -0.120499745 -0.8237735 0.55396485
vn -0.15000492 -0.8347384 -0.52982104
vn -0.2784308 -0.8097618 -0.5164902
vn 0.15012144 -0.16267349 -0.97519284
vn 0.1410522 -0.7980702 -0.58582276
vn 0.6375052 -0.076195285 -0.76666915
vn 0.83602947 -0.54790163 -0.029301856
vn 0.9251101 0.37602526 -0.052690845
vn 0.6954934 -0.034457486 0.71770585
vn 0.6214134 0.5208455 0.5852908
vn 0.18529455 -0.12390311 0.9748405
vn 0.49245185 0.6175528 0.613286
vn 0.25855237 -0.05716043 0.9643047
vn 0.46393445 0.8857154 -0.016519235
vn 0.97128785 -0.23748885 -0.014111663
vn 0.18430655 -0.1183323 -0.9757196
vn -0.076800056 -0.85010004 -0.52099115
vn -0.056360897 -0.8742964 0.48210907
vn -0.44873688 -0.7477005 -0.48946828
vn -0.4118411 -0.77738315 0.47546017
vn -0.040247753 -0.79959446 0.5991902
vn 0.0772155 -0.22147009 0.9721054
vn 0.6069963 -0.06495116 0.792046
vn 0.6123556 0.45031226 0.64979964
vn 0.9135336 0.4067633 -0.00035802185
vn 0.70785487 0.70607704 0.019918222
vn 0.59133685 0.48098478 -0.6472823
vn 0.40977165 0.62331486 -0.66600734
vn 0.51189774 -0.7315123 -0.45038936
vn -0.13706218 -0.8098811 -0.5703565
vn -0.33466116 -0.68970925 0.64210826
vn -0.48847654 -0.8402795 -0.2352046
vn -0.30733317 -0.7185517 0.6238829
vn 0.075008236 -0.7975815 0.5985297
vn 0.21107917 -0.18042439 0.96067303
vn 0.69568515 -0.20835854 0.68746567
vn 0.7304828 0.41373384 0.54334086
vn 0.9605147 0.2175865 -0.17340033
vn 0.72577435 0.6353072 -0.26388693
vn 0.49127907 0.3963862 -0.77557904
vn 0.1927114 0.5203911 -0.8318987
vn -0.005423597 -0.21122128 -0.9774232
vn -0.023881044 -0.008379577 -0.9996797
vn -0.03192056 -0.12356011 -0.99182355
vn 0.24263494 -0.5290882 -0.8131384
vn -0.2116371 -0.012836581 -0.97726405
vn -0.2589983 -0.000008617347 -0.9658778
vn -0.50039357 -0.000025052226 -0.86579806
vn -0.70754373 -0.000038293572 -0.7066695
vn -0.73865545 0.32857257 -0.5885815
vn -0.8721992 0.345933 -0.3458307
vn -0.73866093 0.58863443 -0.3284654
vn -0.70756745 0.70664597 0.00012428618
vn -0.5005024 0.74970174 0.43294895
vn -0.25920874 0.48287335 0.8364474
vn -0.16686216 0.17674616 -0.97000915
vn -0.24637647 0.45821732 -0.8540114
vn -0.097625665 0.71196693 -0.6953937
vn -0.17140621 0.877937 -0.4470421
vn 0.065797046 0.96359116 -0.2591579
vn 0.12525599 0.99211574 -0.004172406
vn 0.31596738 0.9422274 -0.111230865
vn 0.52180755 0.8506831 -0.063680045
vn -0.25903282 -0.9658686 0.00004387042
vn -0.50037605 -0.8658082 0.00008588058
vn -0.50040066 -0.74977005 0.4329481
vn -0.7385555 -0.5886452 0.32868332
vn -0.73856026 -0.3285811 0.5886963
vn -0.87208027 -0.34598058 0.34608305
vn -0.86623186 -0.000056379635 0.4996423
vn -0.96611667 -0.00006378131 0.25810567
vn -0.9638412 0.18830739 0.18854858
vn 0.6556794 0.73292893 0.18138337
vn 0.507406 0.48363766 0.7131858
vn 0.47190717 0.83694607 0.2771732
vn 0.31333926 0.56786126 0.76115197
vn 0.1418265 0.57990026 0.8022474
vn 0.0907595 -0.053883154 0.9944141
vn 0.14343931 0.098552205 0.98473984
vn -0.7074996 -0.000047215784 0.7067137
vn -0.5004355 -0.43287688 0.7497879
vn -0.2590896 -0.83643943 0.4829511
vn 0.033477522 -0.99940974 0.007708889
vn 0.4663177 0.88315284 0.05088158
vn 0.39265254 0.59109503 0.7045784
vn 0.41667265 0.88602054 0.2033507
vn 0.20623095 -0.13895878 0.9685863
vn 0.9782295 -0.1962223 -0.067556016
vn 0.22530332 -0.009083642 -0.9742463
vn -0.15799788 -0.72481006 -0.6705872
vn 0.19070692 -0.031080846 -0.9811549
vn -0.28884 -0.7039317 -0.6488851
vn 0.11374951 -0.83384186 -0.5401563
vn 0.24507007 0.8945669 0.37375236
vn 0.5222329 0.66252345 -0.5369689
vn 0.28828877 0.9520551 0.102376126
vn 0.09458564 0.95289207 0.2881845
vn -0.10707419 0.99425113 0.00023278013
vn -0.11648303 0.87375027 0.47222045
vn -0.25915638 0.96583545 0.000043776814
vn -0.2591975 0.83640426 0.482954
vn -0.50049067 0.86574197 0.00008585672
vn -0.0294841 0.7069999 0.7065989
vn 0.22942884 -0.0076182717 0.9732957
vn 0.6306988 0.5904515 0.5035734
vn 0.38053015 0.85259515 -0.35815957
vn -0.07173791 -0.060615506 0.99558
vn 0.279062 0.6637088 0.69398487
vn -0.7074761 -0.7067374 0.00012433883
vn -0.86625487 -0.49960247 0.0001517376
vn -0.9638169 -0.18843162 0.18854855
vn 0.8443689 -0.53564304 -0.011310125
vn 0.5699514 -0.036231596 -0.8208793
vn 0.007985372 -0.19028641 -0.9816962
vn -0.07575086 -0.8349969 -0.5450156
vn 0.5005209 -0.16316605 -0.8502093
vn 0.686009 -0.72338706 -0.07812217
vn 0.17426616 -0.08547588 -0.98098177
vn 0.58347714 0.48898712 -0.6484181
vn 0.41087648 0.58223915 -0.70155406
vn 0.68322194 0.72825706 -0.053380992
vn -0.25904274 0.4829424 -0.836459
vn -0.2591012 0.83646554 -0.48289958
vn -0.50042564 0.43290612 -0.7497777
vn -0.5004616 0.74979794 -0.43282935
vn -0.18608202 0.4953722 0.8485164
vn 0.46529946 0.85371995 -0.23379235
vn 0.98816794 -0.14829472 0.039149623
vn 0.33918333 -0.585543 -0.73627037
vn 0.43941644 -0.692051 -0.5726942
vn -0.09005859 -0.784651 -0.6133616
vn 0.060008388 0.65329844 0.75471854
vn -0.96614283 -0.25800776 0.00017529016
vn 0.17462873 -0.7767147 0.6051604
vn -0.27919406 -0.790744 0.5447703
vn -0.63995945 0.5239074 -0.5621147
vn -0.88439107 0.45174387 0.11738845
vn -0.6754812 0.018308489 -0.73714995
vn -0.87819153 -0.47200686 0.07739017
vn -0.113691375 -0.8338028 -0.5402288
vn 0.0041186307 -0.8755623 0.4830876
vn 0.37350473 -0.8077789 0.45605657
vn -0.54142725 -0.03662078 0.8399497
vn -0.07799823 -0.13159539 0.98823017
vn -0.5074398 0.48353 0.71323466
vn -0.03582197 -0.09880192 0.9944622
vn -0.3134395 0.56776 0.7611862
vn -0.09096732 -0.053930867 0.99439245
vn -0.14196746 0.57982594 0.8022762
vn -0.14363301 0.098523855 0.9847145
vn 0.029355476 0.7069593 0.7066447
vn 0.019661227 0.35082635 0.9362342
vn 0.18592668 0.49535987 0.84855765
vn 0.33779445 0.05932908 0.9393482
vn 0.25902283 -0.00006420395 0.9658713
vn 0.25899565 -0.4830136 0.8364324
vn 0.50037104 -0.4330007 0.7497595
vn 0.5003547 -0.7498881 0.43279666
vn 0.738568 -0.58875036 0.32846674
vn 0.7074586 -0.70675486 -0.00013270778
vn 0.86624104 -0.49962646 -0.00012760841
vn 0.73854375 -0.5886603 -0.3286825
vn 0.8720856 -0.34599882 -0.3460514
vn 0.73856455 -0.32858628 -0.58868796
vn 0.8662606 -0.000055584856 -0.4995924
vn 0.70751894 -0.000032208016 -0.70669436
vn 0.7386397 0.3285097 -0.5886364
vn 0.5004676 -0.0000060014586 -0.86575526
vn 0.5005121 0.43285286 -0.7497506
vn 0.25916755 0.000020698297 -0.96583235
vn 0.25920936 0.4829295 -0.83641475
vn 0.21182428 -0.012806865 -0.9772238
vn 0.24655014 0.45820808 -0.85396636
vn 0.16705462 0.1767576 -0.96997404
vn 0.09778225 0.7119935 -0.6953444
vn 0.024078181 -0.00831851 -0.9996755
vn -0.19254713 0.52048427 -0.8318785
vn -0.4912154 0.39650926 -0.7755565
vn -0.38046333 0.85268736 -0.35801128
vn -0.72576666 0.6353987 -0.26368782
vn -0.7304397 0.41366723 0.54344946
vn -0.96053904 0.21764162 -0.17319612
vn -0.69567645 -0.2083281 0.68748355
vn -0.686033 -0.7233707 -0.07806252
vn -0.07514449 -0.79761475 0.59846807
vn 0.075832196 -0.83494776 -0.54507965
vn 0.30722156 -0.71866864 0.623803
vn 0.4884826 -0.8402382 -0.23533934
vn 0.33456776 -0.68984413 0.6420121
vn 0.13715498 -0.80982876 -0.5704086
vn -0.14257318 -0.98962796 0.017594896
vn -0.5118666 -0.731546 -0.45037007
vn -0.4308901 -0.90236455 0.008484157
vn -0.7779134 -0.62835133 0.0050546248
vn -0.6680954 -0.743471 -0.029988771
vn -0.6140519 -0.77991086 -0.12115847
vn -0.87669927 -0.19733475 -0.43869987
vn -0.50499225 -0.6830502 -0.5276602
vn -0.684443 0.29590064 -0.6663188
vn -0.33910218 -0.5855255 -0.73632175
vn -0.80243874 0.17186022 -0.57145095
vn -0.439384 -0.6920589 -0.57270956
vn -0.846183 -0.5327493 -0.01235145
vn -0.17005274 -0.9243823 0.3414666
vn -0.37295663 -0.30282477 0.87704074
vn 0.071568735 -0.06070888 0.99558645
vn -0.8622928 0.37255824 0.34300366
vn -0.2791391 0.6636125 0.69404596
vn -0.59749013 0.7953907 0.10178033
vn -0.060137678 0.6532273 0.75476986
vn -0.46267176 0.8525743 0.24300615
vn -0.14019586 0.5915069 0.7940181
vn -0.75523746 -0.14996184 0.63806576
vn -0.06571858 0.96362495 -0.2590523
vn -0.46524104 0.8537886 -0.23365742
vn -0.3159241 0.94226176 -0.11106248
vn -0.41077927 0.58236754 -0.7015045
vn -0.5217794 0.85071564 -0.06347692
vn -0.58344764 0.48912036 -0.64834416
vn -0.683204 0.72829074 -0.053150844
vn -0.92510974 0.3760578 -0.052463718
vn -0.621402 0.52074903 0.58538884
vn -0.6954741 -0.03446693 0.7177241
vn -0.18546197 -0.123958275 0.9748016
vn -0.17475039 -0.77672786 0.6051084
vn 0.27908012 -0.79084355 0.5446842
vn -0.14096959 -0.7980493 -0.5858713
vn 0.27849633 -0.8096835 -0.51657766
vn -0.14995465 -0.16261186 -0.97522867
vn -0.17409301 -0.08541709 -0.98101765
vn -0.9881728 -0.14829908 0.03901087
vn -0.22959346 -0.0076661194 0.97325647
vn -0.63069737 0.5903846 0.5036536
vn -0.21124905 -0.18045963 0.9606291
vn -0.65566003 0.732893 0.18159823
vn -0.47191077 0.83688635 0.27734748
vn -0.24510914 0.89450353 0.3738784
vn -0.5221778 0.66262966 -0.53689134
vn -0.41668642 0.88598484 0.20347801
vn -0.97823495 -0.19615777 -0.067665264
vn -0.39272472 0.5909947 0.70462227
vn -0.20639911 -0.13900185 0.9685443
vn -0.6123502 0.45021704 0.6498707
vn -0.07739638 -0.22153789 0.9720755
vn -0.60700655 -0.06496917 0.7920367
vn 0.040117875 -0.79964834 0.599127
vn -0.84438425 -0.5356206 -0.011218788
vn 0.09014176 -0.78459454 -0.6134216
vn -0.5699377 -0.036171183 -0.8208915
vn -0.007815996 -0.19020627 -0.9817131
vn -0.5913114 0.48112017 -0.647205
vn -0.40967605 0.6234381 -0.6659507
vn -0.46629912 0.88315165 0.051071025
vn -0.28828025 0.95204026 0.10253755
vn 0.12038539 -0.8238486 0.553878
vn -0.25870368 -0.05720859 0.96426123
vn -0.9712886 -0.23747964 -0.014210269
vn -0.49248496 0.61745423 0.6133586
vn -0.46390247 0.8857349 -0.016373856
vn -0.12522823 0.9921197 -0.0040437225
vn 0.10710342 0.9942478 0.00029767115
vn 0.17152177 0.8779385 -0.44699463
vn 0.2591835 0.96582806 0.000066690496
vn 0.25921568 0.8364474 -0.4828696
vn 0.50051475 0.8657281 0.000035801913
vn 0.5005296 0.7497388 -0.43285325
vn 0.7075882 0.70662516 0.00000059036387
vn 0.73866826 0.58856356 -0.32857594
vn 0.8663304 0.49947155 -0.00003293911
vn 0.8721592 0.3458743 -0.34599045
vn 0.96618164 0.25786233 -0.00006869546
vn 0.9638621 0.18829566 -0.18845342
vn 1 -0.000092659546 -0.00009796316
vn 0.9661366 -0.00007786421 -0.2580313
vn 0.96382445 -0.18845427 -0.18848741
vn 0.1164073 0.87373096 0.47227496
vn 0.25913072 0.83640885 0.4829821
vn 0.25907078 0.48287308 0.8364902
vn 0.50043416 0.4328305 0.7498157
vn 0.50039685 -0.000080750615 0.86579627
vn 0.7075269 -0.00009150693 0.70668644
vn 0.7385962 -0.32869297 0.5885887
vn 0.8663117 -0.000097229684 0.49950376
vn 0.87213415 -0.34606808 0.34585974
vn 0.9638592 -0.18848439 0.18827897
vn 0.9661352 -0.25803646 -0.00011809486
vn 0.26513782 0.05538854 0.9626183
vn 0.24198996 -0.7616979 0.60104674
vn 0.42986423 -0.5013262 0.75092536
vn 0.002987234 -0.97391886 0.22687694
vn 0.36014032 -0.5493221 0.7540187
vn 0.0468336 -0.93413895 0.35382363
vn 0.25898966 -0.8365317 0.4828447
vn 0.25900745 -0.9658754 -0.000112239824
vn 0.5003533 -0.8658214 -0.0001259122
vn 0.5003724 -0.7497697 -0.43298155
vn 0.500414 -0.43286508 -0.74980915
vn 0.2590506 -0.83641946 -0.48300657
vn -0.03350684 -0.99940944 0.0076246955
vn -0.06305976 -0.98950684 -0.12999928
vn 0.032118503 -0.12353003 -0.99182093
vn -0.24252287 -0.5291018 -0.813163
vn 0.15353845 -0.51610845 -0.8426494
vn -0.31148443 -0.84026796 -0.443765
vn 0.033172574 -0.8856068 -0.4632496
vn -0.4401751 -0.8838886 -0.15807247
vn -0.49421242 -0.86934066 -0.0008924307
vn -0.19135624 -0.97818637 -0.08083495
vn -0.21164897 -0.97734165 0.0028572828
vn 0.15007377 -0.83467084 -0.52990794
vn -0.19053312 -0.031025594 -0.9811904
vn -0.22513804 -0.009026099 -0.9742851
vn 0.28891823 -0.7038294 -0.64896107
vn 0.15809385 -0.72472227 -0.6706594
vn 0.2867433 -0.8549297 0.43228877
vn -0.099016994 -0.7634895 0.6381845
vn 0.056254975 -0.874349 0.48202604
vn 0.50047714 0.74973375 0.43292254
vn 0.73866165 0.58857495 0.3285706
vn 0.73864025 0.32850385 0.5886389
vn 0.87218416 0.34587774 0.34592396
vn 0.9661798 -0.000099253644 0.2578697
vn 0.07686091 -0.85004616 -0.52107006
vn -0.18414639 -0.118272685 -0.975757
vn 0.44877133 -0.7476103 -0.48957458
vn 0.96388966 0.18829261 0.18831506
vn -0.63750994 -0.076154165 -0.7666692
vn -0.83604497 -0.5478835 -0.029198432
vn -0.094616815 0.9528559 0.28829372
vn 0.2591091 -0.48288342 -0.83647245
vn -0.5004721 -0.16313075 -0.8502447
vn 0.005598242 -0.21114594 -0.9774385
vn -0.91352177 0.40678984 -0.00013177961
vn -0.7078341 0.7060914 0.020147868
vn 0.27206138 -0.7288948 0.62824744
vn 0.116805054 -0.99199957 0.04789092
vn 0.41175836 -0.77749366 0.47535133
vn 0 0 0
vn 0 0 0
vn 0 0 0
vn 0 0 0
vn 0 0 0
vn 0 0 0
vn 0 0 0
vn 0 0 0
vn 0 0 0
vn 0 0 0
vn 0 0 0
vn 0 0 0
vn 0 0 0
vn 0 0 0
vn 0 0 0
vn 0 0 0
vn 0 0 0
vn 0 0 0
vn 0 0 0
vn 0 0 0
vn 0 0 0
vn -0.0000957042 0.044844717 0.99899405
vn 0.22003855 0.039898355 0.97467494
vn -0.000095787764 -0.016345212 0.9998664
vn 0.21660651 -0.0152214905 0.9761404
vn -0.00009551332 -0.0773795 0.9970017
vn 0.21251276 -0.07030768 0.9746257
vn 0.62901366 -0.077540874 0.77351743
vn 0.46731448 -0.07189058 0.8811634
vn 0.6285628 -0.038062595 0.77682704
vn 0.46828657 -0.026615405 0.88317573
vn 0.6271243 0.001474614 0.77891785
vn 0.46829557 0.01868363 0.8833744
vn -0.2126995 -0.07030768 0.97458494
vn -0.21679355 -0.0152214905 0.9760989
vn -0.22022529 0.039898355 0.97463274
vn -0.46748328 -0.07189058 0.8810739
vn -0.4684558 -0.026614405 0.88308597
vn -0.46846554 0.01868462 0.8832842
vn -0.62916183 -0.077540874 0.7733969
vn -0.6287121 -0.03806157 0.7767061
vn -0.6272757 0.0014776143 0.7787959
vn -0.0000957042 0.044844717 0.99899405
vn 0.22003855 0.039898355 0.97467494
vn -0.000095787764 -0.016345212 0.9998664
vn 0.21660651 -0.0152214905 0.9761404
vn -0.00009551332 -0.0773795 0.9970017
vn 0.21251276 -0.07030768 0.9746257
vn 0.62901366 -0.077540874 0.77351743
vn 0.46731448 -0.07189058 0.8811634
vn 0.6285628 -0.038062595 0.77682704
vn 0.46828657 -0.026615405 0.88317573
vn 0.6271243 0.001474614 0.77891785
vn 0.46829557 0.01868363 0.8833744
vn -0.2126995 -0.07030768 0.97458494
vn -0.21679355 -0.0152214905 0.9760989
vn -0.22022529 0.039898355 0.97463274
vn -0.46748328 -0.07189058 0.8810739
vn -0.4684558 -0.026614405 0.88308597
vn -0.46846554 0.01868462 0.8832842
vn -0.62916183 -0.077540874 0.7733969
vn -0.6287121 -0.03806157 0.7767061
vn -0.6272757 0.0014776143 0.7787959
vn -0.0000782379 0.57709825 0.81667477
vn -0.827336 0.30370516 0.47252348
vn -0.83631873 0.27189967 0.4760689
vn -0.8183153 -0.285414 0.49889767
vn -0.8640299 -0.3396875 0.37157091
vn -0.00005253407 -0.8362365 0.5483691
vn -0.000031447442 -0.9445876 0.32825947
vn 0.81821966 -0.28541338 0.49905503
vn 0.8639586 -0.33968747 0.3717364
vn 0.8272451 0.30370542 0.4726824
vn 0.83622754 0.27189967 0.47622913
vn -0.000074806754 0.63753575 0.7704208
vn -0.00009674428 0.034272738 0.9994125
vn 0.6271243 0.001474614 0.77891785
vn 0.46829557 0.01868363 0.8833744
vn 0.644819 0.06645994 0.76144046
vn 0.47411913 0.081238 0.87670493
vn 0.659389 0.1311199 0.74027956
vn 0.47806907 0.14386402 0.8664602
vn 0.22003855 0.039898355 0.97467494
vn 0.21164788 0.10610005 0.9715699
vn 0.20231372 0.17183141 0.96412826
vn -0.0000957042 0.044844717 0.99899405
vn -0.000095105555 0.120237075 0.9927453
vn -0.00009396588 0.19476989 0.98084897
vn -0.22022529 0.039898355 0.97463274
vn -0.21183303 0.10610105 0.97152936
vn -0.20249845 0.17183043 0.96408963
vn -0.46846554 0.01868462 0.8832842
vn -0.47428703 0.08123999 0.876614
vn -0.47823507 0.14386402 0.86636853
vn -0.6272757 0.0014776143 0.7787959
vn -0.644966 0.06645995 0.76131594
vn -0.6595309 0.1311199 0.7401532
vn 0.6271243 0.001474614 0.77891785
vn 0.46829557 0.01868363 0.8833744
vn 0.644819 0.06645994 0.76144046
vn 0.47411913 0.081238 0.87670493
vn 0.659389 0.1311199 0.74027956
vn 0.47806907 0.14386402 0.8664602
vn 0.22003855 0.039898355 0.97467494
vn 0.21164788 0.10610005 0.9715699
vn 0.20231372 0.17183141 0.96412826
vn -0.0000957042 0.044844717 0.99899405
vn -0.000095105555 0.120237075 0.9927453
vn -0.00009396588 0.19476989 0.98084897
vn -0.22022529 0.039898355 0.97463274
vn -0.21183303 0.10610105 0.97152936
vn -0.20249845 0.17183043 0.96408963
vn -0.46846554 0.01868462 0.8832842
vn -0.47428703 0.08123999 0.876614
vn -0.47823507 0.14386402 0.86636853
vn -0.6272757 0.0014776143 0.7787959
vn -0.644966 0.06645995 0.76131594
vn -0.6595309 0.1311199 0.7401532
vn 0.6271243 0.001474614 0.77891785
vn 0.46829557 0.01868363 0.8833744
vn 0.644819 0.06645994 0.76144046
vn 0.47411913 0.081238 0.87670493
vn 0.659389 0.1311199 0.74027956
vn 0.47806907 0.14386402 0.8664602
vn 0.22003855 0.039898355 0.97467494
vn 0.21164788 0.10610005 0.9715699
vn 0.20231372 0.17183141 0.96412826
vn -0.0000957042 0.044844717 0.99899405
vn -0.000095105555 0.120237075 0.9927453
vn -0.00009396588 0.19476989 0.98084897
vn -0.22022529 0.039898355 0.97463274
vn -0.21183303 0.10610105 0.97152936
vn -0.20249845 0.17183043 0.96408963
vn -0.46846554 0.01868462 0.8832842
vn -0.47428703 0.08123999 0.876614
vn -0.47823507 0.14386402 0.86636853
vn -0.6272757 0.0014776143 0.7787959
vn -0.644966 0.06645995 0.76131594
vn -0.6595309 0.1311199 0.7401532
vn 0.3929199 0.9195728 0.000001071939
vn -0.0000000000055869346 0.74459386 -0.6675178
vn 0.96569425 -0.25968206 -0.000000020315214
vn 0.0000000000006690488 -0.0891669 -0.99601674
vn 0.000000000002021261 -0.2693818 -0.9630335
vn -0.96569425 -0.25968206 -0.000000020315214
vn -0.8388043 -0.5444332 -0.00000004259161
vn 0.0000000000020212638 -0.26938218 0.9630334
vn 0.000000000007503331 -1 -0.0000000782311
vn 0.8388043 -0.5444332 -0.00000004259161
vn 0.0000000000006690574 -0.08916804 0.9960166
vn -0.0000000000055869268 0.7445929 0.667519
vn -0.0000000000055869268 0.7445929 0.667519
vn -0.3929199 0.9195728 0.000001071939
vn -0.000000000007503331 1 0.0000010782311
vn -0.0000000000055869346 0.74459386 -0.6675178
vn 0.3929199 0.9195728 0.000001071939
vn -0.3929199 0.9195728 0.000001071939
vn 0.499999 0.866026 0
vn 0.86602557 0.49999976 0
vn 0.397086 0.687775 0.607691
vn 0.68964535 0.3981672 0.6048573
vn 0.114166945 0.1977449 0.9735825
vn 0.1991499 0.11497895 0.9732005
vn 0.11705395 0.06758097 0.9908235
vn 0.22833492 0 0.9735826
vn 0.11061097 0 0.99386376
vn 0.11705297 -0.067579985 0.99082375
vn 0 0 1
vn 0.055304985 -0.09579198 0.99386376
vn 0 -0.13516095 0.9908236
vn 0.11416697 -0.19774395 0.97358274
vn 0 -0.22995791 0.9732006
vn 0 -0.7963337 0.6048577
vn -0.11416697 -0.19774395 0.97358274
vn -0.397086 -0.687775 0.607691
vn -0.6896452 -0.3981661 0.6048581
vn -0.86602557 -0.49999976 0
vn -0.7941737 0 0.60769075
vn -1 0 0.000001
vn -0.86602557 0.49999976 0
vn -0.055304985 -0.09579198 0.99386376
vn -0.11705296 -0.067580976 0.9908236
vn -0.11061097 0 0.99386376
vn -0.22833492 0 0.9735826
vn -0.11705296 0.067580976 0.9908236
vn -0.19914895 0.11497897 0.97320074
vn -0.114166945 0.1977449 0.9735825
vn -0.68964535 0.3981672 0.6048573
vn -0.397086 0.687775 0.607691
vn -0.499999 0.866026 0
vn 0.055304985 0.09579198 0.99386376
vn 0 0.13516305 0.99082345
vn 0 0.22995909 0.9732004
vn 0 0.79633415 0.6048571
vn 0 1 0
vn 0.79417336 0 0.6076913
vn 0.68964493 -0.39816695 0.6048579
vn 0.8660254 -0.50000024 0
vn 0.397086 -0.687775 0.607691
vn 0.499999 -0.866026 0
vn 0 -1 0
vn -0.19914895 -0.11497897 0.97320074
vn -0.055304985 0.09579198 0.99386376
vn 0.19914895 -0.11497897 0.97320074
vn -0.499999 -0.866026 0
vn 1 0 0
g batch0_ear
usemtl ear
f 1/1/1 2/2/2 3/3/3
f 3/3/3 2/2/2 4/4/4
f 3/3/3 4/4/4 5/5/5
f 5/5/5 4/4/4 6/6/6
f 5/5/5 6/6/6 7/7/7
f 7/7/7 6/6/6 8/8/8
f 7/7/7 8/8/8 9/9/9
f 9/9/9 8/8/8 10/10/10
f 9/9/9 10/10/10 11/11/11
f 11/11/11 10/10/10 12/12/12
f 11/11/11 12/12/12 13/13/13
f 13/13/13 12/12/12 14/14/14
f 13/13/13 14/14/14 15/15/15
f 15/15/15 14/14/14 16/16/16
f 15/15/15 16/16/16 17/17/17
f 17/17/17 16/16/16 18/18/18
f 17/17/17 18/18/18 19/19/19
f 19/19/19 18/18/18 20/20/20
f 19/19/19 20/20/20 21/21/21
f 21/21/21 20/20/20 22/22/22
f 21/21/21 22/22/22 23/23/23
f 23/23/23 22/22/22 24/24/24
f 23/23/23 24/24/24 1/1/1
f 1/1/1 24/24/24 2/2/2
f 25/25/25 26/26/26 27/27/27
f 27/27/27 26/26/26 28/28/28
f 27/27/27 28/28/28 29/29/29
f 29/29/29 28/28/28 30/30/30
f 29/29/29 30/30/30 31/31/31
f 31/31/31 30/30/30 32/32/32
f 31/31/31 32/32/32 33/33/33
f 34/34/34 35/35/35 36/36/36
f 36/36/36 35/35/35 37/37/37
f 36/36/36 37/37/37 38/38/38
f 38/38/38 37/37/37 39/39/39
f 38/38/38 39/39/39 40/40/40
f 40/40/40 39/39/39 41/41/41
f 40/40/40 42/42/42 38/38/38
f 38/38/38 42/42/42 43/43/43
f 38/38/38 43/43/43 36/36/36
f 36/36/36 43/43/43 44/44/44
f 36/36/36 44/44/44 34/34/34
f 34/34/34 44/44/44 33/33/33
f 45/45/45 41/41/41 46/46/46
f 46/46/46 41/41/41 47/47/47
f 46/46/46 47/47/47 48/48/48
f 48/48/48 47/47/47 49/49/49
f 48/48/48 49/49/49 50/50/50
f 50/50/50 49/49/49 51/51/51
f 42/42/42 52/52/52 43/43/43
f 43/43/43 52/52/52 53/53/53
f 43/43/43 53/53/53 44/44/44
f 44/44/44 53/53/53 31/31/31
f 44/44/44 31/31/31 33/33/33
f 54/54/54 55/55/55 56/56/56
f 56/56/56 55/55/55 57/57/57
f 56/56/56 57/57/57 58/58/58
f 58/58/58 57/57/57 59/59/59
f 58/58/58 59/59/59 60/60/60
f 61/61/61 62/62/62 63/63/63
f 63/63/63 62/62/62 64/64/64
f 63/63/63 64/64/64 26/26/26
f 26/26/26 64/64/64 28/28/28
f 50/50/50 65/65/65 48/48/48
f 48/48/48 65/65/65 66/66/66
f 48/48/48 66/66/66 46/46/46
f 46/46/46 66/66/66 67/67/67
f 65/65/65 68/68/68 66/66/66
f 66/66/66 68/68/68 69/69/69
f 66/66/66 69/69/69 67/67/67
f 67/67/67 69/69/69 70/70/70
f 68/68/68 71/71/71 69/69/69
f 69/69/69 71/71/71 72/72/72
f 69/69/69 72/72/72 70/70/70
f 70/70/70 72/72/72 62/62/62
f 71/71/71 73/73/73 72/72/72
f 72/72/72 73/73/73 74/74/74
f 72/72/72 74/74/74 62/62/62
f 62/62/62 74/74/74 64/64/64
f 73/73/73 75/75/75 74/74/74
f 74/74/74 75/75/75 76/76/76
f 74/74/74 76/76/76 64/64/64
f 64/64/64 76/76/76 28/28/28
f 77/77/77 78/78/78 79/79/79
f 79/79/79 78/78/78 80/80/80
f 79/79/79 80/80/80 81/81/81
f 81/81/81 80/80/80 82/82/82
f 60/60/60 83/83/83 58/58/58
f 58/58/58 83/83/83 84/84/84
f 58/58/58 84/84/84 56/56/56
f 56/56/56 84/84/84 85/85/85
f 28/28/28 76/76/76 30/30/30
f 30/30/30 76/76/76 86/86/86
f 30/30/30 86/86/86 32/32/32
f 52/52/52 87/87/87 53/53/53
f 53/53/53 87/87/87 27/27/27
f 53/53/53 27/27/27 29/29/29
f 88/88/88 80/80/80 89/89/89
f 89/89/89 80/80/80 90/90/90
f 82/82/82 80/80/80 91/91/91
f 91/91/91 80/80/80 88/88/88
f 41/41/41 39/39/39 47/47/47
f 47/47/47 39/39/39 49/49/49
f 39/39/39 37/37/37 49/49/49
f 49/49/49 37/37/37 51/51/51
f 53/53/53 29/29/29 31/31/31
f 35/35/35 51/51/51 37/37/37
f 75/75/75 86/86/86 76/76/76
f 78/78/78 90/90/90 80/80/80
f 92/92/92 93/93/93 94/94/94
f 94/94/94 93/93/93 95/95/95
f 94/94/94 95/95/95 96/96/96
f 96/96/96 95/95/95 97/97/97
f 96/96/96 97/97/97 25/25/25
f 25/25/25 97/97/97 98/98/98
f 25/25/25 98/98/98 26/26/26
f 26/26/26 98/98/98 63/63/63
f 99/99/99 100/100/100 101/101/101
f 101/101/101 100/100/100 102/102/102
f 101/101/101 102/102/102 103/103/103
f 103/103/103 102/102/102 104/104/104
f 103/103/103 104/104/104 105/105/105
f 105/105/105 104/104/104 106/106/106
f 105/105/105 106/106/106 107/107/107
f 107/107/107 106/106/106 108/108/108
f 97/97/97 109/109/109 98/98/98
f 98/98/98 109/109/109 110/110/110
f 98/98/98 110/110/110 111/111/111
f 111/111/111 110/110/110 112/112/112
f 111/111/111 112/112/112 113/113/113
f 113/113/113 112/112/112 114/114/114
f 109/109/109 115/115/115 110/110/110
f 110/110/110 115/115/115 116/116/116
f 110/110/110 116/116/116 112/112/112
f 112/112/112 116/116/116 117/117/117
f 112/112/112 117/117/117 114/114/114
f 114/114/114 117/117/117 118/118/118
f 115/115/115 119/119/119 116/116/116
f 116/116/116 119/119/119 120/120/120
f 116/116/116 120/120/120 117/117/117
f 117/117/117 120/120/120 121/121/121
f 117/117/117 121/121/121 118/118/118
f 118/118/118 121/121/121 122/122/122
f 119/119/119 123/123/123 120/120/120
f 120/120/120 123/123/123 124/124/124
f 120/120/120 124/124/124 121/121/121
f 121/121/121 124/124/124 125/125/125
f 121/121/121 125/125/125 122/122/122
f 122/122/122 125/125/125 126/126/126
f 123/123/123 127/127/127 124/124/124
f 124/124/124 127/127/127 128/128/128
f 124/124/124 128/128/128 125/125/125
f 125/125/125 128/128/128 129/129/129
f 127/127/127 99/99/99 128/128/128
f 128/128/128 99/99/99 101/101/101
f 128/128/128 101/101/101 129/129/129
f 129/129/129 101/101/101 103/103/103
f 130/130/130 93/93/93 106/106/106
f 106/106/106 93/93/93 131/131/131
f 106/106/106 131/131/131 108/108/108
f 131/131/131 94/94/94 87/87/87
f 87/87/87 94/94/94 27/27/27
f 94/94/94 96/96/96 27/27/27
f 27/27/27 96/96/96 25/25/25
f 100/100/100 132/132/132 102/102/102
f 102/102/102 132/132/132 104/104/104
f 132/132/132 130/130/130 104/104/104
f 104/104/104 130/130/130 106/106/106
f 98/98/98 111/111/111 63/63/63
f 63/63/63 111/111/111 61/61/61
f 113/113/113 61/61/61 111/111/111
f 133/133/133 41/41/41 134/134/134
f 134/134/134 41/41/41 45/45/45
f 134/134/134 45/45/45 135/135/135
f 135/135/135 45/45/45 136/136/136
f 135/135/135 136/136/136 137/137/137
f 137/137/137 136/136/136 138/138/138
f 139/139/139 133/133/133 140/140/140
f 140/140/140 133/133/133 141/141/141
f 140/140/140 141/141/141 142/142/142
f 142/142/142 141/141/141 143/143/143
f 142/142/142 143/143/143 144/144/144
f 45/45/45 145/145/145 136/136/136
f 136/136/136 145/145/145 146/146/146
f 136/136/136 146/146/146 138/138/138
f 138/138/138 146/146/146 147/147/147
f 148/148/148 149/149/149 150/150/150
f 150/150/150 149/149/149 151/151/151
f 150/150/150 151/151/151 152/152/152
f 152/152/152 151/151/151 153/153/153
f 149/149/149 154/154/154 151/151/151
f 151/151/151 154/154/154 155/155/155
f 151/151/151 155/155/155 153/153/153
f 153/153/153 155/155/155 156/156/156
f 140/140/140 142/142/142 157/157/157
f 157/157/157 142/142/142 158/158/158
f 157/157/157 158/158/158 154/154/154
f 154/154/154 158/158/158 155/155/155
f 159/159/159 134/134/134 160/160/160
f 160/160/160 134/134/134 137/137/137
f 146/146/146 161/161/161 147/147/147
f 147/147/147 161/161/161 162/162/162
f 161/161/161 163/163/163 162/162/162
f 162/162/162 163/163/163 164/164/164
f 163/163/163 165/165/165 164/164/164
f 164/164/164 165/165/165 166/166/166
f 165/165/165 150/150/150 166/166/166
f 166/166/166 150/150/150 152/152/152
f 143/143/143 141/141/141 160/160/160
f 160/160/160 141/141/141 133/133/133
f 155/155/155 158/158/158 156/156/156
f 156/156/156 158/158/158 144/144/144
f 134/134/134 135/135/135 137/137/137
f 158/158/158 142/142/142 144/144/144
f 62/62/62 61/61/61 70/70/70
f 70/70/70 61/61/61 167/167/167
f 70/70/70 167/167/167 67/67/67
f 67/67/67 167/167/167 145/145/145
f 67/67/67 145/145/145 46/46/46
f 46/46/46 145/145/145 45/45/45
f 154/154/154 168/168/168 157/157/157
f 157/157/157 168/168/168 169/169/169
f 157/157/157 169/169/169 140/140/140
f 140/140/140 169/169/169 170/170/170
f 140/140/140 170/170/170 171/171/171
f 172/172/172 107/107/107 171/171/171
f 171/171/171 107/107/107 108/108/108
f 171/171/171 108/108/108 173/173/173
f 173/173/173 108/108/108 52/52/52
f 173/173/173 52/52/52 42/42/42
f 173/173/173 42/42/42 139/139/139
f 139/139/139 42/42/42 40/40/40
f 139/139/139 40/40/40 133/133/133
f 133/133/133 40/40/40 41/41/41
f 150/150/150 165/165/165 148/148/148
f 148/148/148 165/165/165 174/174/174
f 148/148/148 174/174/174 126/126/126
f 126/126/126 174/174/174 122/122/122
f 165/165/165 163/163/163 174/174/174
f 174/174/174 163/163/163 175/175/175
f 174/174/174 175/175/175 122/122/122
f 122/122/122 175/175/175 118/118/118
f 163/163/163 161/161/161 175/175/175
f 175/175/175 161/161/161 176/176/176
f 175/175/175 176/176/176 118/118/118
f 118/118/118 176/176/176 114/114/114
f 161/161/161 146/146/146 176/176/176
f 176/176/176 146/146/146 177/177/177
f 176/176/176 177/177/177 114/114/114
f 114/114/114 177/177/177 113/113/113
f 178/178/178 179/179/179 180/180/180
f 180/180/180 179/179/179 181/181/181
f 180/180/180 181/181/181 182/182/182
f 182/182/182 181/181/181 183/183/183
f 61/61/61 113/113/113 167/167/167
f 167/167/167 113/113/113 177/177/177
f 167/167/167 177/177/177 145/145/145
f 145/145/145 177/177/177 146/146/146
f 179/179/179 184/184/184 181/181/181
f 181/181/181 184/184/184 185/185/185
f 181/181/181 185/185/185 186/186/186
f 103/103/103 105/105/105 187/187/187
f 187/187/187 105/105/105 188/188/188
f 105/105/105 107/107/107 188/188/188
f 188/188/188 107/107/107 172/172/172
f 171/171/171 173/173/173 140/140/140
f 140/140/140 173/173/173 139/139/139
f 131/131/131 87/87/87 108/108/108
f 108/108/108 87/87/87 52/52/52
f 186/186/186 183/183/183 181/181/181
g batch1_ear(2)
usemtl ear(2)
f 563/563/563 564/564/564 565/565/565
f 565/565/565 564/564/564 566/566/566
f 567/567/567 566/566/566 568/568/568
f 568/568/568 566/566/566 564/564/564
f 569/569/569 570/570/570 571/571/571
f 568/568/568 564/564/564 572/572/572
f 572/572/572 564/564/564 573/573/573
f 572/572/572 573/573/573 574/574/574
f 574/574/574 573/573/573 575/575/575
f 574/574/574 575/575/575 576/576/576
f 576/576/576 575/575/575 577/577/577
f 573/573/573 578/578/578 575/575/575
f 575/575/575 578/578/578 579/579/579
f 575/575/575 579/579/579 577/577/577
f 569/569/569 580/580/580 570/570/570
f 570/570/570 580/580/580 581/581/581
f 572/572/572 574/574/574 568/568/568
f 568/568/568 574/574/574 582/582/582
f 582/582/582 574/574/574 576/576/576
f 583/583/583 584/584/584 585/585/585
f 585/585/585 584/584/584 586/586/586
f 585/585/585 586/586/586 587/587/587
f 587/587/587 586/586/586 588/588/588
f 587/587/587 588/588/588 589/589/589
f 589/589/589 588/588/588 590/590/590
f 589/589/589 590/590/590 591/591/591
f 591/591/591 590/590/590 592/592/592
f 591/591/591 592/592/592 593/593/593
f 593/593/593 592/592/592 594/594/594
f 595/595/595 593/593/593 571/571/571
f 571/571/571 593/593/593 594/594/594
f 571/571/571 594/594/594 569/569/569
f 569/569/569 594/594/594 596/596/596
f 569/569/569 596/596/596 597/597/597
f 597/597/597 596/596/596 598/598/598
f 597/597/597 598/598/598 599/599/599
f 581/581/581 580/580/580 600/600/600
f 600/600/600 580/580/580 601/601/601
f 600/600/600 601/601/601 602/602/602
f 602/602/602 601/601/601 603/603/603
f 602/602/602 603/603/603 604/604/604
f 604/604/604 603/603/603 605/605/605
f 604/604/604 605/605/605 584/584/584
f 606/606/606 598/598/598 590/590/590
f 590/590/590 598/598/598 607/607/607
f 590/590/590 607/607/607 592/592/592
f 592/592/592 607/607/607 596/596/596
f 592/592/592 596/596/596 594/594/594
f 608/608/608 609/609/609 585/585/585
f 585/585/585 609/609/609 610/610/610
f 585/585/585 610/610/610 583/583/583
f 583/583/583 610/610/610 604/604/604
f 583/583/583 604/604/604 584/584/584
f 611/611/611 612/612/612 613/613/613
f 613/613/613 612/612/612 614/614/614
f 613/613/613 614/614/614 615/615/615
f 615/615/615 614/614/614 608/608/608
f 609/609/609 616/616/616 610/610/610
f 610/610/610 616/616/616 602/602/602
f 610/610/610 602/602/602 604/604/604
f 614/614/614 617/617/617 608/608/608
f 608/608/608 617/617/617 618/618/618
f 608/608/608 618/618/618 609/609/609
f 612/612/612 619/619/619 614/614/614
f 614/614/614 619/619/619 620/620/620
f 614/614/614 620/620/620 617/617/617
f 611/611/611 621/621/621 612/612/612
f 612/612/612 621/621/621 622/622/622
f 612/612/612 622/622/622 619/619/619
f 601/601/601 580/580/580 603/603/603
f 603/603/603 580/580/580 569/569/569
f 603/603/603 569/569/569 597/597/597
f 600/600/600 602/602/602 623/623/623
f 623/623/623 602/602/602 616/616/616
f 586/586/586 606/606/606 588/588/588
f 588/588/588 606/606/606 590/590/590
f 605/605/605 603/603/603 599/599/599
f 599/599/599 603/603/603 597/597/597
f 585/585/585 587/587/587 608/608/608
f 608/608/608 587/587/587 624/624/624
f 565/565/565 625/625/625 563/563/563
f 596/596/596 607/607/607 598/598/598
f 587/587/587 589/589/589 624/624/624
f 611/611/611 626/626/626 621/621/621
f 621/621/621 626/626/626 627/627/627
f 621/621/621 627/627/627 628/628/628
f 628/628/628 627/627/627 629/629/629
f 628/628/628 629/629/629 630/630/630
f 630/630/630 629/629/629 631/631/631
f 630/630/630 631/631/631 632/632/632
f 632/632/632 631/631/631 633/633/633
f 632/632/632 633/633/633 634/634/634
f 634/634/634 633/633/633 635/635/635
f 634/634/634 635/635/635 636/636/636
f 636/636/636 635/635/635 637/637/637
f 636/636/636 637/637/637 638/638/638
f 638/638/638 637/637/637 639/639/639
f 638/638/638 639/639/639 640/640/640
f 640/640/640 639/639/639 641/641/641
f 640/640/640 641/641/641 631/631/631
f 631/631/631 641/641/641 633/633/633
f 642/642/642 643/643/643 644/644/644
f 644/644/644 643/643/643 645/645/645
f 644/644/644 645/645/645 646/646/646
f 646/646/646 645/645/645 647/647/647
f 646/646/646 647/647/647 648/648/648
f 648/648/648 647/647/647 649/649/649
f 648/648/648 649/649/649 650/650/650
f 650/650/650 649/649/649 651/651/651
f 650/650/650 651/651/651 652/652/652
f 652/652/652 651/651/651 653/653/653
f 652/652/652 653/653/653 654/654/654
f 654/654/654 653/653/653 655/655/655
f 654/654/654 655/655/655 656/656/656
f 656/656/656 655/655/655 657/657/657
f 656/656/656 657/657/657 658/658/658
f 658/658/658 657/657/657 659/659/659
f 658/658/658 659/659/659 649/649/649
f 649/649/649 659/659/659 651/651/651
f 649/649/649 647/647/647 658/658/658
f 658/658/658 647/647/647 660/660/660
f 658/658/658 660/660/660 656/656/656
f 656/656/656 660/660/660 661/661/661
f 656/656/656 661/661/661 662/662/662
f 662/662/662 661/661/661 663/663/663
f 662/662/662 663/663/663 664/664/664
f 664/664/664 663/663/663 665/665/665
f 664/664/664 665/665/665 650/650/650
f 650/650/650 665/665/665 648/648/648
f 578/578/578 623/623/623 579/579/579
f 579/579/579 623/623/623 666/666/666
f 579/579/579 666/666/666 667/667/667
f 667/667/667 666/666/666 668/668/668
f 667/667/667 668/668/668 669/669/669
f 669/669/669 668/668/668 670/670/670
f 669/669/669 670/670/670 671/671/671
f 671/671/671 670/670/670 672/672/672
f 671/671/671 672/672/672 673/673/673
f 674/674/674 669/669/669 675/675/675
f 675/675/675 669/669/669 671/671/671
f 675/675/675 671/671/671 676/676/676
f 676/676/676 671/671/671 677/677/677
f 676/676/676 677/677/677 644/644/644
f 644/644/644 677/677/677 678/678/678
f 644/644/644 678/678/678 642/642/642
f 642/642/642 678/678/678 679/679/679
f 642/642/642 679/679/679 680/680/680
f 681/681/681 682/682/682 683/683/683
f 683/683/683 682/682/682 684/684/684
f 683/683/683 684/684/684 685/685/685
f 685/685/685 684/684/684 686/686/686
f 685/685/685 686/686/686 687/687/687
f 687/687/687 686/686/686 688/688/688
f 687/687/687 688/688/688 681/681/681
f 681/681/681 688/688/688 682/682/682
f 689/689/689 690/690/690 691/691/691
f 691/691/691 690/690/690 692/692/692
f 691/691/691 692/692/692 693/693/693
f 693/693/693 692/692/692 694/694/694
f 693/693/693 694/694/694 695/695/695
f 695/695/695 694/694/694 696/696/696
f 695/695/695 696/696/696 685/685/685
f 685/685/685 696/696/696 690/690/690
f 697/697/697 698/698/698 699/699/699
f 699/699/699 698/698/698 700/700/700
f 699/699/699 700/700/700 701/701/701
f 701/701/701 700/700/700 702/702/702
f 701/701/701 702/702/702 689/689/689
f 689/689/689 702/702/702 703/703/703
f 689/689/689 703/703/703 690/690/690
f 628/628/628 630/630/630 704/704/704
f 704/704/704 630/630/630 705/705/705
f 704/704/704 705/705/705 706/706/706
f 706/706/706 705/705/705 707/707/707
f 706/706/706 707/707/707 708/708/708
f 708/708/708 707/707/707 636/636/636
f 708/708/708 636/636/636 638/638/638
f 706/706/706 708/708/708 709/709/709
f 709/709/709 708/708/708 638/638/638
f 709/709/709 638/638/638 710/710/710
f 710/710/710 638/638/638 640/640/640
f 710/710/710 640/640/640 629/629/629
f 629/629/629 640/640/640 631/631/631
f 623/623/623 616/616/616 666/666/666
f 666/666/666 616/616/616 609/609/609
f 666/666/666 609/609/609 711/711/711
f 711/711/711 609/609/609 712/712/712
f 711/711/711 712/712/712 713/713/713
f 713/713/713 712/712/712 714/714/714
f 672/672/672 670/670/670 715/715/715
f 715/715/715 670/670/670 716/716/716
f 715/715/715 716/716/716 717/717/717
f 717/717/717 716/716/716 718/718/718
f 717/717/717 718/718/718 719/719/719
f 719/719/719 718/718/718 713/713/713
f 675/675/675 676/676/676 720/720/720
f 720/720/720 676/676/676 721/721/721
f 720/720/720 721/721/721 722/722/722
f 722/722/722 721/721/721 646/646/646
f 722/722/722 646/646/646 648/648/648
f 620/620/620 619/619/619 697/697/697
f 697/697/697 619/619/619 622/622/622
f 697/697/697 622/622/622 698/698/698
f 698/698/698 622/622/622 704/704/704
f 650/650/650 652/652/652 664/664/664
f 664/664/664 652/652/652 654/654/654
f 664/664/664 654/654/654 662/662/662
f 662/662/662 654/654/654 656/656/656
f 642/642/642 680/680/680 723/723/723
f 723/723/723 680/680/680 724/724/724
f 723/723/723 724/724/724 725/725/725
f 725/725/725 724/724/724 726/726/726
f 586/586/586 584/584/584 727/727/727
f 727/727/727 584/584/584 605/605/605
f 727/727/727 605/605/605 599/599/599
f 682/682/682 688/688/688 728/728/728
f 728/728/728 688/688/688 686/686/686
f 728/728/728 686/686/686 684/684/684
f 670/670/670 668/668/668 716/716/716
f 716/716/716 668/668/668 666/666/666
f 716/716/716 666/666/666 711/711/711
f 691/691/691 693/693/693 687/687/687
f 687/687/687 693/693/693 695/695/695
f 687/687/687 695/695/695 685/685/685
f 633/633/633 641/641/641 635/635/635
f 635/635/635 641/641/641 639/639/639
f 635/635/635 639/639/639 637/637/637
f 651/651/651 659/659/659 653/653/653
f 653/653/653 659/659/659 657/657/657
f 653/653/653 657/657/657 655/655/655
f 618/618/618 729/729/729 609/609/609
f 609/609/609 729/729/729 714/714/714
f 609/609/609 714/714/714 712/712/712
f 694/694/694 692/692/692 696/696/696
f 696/696/696 692/692/692 690/690/690
f 716/716/716 711/711/711 718/718/718
f 718/718/718 711/711/711 713/713/713
f 630/630/630 632/632/632 705/705/705
f 705/705/705 632/632/632 707/707/707
f 709/709/709 710/710/710 626/626/626
f 626/626/626 710/710/710 627/627/627
f 621/621/621 628/628/628 622/622/622
f 622/622/622 628/628/628 704/704/704
f 663/663/663 722/722/722 665/665/665
f 665/665/665 722/722/722 648/648/648
f 661/661/661 660/660/660 643/643/643
f 643/643/643 660/660/660 645/645/645
f 676/676/676 644/644/644 721/721/721
f 721/721/721 644/644/644 646/646/646
f 636/636/636 707/707/707 634/634/634
f 634/634/634 707/707/707 632/632/632
f 724/724/724 681/681/681 726/726/726
f 726/726/726 681/681/681 683/683/683
f 586/586/586 727/727/727 606/606/606
f 606/606/606 727/727/727 598/598/598
f 671/671/671 673/673/673 677/677/677
f 677/677/677 673/673/673 678/678/678
f 682/682/682 728/728/728 684/684/684
f 598/598/598 727/727/727 599/599/599
f 647/647/647 645/645/645 660/660/660
f 629/629/629 627/627/627 710/710/710
f 579/579/579 667/667/667 577/577/577
f 577/577/577 667/667/667 730/730/730
f 577/577/577 730/730/730 731/731/731
f 731/731/731 730/730/730 732/732/732
f 731/731/731 732/732/732 733/733/733
f 733/733/733 732/732/732 734/734/734
f 733/733/733 734/734/734 735/735/735
f 731/731/731 733/733/733 736/736/736
f 736/736/736 733/733/733 737/737/737
f 736/736/736 737/737/737 738/738/738
f 738/738/738 737/737/737 739/739/739
f 738/738/738 739/739/739 565/565/565
f 734/734/734 732/732/732 669/669/669
f 669/669/669 732/732/732 740/740/740
f 669/669/669 740/740/740 667/667/667
f 667/667/667 740/740/740 730/730/730
f 739/739/739 737/737/737 735/735/735
f 735/735/735 737/737/737 733/733/733
f 736/736/736 738/738/738 567/567/567
f 567/567/567 738/738/738 566/566/566
f 565/565/565 566/566/566 738/738/738
f 730/730/730 740/740/740 732/732/732
f 576/576/576 577/577/577 582/582/582
f 582/582/582 577/577/577 731/731/731
f 582/582/582 731/731/731 736/736/736
f 568/568/568 582/582/582 567/567/567
f 567/567/567 582/582/582 736/736/736
g batch2_ear(3)
usemtl ear(3)
f 741/741/741 742/742/742 743/743/743
f 743/743/743 742/742/742 744/744/744
f 743/743/743 744/744/744 745/745/745
f 745/745/745 744/744/744 746/746/746
f 745/745/745 746/746/746 747/747/747
f 747/747/747 746/746/746 748/748/748
f 747/747/747 748/748/748 749/749/749
f 749/749/749 748/748/748 750/750/750
f 749/749/749 750/750/750 751/751/751
f 751/751/751 750/750/750 752/752/752
f 751/751/751 752/752/752 753/753/753
f 753/753/753 752/752/752 754/754/754
f 753/753/753 754/754/754 755/755/755
f 755/755/755 754/754/754 756/756/756
f 755/755/755 756/756/756 757/757/757
f 757/757/757 756/756/756 758/758/758
f 757/757/757 758/758/758 759/759/759
f 759/759/759 758/758/758 760/760/760
f 759/759/759 760/760/760 761/761/761
f 761/761/761 760/760/760 762/762/762
f 761/761/761 762/762/762 763/763/763
f 763/763/763 762/762/762 764/764/764
f 763/763/763 764/764/764 765/765/765
f 765/765/765 764/764/764 766/766/766
f 765/765/765 766/766/766 767/767/767
f 767/767/767 766/766/766 768/768/768
f 767/767/767 768/768/768 769/769/769
f 769/769/769 768/768/768 770/770/770
f 769/769/769 770/770/770 771/771/771
f 771/771/771 770/770/770 772/772/772
f 771/771/771 772/772/772 773/773/773
f 773/773/773 772/772/772 774/774/774
f 773/773/773 774/774/774 775/775/775
f 775/775/775 774/774/774 776/776/776
f 775/775/775 776/776/776 777/777/777
f 777/777/777 776/776/776 778/778/778
f 777/777/777 778/778/778 779/779/779
f 779/779/779 778/778/778 780/780/780
f 779/779/779 780/780/780 781/781/781
f 781/781/781 780/780/780 782/782/782
f 781/781/781 782/782/782 783/783/783
f 783/783/783 782/782/782 784/784/784
f 783/783/783 784/784/784 785/785/785
f 785/785/785 784/784/784 786/786/786
f 785/785/785 786/786/786 787/787/787
f 787/787/787 786/786/786 788/788/788
f 787/787/787 788/788/788 789/789/789
f 789/789/789 788/788/788 790/790/790
f 789/789/789 790/790/790 791/791/791
f 791/791/791 790/790/790 792/792/792
f 791/791/791 792/792/792 793/793/793
f 793/793/793 792/792/792 794/794/794
f 793/793/793 794/794/794 795/795/795
f 795/795/795 794/794/794 796/796/796
f 795/795/795 796/796/796 797/797/797
f 774/774/774 798/798/798 776/776/776
f 776/776/776 798/798/798 799/799/799
f 776/776/776 799/799/799 778/778/778
f 778/778/778 799/799/799 800/800/800
f 778/778/778 800/800/800 780/780/780
f 780/780/780 800/800/800 801/801/801
f 780/780/780 801/801/801 782/782/782
f 782/782/782 801/801/801 802/802/802
f 782/782/782 802/802/802 784/784/784
f 784/784/784 802/802/802 803/803/803
f 784/784/784 803/803/803 786/786/786
f 786/786/786 803/803/803 804/804/804
f 786/786/786 804/804/804 788/788/788
f 788/788/788 804/804/804 805/805/805
f 788/788/788 805/805/805 790/790/790
f 790/790/790 805/805/805 806/806/806
f 790/790/790 806/806/806 792/792/792
f 792/792/792 806/806/806 807/807/807
f 792/792/792 807/807/807 794/794/794
f 794/794/794 807/807/807 796/796/796
f 808/808/808 809/809/809 810/810/810
f 810/810/810 809/809/809 811/811/811
f 810/810/810 811/811/811 789/789/789
f 789/789/789 811/811/811 812/812/812
f 789/789/789 812/812/812 787/787/787
f 787/787/787 812/812/812 813/813/813
f 787/787/787 813/813/813 814/814/814
f 814/814/814 813/813/813 815/815/815
f 814/814/814 815/815/815 816/816/816
f 816/816/816 815/815/815 817/817/817
f 816/816/816 817/817/817 818/818/818
f 818/818/818 817/817/817 819/819/819
f 818/818/818 819/819/819 820/820/820
f 820/820/820 819/819/819 821/821/821
f 820/820/820 821/821/821 822/822/822
f 822/822/822 821/821/821 823/823/823
f 822/822/822 823/823/823 824/824/824
f 824/824/824 823/823/823 825/825/825
f 824/824/824 825/825/825 769/769/769
f 824/824/824 775/775/775 822/822/822
f 822/822/822 775/775/775 777/777/777
f 822/822/822 777/777/777 820/820/820
f 820/820/820 777/777/777 779/779/779
f 820/820/820 779/779/779 818/818/818
f 818/818/818 779/779/779 781/781/781
f 818/818/818 781/781/781 816/816/816
f 816/816/816 781/781/781 783/783/783
f 816/816/816 783/783/783 814/814/814
f 743/743/743 815/815/815 741/741/741
f 741/741/741 815/815/815 813/813/813
f 741/741/741 813/813/813 826/826/826
f 826/826/826 813/813/813 812/812/812
f 826/826/826 812/812/812 827/827/827
f 827/827/827 812/812/812 811/811/811
f 827/827/827 811/811/811 828/828/828
f 828/828/828 811/811/811 809/809/809
f 829/829/829 830/830/830 831/831/831
f 831/831/831 830/830/830 808/808/808
f 831/831/831 808/808/808 832/832/832
f 832/832/832 808/808/808 810/810/810
f 832/832/832 810/810/810 791/791/791
f 791/791/791 810/810/810 789/789/789
f 768/768/768 829/829/829 770/770/770
f 770/770/770 829/829/829 831/831/831
f 770/770/770 831/831/831 772/772/772
f 772/772/772 831/831/831 793/793/793
f 772/772/772 793/793/793 795/795/795
f 767/767/767 769/769/769 765/765/765
f 765/765/765 769/769/769 825/825/825
f 765/765/765 825/825/825 763/763/763
f 763/763/763 825/825/825 761/761/761
f 759/759/759 823/823/823 757/757/757
f 757/757/757 823/823/823 821/821/821
f 757/757/757 821/821/821 755/755/755
f 755/755/755 821/821/821 753/753/753
f 751/751/751 819/819/819 749/749/749
f 749/749/749 819/819/819 817/817/817
f 749/749/749 817/817/817 747/747/747
f 747/747/747 817/817/817 745/745/745
f 772/772/772 795/795/795 774/774/774
f 774/774/774 795/795/795 797/797/797
f 774/774/774 797/797/797 798/798/798
f 769/769/769 771/771/771 824/824/824
f 824/824/824 771/771/771 773/773/773
f 824/824/824 773/773/773 775/775/775
f 831/831/831 832/832/832 793/793/793
f 793/793/793 832/832/832 791/791/791
f 787/787/787 814/814/814 785/785/785
f 785/785/785 814/814/814 783/783/783
f 825/825/825 823/823/823 761/761/761
f 761/761/761 823/823/823 759/759/759
f 821/821/821 819/819/819 753/753/753
f 753/753/753 819/819/819 751/751/751
f 817/817/817 815/815/815 745/745/745
f 745/745/745 815/815/815 743/743/743
f 804/804/804 833/833/833 805/805/805
f 805/805/805 833/833/833 834/834/834
f 805/805/805 834/834/834 806/806/806
f 806/806/806 834/834/834 835/835/835
f 806/806/806 835/835/835 807/807/807
f 807/807/807 835/835/835 836/836/836
f 807/807/807 836/836/836 796/796/796
f 796/796/796 836/836/836 837/837/837
f 796/796/796 837/837/837 797/797/797
f 797/797/797 837/837/837 838/838/838
f 797/797/797 838/838/838 798/798/798
f 798/798/798 838/838/838 839/839/839
f 798/798/798 839/839/839 799/799/799
f 799/799/799 839/839/839 840/840/840
f 799/799/799 840/840/840 800/800/800
f 800/800/800 840/840/840 841/841/841
f 800/800/800 841/841/841 801/801/801
f 801/801/801 841/841/841 842/842/842
f 801/801/801 842/842/842 802/802/802
f 802/802/802 842/842/842 843/843/843
f 802/802/802 843/843/843 803/803/803
f 803/803/803 843/843/843 844/844/844
f 803/803/803 844/844/844 804/804/804
f 804/804/804 844/844/844 833/833/833
f 839/839/839 845/845/845 840/840/840
f 840/840/840 845/845/845 846/846/846
f 840/840/840 846/846/846 841/841/841
f 841/841/841 846/846/846 847/847/847
f 841/841/841 847/847/847 842/842/842
f 842/842/842 847/847/847 848/848/848
f 842/842/842 848/848/848 843/843/843
f 843/843/843 848/848/848 849/849/849
f 843/843/843 849/849/849 844/844/844
f 844/844/844 849/849/849 850/850/850
f 844/844/844 850/850/850 833/833/833
f 833/833/833 850/850/850 851/851/851
f 833/833/833 851/851/851 834/834/834
f 834/834/834 851/851/851 852/852/852
f 834/834/834 852/852/852 835/835/835
f 835/835/835 852/852/852 853/853/853
f 835/835/835 853/853/853 836/836/836
f 836/836/836 853/853/853 854/854/854
f 836/836/836 854/854/854 837/837/837
f 837/837/837 854/854/854 855/855/855
f 837/837/837 855/855/855 838/838/838
f 838/838/838 855/855/855 856/856/856
f 838/838/838 856/856/856 839/839/839
f 839/839/839 856/856/856 845/845/845
f 852/852/852 851/851/851 857/857/857
f 857/857/857 851/851/851 850/850/850
f 857/857/857 850/850/850 849/849/849
f 849/849/849 848/848/848 857/857/857
f 857/857/857 848/848/848 847/847/847
f 857/857/857 847/847/847 846/846/846
f 852/852/852 857/857/857 853/853/853
f 853/853/853 857/857/857 854/854/854
f 854/854/854 857/857/857 855/855/855
f 855/855/855 857/857/857 856/856/856
f 846/846/846 845/845/845 857/857/857
f 857/857/857 845/845/845 856/856/856
g batch3_ear(4)
usemtl ear(4)
f 858/858/858 859/859/859 860/860/860
f 860/860/860 859/859/859 861/861/861
f 860/860/860 861/861/861 862/862/862
f 863/863/863 864/864/864 865/865/865
f 865/865/865 864/864/864 866/866/866
f 865/865/865 866/866/866 860/860/860
f 867/867/867 868/868/868 869/869/869
f 869/869/869 868/868/868 870/870/870
f 871/871/871 872/872/872 873/873/873
f 873/873/873 872/872/872 862/862/862
f 868/868/868 859/859/859 870/870/870
f 870/870/870 859/859/859 858/858/858
f 863/863/863 865/865/865 874/874/874
f 874/874/874 865/865/865 872/872/872
f 872/872/872 865/865/865 862/862/862
f 862/862/862 865/865/865 860/860/860
f 867/867/867 875/875/875 876/876/876
f 876/876/876 875/875/875 877/877/877
f 876/876/876 877/877/877 878/878/878
f 878/878/878 877/877/877 879/879/879
f 878/878/878 879/879/879 880/880/880
f 880/880/880 879/879/879 881/881/881
f 880/880/880 881/881/881 882/882/882
f 882/882/882 881/881/881 883/883/883
f 882/882/882 883/883/883 884/884/884
f 884/884/884 883/883/883 885/885/885
f 867/867/867 876/876/876 868/868/868
f 868/868/868 876/876/876 886/886/886
f 868/868/868 886/886/886 887/887/887
f 887/887/887 886/886/886 888/888/888
f 887/887/887 888/888/888 889/889/889
f 889/889/889 888/888/888 890/890/890
f 889/889/889 890/890/890 891/891/891
f 891/891/891 890/890/890 892/892/892
f 891/891/891 892/892/892 893/893/893
f 880/880/880 894/894/894 878/878/878
f 878/878/878 894/894/894 895/895/895
f 878/878/878 895/895/895 896/896/896
f 896/896/896 895/895/895 897/897/897
f 896/896/896 897/897/897 898/898/898
f 898/898/898 897/897/897 888/888/888
f 898/898/898 888/888/888 886/886/886
f 861/861/861 899/899/899 862/862/862
f 862/862/862 899/899/899 900/900/900
f 862/862/862 900/900/900 873/873/873
f 873/873/873 900/900/900 881/881/881
f 873/873/873 881/881/881 871/871/871
f 871/871/871 881/881/881 879/879/879
f 871/871/871 879/879/879 877/877/877
f 882/882/882 884/884/884 880/880/880
f 880/880/880 884/884/884 901/901/901
f 880/880/880 901/901/901 894/894/894
f 894/894/894 901/901/901 902/902/902
f 894/894/894 902/902/902 903/903/903
f 891/891/891 883/883/883 889/889/889
f 889/889/889 883/883/883 899/899/899
f 889/889/889 899/899/899 887/887/887
f 887/887/887 899/899/899 861/861/861
f 887/887/887 861/861/861 859/859/859
f 888/888/888 897/897/897 890/890/890
f 890/890/890 897/897/897 904/904/904
f 890/890/890 904/904/904 892/892/892
f 898/898/898 886/886/886 896/896/896
f 896/896/896 886/886/886 876/876/876
f 896/896/896 876/876/876 878/878/878
f 893/893/893 905/905/905 891/891/891
f 891/891/891 905/905/905 885/885/885
f 891/891/891 885/885/885 883/883/883
f 903/903/903 906/906/906 894/894/894
f 894/894/894 906/906/906 895/895/895
f 897/897/897 895/895/895 904/904/904
f 904/904/904 895/895/895 906/906/906
f 881/881/881 900/900/900 883/883/883
f 883/883/883 900/900/900 899/899/899
f 887/887/887 859/859/859 868/868/868
f 877/877/877 875/875/875 871/871/871
f 907/907/907 908/908/908 909/909/909
f 909/909/909 908/908/908 910/910/910
f 909/909/909 910/910/910 911/911/911
f 911/911/911 910/910/910 912/912/912
f 911/911/911 912/912/912 913/913/913
f 913/913/913 912/912/912 914/914/914
f 913/913/913 914/914/914 915/915/915
f 915/915/915 914/914/914 916/916/916
f 915/915/915 916/916/916 917/917/917
f 917/917/917 916/916/916 866/866/866
f 917/917/917 866/866/866 864/864/864
f 910/910/910 918/918/918 912/912/912
f 912/912/912 918/918/918 919/919/919
f 912/912/912 919/919/919 920/920/920
f 920/920/920 919/919/919 921/921/921
f 920/920/920 921/921/921 922/922/922
f 922/922/922 921/921/921 870/870/870
f 922/922/922 870/870/870 858/858/858
f 864/864/864 863/863/863 917/917/917
f 917/917/917 863/863/863 923/923/923
f 917/917/917 923/923/923 915/915/915
f 915/915/915 923/923/923 924/924/924
f 915/915/915 924/924/924 925/925/925
f 926/926/926 927/927/927 928/928/928
f 928/928/928 927/927/927 925/925/925
f 928/928/928 925/925/925 929/929/929
f 929/929/929 925/925/925 924/924/924
f 927/927/927 930/930/930 925/925/925
f 925/925/925 930/930/930 931/931/931
f 925/925/925 931/931/931 913/913/913
f 913/913/913 931/931/931 911/911/911
f 858/858/858 860/860/860 922/922/922
f 922/922/922 860/860/860 866/866/866
f 922/922/922 866/866/866 916/916/916
f 912/912/912 920/920/920 914/914/914
f 914/914/914 920/920/920 916/916/916
f 931/931/931 932/932/932 911/911/911
f 911/911/911 932/932/932 909/909/909
f 916/916/916 920/920/920 922/922/922
f 925/925/925 913/913/913 915/915/915
f 933/933/933 934/934/934 935/935/935
f 935/935/935 934/934/934 936/936/936
f 935/935/935 936/936/936 937/937/937
f 937/937/937 936/936/936 938/938/938
f 937/937/937 938/938/938 939/939/939
f 939/939/939 938/938/938 940/940/940
f 939/939/939 940/940/940 941/941/941
f 941/941/941 940/940/940 942/942/942
f 941/941/941 942/942/942 943/943/943
f 943/943/943 942/942/942 944/944/944
f 943/943/943 944/944/944 945/945/945
f 909/909/909 932/932/932 937/937/937
f 937/937/937 932/932/932 931/931/931
f 937/937/937 931/931/931 935/935/935
f 935/935/935 931/931/931 930/930/930
f 935/935/935 930/930/930 933/933/933
f 933/933/933 930/930/930 946/946/946
f 933/933/933 946/946/946 934/934/934
f 934/934/934 946/946/946 947/947/947
f 934/934/934 947/947/947 948/948/948
f 948/948/948 947/947/947 949/949/949
f 939/939/939 941/941/941 950/950/950
f 950/950/950 941/941/941 951/951/951
f 950/950/950 951/951/951 952/952/952
f 952/952/952 951/951/951 953/953/953
f 952/952/952 953/953/953 926/926/926
f 926/926/926 953/953/953 927/927/927
f 941/941/941 943/943/943 951/951/951
f 951/951/951 943/943/943 954/954/954
f 951/951/951 954/954/954 955/955/955
f 955/955/955 954/954/954 949/949/949
f 955/955/955 949/949/949 947/947/947
f 937/937/937 939/939/939 909/909/909
f 909/909/909 939/939/939 950/950/950
f 909/909/909 950/950/950 907/907/907
f 907/907/907 950/950/950 956/956/956
f 940/940/940 938/938/938 942/942/942
f 942/942/942 938/938/938 957/957/957
f 942/942/942 957/957/957 944/944/944
f 944/944/944 957/957/957 958/958/958
f 938/938/938 936/936/936 957/957/957
f 957/957/957 936/936/936 959/959/959
f 957/957/957 959/959/959 958/958/958
f 958/958/958 959/959/959 960/960/960
f 947/947/947 946/946/946 955/955/955
f 955/955/955 946/946/946 953/953/953
f 955/955/955 953/953/953 951/951/951
f 959/959/959 936/936/936 961/961/961
f 961/961/961 936/936/936 934/934/934
f 961/961/961 934/934/934 948/948/948
f 950/950/950 952/952/952 956/956/956
f 956/956/956 952/952/952 926/926/926
f 960/960/960 959/959/959 962/962/962
f 962/962/962 959/959/959 961/961/961
f 949/949/949 954/954/954 963/963/963
f 963/963/963 954/954/954 964/964/964
f 964/964/964 954/954/954 945/945/945
f 945/945/945 954/954/954 943/943/943
f 953/953/953 946/946/946 927/927/927
f 927/927/927 946/946/946 930/930/930
f 965/965/965 966/966/966 967/967/967
f 967/967/967 966/966/966 968/968/968
f 967/967/967 968/968/968 969/969/969
f 969/969/969 968/968/968 970/970/970
f 969/969/969 970/970/970 971/971/971
f 971/971/971 970/970/970 972/972/972
f 971/971/971 972/972/972 973/973/973
f 973/973/973 972/972/972 974/974/974
f 973/973/973 974/974/974 975/975/975
f 975/975/975 974/974/974 976/976/976
f 975/975/975 976/976/976 977/977/977
f 977/977/977 976/976/976 978/978/978
f 977/977/977 978/978/978 979/979/979
f 979/979/979 978/978/978 980/980/980
f 981/981/981 967/967/967 982/982/982
f 982/982/982 967/967/967 969/969/969
f 982/982/982 969/969/969 983/983/983
f 983/983/983 969/969/969 971/971/971
f 983/983/983 971/971/971 984/984/984
f 984/984/984 971/971/971 973/973/973
f 984/984/984 973/973/973 985/985/985
f 985/985/985 973/973/973 975/975/975
f 985/985/985 975/975/975 986/986/986
f 986/986/986 975/975/975 977/977/977
f 986/986/986 977/977/977 987/987/987
f 987/987/987 977/977/977 979/979/979
f 965/965/965 979/979/979 966/966/966
f 966/966/966 979/979/979 980/980/980
f 966/966/966 980/980/980 988/988/988
f 988/988/988 980/980/980 989/989/989
f 988/988/988 989/989/989 990/990/990
f 990/990/990 989/989/989 991/991/991
f 990/990/990 992/992/992 988/988/988
f 988/988/988 992/992/992 993/993/993
f 988/988/988 993/993/993 966/966/966
f 966/966/966 993/993/993 994/994/994
f 966/966/966 994/994/994 968/968/968
f 968/968/968 994/994/994 970/970/970
f 995/995/995 982/982/982 996/996/996
f 996/996/996 982/982/982 983/983/983
f 996/996/996 983/983/983 997/997/997
f 997/997/997 983/983/983 984/984/984
f 997/997/997 984/984/984 985/985/985
f 980/980/980 978/978/978 989/989/989
f 989/989/989 978/978/978 998/998/998
f 989/989/989 998/998/998 991/991/991
f 991/991/991 998/998/998 999/999/999
f 1000/1000/1000 1001/1001/1001 994/994/994
f 994/994/994 1001/1001/1001 1002/1002/1002
f 994/994/994 1002/1002/1002 970/970/970
f 970/970/970 1002/1002/1002 972/972/972
f 1001/1001/1001 1003/1003/1003 1002/1002/1002
f 1002/1002/1002 1003/1003/1003 1004/1004/1004
f 1002/1002/1002 1004/1004/1004 972/972/972
f 972/972/972 1004/1004/1004 974/974/974
f 1003/1003/1003 1005/1005/1005 1004/1004/1004
f 1004/1004/1004 1005/1005/1005 1006/1006/1006
f 1004/1004/1004 1006/1006/1006 974/974/974
f 974/974/974 1006/1006/1006 976/976/976
f 1005/1005/1005 999/999/999 1006/1006/1006
f 1006/1006/1006 999/999/999 998/998/998
f 1006/1006/1006 998/998/998 976/976/976
f 976/976/976 998/998/998 978/978/978
f 962/962/962 961/961/961 1007/1007/1007
f 1007/1007/1007 961/961/961 948/948/948
f 1007/1007/1007 948/948/948 949/949/949
f 997/997/997 985/985/985 1008/1008/1008
f 1008/1008/1008 985/985/985 1009/1009/1009
f 992/992/992 1000/1000/1000 993/993/993
f 993/993/993 1000/1000/1000 994/994/994
f 949/949/949 963/963/963 1007/1007/1007
f 985/985/985 986/986/986 1009/1009/1009
f 1010/1010/1010 1011/1011/1011 1012/1012/1012
f 1012/1012/1012 1011/1011/1011 1013/1013/1013
f 1012/1012/1012 1013/1013/1013 1014/1014/1014
f 1014/1014/1014 1013/1013/1013 1015/1015/1015
f 1014/1014/1014 1015/1015/1015 1016/1016/1016
f 1016/1016/1016 1015/1015/1015 1017/1017/1017
f 1016/1016/1016 1017/1017/1017 1018/1018/1018
f 1018/1018/1018 1017/1017/1017 1019/1019/1019
f 1018/1018/1018 1019/1019/1019 1020/1020/1020
f 1020/1020/1020 1019/1019/1019 1021/1021/1021
f 1020/1020/1020 1021/1021/1021 1022/1022/1022
f 1022/1022/1022 1021/1021/1021 1023/1023/1023
f 1024/1024/1024 1025/1025/1025 1026/1026/1026
f 1026/1026/1026 1025/1025/1025 1027/1027/1027
f 1026/1026/1026 1027/1027/1027 1028/1028/1028
f 1028/1028/1028 1027/1027/1027 1029/1029/1029
f 1028/1028/1028 1029/1029/1029 1030/1030/1030
f 1030/1030/1030 1029/1029/1029 1031/1031/1031
f 1030/1030/1030 1031/1031/1031 1032/1032/1032
f 1032/1032/1032 1031/1031/1031 1033/1033/1033
f 982/982/982 995/995/995 981/981/981
f 981/981/981 995/995/995 1034/1034/1034
f 981/981/981 1034/1034/1034 1035/1035/1035
f 1035/1035/1035 1034/1034/1034 1036/1036/1036
f 1035/1035/1035 1036/1036/1036 987/987/987
f 987/987/987 1036/1036/1036 1037/1037/1037
f 987/987/987 1037/1037/1037 986/986/986
f 986/986/986 1037/1037/1037 1009/1009/1009
f 1038/1038/1038 1039/1039/1039 1040/1040/1040
f 1040/1040/1040 1039/1039/1039 1041/1041/1041
f 1040/1040/1040 1041/1041/1041 1042/1042/1042
f 1042/1042/1042 1041/1041/1041 1043/1043/1043
f 1042/1042/1042 1043/1043/1043 1044/1044/1044
f 1044/1044/1044 1043/1043/1043 1045/1045/1045
f 1044/1044/1044 1045/1045/1045 1046/1046/1046
f 1046/1046/1046 1045/1045/1045 1047/1047/1047
f 1025/1025/1025 1048/1048/1048 1027/1027/1027
f 1027/1027/1027 1048/1048/1048 1049/1049/1049
f 1027/1027/1027 1049/1049/1049 1047/1047/1047
f 1047/1047/1047 1049/1049/1049 1050/1050/1050
f 1047/1047/1047 1050/1050/1050 1046/1046/1046
f 1046/1046/1046 1050/1050/1050 1051/1051/1051
f 1046/1046/1046 1051/1051/1051 1052/1052/1052
f 1039/1039/1039 1033/1033/1033 1041/1041/1041
f 1041/1041/1041 1033/1033/1033 1031/1031/1031
f 1041/1041/1041 1031/1031/1031 1043/1043/1043
f 1043/1043/1043 1031/1031/1031 1029/1029/1029
f 1043/1043/1043 1029/1029/1029 1045/1045/1045
f 1045/1045/1045 1029/1029/1029 1027/1027/1027
f 1045/1045/1045 1027/1027/1027 1047/1047/1047
f 1046/1046/1046 1052/1052/1052 1044/1044/1044
f 1044/1044/1044 1052/1052/1052 1053/1053/1053
f 1044/1044/1044 1053/1053/1053 1042/1042/1042
f 1042/1042/1042 1053/1053/1053 1054/1054/1054
f 1042/1042/1042 1054/1054/1054 1040/1040/1040
f 1040/1040/1040 1054/1054/1054 1038/1038/1038
f 967/967/967 981/981/981 965/965/965
f 965/965/965 981/981/981 1035/1035/1035
f 965/965/965 1035/1035/1035 979/979/979
f 979/979/979 1035/1035/1035 987/987/987
f 1049/1049/1049 1048/1048/1048 1050/1050/1050
f 1050/1050/1050 1048/1048/1048 1051/1051/1051
f 1055/1055/1055 1056/1056/1056 1057/1057/1057
f 1057/1057/1057 1056/1056/1056 1058/1058/1058
f 1057/1057/1057 1058/1058/1058 1059/1059/1059
f 1059/1059/1059 1058/1058/1058 1060/1060/1060
f 1059/1059/1059 1060/1060/1060 1061/1061/1061
f 1061/1061/1061 1060/1060/1060 1062/1062/1062
f 1061/1061/1061 1062/1062/1062 1063/1063/1063
f 1063/1063/1063 1062/1062/1062 1064/1064/1064
f 1065/1065/1065 1066/1066/1066 1067/1067/1067
f 1067/1067/1067 1066/1066/1066 1068/1068/1068
f 1067/1067/1067 1068/1068/1068 1069/1069/1069
f 1069/1069/1069 1068/1068/1068 1070/1070/1070
f 1069/1069/1069 1070/1070/1070 1071/1071/1071
f 1071/1071/1071 1070/1070/1070 1072/1072/1072
f 1071/1071/1071 1072/1072/1072 1073/1073/1073
f 1073/1073/1073 1072/1072/1072 1074/1074/1074
f 1075/1075/1075 1076/1076/1076 1077/1077/1077
f 1077/1077/1077 1076/1076/1076 1078/1078/1078
f 1077/1077/1077 1078/1078/1078 1079/1079/1079
f 1079/1079/1079 1078/1078/1078 1080/1080/1080
f 1079/1079/1079 1080/1080/1080 1081/1081/1081
f 1081/1081/1081 1080/1080/1080 1082/1082/1082
f 1081/1081/1081 1082/1082/1082 1083/1083/1083
f 1056/1056/1056 1084/1084/1084 1058/1058/1058
f 1058/1058/1058 1084/1084/1084 1085/1085/1085
f 1058/1058/1058 1085/1085/1085 1074/1074/1074
f 1074/1074/1074 1085/1085/1085 1086/1086/1086
f 1074/1074/1074 1086/1086/1086 1073/1073/1073
f 1073/1073/1073 1086/1086/1086 1087/1087/1087
f 1073/1073/1073 1087/1087/1087 1088/1088/1088
f 1066/1066/1066 1064/1064/1064 1068/1068/1068
f 1068/1068/1068 1064/1064/1064 1062/1062/1062
f 1068/1068/1068 1062/1062/1062 1070/1070/1070
f 1070/1070/1070 1062/1062/1062 1060/1060/1060
f 1070/1070/1070 1060/1060/1060 1072/1072/1072
f 1072/1072/1072 1060/1060/1060 1058/1058/1058
f 1072/1072/1072 1058/1058/1058 1074/1074/1074
f 1073/1073/1073 1088/1088/1088 1071/1071/1071
f 1071/1071/1071 1088/1088/1088 1089/1089/1089
f 1071/1071/1071 1089/1089/1089 1069/1069/1069
f 1069/1069/1069 1089/1089/1089 1090/1090/1090
f 1069/1069/1069 1090/1090/1090 1067/1067/1067
f 1067/1067/1067 1090/1090/1090 1065/1065/1065
f 1091/1091/1091 1092/1092/1092 1093/1093/1093
f 1093/1093/1093 1092/1092/1092 1094/1094/1094
f 1093/1093/1093 1094/1094/1094 1095/1095/1095
f 1095/1095/1095 1094/1094/1094 1096/1096/1096
f 1095/1095/1095 1096/1096/1096 1097/1097/1097
f 1098/1098/1098 1099/1099/1099 1097/1097/1097
f 1097/1097/1097 1099/1099/1099 1100/1100/1100
f 1097/1097/1097 1100/1100/1100 1095/1095/1095
f 1085/1085/1085 1084/1084/1084 1086/1086/1086
f 1086/1086/1086 1084/1084/1084 1087/1087/1087
f 1101/1101/1101 1102/1102/1102 1103/1103/1103
f 1103/1103/1103 1102/1102/1102 1104/1104/1104
f 1103/1103/1103 1104/1104/1104 1105/1105/1105
f 1105/1105/1105 1104/1104/1104 1106/1106/1106
f 1105/1105/1105 1106/1106/1106 1107/1107/1107
f 1107/1107/1107 1106/1106/1106 1108/1108/1108
f 1107/1107/1107 1108/1108/1108 1109/1109/1109
f 1109/1109/1109 1108/1108/1108 1110/1110/1110
f 1109/1109/1109 1110/1110/1110 1111/1111/1111
f 1111/1111/1111 1110/1110/1110 1112/1112/1112
f 1111/1111/1111 1112/1112/1112 1113/1113/1113
f 1113/1113/1113 1112/1112/1112 1114/1114/1114
f 1113/1113/1113 1114/1114/1114 1115/1115/1115
f 1115/1115/1115 1114/1114/1114 1116/1116/1116
f 1115/1115/1115 1116/1116/1116 1102/1102/1102
f 1102/1102/1102 1116/1116/1116 1117/1117/1117
f 1102/1102/1102 1117/1117/1117 1118/1118/1118
f 1118/1118/1118 1117/1117/1117 1119/1119/1119
f 1118/1118/1118 1119/1119/1119 1120/1120/1120
f 1121/1121/1121 1101/1101/1101 1122/1122/1122
f 1122/1122/1122 1101/1101/1101 1103/1103/1103
f 1122/1122/1122 1103/1103/1103 1123/1123/1123
f 1123/1123/1123 1103/1103/1103 1105/1105/1105
f 1123/1123/1123 1105/1105/1105 1124/1124/1124
f 1124/1124/1124 1105/1105/1105 1107/1107/1107
f 1124/1124/1124 1107/1107/1107 1125/1125/1125
f 1125/1125/1125 1107/1107/1107 1109/1109/1109
f 1125/1125/1125 1109/1109/1109 1126/1126/1126
f 1126/1126/1126 1109/1109/1109 1111/1111/1111
f 1126/1126/1126 1111/1111/1111 1127/1127/1127
f 1127/1127/1127 1111/1111/1111 1113/1113/1113
f 1127/1127/1127 1113/1113/1113 1128/1128/1128
f 1128/1128/1128 1113/1113/1113 1115/1115/1115
f 1128/1128/1128 1115/1115/1115 1121/1121/1121
f 1121/1121/1121 1115/1115/1115 1101/1101/1101
f 1119/1119/1119 1117/1117/1117 1099/1099/1099
f 1099/1099/1099 1117/1117/1117 1129/1129/1129
f 1099/1099/1099 1129/1129/1129 1100/1100/1100
f 1100/1100/1100 1129/1129/1129 1130/1130/1130
f 1100/1100/1100 1130/1130/1130 1095/1095/1095
f 1095/1095/1095 1130/1130/1130 1131/1131/1131
f 1095/1095/1095 1131/1131/1131 1093/1093/1093
f 1093/1093/1093 1131/1131/1131 1132/1132/1132
f 1093/1093/1093 1132/1132/1132 1091/1091/1091
f 1091/1091/1091 1132/1132/1132 1133/1133/1133
f 1091/1091/1091 1133/1133/1133 1134/1134/1134
f 1134/1134/1134 1133/1133/1133 1135/1135/1135
f 1134/1134/1134 1135/1135/1135 1120/1120/1120
f 1120/1120/1120 1135/1135/1135 1118/1118/1118
f 1117/1117/1117 1116/1116/1116 1129/1129/1129
f 1129/1129/1129 1116/1116/1116 1114/1114/1114
f 1129/1129/1129 1114/1114/1114 1130/1130/1130
f 1130/1130/1130 1114/1114/1114 1112/1112/1112
f 1130/1130/1130 1112/1112/1112 1131/1131/1131
f 1131/1131/1131 1112/1112/1112 1110/1110/1110
f 1131/1131/1131 1110/1110/1110 1132/1132/1132
f 1132/1132/1132 1110/1110/1110 1108/1108/1108
f 1132/1132/1132 1108/1108/1108 1133/1133/1133
f 1133/1133/1133 1108/1108/1108 1106/1106/1106
f 1133/1133/1133 1106/1106/1106 1135/1135/1135
f 1135/1135/1135 1106/1106/1106 1104/1104/1104
f 1092/1092/1092 1091/1091/1091 1136/1136/1136
f 1136/1136/1136 1091/1091/1091 1134/1134/1134
f 1136/1136/1136 1134/1134/1134 1137/1137/1137
f 1137/1137/1137 1134/1134/1134 1120/1120/1120
f 1137/1137/1137 1120/1120/1120 1138/1138/1138
f 1138/1138/1138 1120/1120/1120 1119/1119/1119
f 1138/1138/1138 1119/1119/1119 1098/1098/1098
f 1098/1098/1098 1119/1119/1119 1099/1099/1099
f 1139/1139/1139 1140/1140/1140 1141/1141/1141
f 1141/1141/1141 1140/1140/1140 1142/1142/1142
f 1141/1141/1141 1142/1142/1142 1143/1143/1143
f 1143/1143/1143 1142/1142/1142 1083/1083/1083
f 1143/1143/1143 1083/1083/1083 1082/1082/1082
f 902/902/902 901/901/901 1144/1144/1144
f 1144/1144/1144 901/901/901 884/884/884
f 1144/1144/1144 884/884/884 885/885/885
f 1118/1118/1118 1135/1135/1135 1102/1102/1102
f 1102/1102/1102 1135/1135/1135 1104/1104/1104
f 885/885/885 905/905/905 1144/1144/1144
f 1102/1102/1102 1101/1101/1101 1115/1115/1115
g batch4_face
usemtl face
f 386/386/386 387/387/387 388/388/388
f 388/388/388 387/387/387 389/389/389
f 388/388/388 389/389/389 390/390/390
f 390/390/390 389/389/389 391/391/391
f 390/390/390 391/391/391 392/392/392
f 392/392/392 391/391/391 393/393/393
f 392/392/392 393/393/393 394/394/394
f 394/394/394 393/393/393 395/395/395
f 394/394/394 395/395/395 396/396/396
f 396/396/396 395/395/395 397/397/397
f 396/396/396 397/397/397 398/398/398
f 398/398/398 397/397/397 399/399/399
f 398/398/398 399/399/399 400/400/400
f 400/400/400 399/399/399 401/401/401
f 400/400/400 401/401/401 402/402/402
f 402/402/402 401/401/401 403/403/403
f 402/402/402 403/403/403 404/404/404
f 404/404/404 403/403/403 405/405/405
f 404/404/404 405/405/405 406/406/406
f 406/406/406 405/405/405 407/407/407
f 406/406/406 407/407/407 408/408/408
f 408/408/408 407/407/407 409/409/409
f 408/408/408 409/409/409 410/410/410
f 410/410/410 409/409/409 411/411/411
f 410/410/410 411/411/411 412/412/412
f 412/412/412 411/411/411 413/413/413
f 412/412/412 413/413/413 414/414/414
f 414/414/414 413/413/413 415/415/415
f 414/414/414 415/415/415 416/416/416
f 390/390/390 392/392/392 417/417/417
f 417/417/417 392/392/392 394/394/394
f 417/417/417 394/394/394 418/418/418
f 418/418/418 394/394/394 396/396/396
f 418/418/418 396/396/396 419/419/419
f 419/419/419 396/396/396 420/420/420
f 419/419/419 420/420/420 421/421/421
f 421/421/421 420/420/420 422/422/422
f 421/421/421 422/422/422 423/423/423
f 423/423/423 422/422/422 424/424/424
f 423/423/423 424/424/424 425/425/425
f 425/425/425 424/424/424 426/426/426
f 425/425/425 426/426/426 427/427/427
f 427/427/427 426/426/426 428/428/428
f 427/427/427 428/428/428 429/429/429
f 429/429/429 428/428/428 430/430/430
f 429/429/429 430/430/430 431/431/431
f 431/431/431 430/430/430 432/432/432
f 431/431/431 432/432/432 433/433/433
f 434/434/434 435/435/435 436/436/436
f 436/436/436 435/435/435 437/437/437
f 436/436/436 437/437/437 438/438/438
f 438/438/438 437/437/437 439/439/439
f 438/438/438 439/439/439 440/440/440
f 440/440/440 439/439/439 441/441/441
f 440/440/440 441/441/441 442/442/442
f 442/442/442 441/441/441 443/443/443
f 442/442/442 443/443/443 444/444/444
f 444/444/444 443/443/443 445/445/445
f 444/444/444 445/445/445 446/446/446
f 446/446/446 445/445/445 447/447/447
f 446/446/446 447/447/447 448/448/448
f 448/448/448 447/447/447 449/449/449
f 415/415/415 413/413/413 450/450/450
f 450/450/450 413/413/413 411/411/411
f 450/450/450 411/411/411 451/451/451
f 451/451/451 411/411/411 452/452/452
f 451/451/451 452/452/452 453/453/453
f 453/453/453 452/452/452 454/454/454
f 453/453/453 454/454/454 455/455/455
f 455/455/455 454/454/454 456/456/456
f 455/455/455 456/456/456 457/457/457
f 457/457/457 456/456/456 458/458/458
f 457/457/457 458/458/458 459/459/459
f 459/459/459 458/458/458 460/460/460
f 459/459/459 460/460/460 461/461/461
f 461/461/461 460/460/460 462/462/462
f 396/396/396 398/398/398 420/420/420
f 420/420/420 398/398/398 463/463/463
f 420/420/420 463/463/463 422/422/422
f 422/422/422 463/463/463 464/464/464
f 422/422/422 464/464/464 424/424/424
f 424/424/424 464/464/464 465/465/465
f 424/424/424 465/465/465 426/426/426
f 426/426/426 465/465/465 466/466/466
f 426/426/426 466/466/466 428/428/428
f 428/428/428 466/466/466 467/467/467
f 428/428/428 467/467/467 430/430/430
f 430/430/430 467/467/467 468/468/468
f 430/430/430 468/468/468 432/432/432
f 469/469/469 470/470/470 471/471/471
f 471/471/471 470/470/470 472/472/472
f 471/471/471 472/472/472 473/473/473
f 473/473/473 472/472/472 474/474/474
f 473/473/473 474/474/474 475/475/475
f 475/475/475 474/474/474 386/386/386
f 475/475/475 386/386/386 476/476/476
f 476/476/476 386/386/386 388/388/388
f 476/476/476 388/388/388 477/477/477
f 477/477/477 388/388/388 478/478/478
f 409/409/409 407/407/407 479/479/479
f 479/479/479 407/407/407 480/480/480
f 479/479/479 480/480/480 481/481/481
f 481/481/481 480/480/480 434/434/434
f 481/481/481 434/434/434 458/458/458
f 458/458/458 434/434/434 436/436/436
f 458/458/458 436/436/436 460/460/460
f 460/460/460 436/436/436 482/482/482
f 460/460/460 482/482/482 414/414/414
f 414/414/414 482/482/482 412/412/412
f 427/427/427 429/429/429 483/483/483
f 483/483/483 429/429/429 484/484/484
f 483/483/483 484/484/484 485/485/485
f 485/485/485 484/484/484 486/486/486
f 485/485/485 486/486/486 487/487/487
f 487/487/487 486/486/486 488/488/488
f 487/487/487 488/488/488 475/475/475
f 475/475/475 488/488/488 473/473/473
f 429/429/429 431/431/431 484/484/484
f 484/484/484 431/431/431 489/489/489
f 484/484/484 489/489/489 486/486/486
f 486/486/486 489/489/489 490/490/490
f 486/486/486 490/490/490 488/488/488
f 488/488/488 490/490/490 491/491/491
f 488/488/488 491/491/491 473/473/473
f 473/473/473 491/491/491 471/471/471
f 402/402/402 404/404/404 492/492/492
f 492/492/492 404/404/404 493/493/493
f 492/492/492 493/493/493 494/494/494
f 494/494/494 493/493/493 495/495/495
f 494/494/494 495/495/495 496/496/496
f 496/496/496 495/495/495 497/497/497
f 496/496/496 497/497/497 498/498/498
f 498/498/498 497/497/497 499/499/499
f 500/500/500 445/445/445 470/470/470
f 470/470/470 445/445/445 501/501/501
f 470/470/470 501/501/501 502/502/502
f 502/502/502 501/501/501 387/387/387
f 502/502/502 387/387/387 474/474/474
f 474/474/474 387/387/387 386/386/386
f 471/471/471 491/491/491 503/503/503
f 503/503/503 491/491/491 490/490/490
f 503/503/503 490/490/490 504/504/504
f 504/504/504 490/490/490 489/489/489
f 504/504/504 489/489/489 433/433/433
f 433/433/433 489/489/489 431/431/431
f 493/493/493 505/505/505 495/495/495
f 495/495/495 505/505/505 506/506/506
f 495/495/495 506/506/506 497/497/497
f 497/497/497 506/506/506 507/507/507
f 497/497/497 507/507/507 499/499/499
f 499/499/499 507/507/507 508/508/508
f 436/436/436 438/438/438 482/482/482
f 482/482/482 438/438/438 509/509/509
f 482/482/482 509/509/509 412/412/412
f 412/412/412 509/509/509 510/510/510
f 412/412/412 510/510/510 410/410/410
f 410/410/410 510/510/510 408/408/408
f 411/411/411 409/409/409 452/452/452
f 452/452/452 409/409/409 479/479/479
f 452/452/452 479/479/479 454/454/454
f 454/454/454 479/479/479 481/481/481
f 454/454/454 481/481/481 456/456/456
f 456/456/456 481/481/481 458/458/458
f 445/445/445 511/511/511 447/447/447
f 447/447/447 511/511/511 512/512/512
f 447/447/447 512/512/512 449/449/449
f 449/449/449 512/512/512 513/513/513
f 449/449/449 513/513/513 514/514/514
f 514/514/514 513/513/513 515/515/515
f 400/400/400 402/402/402 516/516/516
f 516/516/516 402/402/402 492/492/492
f 516/516/516 492/492/492 517/517/517
f 517/517/517 492/492/492 494/494/494
f 517/517/517 494/494/494 518/518/518
f 407/407/407 405/405/405 480/480/480
f 480/480/480 405/405/405 401/401/401
f 480/480/480 401/401/401 519/519/519
f 519/519/519 401/401/401 399/399/399
f 519/519/519 399/399/399 397/397/397
f 467/467/467 466/466/466 520/520/520
f 520/520/520 466/466/466 521/521/521
f 520/520/520 521/521/521 522/522/522
f 522/522/522 521/521/521 523/523/523
f 468/468/468 467/467/467 524/524/524
f 524/524/524 467/467/467 520/520/520
f 524/524/524 520/520/520 525/525/525
f 525/525/525 520/520/520 522/522/522
f 397/397/397 395/395/395 519/519/519
f 519/519/519 395/395/395 435/435/435
f 519/519/519 435/435/435 480/480/480
f 480/480/480 435/435/435 434/434/434
f 398/398/398 400/400/400 463/463/463
f 463/463/463 400/400/400 516/516/516
f 463/463/463 516/516/516 464/464/464
f 464/464/464 516/516/516 465/465/465
f 393/393/393 391/391/391 526/526/526
f 526/526/526 391/391/391 527/527/527
f 526/526/526 527/527/527 441/441/441
f 441/441/441 527/527/527 443/443/443
f 391/391/391 389/389/389 527/527/527
f 527/527/527 389/389/389 528/528/528
f 527/527/527 528/528/528 443/443/443
f 443/443/443 528/528/528 445/445/445
f 441/441/441 439/439/439 526/526/526
f 526/526/526 439/439/439 529/529/529
f 526/526/526 529/529/529 393/393/393
f 393/393/393 529/529/529 395/395/395
f 389/389/389 387/387/387 528/528/528
f 528/528/528 387/387/387 501/501/501
f 528/528/528 501/501/501 445/445/445
f 509/509/509 530/530/530 510/510/510
f 510/510/510 530/530/530 406/406/406
f 510/510/510 406/406/406 408/408/408
f 438/438/438 440/440/440 509/509/509
f 509/509/509 440/440/440 531/531/531
f 509/509/509 531/531/531 530/530/530
f 523/523/523 521/521/521 532/532/532
f 532/532/532 521/521/521 517/517/517
f 532/532/532 517/517/517 518/518/518
f 511/511/511 533/533/533 512/512/512
f 512/512/512 533/533/533 534/534/534
f 512/512/512 534/534/534 535/535/535
f 536/536/536 537/537/537 506/506/506
f 506/506/506 537/537/537 507/507/507
f 395/395/395 529/529/529 435/435/435
f 435/435/435 529/529/529 437/437/437
f 466/466/466 465/465/465 521/521/521
f 521/521/521 465/465/465 517/517/517
f 508/508/508 507/507/507 538/538/538
f 538/538/538 507/507/507 537/537/537
f 470/470/470 502/502/502 472/472/472
f 472/472/472 502/502/502 474/474/474
f 444/444/444 531/531/531 442/442/442
f 442/442/442 531/531/531 440/440/440
f 414/414/414 416/416/416 460/460/460
f 460/460/460 416/416/416 462/462/462
f 515/515/515 513/513/513 539/539/539
f 539/539/539 513/513/513 535/535/535
f 388/388/388 390/390/390 478/478/478
f 478/478/478 390/390/390 417/417/417
f 405/405/405 403/403/403 401/401/401
f 517/517/517 465/465/465 516/516/516
f 535/535/535 513/513/513 512/512/512
f 439/439/439 437/437/437 529/529/529
g batch5_mouth
usemtl mouth
f 540/540/540 541/541/541 542/542/542
f 542/542/542 541/541/541 543/543/543
f 542/542/542 543/543/543 544/544/544
f 544/544/544 543/543/543 545/545/545
f 544/544/544 545/545/545 546/546/546
f 546/546/546 545/545/545 547/547/547
f 546/546/546 547/547/547 548/548/548
f 548/548/548 547/547/547 549/549/549
f 541/541/541 550/550/550 543/543/543
f 543/543/543 550/550/550 551/551/551
f 543/543/543 551/551/551 545/545/545
f 545/545/545 551/551/551 552/552/552
f 545/545/545 552/552/552 547/547/547
f 547/547/547 552/552/552 553/553/553
f 547/547/547 553/553/553 549/549/549
f 549/549/549 553/553/553 554/554/554
f 555/555/555 556/556/556 557/557/557
f 557/557/557 556/556/556 558/558/558
f 557/557/557 558/558/558 550/550/550
f 550/550/550 558/558/558 551/551/551
f 554/554/554 553/553/553 559/559/559
f 559/559/559 553/553/553 560/560/560
f 559/559/559 560/560/560 561/561/561
f 561/561/561 560/560/560 556/556/556
f 553/553/553 552/552/552 560/560/560
f 560/560/560 552/552/552 562/562/562
f 560/560/560 562/562/562 556/556/556
f 556/556/556 562/562/562 558/558/558
f 552/552/552 551/551/551 562/562/562
f 562/562/562 551/551/551 558/558/558
g batch6_sleeve
usemtl sleeve
f 189/189/189 190/190/190 191/191/191
f 191/191/191 190/190/190 192/192/192
f 191/191/191 192/192/192 193/193/193
f 193/193/193 192/192/192 194/194/194
f 193/193/193 194/194/194 195/195/195
f 195/195/195 194/194/194 196/196/196
f 195/195/195 196/196/196 197/197/197
f 197/197/197 196/196/196 198/198/198
f 197/197/197 198/198/198 199/199/199
f 199/199/199 198/198/198 200/200/200
f 199/199/199 200/200/200 201/201/201
f 201/201/201 200/200/200 202/202/202
f 201/201/201 202/202/202 203/203/203
f 203/203/203 202/202/202 204/204/204
f 205/205/205 206/206/206 207/207/207
f 207/207/207 206/206/206 189/189/189
f 207/207/207 189/189/189 208/208/208
f 208/208/208 189/189/189 191/191/191
f 208/208/208 191/191/191 209/209/209
f 209/209/209 191/191/191 210/210/210
f 209/209/209 210/210/210 211/211/211
f 211/211/211 210/210/210 212/212/212
f 211/211/211 212/212/212 213/213/213
f 213/213/213 212/212/212 214/214/214
f 213/213/213 214/214/214 215/215/215
f 215/215/215 214/214/214 216/216/216
f 191/191/191 193/193/193 210/210/210
f 210/210/210 193/193/193 217/217/217
f 210/210/210 217/217/217 212/212/212
f 212/212/212 217/217/217 218/218/218
f 212/212/212 218/218/218 219/219/219
f 219/219/219 218/218/218 220/220/220
f 219/219/219 220/220/220 221/221/221
f 221/221/221 220/220/220 222/222/222
f 193/193/193 195/195/195 217/217/217
f 217/217/217 195/195/195 223/223/223
f 217/217/217 223/223/223 224/224/224
f 224/224/224 223/223/223 199/199/199
f 224/224/224 199/199/199 225/225/225
f 225/225/225 199/199/199 226/226/226
f 225/225/225 226/226/226 227/227/227
f 227/227/227 226/226/226 228/228/228
f 211/211/211 198/198/198 209/209/209
f 209/209/209 198/198/198 229/229/229
f 209/209/209 229/229/229 208/208/208
f 208/208/208 229/229/229 230/230/230
f 208/208/208 230/230/230 207/207/207
f 207/207/207 230/230/230 231/231/231
f 206/206/206 232/232/232 189/189/189
f 189/189/189 232/232/232 233/233/233
f 189/189/189 233/233/233 190/190/190
f 190/190/190 233/233/233 234/234/234
f 190/190/190 234/234/234 235/235/235
f 222/222/222 236/236/236 237/237/237
f 237/237/237 236/236/236 238/238/238
f 237/237/237 238/238/238 239/239/239
f 239/239/239 238/238/238 225/225/225
f 239/239/239 225/225/225 227/227/227
f 198/198/198 211/211/211 200/200/200
f 200/200/200 211/211/211 240/240/240
f 200/200/200 240/240/240 202/202/202
f 202/202/202 240/240/240 204/204/204
f 241/241/241 231/231/231 242/242/242
f 242/242/242 231/231/231 243/243/243
f 242/242/242 243/243/243 194/194/194
f 194/194/194 243/243/243 196/196/196
f 198/198/198 196/196/196 229/229/229
f 229/229/229 196/196/196 243/243/243
f 229/229/229 243/243/243 230/230/230
f 230/230/230 243/243/243 231/231/231
f 204/204/204 240/240/240 244/244/244
f 244/244/244 240/240/240 245/245/245
f 244/244/244 245/245/245 246/246/246
f 246/246/246 245/245/245 215/215/215
f 217/217/217 224/224/224 218/218/218
f 218/218/218 224/224/224 236/236/236
f 218/218/218 236/236/236 220/220/220
f 220/220/220 236/236/236 222/222/222
f 205/205/205 207/207/207 247/247/247
f 247/247/247 207/207/207 231/231/231
f 247/247/247 231/231/231 248/248/248
f 248/248/248 231/231/231 241/241/241
f 190/190/190 235/235/235 249/249/249
f 249/249/249 235/235/235 250/250/250
f 249/249/249 250/250/250 251/251/251
f 221/221/221 216/216/216 219/219/219
f 219/219/219 216/216/216 214/214/214
f 219/219/219 214/214/214 212/212/212
f 249/249/249 251/251/251 242/242/242
f 242/242/242 251/251/251 252/252/252
f 242/242/242 252/252/252 241/241/241
f 203/203/203 228/228/228 201/201/201
f 201/201/201 228/228/228 226/226/226
f 201/201/201 226/226/226 199/199/199
f 215/215/215 245/245/245 213/213/213
f 213/213/213 245/245/245 211/211/211
f 190/190/190 249/249/249 192/192/192
f 192/192/192 249/249/249 194/194/194
f 195/195/195 197/197/197 223/223/223
f 223/223/223 197/197/197 199/199/199
f 236/236/236 224/224/224 238/238/238
f 238/238/238 224/224/224 225/225/225
f 249/249/249 242/242/242 194/194/194
f 211/211/211 245/245/245 240/240/240
f 253/253/253 254/254/254 255/255/255
f 255/255/255 254/254/254 256/256/256
f 255/255/255 256/256/256 257/257/257
f 257/257/257 256/256/256 258/258/258
f 257/257/257 258/258/258 259/259/259
f 259/259/259 258/258/258 260/260/260
f 259/259/259 260/260/260 261/261/261
f 261/261/261 260/260/260 262/262/262
f 261/261/261 262/262/262 263/263/263
f 263/263/263 262/262/262 264/264/264
f 263/263/263 264/264/264 265/265/265
f 265/265/265 264/264/264 266/266/266
f 265/265/265 266/266/266 267/267/267
f 267/267/267 266/266/266 268/268/268
f 267/267/267 268/268/268 269/269/269
f 269/269/269 268/268/268 270/270/270
f 269/269/269 271/271/271 267/267/267
f 267/267/267 271/271/271 272/272/272
f 267/267/267 272/272/272 265/265/265
f 265/265/265 272/272/272 273/273/273
f 265/265/265 273/273/273 274/274/274
f 274/274/274 273/273/273 275/275/275
f 274/274/274 275/275/275 276/276/276
f 276/276/276 275/275/275 277/277/277
f 276/276/276 277/277/277 278/278/278
f 268/268/268 266/266/266 279/279/279
f 279/279/279 266/266/266 280/280/280
f 279/279/279 280/280/280 281/281/281
f 281/281/281 280/280/280 282/282/282
f 281/281/281 282/282/282 283/283/283
f 283/283/283 282/282/282 284/284/284
f 283/283/283 284/284/284 285/285/285
f 285/285/285 284/284/284 286/286/286
f 287/287/287 264/264/264 288/288/288
f 288/288/288 264/264/264 262/262/262
f 288/288/288 262/262/262 289/289/289
f 289/289/289 262/262/262 260/260/260
f 289/289/289 260/260/260 290/290/290
f 290/290/290 260/260/260 291/291/291
f 290/290/290 291/291/291 292/292/292
f 293/293/293 294/294/294 295/295/295
f 295/295/295 294/294/294 296/296/296
f 295/295/295 296/296/296 274/274/274
f 274/274/274 296/296/296 297/297/297
f 274/274/274 297/297/297 265/265/265
f 265/265/265 297/297/297 263/263/263
f 277/277/277 275/275/275 298/298/298
f 298/298/298 275/275/275 273/273/273
f 298/298/298 273/273/273 299/299/299
f 299/299/299 273/273/273 272/272/272
f 299/299/299 272/272/272 271/271/271
f 292/292/292 300/300/300 290/290/290
f 290/290/290 300/300/300 301/301/301
f 290/290/290 301/301/301 302/302/302
f 302/302/302 301/301/301 303/303/303
f 302/302/302 303/303/303 304/304/304
f 254/254/254 305/305/305 256/256/256
f 256/256/256 305/305/305 306/306/306
f 256/256/256 306/306/306 291/291/291
f 291/291/291 306/306/306 307/307/307
f 291/291/291 307/307/307 292/292/292
f 266/266/266 264/264/264 280/280/280
f 280/280/280 264/264/264 287/287/287
f 280/280/280 287/287/287 308/308/308
f 308/308/308 287/287/287 257/257/257
f 308/308/308 257/257/257 259/259/259
f 282/282/282 280/280/280 294/294/294
f 294/294/294 280/280/280 308/308/308
f 294/294/294 308/308/308 296/296/296
f 296/296/296 308/308/308 259/259/259
f 296/296/296 259/259/259 261/261/261
f 304/304/304 309/309/309 302/302/302
f 302/302/302 309/309/309 310/310/310
f 302/302/302 310/310/310 289/289/289
f 289/289/289 310/310/310 288/288/288
f 274/274/274 276/276/276 295/295/295
f 295/295/295 276/276/276 311/311/311
f 295/295/295 311/311/311 293/293/293
f 293/293/293 311/311/311 312/312/312
f 282/282/282 294/294/294 284/284/284
f 284/284/284 294/294/294 293/293/293
f 284/284/284 293/293/293 286/286/286
f 286/286/286 293/293/293 312/312/312
f 253/253/253 255/255/255 313/313/313
f 313/313/313 255/255/255 309/309/309
f 313/313/313 309/309/309 314/314/314
f 314/314/314 309/309/309 304/304/304
f 315/315/315 316/316/316 317/317/317
f 317/317/317 316/316/316 318/318/318
f 317/317/317 318/318/318 319/319/319
f 319/319/319 318/318/318 320/320/320
f 287/287/287 288/288/288 321/321/321
f 321/321/321 288/288/288 310/310/310
f 321/321/321 310/310/310 309/309/309
f 309/309/309 255/255/255 321/321/321
f 321/321/321 255/255/255 257/257/257
f 321/321/321 257/257/257 287/287/287
f 322/322/322 270/270/270 279/279/279
f 279/279/279 270/270/270 268/268/268
f 283/283/283 322/322/322 281/281/281
f 281/281/281 322/322/322 279/279/279
f 296/296/296 261/261/261 297/297/297
f 297/297/297 261/261/261 263/263/263
f 276/276/276 278/278/278 311/311/311
f 311/311/311 278/278/278 312/312/312
f 256/256/256 291/291/291 258/258/258
f 258/258/258 291/291/291 260/260/260
f 289/289/289 290/290/290 302/302/302
f 323/323/323 324/324/324 325/325/325
f 325/325/325 324/324/324 326/326/326
f 325/325/325 326/326/326 327/327/327
f 327/327/327 326/326/326 328/328/328
f 320/320/320 325/325/325 319/319/319
f 319/319/319 325/325/325 327/327/327
f 319/319/319 327/327/327 329/329/329
f 316/316/316 315/315/315 330/330/330
f 330/330/330 315/315/315 331/331/331
f 330/330/330 331/331/331 332/332/332
f 333/333/333 324/324/324 334/334/334
f 334/334/334 324/324/324 323/323/323
f 335/335/335 332/332/332 336/336/336
f 336/336/336 332/332/332 331/331/331
f 331/331/331 315/315/315 337/337/337
f 337/337/337 315/315/315 338/338/338
f 329/329/329 338/338/338 319/319/319
f 319/319/319 338/338/338 317/317/317
f 317/317/317 338/338/338 315/315/315
f 338/338/338 329/329/329 337/337/337
f 337/337/337 329/329/329 339/339/339
f 337/337/337 339/339/339 331/331/331
f 331/331/331 339/339/339 340/340/340
f 331/331/331 340/340/340 336/336/336
f 336/336/336 340/340/340 341/341/341
f 336/336/336 341/341/341 335/335/335
f 335/335/335 341/341/341 342/342/342
f 335/335/335 342/342/342 343/343/343
f 343/343/343 342/342/342 344/344/344
f 343/343/343 344/344/344 345/345/345
f 345/345/345 344/344/344 346/346/346
f 345/345/345 346/346/346 347/347/347
f 347/347/347 346/346/346 348/348/348
f 347/347/347 348/348/348 349/349/349
f 349/349/349 348/348/348 350/350/350
f 349/349/349 350/350/350 351/351/351
f 351/351/351 350/350/350 352/352/352
f 351/351/351 352/352/352 353/353/353
f 353/353/353 352/352/352 354/354/354
f 353/353/353 354/354/354 355/355/355
f 355/355/355 354/354/354 356/356/356
f 355/355/355 356/356/356 333/333/333
f 333/333/333 356/356/356 357/357/357
f 333/333/333 357/357/357 324/324/324
f 324/324/324 357/357/357 326/326/326
f 326/326/326 358/358/358 328/328/328
f 328/328/328 358/358/358 359/359/359
f 328/328/328 359/359/359 360/360/360
f 360/360/360 359/359/359 361/361/361
f 360/360/360 361/361/361 362/362/362
f 342/342/342 341/341/341 344/344/344
f 344/344/344 341/341/341 363/363/363
f 344/344/344 363/363/363 364/364/364
f 364/364/364 363/363/363 365/365/365
f 341/341/341 340/340/340 363/363/363
f 363/363/363 340/340/340 362/362/362
f 363/363/363 362/362/362 365/365/365
f 365/365/365 362/362/362 361/361/361
f 339/339/339 329/329/329 360/360/360
f 360/360/360 329/329/329 327/327/327
f 360/360/360 327/327/327 328/328/328
f 356/356/356 358/358/358 357/357/357
f 357/357/357 358/358/358 326/326/326
f 346/346/346 344/344/344 366/366/366
f 366/366/366 344/344/344 364/364/364
f 353/353/353 355/355/355 367/367/367
f 367/367/367 355/355/355 333/333/333
f 340/340/340 339/339/339 362/362/362
f 362/362/362 339/339/339 360/360/360
f 343/343/343 368/368/368 335/335/335
f 335/335/335 368/368/368 369/369/369
f 370/370/370 371/371/371 372/372/372
f 372/372/372 371/371/371 373/373/373
f 369/369/369 368/368/368 371/371/371
f 371/371/371 368/368/368 373/373/373
f 374/374/374 375/375/375 376/376/376
f 376/376/376 375/375/375 377/377/377
f 376/376/376 377/377/377 378/378/378
f 378/378/378 377/377/377 379/379/379
f 378/378/378 379/379/379 380/380/380
f 380/380/380 379/379/379 373/373/373
f 380/380/380 373/373/373 368/368/368
f 367/367/367 381/381/381 353/353/353
f 353/353/353 381/381/381 374/374/374
f 353/353/353 374/374/374 351/351/351
f 351/351/351 374/374/374 376/376/376
f 351/351/351 376/376/376 349/349/349
f 349/349/349 376/376/376 347/347/347
f 370/370/370 372/372/372 382/382/382
f 382/382/382 372/372/372 383/383/383
f 382/382/382 383/383/383 384/384/384
f 384/384/384 383/383/383 375/375/375
f 384/384/384 375/375/375 381/381/381
f 381/381/381 375/375/375 374/374/374
f 368/368/368 343/343/343 380/380/380
f 380/380/380 343/343/343 345/345/345
f 380/380/380 345/345/345 378/378/378
f 378/378/378 345/345/345 347/347/347
f 378/378/378 347/347/347 376/376/376
f 333/333/333 334/334/334 367/367/367
f 367/367/367 334/334/334 385/385/385
f 367/367/367 385/385/385 381/381/381
f 373/373/373 379/379/379 372/372/372
f 372/372/372 379/379/379 383/383/383
f 375/375/375 383/383/383 377/377/377
f 377/377/377 383/383/383 379/379/379
g batch7_ear(5)
usemtl ear(5)
f 1145/1145/1145 1146/1146/1146 1147/1147/1147
f 1147/1147/1147 1146/1146/1146 1148/1148/1148
f 1147/1147/1147 1148/1148/1148 1149/1149/1149
f 1149/1149/1149 1148/1148/1148 1150/1150/1150
f 1149/1149/1149 1150/1150/1150 1151/1151/1151
f 1151/1151/1151 1150/1150/1150 1152/1152/1152
f 1151/1151/1151 1152/1152/1152 1153/1153/1153
f 1153/1153/1153 1152/1152/1152 1154/1154/1154
f 1153/1153/1153 1154/1154/1154 1155/1155/1155
f 1155/1155/1155 1154/1154/1154 1156/1156/1156
f 1155/1155/1155 1156/1156/1156 1157/1157/1157
f 1157/1157/1157 1156/1156/1156 1158/1158/1158
f 1157/1157/1157 1158/1158/1158 1159/1159/1159
f 1159/1159/1159 1158/1158/1158 1160/1160/1160
f 1159/1159/1159 1160/1160/1160 1161/1161/1161
f 1161/1161/1161 1160/1160/1160 1162/1162/1162
f 1161/1161/1161 1162/1162/1162 1163/1163/1163
f 1163/1163/1163 1162/1162/1162 1164/1164/1164
f 1163/1163/1163 1164/1164/1164 1165/1165/1165
f 1165/1165/1165 1164/1164/1164 1166/1166/1166
f 1165/1165/1165 1166/1166/1166 1167/1167/1167
f 1167/1167/1167 1166/1166/1166 1168/1168/1168
f 1167/1167/1167 1168/1168/1168 1169/1169/1169
f 1169/1169/1169 1168/1168/1168 1170/1170/1170
f 1169/1169/1169 1170/1170/1170 1171/1171/1171
f 1171/1171/1171 1170/1170/1170 1172/1172/1172
f 1171/1171/1171 1172/1172/1172 1173/1173/1173
f 1173/1173/1173 1172/1172/1172 1174/1174/1174
f 1173/1173/1173 1174/1174/1174 1157/1157/1157
f 1157/1157/1157 1174/1174/1174 1175/1175/1175
f 1157/1157/1157 1175/1175/1175 1176/1176/1176
f 1176/1176/1176 1175/1175/1175 1177/1177/1177
f 1176/1176/1176 1177/1177/1177 1178/1178/1178
f 1178/1178/1178 1177/1177/1177 1179/1179/1179
f 1178/1178/1178 1179/1179/1179 1180/1180/1180
f 1180/1180/1180 1179/1179/1179 1162/1162/1162
f 1180/1180/1180 1162/1162/1162 1181/1181/1181
f 1181/1181/1181 1162/1162/1162 1160/1160/1160
f 1181/1181/1181 1160/1160/1160 1182/1182/1182
f 1182/1182/1182 1160/1160/1160 1183/1183/1183
f 1182/1182/1182 1183/1183/1183 1184/1184/1184
f 1184/1184/1184 1183/1183/1183 1185/1185/1185
f 1184/1184/1184 1185/1185/1185 1186/1186/1186
f 1186/1186/1186 1185/1185/1185 1187/1187/1187
f 1186/1186/1186 1187/1187/1187 1188/1188/1188
f 1188/1188/1188 1187/1187/1187 1189/1189/1189
f 1188/1188/1188 1189/1189/1189 1190/1190/1190
f 1190/1190/1190 1189/1189/1189 1191/1191/1191
f 1190/1190/1190 1191/1191/1191 1192/1192/1192
f 1192/1192/1192 1191/1191/1191 1193/1193/1193
f 1192/1192/1192 1193/1193/1193 1194/1194/1194
f 1194/1194/1194 1193/1193/1193 1195/1195/1195
f 1194/1194/1194 1195/1195/1195 1196/1196/1196
f 1196/1196/1196 1195/1195/1195 1197/1197/1197
f 1196/1196/1196 1197/1197/1197 1198/1198/1198
f 1198/1198/1198 1197/1197/1197 1199/1199/1199
f 1198/1198/1198 1199/1199/1199 1200/1200/1200
f 1200/1200/1200 1199/1199/1199 1201/1201/1201
f 1200/1200/1200 1201/1201/1201 1202/1202/1202
f 1202/1202/1202 1201/1201/1201 1203/1203/1203
f 1202/1202/1202 1203/1203/1203 1204/1204/1204
f 1204/1204/1204 1203/1203/1203 1205/1205/1205
f 1204/1204/1204 1205/1205/1205 1206/1206/1206
f 1206/1206/1206 1205/1205/1205 1207/1207/1207
f 1206/1206/1206 1207/1207/1207 1208/1208/1208
f 1208/1208/1208 1207/1207/1207 1180/1180/1180
f 1208/1208/1208 1180/1180/1180 1181/1181/1181
f 1158/1158/1158 1156/1156/1156 1209/1209/1209
f 1209/1209/1209 1156/1156/1156 1210/1210/1210
f 1209/1209/1209 1210/1210/1210 1211/1211/1211
f 1211/1211/1211 1210/1210/1210 1212/1212/1212
f 1211/1211/1211 1212/1212/1212 1213/1213/1213
f 1213/1213/1213 1212/1212/1212 1214/1214/1214
f 1213/1213/1213 1214/1214/1214 1215/1215/1215
f 1215/1215/1215 1214/1214/1214 1216/1216/1216
f 1215/1215/1215 1216/1216/1216 1217/1217/1217
f 1217/1217/1217 1216/1216/1216 1218/1218/1218
f 1217/1217/1217 1218/1218/1218 1219/1219/1219
f 1219/1219/1219 1218/1218/1218 1220/1220/1220
f 1219/1219/1219 1220/1220/1220 1221/1221/1221
f 1221/1221/1221 1220/1220/1220 1222/1222/1222
f 1221/1221/1221 1222/1222/1222 1223/1223/1223
f 1223/1223/1223 1222/1222/1222 1224/1224/1224
f 1223/1223/1223 1224/1224/1224 1225/1225/1225
f 1225/1225/1225 1224/1224/1224 1226/1226/1226
f 1225/1225/1225 1226/1226/1226 1227/1227/1227
f 1227/1227/1227 1226/1226/1226 1210/1210/1210
f 1227/1227/1227 1210/1210/1210 1228/1228/1228
f 1228/1228/1228 1210/1210/1210 1229/1229/1229
f 1228/1228/1228 1229/1229/1229 1230/1230/1230
f 1230/1230/1230 1229/1229/1229 1231/1231/1231
f 1230/1230/1230 1231/1231/1231 1232/1232/1232
f 1232/1232/1232 1231/1231/1231 1233/1233/1233
f 1232/1232/1232 1233/1233/1233 1234/1234/1234
f 1234/1234/1234 1233/1233/1233 1235/1235/1235
f 1234/1234/1234 1235/1235/1235 1236/1236/1236
f 1236/1236/1236 1235/1235/1235 1237/1237/1237
f 1236/1236/1236 1237/1237/1237 1238/1238/1238
f 1238/1238/1238 1237/1237/1237 1239/1239/1239
f 1238/1238/1238 1239/1239/1239 1227/1227/1227
f 1227/1227/1227 1239/1239/1239 1225/1225/1225
f 1160/1160/1160 1158/1158/1158 1183/1183/1183
f 1183/1183/1183 1158/1158/1158 1209/1209/1209
f 1183/1183/1183 1209/1209/1209 1240/1240/1240
f 1240/1240/1240 1209/1209/1209 1211/1211/1211
f 1240/1240/1240 1211/1211/1211 1241/1241/1241
f 1241/1241/1241 1211/1211/1211 1242/1242/1242
f 1241/1241/1241 1242/1242/1242 1243/1243/1243
f 1243/1243/1243 1242/1242/1242 1244/1244/1244
f 1243/1243/1243 1244/1244/1244 1245/1245/1245
f 1245/1245/1245 1244/1244/1244 1246/1246/1246
f 1245/1245/1245 1246/1246/1246 1247/1247/1247
f 1247/1247/1247 1246/1246/1246 1248/1248/1248
f 1247/1247/1247 1248/1248/1248 1249/1249/1249
f 1249/1249/1249 1248/1248/1248 1250/1250/1250
f 1249/1249/1249 1250/1250/1250 1251/1251/1251
f 1251/1251/1251 1250/1250/1250 1252/1252/1252
f 1251/1251/1251 1252/1252/1252 1253/1253/1253
f 1253/1253/1253 1252/1252/1252 1254/1254/1254
f 1253/1253/1253 1254/1254/1254 1241/1241/1241
f 1241/1241/1241 1254/1254/1254 1255/1255/1255
f 1241/1241/1241 1255/1255/1255 1240/1240/1240
f 1240/1240/1240 1255/1255/1255 1256/1256/1256
f 1240/1240/1240 1256/1256/1256 1183/1183/1183
f 1183/1183/1183 1256/1256/1256 1185/1185/1185
f 1185/1185/1185 1256/1256/1256 1187/1187/1187
f 1187/1187/1187 1256/1256/1256 1257/1257/1257
f 1187/1187/1187 1257/1257/1257 1189/1189/1189
f 1189/1189/1189 1257/1257/1257 1258/1258/1258
f 1189/1189/1189 1258/1258/1258 1191/1191/1191
f 1191/1191/1191 1258/1258/1258 1259/1259/1259
f 1191/1191/1191 1259/1259/1259 1193/1193/1193
f 1193/1193/1193 1259/1259/1259 1260/1260/1260
f 1193/1193/1193 1260/1260/1260 1195/1195/1195
f 1195/1195/1195 1260/1260/1260 1261/1261/1261
f 1195/1195/1195 1261/1261/1261 1262/1262/1262
f 1262/1262/1262 1261/1261/1261 1263/1263/1263
f 1262/1262/1262 1263/1263/1263 1201/1201/1201
f 1201/1201/1201 1263/1263/1263 1264/1264/1264
f 1201/1201/1201 1264/1264/1264 1203/1203/1203
f 1203/1203/1203 1264/1264/1264 1265/1265/1265
f 1203/1203/1203 1265/1265/1265 1205/1205/1205
f 1205/1205/1205 1265/1265/1265 1266/1266/1266
f 1205/1205/1205 1266/1266/1266 1207/1207/1207
f 1207/1207/1207 1266/1266/1266 1178/1178/1178
f 1207/1207/1207 1178/1178/1178 1180/1180/1180
f 1256/1256/1256 1255/1255/1255 1257/1257/1257
f 1257/1257/1257 1255/1255/1255 1267/1267/1267
f 1257/1257/1257 1267/1267/1267 1268/1268/1268
f 1268/1268/1268 1267/1267/1267 1269/1269/1269
f 1268/1268/1268 1269/1269/1269 1270/1270/1270
f 1270/1270/1270 1269/1269/1269 1271/1271/1271
f 1270/1270/1270 1271/1271/1271 1272/1272/1272
f 1272/1272/1272 1271/1271/1271 1273/1273/1273
f 1272/1272/1272 1273/1273/1273 1225/1225/1225
f 1225/1225/1225 1273/1273/1273 1274/1274/1274
f 1225/1225/1225 1274/1274/1274 1223/1223/1223
f 1223/1223/1223 1274/1274/1274 1221/1221/1221
f 1186/1186/1186 1188/1188/1188 1275/1275/1275
f 1275/1275/1275 1188/1188/1188 1276/1276/1276
f 1275/1275/1275 1276/1276/1276 1277/1277/1277
f 1277/1277/1277 1276/1276/1276 1278/1278/1278
f 1277/1277/1277 1278/1278/1278 1279/1279/1279
f 1279/1279/1279 1278/1278/1278 1280/1280/1280
f 1279/1279/1279 1280/1280/1280 1281/1281/1281
f 1281/1281/1281 1280/1280/1280 1282/1282/1282
f 1281/1281/1281 1282/1282/1282 1283/1283/1283
f 1283/1283/1283 1282/1282/1282 1198/1198/1198
f 1283/1283/1283 1198/1198/1198 1200/1200/1200
f 1145/1145/1145 1147/1147/1147 1284/1284/1284
f 1284/1284/1284 1147/1147/1147 1285/1285/1285
f 1284/1284/1284 1285/1285/1285 1286/1286/1286
f 1286/1286/1286 1285/1285/1285 1287/1287/1287
f 1286/1286/1286 1287/1287/1287 1288/1288/1288
f 1288/1288/1288 1287/1287/1287 1153/1153/1153
f 1288/1288/1288 1153/1153/1153 1289/1289/1289
f 1289/1289/1289 1153/1153/1153 1155/1155/1155
f 1289/1289/1289 1155/1155/1155 1290/1290/1290
f 1290/1290/1290 1155/1155/1155 1157/1157/1157
f 1290/1290/1290 1157/1157/1157 1176/1176/1176
f 1202/1202/1202 1204/1204/1204 1281/1281/1281
f 1281/1281/1281 1204/1204/1204 1291/1291/1291
f 1281/1281/1281 1291/1291/1291 1279/1279/1279
f 1279/1279/1279 1291/1291/1291 1292/1292/1292
f 1279/1279/1279 1292/1292/1292 1277/1277/1277
f 1277/1277/1277 1292/1292/1292 1293/1293/1293
f 1277/1277/1277 1293/1293/1293 1275/1275/1275
f 1275/1275/1275 1293/1293/1293 1294/1294/1294
f 1275/1275/1275 1294/1294/1294 1186/1186/1186
f 1186/1186/1186 1294/1294/1294 1184/1184/1184
f 1295/1295/1295 1296/1296/1296 1297/1297/1297
f 1297/1297/1297 1296/1296/1296 1298/1298/1298
f 1297/1297/1297 1298/1298/1298 1299/1299/1299
f 1299/1299/1299 1298/1298/1298 1156/1156/1156
f 1299/1299/1299 1156/1156/1156 1300/1300/1300
f 1300/1300/1300 1156/1156/1156 1301/1301/1301
f 1300/1300/1300 1301/1301/1301 1302/1302/1302
f 1302/1302/1302 1301/1301/1301 1303/1303/1303
f 1302/1302/1302 1303/1303/1303 1304/1304/1304
f 1304/1304/1304 1303/1303/1303 1150/1150/1150
f 1288/1288/1288 1305/1305/1305 1286/1286/1286
f 1286/1286/1286 1305/1305/1305 1297/1297/1297
f 1286/1286/1286 1297/1297/1297 1306/1306/1306
f 1306/1306/1306 1297/1297/1297 1300/1300/1300
f 1306/1306/1306 1300/1300/1300 1145/1145/1145
f 1145/1145/1145 1300/1300/1300 1302/1302/1302
f 1145/1145/1145 1302/1302/1302 1146/1146/1146
f 1146/1146/1146 1302/1302/1302 1304/1304/1304
f 1146/1146/1146 1304/1304/1304 1148/1148/1148
f 1148/1148/1148 1304/1304/1304 1150/1150/1150
f 1225/1225/1225 1307/1307/1307 1272/1272/1272
f 1272/1272/1272 1307/1307/1307 1308/1308/1308
f 1272/1272/1272 1308/1308/1308 1309/1309/1309
f 1309/1309/1309 1308/1308/1308 1310/1310/1310
f 1309/1309/1309 1310/1310/1310 1311/1311/1311
f 1311/1311/1311 1310/1310/1310 1312/1312/1312
f 1311/1311/1311 1312/1312/1312 1313/1313/1313
f 1313/1313/1313 1312/1312/1312 1265/1265/1265
f 1313/1313/1313 1265/1265/1265 1264/1264/1264
f 1289/1289/1289 1290/1290/1290 1288/1288/1288
f 1288/1288/1288 1290/1290/1290 1314/1314/1314
f 1288/1288/1288 1314/1314/1314 1305/1305/1305
f 1305/1305/1305 1314/1314/1314 1308/1308/1308
f 1305/1305/1305 1308/1308/1308 1297/1297/1297
f 1297/1297/1297 1308/1308/1308 1307/1307/1307
f 1297/1297/1297 1307/1307/1307 1295/1295/1295
f 1295/1295/1295 1307/1307/1307 1225/1225/1225
f 1295/1295/1295 1225/1225/1225 1239/1239/1239
f 1244/1244/1244 1242/1242/1242 1246/1246/1246
f 1246/1246/1246 1242/1242/1242 1315/1315/1315
f 1246/1246/1246 1315/1315/1315 1248/1248/1248
f 1248/1248/1248 1315/1315/1315 1316/1316/1316
f 1248/1248/1248 1316/1316/1316 1250/1250/1250
f 1250/1250/1250 1316/1316/1316 1317/1317/1317
f 1250/1250/1250 1317/1317/1317 1252/1252/1252
f 1252/1252/1252 1317/1317/1317 1269/1269/1269
f 1252/1252/1252 1269/1269/1269 1267/1267/1267
f 1162/1162/1162 1179/1179/1179 1164/1164/1164
f 1164/1164/1164 1179/1179/1179 1177/1177/1177
f 1164/1164/1164 1177/1177/1177 1166/1166/1166
f 1166/1166/1166 1177/1177/1177 1318/1318/1318
f 1166/1166/1166 1318/1318/1318 1168/1168/1168
f 1168/1168/1168 1318/1318/1318 1319/1319/1319
f 1168/1168/1168 1319/1319/1319 1170/1170/1170
f 1170/1170/1170 1319/1319/1319 1172/1172/1172
f 1188/1188/1188 1190/1190/1190 1276/1276/1276
f 1276/1276/1276 1190/1190/1190 1320/1320/1320
f 1276/1276/1276 1320/1320/1320 1278/1278/1278
f 1278/1278/1278 1320/1320/1320 1321/1321/1321
f 1278/1278/1278 1321/1321/1321 1280/1280/1280
f 1280/1280/1280 1321/1321/1321 1322/1322/1322
f 1280/1280/1280 1322/1322/1322 1282/1282/1282
f 1282/1282/1282 1322/1322/1322 1198/1198/1198
f 1232/1232/1232 1234/1234/1234 1323/1323/1323
f 1323/1323/1323 1234/1234/1234 1236/1236/1236
f 1323/1323/1323 1236/1236/1236 1324/1324/1324
f 1324/1324/1324 1236/1236/1236 1238/1238/1238
f 1324/1324/1324 1238/1238/1238 1325/1325/1325
f 1325/1325/1325 1238/1238/1238 1227/1227/1227
f 1325/1325/1325 1227/1227/1227 1228/1228/1228
f 1241/1241/1241 1243/1243/1243 1253/1253/1253
f 1253/1253/1253 1243/1243/1243 1326/1326/1326
f 1253/1253/1253 1326/1326/1326 1327/1327/1327
f 1327/1327/1327 1326/1326/1326 1328/1328/1328
f 1327/1327/1327 1328/1328/1328 1249/1249/1249
f 1249/1249/1249 1328/1328/1328 1247/1247/1247
f 1213/1213/1213 1215/1215/1215 1329/1329/1329
f 1329/1329/1329 1215/1215/1215 1330/1330/1330
f 1329/1329/1329 1330/1330/1330 1331/1331/1331
f 1331/1331/1331 1330/1330/1330 1332/1332/1332
f 1331/1331/1331 1332/1332/1332 1274/1274/1274
f 1274/1274/1274 1332/1332/1332 1221/1221/1221
f 1268/1268/1268 1270/1270/1270 1333/1333/1333
f 1333/1333/1333 1270/1270/1270 1334/1334/1334
f 1333/1333/1333 1334/1334/1334 1335/1335/1335
f 1335/1335/1335 1334/1334/1334 1336/1336/1336
f 1335/1335/1335 1336/1336/1336 1261/1261/1261
f 1261/1261/1261 1336/1336/1336 1263/1263/1263
f 1257/1257/1257 1268/1268/1268 1258/1258/1258
f 1258/1258/1258 1268/1268/1268 1333/1333/1333
f 1258/1258/1258 1333/1333/1333 1259/1259/1259
f 1259/1259/1259 1333/1333/1333 1335/1335/1335
f 1259/1259/1259 1335/1335/1335 1260/1260/1260
f 1260/1260/1260 1335/1335/1335 1261/1261/1261
f 1308/1308/1308 1314/1314/1314 1310/1310/1310
f 1310/1310/1310 1314/1314/1314 1337/1337/1337
f 1310/1310/1310 1337/1337/1337 1312/1312/1312
f 1312/1312/1312 1337/1337/1337 1266/1266/1266
f 1312/1312/1312 1266/1266/1266 1265/1265/1265
f 1317/1317/1317 1316/1316/1316 1338/1338/1338
f 1338/1338/1338 1316/1316/1316 1339/1339/1339
f 1338/1338/1338 1339/1339/1339 1329/1329/1329
f 1329/1329/1329 1339/1339/1339 1211/1211/1211
f 1329/1329/1329 1211/1211/1211 1213/1213/1213
f 1239/1239/1239 1237/1237/1237 1295/1295/1295
f 1295/1295/1295 1237/1237/1237 1235/1235/1235
f 1295/1295/1295 1235/1235/1235 1296/1296/1296
f 1296/1296/1296 1235/1235/1235 1233/1233/1233
f 1296/1296/1296 1233/1233/1233 1298/1298/1298
f 1157/1157/1157 1159/1159/1159 1173/1173/1173
f 1173/1173/1173 1159/1159/1159 1340/1340/1340
f 1173/1173/1173 1340/1340/1340 1341/1341/1341
f 1341/1341/1341 1340/1340/1340 1165/1165/1165
f 1341/1341/1341 1165/1165/1165 1167/1167/1167
f 1264/1264/1264 1263/1263/1263 1313/1313/1313
f 1313/1313/1313 1263/1263/1263 1336/1336/1336
f 1313/1313/1313 1336/1336/1336 1311/1311/1311
f 1311/1311/1311 1336/1336/1336 1334/1334/1334
f 1311/1311/1311 1334/1334/1334 1309/1309/1309
f 1228/1228/1228 1230/1230/1230 1325/1325/1325
f 1325/1325/1325 1230/1230/1230 1342/1342/1342
f 1325/1325/1325 1342/1342/1342 1324/1324/1324
f 1324/1324/1324 1342/1342/1342 1323/1323/1323
f 1210/1210/1210 1156/1156/1156 1229/1229/1229
f 1229/1229/1229 1156/1156/1156 1298/1298/1298
f 1229/1229/1229 1298/1298/1298 1231/1231/1231
f 1231/1231/1231 1298/1298/1298 1233/1233/1233
f 1172/1172/1172 1319/1319/1319 1174/1174/1174
f 1174/1174/1174 1319/1319/1319 1343/1343/1343
f 1174/1174/1174 1343/1343/1343 1175/1175/1175
f 1175/1175/1175 1343/1343/1343 1177/1177/1177
f 1192/1192/1192 1194/1194/1194 1321/1321/1321
f 1321/1321/1321 1194/1194/1194 1344/1344/1344
f 1321/1321/1321 1344/1344/1344 1322/1322/1322
f 1322/1322/1322 1344/1344/1344 1198/1198/1198
f 1220/1220/1220 1345/1345/1345 1222/1222/1222
f 1222/1222/1222 1345/1345/1345 1346/1346/1346
f 1222/1222/1222 1346/1346/1346 1224/1224/1224
f 1224/1224/1224 1346/1346/1346 1212/1212/1212
f 1221/1221/1221 1332/1332/1332 1219/1219/1219
f 1219/1219/1219 1332/1332/1332 1330/1330/1330
f 1219/1219/1219 1330/1330/1330 1217/1217/1217
f 1217/1217/1217 1330/1330/1330 1215/1215/1215
f 1147/1147/1147 1149/1149/1149 1285/1285/1285
f 1285/1285/1285 1149/1149/1149 1151/1151/1151
f 1285/1285/1285 1151/1151/1151 1287/1287/1287
f 1287/1287/1287 1151/1151/1151 1153/1153/1153
f 1269/1269/1269 1317/1317/1317 1271/1271/1271
f 1271/1271/1271 1317/1317/1317 1338/1338/1338
f 1271/1271/1271 1338/1338/1338 1273/1273/1273
f 1273/1273/1273 1338/1338/1338 1274/1274/1274
f 1201/1201/1201 1199/1199/1199 1262/1262/1262
f 1262/1262/1262 1199/1199/1199 1197/1197/1197
f 1262/1262/1262 1197/1197/1197 1195/1195/1195
f 1167/1167/1167 1169/1169/1169 1341/1341/1341
f 1341/1341/1341 1169/1169/1169 1171/1171/1171
f 1341/1341/1341 1171/1171/1171 1173/1173/1173
f 1220/1220/1220 1218/1218/1218 1345/1345/1345
f 1345/1345/1345 1218/1218/1218 1216/1216/1216
f 1345/1345/1345 1216/1216/1216 1214/1214/1214
f 1247/1247/1247 1328/1328/1328 1245/1245/1245
f 1245/1245/1245 1328/1328/1328 1326/1326/1326
f 1245/1245/1245 1326/1326/1326 1243/1243/1243
f 1294/1294/1294 1293/1293/1293 1181/1181/1181
f 1181/1181/1181 1293/1293/1293 1208/1208/1208
f 1198/1198/1198 1344/1344/1344 1196/1196/1196
f 1196/1196/1196 1344/1344/1344 1194/1194/1194
f 1293/1293/1293 1292/1292/1292 1208/1208/1208
f 1208/1208/1208 1292/1292/1292 1206/1206/1206
f 1292/1292/1292 1291/1291/1291 1206/1206/1206
f 1206/1206/1206 1291/1291/1291 1204/1204/1204
f 1190/1190/1190 1192/1192/1192 1320/1320/1320
f 1320/1320/1320 1192/1192/1192 1321/1321/1321
f 1323/1323/1323 1342/1342/1342 1232/1232/1232
f 1232/1232/1232 1342/1342/1342 1230/1230/1230
f 1281/1281/1281 1283/1283/1283 1202/1202/1202
f 1202/1202/1202 1283/1283/1283 1200/1200/1200
f 1184/1184/1184 1294/1294/1294 1182/1182/1182
f 1182/1182/1182 1294/1294/1294 1181/1181/1181
f 1345/1345/1345 1214/1214/1214 1346/1346/1346
f 1346/1346/1346 1214/1214/1214 1212/1212/1212
f 1150/1150/1150 1303/1303/1303 1152/1152/1152
f 1152/1152/1152 1303/1303/1303 1154/1154/1154
f 1272/1272/1272 1309/1309/1309 1270/1270/1270
f 1270/1270/1270 1309/1309/1309 1334/1334/1334
f 1286/1286/1286 1306/1306/1306 1284/1284/1284
f 1284/1284/1284 1306/1306/1306 1145/1145/1145
f 1156/1156/1156 1154/1154/1154 1301/1301/1301
f 1301/1301/1301 1154/1154/1154 1303/1303/1303
f 1318/1318/1318 1177/1177/1177 1319/1319/1319
f 1319/1319/1319 1177/1177/1177 1343/1343/1343
f 1176/1176/1176 1178/1178/1178 1337/1337/1337
f 1337/1337/1337 1178/1178/1178 1266/1266/1266
f 1290/1290/1290 1176/1176/1176 1314/1314/1314
f 1314/1314/1314 1176/1176/1176 1337/1337/1337
f 1316/1316/1316 1315/1315/1315 1339/1339/1339
f 1339/1339/1339 1315/1315/1315 1211/1211/1211
f 1165/1165/1165 1340/1340/1340 1163/1163/1163
f 1163/1163/1163 1340/1340/1340 1161/1161/1161
f 1329/1329/1329 1331/1331/1331 1338/1338/1338
f 1338/1338/1338 1331/1331/1331 1274/1274/1274
f 1226/1226/1226 1224/1224/1224 1210/1210/1210
f 1210/1210/1210 1224/1224/1224 1212/1212/1212
f 1249/1249/1249 1251/1251/1251 1327/1327/1327
f 1327/1327/1327 1251/1251/1251 1253/1253/1253
f 1252/1252/1252 1267/1267/1267 1254/1254/1254
f 1254/1254/1254 1267/1267/1267 1255/1255/1255
f 1299/1299/1299 1300/1300/1300 1297/1297/1297
f 1242/1242/1242 1211/1211/1211 1315/1315/1315
f 1161/1161/1161 1340/1340/1340 1159/1159/1159
g batch8_ear(6)
usemtl ear(6)
f 1347/1347/1347 1348/1348/1348 1349/1349/1349
f 1349/1349/1349 1348/1348/1348 1350/1350/1350
f 1349/1349/1349 1350/1350/1350 1351/1351/1351
f 1351/1351/1351 1350/1350/1350 1352/1352/1352
f 1351/1351/1351 1352/1352/1352 1353/1353/1353
f 1353/1353/1353 1352/1352/1352 1354/1354/1354
f 1353/1353/1353 1354/1354/1354 1355/1355/1355
f 1355/1355/1355 1354/1354/1354 1356/1356/1356
f 1355/1355/1355 1356/1356/1356 1357/1357/1357
f 1357/1357/1357 1356/1356/1356 1358/1358/1358
f 1357/1357/1357 1358/1358/1358 1359/1359/1359
f 1359/1359/1359 1358/1358/1358 1360/1360/1360
f 1359/1359/1359 1360/1360/1360 1361/1361/1361
f 1361/1361/1361 1360/1360/1360 1362/1362/1362
f 1361/1361/1361 1362/1362/1362 1363/1363/1363
f 1363/1363/1363 1362/1362/1362 1364/1364/1364
f 1363/1363/1363 1364/1364/1364 1365/1365/1365
f 1365/1365/1365 1364/1364/1364 1366/1366/1366
f 1365/1365/1365 1366/1366/1366 1367/1367/1367
f 1367/1367/1367 1366/1366/1366 1368/1368/1368
f 1367/1367/1367 1368/1368/1368 1369/1369/1369
f 1369/1369/1369 1368/1368/1368 1370/1370/1370
f 1369/1369/1369 1370/1370/1370 1371/1371/1371
f 1371/1371/1371 1370/1370/1370 1372/1372/1372
f 1371/1371/1371 1372/1372/1372 1373/1373/1373
f 1373/1373/1373 1372/1372/1372 1374/1374/1374
f 1373/1373/1373 1374/1374/1374 1375/1375/1375
f 1375/1375/1375 1374/1374/1374 1376/1376/1376
f 1375/1375/1375 1376/1376/1376 1377/1377/1377
f 1377/1377/1377 1376/1376/1376 1378/1378/1378
f 1377/1377/1377 1378/1378/1378 1379/1379/1379
f 1379/1379/1379 1378/1378/1378 1380/1380/1380
f 1379/1379/1379 1380/1380/1380 1381/1381/1381
f 1381/1381/1381 1380/1380/1380 1382/1382/1382
f 1381/1381/1381 1382/1382/1382 1383/1383/1383
f 1383/1383/1383 1382/1382/1382 1384/1384/1384
f 1383/1383/1383 1384/1384/1384 1385/1385/1385
f 1385/1385/1385 1384/1384/1384 1386/1386/1386
f 1385/1385/1385 1386/1386/1386 1387/1387/1387
f 1387/1387/1387 1386/1386/1386 1388/1388/1388
f 1387/1387/1387 1388/1388/1388 1389/1389/1389
f 1389/1389/1389 1388/1388/1388 1390/1390/1390
f 1389/1389/1389 1390/1390/1390 1391/1391/1391
f 1391/1391/1391 1390/1390/1390 1392/1392/1392
f 1391/1391/1391 1392/1392/1392 1393/1393/1393
f 1393/1393/1393 1392/1392/1392 1394/1394/1394
f 1393/1393/1393 1394/1394/1394 1395/1395/1395
f 1395/1395/1395 1394/1394/1394 1396/1396/1396
f 1395/1395/1395 1396/1396/1396 1397/1397/1397
f 1397/1397/1397 1396/1396/1396 1398/1398/1398
f 1397/1397/1397 1398/1398/1398 1399/1399/1399
f 1399/1399/1399 1398/1398/1398 1400/1400/1400
f 1399/1399/1399 1400/1400/1400 1401/1401/1401
f 1401/1401/1401 1400/1400/1400 1402/1402/1402
f 1401/1401/1401 1402/1402/1402 1403/1403/1403
f 1403/1403/1403 1402/1402/1402 1404/1404/1404
f 1403/1403/1403 1404/1404/1404 1405/1405/1405
f 1405/1405/1405 1404/1404/1404 1406/1406/1406
f 1405/1405/1405 1406/1406/1406 1407/1407/1407
f 1407/1407/1407 1406/1406/1406 1408/1408/1408
f 1407/1407/1407 1408/1408/1408 1409/1409/1409
f 1409/1409/1409 1408/1408/1408 1410/1410/1410
f 1409/1409/1409 1410/1410/1410 1411/1411/1411
f 1411/1411/1411 1410/1410/1410 1412/1412/1412
f 1411/1411/1411 1412/1412/1412 1413/1413/1413
f 1413/1413/1413 1412/1412/1412 1414/1414/1414
f 1413/1413/1413 1414/1414/1414 1415/1415/1415
f 1415/1415/1415 1414/1414/1414 1416/1416/1416
f 1415/1415/1415 1416/1416/1416 1417/1417/1417
f 1417/1417/1417 1416/1416/1416 1418/1418/1418
f 1417/1417/1417 1418/1418/1418 1419/1419/1419
f 1419/1419/1419 1418/1418/1418 1420/1420/1420
f 1419/1419/1419 1420/1420/1420 1421/1421/1421
f 1421/1421/1421 1420/1420/1420 1422/1422/1422
f 1421/1421/1421 1422/1422/1422 1423/1423/1423
f 1423/1423/1423 1422/1422/1422 1424/1424/1424
f 1423/1423/1423 1424/1424/1424 1363/1363/1363
f 1363/1363/1363 1424/1424/1424 1361/1361/1361
f 1388/1388/1388 1386/1386/1386 1390/1390/1390
f 1390/1390/1390 1386/1386/1386 1425/1425/1425
f 1390/1390/1390 1425/1425/1425 1426/1426/1426
f 1426/1426/1426 1425/1425/1425 1427/1427/1427
f 1426/1426/1426 1427/1427/1427 1428/1428/1428
f 1428/1428/1428 1427/1427/1427 1429/1429/1429
f 1428/1428/1428 1429/1429/1429 1430/1430/1430
f 1430/1430/1430 1429/1429/1429 1431/1431/1431
f 1430/1430/1430 1431/1431/1431 1432/1432/1432
f 1432/1432/1432 1431/1431/1431 1433/1433/1433
f 1432/1432/1432 1433/1433/1433 1434/1434/1434
f 1434/1434/1434 1433/1433/1433 1435/1435/1435
f 1434/1434/1434 1435/1435/1435 1436/1436/1436
f 1436/1436/1436 1435/1435/1435 1437/1437/1437
f 1436/1436/1436 1437/1437/1437 1438/1438/1438
f 1438/1438/1438 1437/1437/1437 1439/1439/1439
f 1438/1438/1438 1439/1439/1439 1440/1440/1440
f 1440/1440/1440 1439/1439/1439 1441/1441/1441
f 1440/1440/1440 1441/1441/1441 1428/1428/1428
f 1428/1428/1428 1441/1441/1441 1442/1442/1442
f 1428/1428/1428 1442/1442/1442 1426/1426/1426
f 1426/1426/1426 1442/1442/1442 1443/1443/1443
f 1426/1426/1426 1443/1443/1443 1444/1444/1444
f 1444/1444/1444 1443/1443/1443 1445/1445/1445
f 1444/1444/1444 1445/1445/1445 1392/1392/1392
f 1392/1392/1392 1445/1445/1445 1394/1394/1394
f 1352/1352/1352 1350/1350/1350 1354/1354/1354
f 1354/1354/1354 1350/1350/1350 1348/1348/1348
f 1354/1354/1354 1348/1348/1348 1356/1356/1356
f 1356/1356/1356 1348/1348/1348 1446/1446/1446
f 1356/1356/1356 1446/1446/1446 1358/1358/1358
f 1358/1358/1358 1446/1446/1446 1447/1447/1447
f 1358/1358/1358 1447/1447/1447 1448/1448/1448
f 1448/1448/1448 1447/1447/1447 1449/1449/1449
f 1448/1448/1448 1449/1449/1449 1450/1450/1450
f 1450/1450/1450 1449/1449/1449 1451/1451/1451
f 1450/1450/1450 1451/1451/1451 1452/1452/1452
f 1452/1452/1452 1451/1451/1451 1453/1453/1453
f 1452/1452/1452 1453/1453/1453 1454/1454/1454
f 1454/1454/1454 1453/1453/1453 1455/1455/1455
f 1454/1454/1454 1455/1455/1455 1456/1456/1456
f 1456/1456/1456 1455/1455/1455 1457/1457/1457
f 1456/1456/1456 1457/1457/1457 1458/1458/1458
f 1458/1458/1458 1457/1457/1457 1459/1459/1459
f 1458/1458/1458 1459/1459/1459 1460/1460/1460
f 1460/1460/1460 1459/1459/1459 1461/1461/1461
f 1460/1460/1460 1461/1461/1461 1462/1462/1462
f 1462/1462/1462 1461/1461/1461 1463/1463/1463
f 1462/1462/1462 1463/1463/1463 1464/1464/1464
f 1464/1464/1464 1463/1463/1463 1465/1465/1465
f 1464/1464/1464 1465/1465/1465 1452/1452/1452
f 1452/1452/1452 1465/1465/1465 1450/1450/1450
f 1466/1466/1466 1467/1467/1467 1468/1468/1468
f 1468/1468/1468 1467/1467/1467 1469/1469/1469
f 1468/1468/1468 1469/1469/1469 1470/1470/1470
f 1470/1470/1470 1469/1469/1469 1427/1427/1427
f 1470/1470/1470 1427/1427/1427 1471/1471/1471
f 1471/1471/1471 1427/1427/1427 1425/1425/1425
f 1471/1471/1471 1425/1425/1425 1472/1472/1472
f 1472/1472/1472 1425/1425/1425 1473/1473/1473
f 1472/1472/1472 1473/1473/1473 1474/1474/1474
f 1474/1474/1474 1473/1473/1473 1475/1475/1475
f 1474/1474/1474 1475/1475/1475 1476/1476/1476
f 1476/1476/1476 1475/1475/1475 1477/1477/1477
f 1476/1476/1476 1477/1477/1477 1478/1478/1478
f 1478/1478/1478 1477/1477/1477 1479/1479/1479
f 1478/1478/1478 1479/1479/1479 1480/1480/1480
f 1480/1480/1480 1479/1479/1479 1481/1481/1481
f 1480/1480/1480 1481/1481/1481 1482/1482/1482
f 1482/1482/1482 1481/1481/1481 1483/1483/1483
f 1482/1482/1482 1483/1483/1483 1484/1484/1484
f 1484/1484/1484 1483/1483/1483 1485/1485/1485
f 1484/1484/1484 1485/1485/1485 1486/1486/1486
f 1486/1486/1486 1485/1485/1485 1374/1374/1374
f 1486/1486/1486 1374/1374/1374 1372/1372/1372
f 1471/1471/1471 1472/1472/1472 1487/1487/1487
f 1487/1487/1487 1472/1472/1472 1488/1488/1488
f 1487/1487/1487 1488/1488/1488 1489/1489/1489
f 1489/1489/1489 1488/1488/1488 1490/1490/1490
f 1489/1489/1489 1490/1490/1490 1491/1491/1491
f 1491/1491/1491 1490/1490/1490 1492/1492/1492
f 1491/1491/1491 1492/1492/1492 1493/1493/1493
f 1493/1493/1493 1492/1492/1492 1494/1494/1494
f 1493/1493/1493 1494/1494/1494 1495/1495/1495
f 1495/1495/1495 1494/1494/1494 1496/1496/1496
f 1495/1495/1495 1496/1496/1496 1497/1497/1497
f 1497/1497/1497 1496/1496/1496 1484/1484/1484
f 1497/1497/1497 1484/1484/1484 1486/1486/1486
f 1419/1419/1419 1421/1421/1421 1417/1417/1417
f 1417/1417/1417 1421/1421/1421 1498/1498/1498
f 1417/1417/1417 1498/1498/1498 1499/1499/1499
f 1499/1499/1499 1498/1498/1498 1500/1500/1500
f 1499/1499/1499 1500/1500/1500 1501/1501/1501
f 1501/1501/1501 1500/1500/1500 1502/1502/1502
f 1501/1501/1501 1502/1502/1502 1503/1503/1503
f 1503/1503/1503 1502/1502/1502 1504/1504/1504
f 1503/1503/1503 1504/1504/1504 1505/1505/1505
f 1505/1505/1505 1504/1504/1504 1506/1506/1506
f 1505/1505/1505 1506/1506/1506 1507/1507/1507
f 1507/1507/1507 1506/1506/1506 1373/1373/1373
f 1507/1507/1507 1373/1373/1373 1375/1375/1375
f 1425/1425/1425 1386/1386/1386 1473/1473/1473
f 1473/1473/1473 1386/1386/1386 1384/1384/1384
f 1473/1473/1473 1384/1384/1384 1475/1475/1475
f 1475/1475/1475 1384/1384/1384 1382/1382/1382
f 1475/1475/1475 1382/1382/1382 1477/1477/1477
f 1477/1477/1477 1382/1382/1382 1380/1380/1380
f 1477/1477/1477 1380/1380/1380 1479/1479/1479
f 1479/1479/1479 1380/1380/1380 1378/1378/1378
f 1479/1479/1479 1378/1378/1378 1481/1481/1481
f 1481/1481/1481 1378/1378/1378 1376/1376/1376
f 1481/1481/1481 1376/1376/1376 1483/1483/1483
f 1483/1483/1483 1376/1376/1376 1485/1485/1485
f 1375/1375/1375 1508/1508/1508 1507/1507/1507
f 1507/1507/1507 1508/1508/1508 1509/1509/1509
f 1507/1507/1507 1509/1509/1509 1505/1505/1505
f 1505/1505/1505 1509/1509/1509 1510/1510/1510
f 1505/1505/1505 1510/1510/1510 1503/1503/1503
f 1503/1503/1503 1510/1510/1510 1407/1407/1407
f 1503/1503/1503 1407/1407/1407 1501/1501/1501
f 1501/1501/1501 1407/1407/1407 1409/1409/1409
f 1501/1501/1501 1409/1409/1409 1511/1511/1511
f 1511/1511/1511 1409/1409/1409 1411/1411/1411
f 1511/1511/1511 1411/1411/1411 1413/1413/1413
f 1387/1387/1387 1401/1401/1401 1385/1385/1385
f 1385/1385/1385 1401/1401/1401 1512/1512/1512
f 1385/1385/1385 1512/1512/1512 1383/1383/1383
f 1383/1383/1383 1512/1512/1512 1513/1513/1513
f 1383/1383/1383 1513/1513/1513 1514/1514/1514
f 1514/1514/1514 1513/1513/1513 1515/1515/1515
f 1514/1514/1514 1515/1515/1515 1516/1516/1516
f 1516/1516/1516 1515/1515/1515 1517/1517/1517
f 1516/1516/1516 1517/1517/1517 1518/1518/1518
f 1518/1518/1518 1517/1517/1517 1405/1405/1405
f 1518/1518/1518 1405/1405/1405 1407/1407/1407
f 1412/1412/1412 1410/1410/1410 1422/1422/1422
f 1422/1422/1422 1410/1410/1410 1408/1408/1408
f 1422/1422/1422 1408/1408/1408 1424/1424/1424
f 1424/1424/1424 1408/1408/1408 1406/1406/1406
f 1424/1424/1424 1406/1406/1406 1519/1519/1519
f 1519/1519/1519 1406/1406/1406 1404/1404/1404
f 1519/1519/1519 1404/1404/1404 1520/1520/1520
f 1520/1520/1520 1404/1404/1404 1402/1402/1402
f 1520/1520/1520 1402/1402/1402 1521/1521/1521
f 1521/1521/1521 1402/1402/1402 1442/1442/1442
f 1521/1521/1521 1442/1442/1442 1441/1441/1441
f 1447/1447/1447 1347/1347/1347 1449/1449/1449
f 1449/1449/1449 1347/1347/1347 1522/1522/1522
f 1449/1449/1449 1522/1522/1522 1523/1523/1523
f 1523/1523/1523 1522/1522/1522 1524/1524/1524
f 1523/1523/1523 1524/1524/1524 1525/1525/1525
f 1525/1525/1525 1524/1524/1524 1353/1353/1353
f 1525/1525/1525 1353/1353/1353 1526/1526/1526
f 1526/1526/1526 1353/1353/1353 1355/1355/1355
f 1526/1526/1526 1355/1355/1355 1357/1357/1357
f 1441/1441/1441 1439/1439/1439 1521/1521/1521
f 1521/1521/1521 1439/1439/1439 1437/1437/1437
f 1521/1521/1521 1437/1437/1437 1466/1466/1466
f 1466/1466/1466 1437/1437/1437 1435/1435/1435
f 1466/1466/1466 1435/1435/1435 1467/1467/1467
f 1467/1467/1467 1435/1435/1435 1433/1433/1433
f 1467/1467/1467 1433/1433/1433 1469/1469/1469
f 1469/1469/1469 1433/1433/1433 1431/1431/1431
f 1469/1469/1469 1431/1431/1431 1429/1429/1429
f 1357/1357/1357 1359/1359/1359 1526/1526/1526
f 1526/1526/1526 1359/1359/1359 1527/1527/1527
f 1526/1526/1526 1527/1527/1527 1525/1525/1525
f 1525/1525/1525 1527/1527/1527 1519/1519/1519
f 1525/1525/1525 1519/1519/1519 1451/1451/1451
f 1451/1451/1451 1519/1519/1519 1528/1528/1528
f 1451/1451/1451 1528/1528/1528 1453/1453/1453
f 1453/1453/1453 1528/1528/1528 1455/1455/1455
f 1474/1474/1474 1476/1476/1476 1529/1529/1529
f 1529/1529/1529 1476/1476/1476 1530/1530/1530
f 1529/1529/1529 1530/1530/1530 1531/1531/1531
f 1531/1531/1531 1530/1530/1530 1532/1532/1532
f 1531/1531/1531 1532/1532/1532 1494/1494/1494
f 1494/1494/1494 1532/1532/1532 1533/1533/1533
f 1494/1494/1494 1533/1533/1533 1496/1496/1496
f 1496/1496/1496 1533/1533/1533 1484/1484/1484
f 1521/1521/1521 1466/1466/1466 1520/1520/1520
f 1520/1520/1520 1466/1466/1466 1468/1468/1468
f 1520/1520/1520 1468/1468/1468 1534/1534/1534
f 1534/1534/1534 1468/1468/1468 1535/1535/1535
f 1534/1534/1534 1535/1535/1535 1536/1536/1536
f 1536/1536/1536 1535/1535/1535 1461/1461/1461
f 1536/1536/1536 1461/1461/1461 1459/1459/1459
f 1476/1476/1476 1478/1478/1478 1530/1530/1530
f 1530/1530/1530 1478/1478/1478 1480/1480/1480
f 1530/1530/1530 1480/1480/1480 1532/1532/1532
f 1532/1532/1532 1480/1480/1480 1537/1537/1537
f 1532/1532/1532 1537/1537/1537 1533/1533/1533
f 1533/1533/1533 1537/1537/1537 1484/1484/1484
f 1428/1428/1428 1430/1430/1430 1440/1440/1440
f 1440/1440/1440 1430/1430/1430 1538/1538/1538
f 1440/1440/1440 1538/1538/1538 1438/1438/1438
f 1438/1438/1438 1538/1538/1538 1539/1539/1539
f 1438/1438/1438 1539/1539/1539 1436/1436/1436
f 1436/1436/1436 1539/1539/1539 1434/1434/1434
f 1472/1472/1472 1474/1474/1474 1488/1488/1488
f 1488/1488/1488 1474/1474/1474 1529/1529/1529
f 1488/1488/1488 1529/1529/1529 1490/1490/1490
f 1490/1490/1490 1529/1529/1529 1531/1531/1531
f 1490/1490/1490 1531/1531/1531 1492/1492/1492
f 1492/1492/1492 1531/1531/1531 1494/1494/1494
f 1463/1463/1463 1470/1470/1470 1465/1465/1465
f 1465/1465/1465 1470/1470/1470 1471/1471/1471
f 1465/1465/1465 1471/1471/1471 1540/1540/1540
f 1540/1540/1540 1471/1471/1471 1487/1487/1487
f 1540/1540/1540 1487/1487/1487 1362/1362/1362
f 1362/1362/1362 1487/1487/1487 1364/1364/1364
f 1383/1383/1383 1514/1514/1514 1381/1381/1381
f 1381/1381/1381 1514/1514/1514 1541/1541/1541
f 1381/1381/1381 1541/1541/1541 1379/1379/1379
f 1379/1379/1379 1541/1541/1541 1508/1508/1508
f 1379/1379/1379 1508/1508/1508 1377/1377/1377
f 1377/1377/1377 1508/1508/1508 1375/1375/1375
f 1517/1517/1517 1515/1515/1515 1405/1405/1405
f 1405/1405/1405 1515/1515/1515 1513/1513/1513
f 1405/1405/1405 1513/1513/1513 1403/1403/1403
f 1403/1403/1403 1513/1513/1513 1512/1512/1512
f 1403/1403/1403 1512/1512/1512 1401/1401/1401
f 1391/1391/1391 1393/1393/1393 1389/1389/1389
f 1389/1389/1389 1393/1393/1393 1542/1542/1542
f 1389/1389/1389 1542/1542/1542 1543/1543/1543
f 1543/1543/1543 1542/1542/1542 1397/1397/1397
f 1543/1543/1543 1397/1397/1397 1399/1399/1399
f 1456/1456/1456 1544/1544/1544 1454/1454/1454
f 1454/1454/1454 1544/1544/1544 1545/1545/1545
f 1454/1454/1454 1545/1545/1545 1452/1452/1452
f 1452/1452/1452 1545/1545/1545 1464/1464/1464
f 1501/1501/1501 1511/1511/1511 1499/1499/1499
f 1499/1499/1499 1511/1511/1511 1546/1546/1546
f 1499/1499/1499 1546/1546/1546 1417/1417/1417
f 1417/1417/1417 1546/1546/1546 1415/1415/1415
f 1416/1416/1416 1414/1414/1414 1418/1418/1418
f 1418/1418/1418 1414/1414/1414 1412/1412/1412
f 1418/1418/1418 1412/1412/1412 1420/1420/1420
f 1420/1420/1420 1412/1412/1412 1422/1422/1422
f 1389/1389/1389 1543/1543/1543 1387/1387/1387
f 1387/1387/1387 1543/1543/1543 1399/1399/1399
f 1387/1387/1387 1399/1399/1399 1401/1401/1401
f 1461/1461/1461 1535/1535/1535 1463/1463/1463
f 1463/1463/1463 1535/1535/1535 1468/1468/1468
f 1463/1463/1463 1468/1468/1468 1470/1470/1470
f 1510/1510/1510 1509/1509/1509 1516/1516/1516
f 1516/1516/1516 1509/1509/1509 1541/1541/1541
f 1516/1516/1516 1541/1541/1541 1514/1514/1514
f 1413/1413/1413 1415/1415/1415 1547/1547/1547
f 1547/1547/1547 1415/1415/1415 1546/1546/1546
f 1547/1547/1547 1546/1546/1546 1511/1511/1511
f 1421/1421/1421 1423/1423/1423 1498/1498/1498
f 1498/1498/1498 1423/1423/1423 1363/1363/1363
f 1498/1498/1498 1363/1363/1363 1365/1365/1365
f 1456/1456/1456 1458/1458/1458 1544/1544/1544
f 1544/1544/1544 1458/1458/1458 1460/1460/1460
f 1544/1544/1544 1460/1460/1460 1462/1462/1462
f 1457/1457/1457 1455/1455/1455 1548/1548/1548
f 1548/1548/1548 1455/1455/1455 1528/1528/1528
f 1548/1548/1548 1528/1528/1528 1534/1534/1534
f 1407/1407/1407 1510/1510/1510 1518/1518/1518
f 1518/1518/1518 1510/1510/1510 1516/1516/1516
f 1366/1366/1366 1364/1364/1364 1489/1489/1489
f 1489/1489/1489 1364/1364/1364 1487/1487/1487
f 1368/1368/1368 1366/1366/1366 1491/1491/1491
f 1491/1491/1491 1366/1366/1366 1489/1489/1489
f 1370/1370/1370 1368/1368/1368 1493/1493/1493
f 1493/1493/1493 1368/1368/1368 1491/1491/1491
f 1372/1372/1372 1370/1370/1370 1495/1495/1495
f 1495/1495/1495 1370/1370/1370 1493/1493/1493
f 1486/1486/1486 1372/1372/1372 1497/1497/1497
f 1497/1497/1497 1372/1372/1372 1495/1495/1495
f 1484/1484/1484 1537/1537/1537 1482/1482/1482
f 1482/1482/1482 1537/1537/1537 1480/1480/1480
f 1457/1457/1457 1548/1548/1548 1459/1459/1459
f 1459/1459/1459 1548/1548/1548 1536/1536/1536
f 1544/1544/1544 1462/1462/1462 1545/1545/1545
f 1545/1545/1545 1462/1462/1462 1464/1464/1464
f 1394/1394/1394 1445/1445/1445 1396/1396/1396
f 1396/1396/1396 1445/1445/1445 1398/1398/1398
f 1426/1426/1426 1444/1444/1444 1390/1390/1390
f 1390/1390/1390 1444/1444/1444 1392/1392/1392
f 1397/1397/1397 1542/1542/1542 1395/1395/1395
f 1395/1395/1395 1542/1542/1542 1393/1393/1393
f 1348/1348/1348 1347/1347/1347 1446/1446/1446
f 1446/1446/1446 1347/1347/1347 1447/1447/1447
f 1358/1358/1358 1448/1448/1448 1360/1360/1360
f 1360/1360/1360 1448/1448/1448 1362/1362/1362
f 1498/1498/1498 1365/1365/1365 1500/1500/1500
f 1500/1500/1500 1365/1365/1365 1502/1502/1502
f 1445/1445/1445 1443/1443/1443 1398/1398/1398
f 1398/1398/1398 1443/1443/1443 1400/1400/1400
f 1430/1430/1430 1432/1432/1432 1538/1538/1538
f 1538/1538/1538 1432/1432/1432 1539/1539/1539
f 1465/1465/1465 1540/1540/1540 1450/1450/1450
f 1450/1450/1450 1540/1540/1540 1448/1448/1448
f 1347/1347/1347 1349/1349/1349 1522/1522/1522
f 1522/1522/1522 1349/1349/1349 1524/1524/1524
f 1519/1519/1519 1527/1527/1527 1424/1424/1424
f 1424/1424/1424 1527/1527/1527 1361/1361/1361
f 1525/1525/1525 1451/1451/1451 1523/1523/1523
f 1523/1523/1523 1451/1451/1451 1449/1449/1449
f 1349/1349/1349 1351/1351/1351 1524/1524/1524
f 1524/1524/1524 1351/1351/1351 1353/1353/1353
f 1373/1373/1373 1506/1506/1506 1371/1371/1371
f 1371/1371/1371 1506/1506/1506 1369/1369/1369
f 1506/1506/1506 1504/1504/1504 1369/1369/1369
f 1369/1369/1369 1504/1504/1504 1367/1367/1367
f 1504/1504/1504 1502/1502/1502 1367/1367/1367
f 1367/1367/1367 1502/1502/1502 1365/1365/1365
f 1520/1520/1520 1534/1534/1534 1519/1519/1519
f 1519/1519/1519 1534/1534/1534 1528/1528/1528
f 1402/1402/1402 1400/1400/1400 1442/1442/1442
f 1442/1442/1442 1400/1400/1400 1443/1443/1443
f 1469/1469/1469 1429/1429/1429 1427/1427/1427
f 1540/1540/1540 1362/1362/1362 1448/1448/1448
f 1527/1527/1527 1359/1359/1359 1361/1361/1361
f 1539/1539/1539 1432/1432/1432 1434/1434/1434
f 1541/1541/1541 1509/1509/1509 1508/1508/1508
f 1485/1485/1485 1376/1376/1376 1374/1374/1374
f 1413/1413/1413 1547/1547/1547 1511/1511/1511
f 1534/1534/1534 1536/1536/1536 1548/1548/1548
g batch9_podA
usemtl podA
f 1688/1688/1688 1689/1689/1689 1690/1690/1690
f 1690/1690/1690 1689/1689/1689 1691/1691/1691
f 1690/1690/1690 1691/1691/1691 1692/1692/1692
f 1692/1692/1692 1691/1691/1691 1693/1693/1693
f 1692/1692/1692 1693/1693/1693 1694/1694/1694
f 1694/1694/1694 1693/1693/1693 1695/1695/1695
f 1694/1694/1694 1695/1695/1695 1696/1696/1696
f 1696/1696/1696 1695/1695/1695 1697/1697/1697
f 1696/1696/1696 1697/1697/1697 1692/1692/1692
f 1692/1692/1692 1697/1697/1697 1690/1690/1690
f 1697/1697/1697 1695/1695/1695 1690/1690/1690
f 1690/1690/1690 1695/1695/1695 1698/1698/1698
f 1690/1690/1690 1698/1698/1698 1688/1688/1688
f 1688/1688/1688 1698/1698/1698 1699/1699/1699
f 1700/1700/1700 1701/1701/1701 1702/1702/1702
f 1702/1702/1702 1701/1701/1701 1703/1703/1703
f 1702/1702/1702 1703/1703/1703 1704/1704/1704
f 1699/1699/1699 1693/1693/1693 1705/1705/1705
f 1705/1705/1705 1693/1693/1693 1691/1691/1691
f 1705/1705/1705 1691/1691/1691 1689/1689/1689
f 1695/1695/1695 1693/1693/1693 1698/1698/1698
f 1698/1698/1698 1693/1693/1693 1699/1699/1699
f 1700/1700/1700 1702/1702/1702 1704/1704/1704
f 1694/1694/1694 1696/1696/1696 1692/1692/1692
g batch10_eyeL
usemtl eyeL
f 1549/1549/1549 1550/1550/1550 1551/1551/1551
f 1551/1551/1551 1550/1550/1550 1552/1552/1552
f 1551/1551/1551 1552/1552/1552 1553/1553/1553
f 1553/1553/1553 1552/1552/1552 1554/1554/1554
f 1555/1555/1555 1556/1556/1556 1557/1557/1557
f 1557/1557/1557 1556/1556/1556 1558/1558/1558
f 1557/1557/1557 1558/1558/1558 1559/1559/1559
f 1559/1559/1559 1558/1558/1558 1560/1560/1560
f 1556/1556/1556 1554/1554/1554 1558/1558/1558
f 1558/1558/1558 1554/1554/1554 1552/1552/1552
f 1558/1558/1558 1552/1552/1552 1560/1560/1560
f 1560/1560/1560 1552/1552/1552 1550/1550/1550
g batch11_eyeLdamA
usemtl eyeLdamA
f 1570/1570/1570 1571/1571/1571 1572/1572/1572
f 1572/1572/1572 1571/1571/1571 1573/1573/1573
f 1572/1572/1572 1573/1573/1573 1574/1574/1574
f 1574/1574/1574 1573/1573/1573 1575/1575/1575
f 1576/1576/1576 1577/1577/1577 1578/1578/1578
f 1578/1578/1578 1577/1577/1577 1579/1579/1579
f 1578/1578/1578 1579/1579/1579 1580/1580/1580
f 1580/1580/1580 1579/1579/1579 1581/1581/1581
f 1577/1577/1577 1575/1575/1575 1579/1579/1579
f 1579/1579/1579 1575/1575/1575 1573/1573/1573
f 1579/1579/1579 1573/1573/1573 1581/1581/1581
f 1581/1581/1581 1573/1573/1573 1571/1571/1571
g batch12_eyeLdamB
usemtl eyeLdamB
f 1591/1591/1591 1592/1592/1592 1593/1593/1593
f 1593/1593/1593 1592/1592/1592 1594/1594/1594
f 1593/1593/1593 1594/1594/1594 1595/1595/1595
f 1595/1595/1595 1594/1594/1594 1596/1596/1596
f 1597/1597/1597 1598/1598/1598 1599/1599/1599
f 1599/1599/1599 1598/1598/1598 1600/1600/1600
f 1599/1599/1599 1600/1600/1600 1601/1601/1601
f 1601/1601/1601 1600/1600/1600 1602/1602/1602
f 1598/1598/1598 1596/1596/1596 1600/1600/1600
f 1600/1600/1600 1596/1596/1596 1594/1594/1594
f 1600/1600/1600 1594/1594/1594 1602/1602/1602
f 1602/1602/1602 1594/1594/1594 1592/1592/1592
g batch13_eyeR
usemtl eyeR
f 1553/1553/1553 1561/1561/1561 1551/1551/1551
f 1551/1551/1551 1561/1561/1561 1562/1562/1562
f 1551/1551/1551 1562/1562/1562 1549/1549/1549
f 1549/1549/1549 1562/1562/1562 1563/1563/1563
f 1561/1561/1561 1564/1564/1564 1562/1562/1562
f 1562/1562/1562 1564/1564/1564 1565/1565/1565
f 1562/1562/1562 1565/1565/1565 1563/1563/1563
f 1563/1563/1563 1565/1565/1565 1566/1566/1566
f 1564/1564/1564 1567/1567/1567 1565/1565/1565
f 1565/1565/1565 1567/1567/1567 1568/1568/1568
f 1565/1565/1565 1568/1568/1568 1566/1566/1566
f 1566/1566/1566 1568/1568/1568 1569/1569/1569
g batch14_eyeRdamA
usemtl eyeRdamA
f 1574/1574/1574 1582/1582/1582 1572/1572/1572
f 1572/1572/1572 1582/1582/1582 1583/1583/1583
f 1572/1572/1572 1583/1583/1583 1570/1570/1570
f 1570/1570/1570 1583/1583/1583 1584/1584/1584
f 1582/1582/1582 1585/1585/1585 1583/1583/1583
f 1583/1583/1583 1585/1585/1585 1586/1586/1586
f 1583/1583/1583 1586/1586/1586 1584/1584/1584
f 1584/1584/1584 1586/1586/1586 1587/1587/1587
f 1585/1585/1585 1588/1588/1588 1586/1586/1586
f 1586/1586/1586 1588/1588/1588 1589/1589/1589
f 1586/1586/1586 1589/1589/1589 1587/1587/1587
f 1587/1587/1587 1589/1589/1589 1590/1590/1590
g batch15_eyeRdamB
usemtl eyeRdamB
f 1595/1595/1595 1603/1603/1603 1593/1593/1593
f 1593/1593/1593 1603/1603/1603 1604/1604/1604
f 1593/1593/1593 1604/1604/1604 1591/1591/1591
f 1591/1591/1591 1604/1604/1604 1605/1605/1605
f 1603/1603/1603 1606/1606/1606 1604/1604/1604
f 1604/1604/1604 1606/1606/1606 1607/1607/1607
f 1604/1604/1604 1607/1607/1607 1605/1605/1605
f 1605/1605/1605 1607/1607/1607 1608/1608/1608
f 1606/1606/1606 1609/1609/1609 1607/1607/1607
f 1607/1607/1607 1609/1609/1609 1610/1610/1610
f 1607/1607/1607 1610/1610/1610 1608/1608/1608
f 1608/1608/1608 1610/1610/1610 1611/1611/1611
g batch16_ear(7)
usemtl ear(7)
f 1612/1612/1612 1613/1613/1613 1614/1614/1614
f 1614/1614/1614 1613/1613/1613 1615/1615/1615
f 1614/1614/1614 1615/1615/1615 1616/1616/1616
f 1616/1616/1616 1615/1615/1615 1617/1617/1617
f 1616/1616/1616 1617/1617/1617 1618/1618/1618
f 1618/1618/1618 1617/1617/1617 1619/1619/1619
f 1618/1618/1618 1619/1619/1619 1620/1620/1620
f 1620/1620/1620 1619/1619/1619 1621/1621/1621
f 1620/1620/1620 1621/1621/1621 1622/1622/1622
f 1622/1622/1622 1621/1621/1621 1623/1623/1623
f 1622/1622/1622 1623/1623/1623 1612/1612/1612
f 1612/1612/1612 1623/1623/1623 1613/1613/1613
f 1613/1613/1613 1623/1623/1623 1624/1624/1624
f 1624/1624/1624 1623/1623/1623 1621/1621/1621
f 1624/1624/1624 1621/1621/1621 1619/1619/1619
f 1613/1613/1613 1624/1624/1624 1615/1615/1615
f 1615/1615/1615 1624/1624/1624 1617/1617/1617
f 1624/1624/1624 1619/1619/1619 1617/1617/1617
g batch17_mayuL
usemtl mayuL
f 1625/1625/1625 1626/1626/1626 1627/1627/1627
f 1627/1627/1627 1626/1626/1626 1628/1628/1628
f 1627/1627/1627 1628/1628/1628 1629/1629/1629
f 1629/1629/1629 1628/1628/1628 1630/1630/1630
f 1626/1626/1626 1631/1631/1631 1628/1628/1628
f 1628/1628/1628 1631/1631/1631 1632/1632/1632
f 1628/1628/1628 1632/1632/1632 1630/1630/1630
f 1630/1630/1630 1632/1632/1632 1633/1633/1633
f 1631/1631/1631 1634/1634/1634 1632/1632/1632
f 1632/1632/1632 1634/1634/1634 1635/1635/1635
f 1632/1632/1632 1635/1635/1635 1633/1633/1633
f 1633/1633/1633 1635/1635/1635 1636/1636/1636
g batch18_mayuLdamA
usemtl mayuLdamA
f 1646/1646/1646 1647/1647/1647 1648/1648/1648
f 1648/1648/1648 1647/1647/1647 1649/1649/1649
f 1648/1648/1648 1649/1649/1649 1650/1650/1650
f 1650/1650/1650 1649/1649/1649 1651/1651/1651
f 1647/1647/1647 1652/1652/1652 1649/1649/1649
f 1649/1649/1649 1652/1652/1652 1653/1653/1653
f 1649/1649/1649 1653/1653/1653 1651/1651/1651
f 1651/1651/1651 1653/1653/1653 1654/1654/1654
f 1652/1652/1652 1655/1655/1655 1653/1653/1653
f 1653/1653/1653 1655/1655/1655 1656/1656/1656
f 1653/1653/1653 1656/1656/1656 1654/1654/1654
f 1654/1654/1654 1656/1656/1656 1657/1657/1657
g batch19_mayuLdamB
usemtl mayuLdamB
f 1667/1667/1667 1668/1668/1668 1669/1669/1669
f 1669/1669/1669 1668/1668/1668 1670/1670/1670
f 1669/1669/1669 1670/1670/1670 1671/1671/1671
f 1671/1671/1671 1670/1670/1670 1672/1672/1672
f 1668/1668/1668 1673/1673/1673 1670/1670/1670
f 1670/1670/1670 1673/1673/1673 1674/1674/1674
f 1670/1670/1670 1674/1674/1674 1672/1672/1672
f 1672/1672/1672 1674/1674/1674 1675/1675/1675
f 1673/1673/1673 1676/1676/1676 1674/1674/1674
f 1674/1674/1674 1676/1676/1676 1677/1677/1677
f 1674/1674/1674 1677/1677/1677 1675/1675/1675
f 1675/1675/1675 1677/1677/1677 1678/1678/1678
g batch20_mayuR
usemtl mayuR
f 1634/1634/1634 1637/1637/1637 1635/1635/1635
f 1635/1635/1635 1637/1637/1637 1638/1638/1638
f 1635/1635/1635 1638/1638/1638 1636/1636/1636
f 1636/1636/1636 1638/1638/1638 1639/1639/1639
f 1637/1637/1637 1640/1640/1640 1638/1638/1638
f 1638/1638/1638 1640/1640/1640 1641/1641/1641
f 1638/1638/1638 1641/1641/1641 1639/1639/1639
f 1639/1639/1639 1641/1641/1641 1642/1642/1642
f 1640/1640/1640 1643/1643/1643 1641/1641/1641
f 1641/1641/1641 1643/1643/1643 1644/1644/1644
f 1641/1641/1641 1644/1644/1644 1642/1642/1642
f 1642/1642/1642 1644/1644/1644 1645/1645/1645
g batch21_mayuRdamA
usemtl mayuRdamA
f 1655/1655/1655 1658/1658/1658 1656/1656/1656
f 1656/1656/1656 1658/1658/1658 1659/1659/1659
f 1656/1656/1656 1659/1659/1659 1657/1657/1657
f 1657/1657/1657 1659/1659/1659 1660/1660/1660
f 1658/1658/1658 1661/1661/1661 1659/1659/1659
f 1659/1659/1659 1661/1661/1661 1662/1662/1662
f 1659/1659/1659 1662/1662/1662 1660/1660/1660
f 1660/1660/1660 1662/1662/1662 1663/1663/1663
f 1661/1661/1661 1664/1664/1664 1662/1662/1662
f 1662/1662/1662 1664/1664/1664 1665/1665/1665
f 1662/1662/1662 1665/1665/1665 1663/1663/1663
f 1663/1663/1663 1665/1665/1665 1666/1666/1666
g batch22_mayuRdamB
usemtl mayuRdamB
f 1676/1676/1676 1679/1679/1679 1677/1677/1677
f 1677/1677/1677 1679/1679/1679 1680/1680/1680
f 1677/1677/1677 1680/1680/1680 1678/1678/1678
f 1678/1678/1678 1680/1680/1680 1681/1681/1681
f 1679/1679/1679 1682/1682/1682 1680/1680/1680
f 1680/1680/1680 1682/1682/1682 1683/1683/1683
f 1680/1680/1680 1683/1683/1683 1681/1681/1681
f 1681/1681/1681 1683/1683/1683 1684/1684/1684
f 1682/1682/1682 1685/1685/1685 1683/1683/1683
f 1683/1683/1683 1685/1685/1685 1686/1686/1686
f 1683/1683/1683 1686/1686/1686 1684/1684/1684
f 1684/1684/1684 1686/1686/1686 1687/1687/1687
g batch23_ear(8)
usemtl ear(8)
f 1706/1706/1706 1707/1707/1707 1708/1708/1708
f 1708/1708/1708 1707/1707/1707 1709/1709/1709
f 1708/1708/1708 1709/1709/1709 1710/1710/1710
f 1710/1710/1710 1709/1709/1709 1711/1711/1711
f 1710/1710/1710 1711/1711/1711 1712/1712/1712
f 1712/1712/1712 1711/1711/1711 1713/1713/1713
f 1712/1712/1712 1713/1713/1713 1714/1714/1714
f 1714/1714/1714 1713/1713/1713 1715/1715/1715
f 1714/1714/1714 1715/1715/1715 1716/1716/1716
f 1716/1716/1716 1715/1715/1715 1717/1717/1717
f 1716/1716/1716 1717/1717/1717 1718/1718/1718
f 1718/1718/1718 1717/1717/1717 1719/1719/1719
f 1718/1718/1718 1719/1719/1719 1720/1720/1720
f 1720/1720/1720 1719/1719/1719 1721/1721/1721
f 1720/1720/1720 1721/1721/1721 1722/1722/1722
f 1722/1722/1722 1721/1721/1721 1723/1723/1723
f 1722/1722/1722 1723/1723/1723 1724/1724/1724
f 1724/1724/1724 1723/1723/1723 1725/1725/1725
f 1724/1724/1724 1725/1725/1725 1726/1726/1726
f 1726/1726/1726 1725/1725/1725 1727/1727/1727
f 1726/1726/1726 1727/1727/1727 1728/1728/1728
f 1720/1720/1720 1722/1722/1722 1718/1718/1718
f 1718/1718/1718 1722/1722/1722 1729/1729/1729
f 1718/1718/1718 1729/1729/1729 1716/1716/1716
f 1716/1716/1716 1729/1729/1729 1730/1730/1730
f 1716/1716/1716 1730/1730/1730 1731/1731/1731
f 1731/1731/1731 1730/1730/1730 1732/1732/1732
f 1731/1731/1731 1732/1732/1732 1733/1733/1733
f 1733/1733/1733 1732/1732/1732 1734/1734/1734
f 1733/1733/1733 1734/1734/1734 1735/1735/1735
f 1735/1735/1735 1734/1734/1734 1736/1736/1736
f 1735/1735/1735 1736/1736/1736 1737/1737/1737
f 1737/1737/1737 1736/1736/1736 1728/1728/1728
f 1737/1737/1737 1728/1728/1728 1738/1738/1738
f 1714/1714/1714 1716/1716/1716 1712/1712/1712
f 1712/1712/1712 1716/1716/1716 1739/1739/1739
f 1712/1712/1712 1739/1739/1739 1710/1710/1710
f 1710/1710/1710 1739/1739/1739 1740/1740/1740
f 1710/1710/1710 1740/1740/1740 1741/1741/1741
f 1741/1741/1741 1740/1740/1740 1735/1735/1735
f 1741/1741/1741 1735/1735/1735 1742/1742/1742
f 1742/1742/1742 1735/1735/1735 1737/1737/1737
f 1742/1742/1742 1737/1737/1737 1743/1743/1743
f 1743/1743/1743 1737/1737/1737 1738/1738/1738
f 1711/1711/1711 1709/1709/1709 1713/1713/1713
f 1713/1713/1713 1709/1709/1709 1744/1744/1744
f 1713/1713/1713 1744/1744/1744 1745/1745/1745
f 1745/1745/1745 1744/1744/1744 1746/1746/1746
f 1745/1745/1745 1746/1746/1746 1747/1747/1747
f 1747/1747/1747 1746/1746/1746 1748/1748/1748
f 1747/1747/1747 1748/1748/1748 1749/1749/1749
f 1729/1729/1729 1722/1722/1722 1730/1730/1730
f 1730/1730/1730 1722/1722/1722 1750/1750/1750
f 1730/1730/1730 1750/1750/1750 1732/1732/1732
f 1732/1732/1732 1750/1750/1750 1724/1724/1724
f 1732/1732/1732 1724/1724/1724 1726/1726/1726
f 1739/1739/1739 1716/1716/1716 1740/1740/1740
f 1740/1740/1740 1716/1716/1716 1751/1751/1751
f 1740/1740/1740 1751/1751/1751 1735/1735/1735
f 1735/1735/1735 1751/1751/1751 1733/1733/1733
f 1717/1717/1717 1715/1715/1715 1719/1719/1719
f 1719/1719/1719 1715/1715/1715 1752/1752/1752
f 1719/1719/1719 1752/1752/1752 1745/1745/1745
f 1745/1745/1745 1752/1752/1752 1713/1713/1713
f 1734/1734/1734 1732/1732/1732 1736/1736/1736
f 1736/1736/1736 1732/1732/1732 1726/1726/1726
f 1736/1736/1736 1726/1726/1726 1728/1728/1728
f 1747/1747/1747 1749/1749/1749 1721/1721/1721
f 1721/1721/1721 1749/1749/1749 1723/1723/1723
f 1706/1706/1706 1708/1708/1708 1743/1743/1743
f 1743/1743/1743 1708/1708/1708 1742/1742/1742
f 1725/1725/1725 1723/1723/1723 1753/1753/1753
f 1753/1753/1753 1723/1723/1723 1749/1749/1749
f 1746/1746/1746 1744/1744/1744 1754/1754/1754
f 1754/1754/1754 1744/1744/1744 1707/1707/1707
f 1745/1745/1745 1747/1747/1747 1719/1719/1719
f 1719/1719/1719 1747/1747/1747 1721/1721/1721
f 1751/1751/1751 1716/1716/1716 1733/1733/1733
f 1733/1733/1733 1716/1716/1716 1731/1731/1731
f 1741/1741/1741 1742/1742/1742 1710/1710/1710
f 1710/1710/1710 1742/1742/1742 1708/1708/1708
f 1752/1752/1752 1715/1715/1715 1713/1713/1713
f 1709/1709/1709 1707/1707/1707 1744/1744/1744
f 1724/1724/1724 1750/1750/1750 1722/1722/1722
