# Blender 5.1.0
# www.blender.org
mtllib recurse.mtl
o Hello
v 1.466036 -0.113613 0.150000
v 1.453055 -0.121818 0.150000
v 1.440101 -0.129418 0.150000
v 1.427161 -0.136394 0.150000
v 1.414221 -0.142724 0.150000
v 1.388286 -0.153363 0.150000
v 1.362184 -0.161168 0.150000
v 1.335805 -0.165974 0.150000
v 1.309036 -0.167613 0.150000
v 1.288267 -0.166656 0.150000
v 1.268962 -0.163793 0.150000
v 1.251130 -0.159035 0.150000
v 1.234777 -0.152390 0.150000
v 1.219910 -0.143871 0.150000
v 1.206536 -0.133488 0.150000
v 1.194663 -0.121250 0.150000
v 1.184296 -0.107168 0.150000
v 1.175443 -0.091253 0.150000
v 1.168111 -0.073515 0.150000
v 1.162306 -0.053965 0.150000
v 1.158036 -0.032613 0.150000
v 1.474036 -0.032613 0.150000
v 1.472472 0.007119 0.150000
v 1.467856 0.043323 0.150000
v 1.460302 0.076012 0.150000
v 1.449925 0.105202 0.150000
v 1.436840 0.130906 0.150000
v 1.421161 0.153137 0.150000
v 1.403003 0.171911 0.150000
v 1.382481 0.187239 0.150000
v 1.359708 0.199137 0.150000
v 1.334800 0.207619 0.150000
v 1.307871 0.212698 0.150000
v 1.279036 0.214387 0.150000
v 1.248856 0.212498 0.150000
v 1.220425 0.206943 0.150000
v 1.193911 0.197887 0.150000
v 1.169481 0.185498 0.150000
v 1.147300 0.169943 0.150000
v 1.127536 0.151387 0.150000
v 1.110356 0.129998 0.150000
v 1.095925 0.105943 0.150000
v 1.084411 0.079387 0.150000
v 1.075981 0.050498 0.150000
v 1.070800 0.019443 0.150000
v 1.069036 -0.013613 0.150000
v 1.070652 -0.044364 0.150000
v 1.075462 -0.074372 0.150000
v 1.083411 -0.103269 0.150000
v 1.094443 -0.130687 0.150000
v 1.108504 -0.156257 0.150000
v 1.125536 -0.179613 0.150000
v 1.145485 -0.200385 0.150000
v 1.168296 -0.218205 0.150000
v 1.193911 -0.232706 0.150000
v 1.222277 -0.243520 0.150000
v 1.253337 -0.250278 0.150000
v 1.287036 -0.252613 0.150000
v 1.322935 -0.251187 0.150000
v 1.355222 -0.246872 0.150000
v 1.384786 -0.239613 0.150000
v 1.412518 -0.229353 0.150000
v 1.439305 -0.216039 0.150000
v 1.466036 -0.199613 0.150000
v 1.160036 0.026387 0.150000
v 1.163639 0.043486 0.150000
v 1.168444 0.059262 0.150000
v 1.174442 0.073684 0.150000
v 1.181629 0.086721 0.150000
v 1.189996 0.098341 0.150000
v 1.199536 0.108512 0.150000
v 1.210243 0.117205 0.150000
v 1.222110 0.124387 0.150000
v 1.235130 0.130028 0.150000
v 1.249295 0.134096 0.150000
v 1.264599 0.136559 0.150000
v 1.281036 0.137387 0.150000
v 1.296279 0.136502 0.150000
v 1.310481 0.133887 0.150000
v 1.323599 0.129606 0.150000
v 1.335592 0.123721 0.150000
v 1.346418 0.116294 0.150000
v 1.356036 0.107387 0.150000
v 1.364404 0.097064 0.150000
v 1.371481 0.085387 0.150000
v 1.377224 0.072419 0.150000
v 1.381592 0.058221 0.150000
v 1.384543 0.042856 0.150000
v 1.386036 0.026387 0.150000
v 0.967036 0.177387 0.150000
v 0.921258 0.198091 0.150000
v 0.910152 0.201939 0.150000
v 0.899161 0.205262 0.150000
v 0.888274 0.208065 0.150000
v 0.877480 0.210350 0.150000
v 0.856133 0.213383 0.150000
v 0.835036 0.214387 0.150000
v 0.813218 0.213438 0.150000
v 0.792823 0.210628 0.150000
v 0.773943 0.206012 0.150000
v 0.756666 0.199647 0.150000
v 0.741084 0.191586 0.150000
v 0.727286 0.181887 0.150000
v 0.715364 0.170605 0.150000
v 0.705407 0.157795 0.150000
v 0.697505 0.143512 0.150000
v 0.691749 0.127813 0.150000
v 0.688230 0.110753 0.150000
v 0.687036 0.092387 0.150000
v 0.691168 0.063903 0.150000
v 0.702592 0.038679 0.150000
v 0.719849 0.016309 0.150000
v 0.741481 -0.003613 0.150000
v 0.864224 -0.080722 0.150000
v 0.881481 -0.094488 0.150000
v 0.892904 -0.108649 0.150000
v 0.897036 -0.123613 0.150000
v 0.896425 -0.131300 0.150000
v 0.894647 -0.138363 0.150000
v 0.891786 -0.144800 0.150000
v 0.887925 -0.150613 0.150000
v 0.883147 -0.155800 0.150000
v 0.877536 -0.160363 0.150000
v 0.871175 -0.164300 0.150000
v 0.864147 -0.167613 0.150000
v 0.856536 -0.170300 0.150000
v 0.848425 -0.172363 0.150000
v 0.831036 -0.174613 0.150000
v 0.811675 -0.173020 0.150000
v 0.789814 -0.168205 0.150000
v 0.765787 -0.160113 0.150000
v 0.739925 -0.148687 0.150000
v 0.726411 -0.141706 0.150000
v 0.712564 -0.133872 0.150000
v 0.698425 -0.125176 0.150000
v 0.684036 -0.115613 0.150000
v 0.684036 -0.211613 0.150000
v 0.738036 -0.235576 0.150000
v 0.763161 -0.243363 0.150000
v 0.788036 -0.248650 0.150000
v 0.800614 -0.250425 0.150000
v 0.813411 -0.251659 0.150000
v 0.840036 -0.252613 0.150000
v 0.860804 -0.251524 0.150000
v 0.880513 -0.248321 0.150000
v 0.899021 -0.243097 0.150000
v 0.916184 -0.235946 0.150000
v 0.931862 -0.226962 0.150000
v 0.945911 -0.216238 0.150000
v 0.958190 -0.203868 0.150000
v 0.968555 -0.189946 0.150000
v 0.976864 -0.174566 0.150000
v 0.982976 -0.157821 0.150000
v 0.986747 -0.139805 0.150000
v 0.988036 -0.120613 0.150000
v 0.987462 -0.109406 0.150000
v 0.985694 -0.098710 0.150000
v 0.982661 -0.088410 0.150000
v 0.978295 -0.078390 0.150000
v 0.972527 -0.068538 0.150000
v 0.965286 -0.058738 0.150000
v 0.946110 -0.038835 0.150000
v 0.920212 -0.017765 0.150000
v 0.802911 0.060137 0.150000
v 0.788740 0.073387 0.150000
v 0.783958 0.079356 0.150000
v 0.780624 0.084971 0.150000
v 0.778672 0.090294 0.150000
v 0.778036 0.095387 0.150000
v 0.778509 0.101236 0.150000
v 0.779906 0.106758 0.150000
v 0.782192 0.111919 0.150000
v 0.785332 0.116684 0.150000
v 0.789292 0.121018 0.150000
v 0.794036 0.124887 0.150000
v 0.799530 0.128257 0.150000
v 0.805740 0.131091 0.150000
v 0.812630 0.133356 0.150000
v 0.820166 0.135017 0.150000
v 0.837036 0.136387 0.150000
v 0.854652 0.135198 0.150000
v 0.874295 0.131536 0.150000
v 0.895661 0.125262 0.150000
v 0.918443 0.116239 0.150000
v 0.930270 0.110653 0.150000
v 0.942337 0.104327 0.150000
v 0.967036 0.089387 0.150000
v 0.316036 0.205387 0.150000
v 0.316036 -0.243613 0.150000
v 0.405036 -0.243613 0.150000
v 0.406016 0.010278 0.150000
v 0.408874 0.028346 0.150000
v 0.413489 0.045434 0.150000
v 0.419740 0.061387 0.150000
v 0.427504 0.076049 0.150000
v 0.436661 0.089262 0.150000
v 0.447089 0.100872 0.150000
v 0.458666 0.110721 0.150000
v 0.471270 0.118653 0.150000
v 0.484781 0.124512 0.150000
v 0.499077 0.128143 0.150000
v 0.514036 0.129387 0.150000
v 0.519565 0.129018 0.150000
v 0.525601 0.127934 0.150000
v 0.538888 0.123758 0.150000
v 0.553286 0.117137 0.150000
v 0.568184 0.108350 0.150000
v 0.582971 0.097674 0.150000
v 0.597036 0.085387 0.150000
v 0.644036 0.162387 0.150000
v 0.625763 0.178392 0.150000
v 0.607851 0.191424 0.150000
v 0.590161 0.201512 0.150000
v 0.572555 0.208684 0.150000
v 0.554893 0.212966 0.150000
v 0.537036 0.214387 0.150000
v 0.526515 0.213692 0.150000
v 0.515948 0.211577 0.150000
v 0.505333 0.207997 0.150000
v 0.494666 0.202906 0.150000
v 0.483943 0.196259 0.150000
v 0.473161 0.188012 0.150000
v 0.451407 0.166535 0.150000
v 0.429374 0.138114 0.150000
v 0.407036 0.102387 0.150000
v 0.405036 0.102387 0.150000
v 0.405036 0.205387 0.150000
v 0.184036 -0.243613 0.150000
v 0.184036 0.205387 0.150000
v 0.095036 0.205387 0.150000
v 0.095036 -0.115613 0.150000
v 0.079819 -0.134515 0.150000
v 0.063295 -0.150168 0.150000
v 0.045661 -0.162488 0.150000
v 0.027110 -0.171390 0.150000
v 0.017552 -0.174534 0.150000
v 0.007837 -0.176793 0.150000
v -0.002010 -0.178156 0.150000
v -0.011964 -0.178613 0.150000
v -0.026588 -0.177868 0.150000
v -0.039959 -0.175654 0.150000
v -0.052073 -0.172003 0.150000
v -0.062927 -0.166946 0.150000
v -0.072517 -0.160514 0.150000
v -0.080839 -0.152738 0.150000
v -0.087890 -0.143649 0.150000
v -0.093668 -0.133279 0.150000
v -0.098167 -0.121660 0.150000
v -0.101385 -0.108821 0.150000
v -0.103319 -0.094795 0.150000
v -0.103964 0.205387 0.150000
v -0.192964 0.205387 0.150000
v -0.191652 -0.101083 0.150000
v -0.187802 -0.126455 0.150000
v -0.181542 -0.149675 0.150000
v -0.173001 -0.170687 0.150000
v -0.162307 -0.189434 0.150000
v -0.149589 -0.205863 0.150000
v -0.134975 -0.219916 0.150000
v -0.118594 -0.231539 0.150000
v -0.100573 -0.240675 0.150000
v -0.081043 -0.247270 0.150000
v -0.060130 -0.251268 0.150000
v -0.037964 -0.252613 0.150000
v -0.026811 -0.252078 0.150000
v -0.015404 -0.250502 0.150000
v 0.007851 -0.244390 0.150000
v 0.031161 -0.234613 0.150000
v 0.053888 -0.221502 0.150000
v 0.075393 -0.205390 0.150000
v 0.095036 -0.186613 0.150000
v 0.095036 -0.243613 0.150000
v -0.297964 0.183387 0.150000
v -0.318913 0.192281 0.150000
v -0.329105 0.196247 0.150000
v -0.339223 0.199869 0.150000
v -0.380705 0.210573 0.150000
v -0.427964 0.214387 0.150000
v -0.460901 0.212452 0.150000
v -0.491631 0.206739 0.150000
v -0.520027 0.197387 0.150000
v -0.545964 0.184536 0.150000
v -0.569318 0.168323 0.150000
v -0.589964 0.148887 0.150000
v -0.607777 0.126369 0.150000
v -0.622631 0.100906 0.150000
v -0.634402 0.072637 0.150000
v -0.642964 0.041702 0.150000
v -0.648193 0.008239 0.150000
v -0.649964 -0.027613 0.150000
v -0.648037 -0.059769 0.150000
v -0.642381 -0.090113 0.150000
v -0.633183 -0.118456 0.150000
v -0.620631 -0.144613 0.150000
v -0.604912 -0.168394 0.150000
v -0.586214 -0.189613 0.150000
v -0.564724 -0.208081 0.150000
v -0.540631 -0.223613 0.150000
v -0.514120 -0.236019 0.150000
v -0.485381 -0.245113 0.150000
v -0.454599 -0.250706 0.150000
v -0.421964 -0.252613 0.150000
v -0.410027 -0.252368 0.150000
v -0.397802 -0.251659 0.150000
v -0.373001 -0.248983 0.150000
v -0.325594 -0.239576 0.150000
v -0.314948 -0.236581 0.150000
v -0.305043 -0.233400 0.150000
v -0.296005 -0.230065 0.150000
v -0.287964 -0.226613 0.150000
v -0.287964 -0.138613 0.150000
v -0.330371 -0.155279 0.150000
v -0.369223 -0.165279 0.150000
v -0.388080 -0.167779 0.150000
v -0.406964 -0.168613 0.150000
v -0.429281 -0.167457 0.150000
v -0.450168 -0.164034 0.150000
v -0.469526 -0.158410 0.150000
v -0.487260 -0.150650 0.150000
v -0.503272 -0.140820 0.150000
v -0.517464 -0.128988 0.150000
v -0.529739 -0.115217 0.150000
v -0.540001 -0.099576 0.150000
v -0.548151 -0.082128 0.150000
v -0.554093 -0.062941 0.150000
v -0.557730 -0.042081 0.150000
v -0.558964 -0.019613 0.150000
v -0.557815 0.002494 0.150000
v -0.554441 0.023244 0.150000
v -0.548948 0.042528 0.150000
v -0.541445 0.060239 0.150000
v -0.532040 0.076270 0.150000
v -0.520839 0.090512 0.150000
v -0.507951 0.102859 0.150000
v -0.493482 0.113202 0.150000
v -0.477542 0.121434 0.150000
v -0.460237 0.127448 0.150000
v -0.441675 0.131134 0.150000
v -0.421964 0.132387 0.150000
v -0.402779 0.131489 0.150000
v -0.383816 0.128536 0.150000
v -0.364464 0.123137 0.150000
v -0.344112 0.114906 0.150000
v -0.297964 0.088387 0.150000
v -0.731964 -0.113613 0.150000
v -0.744946 -0.121818 0.150000
v -0.757899 -0.129418 0.150000
v -0.770839 -0.136394 0.150000
v -0.783779 -0.142724 0.150000
v -0.809714 -0.153363 0.150000
v -0.835816 -0.161168 0.150000
v -0.862195 -0.165974 0.150000
v -0.888964 -0.167613 0.150000
v -0.909734 -0.166656 0.150000
v -0.929038 -0.163793 0.150000
v -0.946870 -0.159035 0.150000
v -0.963223 -0.152390 0.150000
v -0.978090 -0.143871 0.150000
v -0.991464 -0.133488 0.150000
v -1.003338 -0.121250 0.150000
v -1.013705 -0.107168 0.150000
v -1.022558 -0.091253 0.150000
v -1.029890 -0.073515 0.150000
v -1.035694 -0.053965 0.150000
v -1.039964 -0.032613 0.150000
v -0.723964 -0.032613 0.150000
v -0.725528 0.007119 0.150000
v -0.730145 0.043323 0.150000
v -0.737698 0.076012 0.150000
v -0.748075 0.105202 0.150000
v -0.761160 0.130906 0.150000
v -0.776839 0.153137 0.150000
v -0.794997 0.171911 0.150000
v -0.815520 0.187239 0.150000
v -0.838292 0.199137 0.150000
v -0.863200 0.207619 0.150000
v -0.890129 0.212698 0.150000
v -0.918964 0.214387 0.150000
v -0.949145 0.212498 0.150000
v -0.977575 0.206943 0.150000
v -1.004089 0.197887 0.150000
v -1.028520 0.185498 0.150000
v -1.050700 0.169943 0.150000
v -1.070464 0.151387 0.150000
v -1.087645 0.129998 0.150000
v -1.102075 0.105943 0.150000
v -1.113589 0.079387 0.150000
v -1.122020 0.050498 0.150000
v -1.127200 0.019443 0.150000
v -1.128964 -0.013613 0.150000
v -1.127348 -0.044364 0.150000
v -1.122538 -0.074372 0.150000
v -1.114589 -0.103269 0.150000
v -1.103557 -0.130687 0.150000
v -1.089496 -0.156257 0.150000
v -1.072464 -0.179613 0.150000
v -1.052515 -0.200385 0.150000
v -1.029705 -0.218205 0.150000
v -1.004089 -0.232706 0.150000
v -0.975723 -0.243520 0.150000
v -0.944663 -0.250278 0.150000
v -0.910964 -0.252613 0.150000
v -0.875066 -0.251187 0.150000
v -0.842779 -0.246872 0.150000
v -0.813214 -0.239613 0.150000
v -0.785483 -0.229353 0.150000
v -0.758695 -0.216039 0.150000
v -0.731964 -0.199613 0.150000
v -1.037964 0.026387 0.150000
v -1.034361 0.043486 0.150000
v -1.029557 0.059262 0.150000
v -1.023558 0.073684 0.150000
v -1.016371 0.086721 0.150000
v -1.008005 0.098341 0.150000
v -0.998464 0.108512 0.150000
v -0.987757 0.117205 0.150000
v -0.975890 0.124387 0.150000
v -0.962870 0.130028 0.150000
v -0.948705 0.134096 0.150000
v -0.933400 0.136559 0.150000
v -0.916964 0.137387 0.150000
v -0.901721 0.136502 0.150000
v -0.887520 0.133887 0.150000
v -0.874402 0.129606 0.150000
v -0.862408 0.123721 0.150000
v -0.851582 0.116294 0.150000
v -0.841964 0.107387 0.150000
v -0.833596 0.097064 0.150000
v -0.826520 0.085387 0.150000
v -0.820777 0.072419 0.150000
v -0.816408 0.058221 0.150000
v -0.813457 0.042856 0.150000
v -0.811964 0.026387 0.150000
v -1.696964 0.438387 0.150000
v -1.696964 -0.243613 0.150000
v -1.598964 -0.243613 0.150000
v -1.598964 0.052387 0.150000
v -1.545618 0.051992 0.150000
v -1.533445 0.050554 0.150000
v -1.521245 0.047700 0.150000
v -1.508816 0.043054 0.150000
v -1.495956 0.036242 0.150000
v -1.482464 0.026887 0.150000
v -1.468139 0.014617 0.150000
v -1.436183 -0.020175 0.150000
v -1.286964 -0.243613 0.150000
v -1.169964 -0.243613 0.150000
v -1.335214 0.002387 0.150000
v -1.359557 0.032054 0.150000
v -1.385788 0.058054 0.150000
v -1.414964 0.080387 0.150000
v -1.397386 0.088257 0.150000
v -1.381172 0.097341 0.150000
v -1.366355 0.107606 0.150000
v -1.352964 0.119017 0.150000
v -1.341032 0.131539 0.150000
v -1.330589 0.145137 0.150000
v -1.321667 0.159777 0.150000
v -1.314297 0.175424 0.150000
v -1.308511 0.192044 0.150000
v -1.304339 0.209600 0.150000
v -1.301813 0.228060 0.150000
v -1.300964 0.247387 0.150000
v -1.302736 0.275934 0.150000
v -1.307973 0.302508 0.150000
v -1.316558 0.327012 0.150000
v -1.328372 0.349350 0.150000
v -1.343296 0.369424 0.150000
v -1.361214 0.387137 0.150000
v -1.382007 0.402392 0.150000
v -1.405557 0.415091 0.150000
v -1.431745 0.425137 0.150000
v -1.460455 0.432434 0.150000
v -1.491567 0.436883 0.150000
v -1.598964 0.354387 0.150000
v -1.513390 0.353583 0.150000
v -1.493121 0.351202 0.150000
v -1.475089 0.347294 0.150000
v -1.459223 0.341906 0.150000
v -1.445455 0.335088 0.150000
v -1.433714 0.326887 0.150000
v -1.423932 0.317354 0.150000
v -1.416038 0.306535 0.150000
v -1.409964 0.294481 0.150000
v -1.405640 0.281239 0.150000
v -1.402996 0.266858 0.150000
v -1.401964 0.251387 0.150000
v -1.402385 0.237229 0.150000
v -1.404251 0.223374 0.150000
v -1.407714 0.209997 0.150000
v -1.412927 0.197276 0.150000
v -1.420043 0.185389 0.150000
v -1.429214 0.174512 0.150000
v -1.440594 0.164823 0.150000
v -1.454334 0.156498 0.150000
v -1.470589 0.149715 0.150000
v -1.489510 0.144651 0.150000
v -1.511251 0.141483 0.150000
v -1.598964 0.140387 0.150000
v 1.466036 -0.113613 -0.150000
v 1.453055 -0.121817 -0.150000
v 1.440101 -0.129418 -0.150000
v 1.427161 -0.136394 -0.150000
v 1.414221 -0.142724 -0.150000
v 1.388286 -0.153363 -0.150000
v 1.362184 -0.161168 -0.150000
v 1.335805 -0.165974 -0.150000
v 1.309036 -0.167613 -0.150000
v 1.288267 -0.166656 -0.150000
v 1.268962 -0.163793 -0.150000
v 1.251130 -0.159035 -0.150000
v 1.234777 -0.152390 -0.150000
v 1.219910 -0.143871 -0.150000
v 1.206536 -0.133488 -0.150000
v 1.194663 -0.121250 -0.150000
v 1.184296 -0.107168 -0.150000
v 1.175443 -0.091253 -0.150000
v 1.168111 -0.073515 -0.150000
v 1.162306 -0.053965 -0.150000
v 1.158036 -0.032613 -0.150000
v 1.474036 -0.032613 -0.150000
v 1.472472 0.007119 -0.150000
v 1.467856 0.043323 -0.150000
v 1.460302 0.076012 -0.150000
v 1.449925 0.105202 -0.150000
v 1.436840 0.130906 -0.150000
v 1.421161 0.153137 -0.150000
v 1.403003 0.171911 -0.150000
v 1.382481 0.187239 -0.150000
v 1.359708 0.199137 -0.150000
v 1.334800 0.207619 -0.150000
v 1.307871 0.212698 -0.150000
v 1.279036 0.214387 -0.150000
v 1.248856 0.212498 -0.150000
v 1.220425 0.206943 -0.150000
v 1.193911 0.197887 -0.150000
v 1.169481 0.185498 -0.150000
v 1.147300 0.169943 -0.150000
v 1.127536 0.151387 -0.150000
v 1.110356 0.129998 -0.150000
v 1.095925 0.105943 -0.150000
v 1.084411 0.079387 -0.150000
v 1.075981 0.050498 -0.150000
v 1.070800 0.019443 -0.150000
v 1.069036 -0.013613 -0.150000
v 1.070652 -0.044364 -0.150000
v 1.075462 -0.074372 -0.150000
v 1.083411 -0.103269 -0.150000
v 1.094443 -0.130687 -0.150000
v 1.108504 -0.156257 -0.150000
v 1.125536 -0.179613 -0.150000
v 1.145485 -0.200385 -0.150000
v 1.168296 -0.218205 -0.150000
v 1.193911 -0.232706 -0.150000
v 1.222277 -0.243520 -0.150000
v 1.253337 -0.250278 -0.150000
v 1.287036 -0.252613 -0.150000
v 1.322935 -0.251187 -0.150000
v 1.355222 -0.246872 -0.150000
v 1.384786 -0.239613 -0.150000
v 1.412518 -0.229353 -0.150000
v 1.439305 -0.216039 -0.150000
v 1.466036 -0.199613 -0.150000
v 1.160036 0.026387 -0.150000
v 1.163639 0.043486 -0.150000
v 1.168444 0.059262 -0.150000
v 1.174442 0.073684 -0.150000
v 1.181629 0.086721 -0.150000
v 1.189996 0.098341 -0.150000
v 1.199536 0.108512 -0.150000
v 1.210243 0.117205 -0.150000
v 1.222110 0.124387 -0.150000
v 1.235130 0.130028 -0.150000
v 1.249295 0.134096 -0.150000
v 1.264599 0.136559 -0.150000
v 1.281036 0.137387 -0.150000
v 1.296279 0.136502 -0.150000
v 1.310481 0.133887 -0.150000
v 1.323599 0.129606 -0.150000
v 1.335592 0.123721 -0.150000
v 1.346418 0.116294 -0.150000
v 1.356036 0.107387 -0.150000
v 1.364404 0.097064 -0.150000
v 1.371481 0.085387 -0.150000
v 1.377224 0.072419 -0.150000
v 1.381592 0.058221 -0.150000
v 1.384543 0.042856 -0.150000
v 1.386036 0.026387 -0.150000
v 0.967036 0.177387 -0.150000
v 0.921258 0.198091 -0.150000
v 0.910152 0.201939 -0.150000
v 0.899161 0.205262 -0.150000
v 0.888274 0.208065 -0.150000
v 0.877480 0.210350 -0.150000
v 0.856133 0.213383 -0.150000
v 0.835036 0.214387 -0.150000
v 0.813218 0.213438 -0.150000
v 0.792823 0.210628 -0.150000
v 0.773943 0.206012 -0.150000
v 0.756666 0.199647 -0.150000
v 0.741084 0.191586 -0.150000
v 0.727286 0.181887 -0.150000
v 0.715364 0.170605 -0.150000
v 0.705407 0.157795 -0.150000
v 0.697505 0.143512 -0.150000
v 0.691749 0.127813 -0.150000
v 0.688230 0.110753 -0.150000
v 0.687036 0.092387 -0.150000
v 0.691168 0.063903 -0.150000
v 0.702592 0.038679 -0.150000
v 0.719849 0.016309 -0.150000
v 0.741481 -0.003613 -0.150000
v 0.864224 -0.080722 -0.150000
v 0.881481 -0.094488 -0.150000
v 0.892904 -0.108649 -0.150000
v 0.897036 -0.123613 -0.150000
v 0.896425 -0.131300 -0.150000
v 0.894647 -0.138363 -0.150000
v 0.891786 -0.144800 -0.150000
v 0.887925 -0.150613 -0.150000
v 0.883147 -0.155800 -0.150000
v 0.877536 -0.160363 -0.150000
v 0.871175 -0.164300 -0.150000
v 0.864147 -0.167613 -0.150000
v 0.856536 -0.170300 -0.150000
v 0.848425 -0.172363 -0.150000
v 0.831036 -0.174613 -0.150000
v 0.811675 -0.173020 -0.150000
v 0.789814 -0.168205 -0.150000
v 0.765787 -0.160113 -0.150000
v 0.739925 -0.148687 -0.150000
v 0.726411 -0.141706 -0.150000
v 0.712564 -0.133872 -0.150000
v 0.698425 -0.125176 -0.150000
v 0.684036 -0.115613 -0.150000
v 0.684036 -0.211613 -0.150000
v 0.738036 -0.235576 -0.150000
v 0.763161 -0.243363 -0.150000
v 0.788036 -0.248650 -0.150000
v 0.800614 -0.250425 -0.150000
v 0.813411 -0.251659 -0.150000
v 0.840036 -0.252613 -0.150000
v 0.860804 -0.251524 -0.150000
v 0.880513 -0.248321 -0.150000
v 0.899021 -0.243097 -0.150000
v 0.916184 -0.235946 -0.150000
v 0.931862 -0.226962 -0.150000
v 0.945911 -0.216238 -0.150000
v 0.958190 -0.203868 -0.150000
v 0.968555 -0.189946 -0.150000
v 0.976864 -0.174566 -0.150000
v 0.982976 -0.157821 -0.150000
v 0.986747 -0.139805 -0.150000
v 0.988036 -0.120613 -0.150000
v 0.987462 -0.109406 -0.150000
v 0.985694 -0.098710 -0.150000
v 0.982661 -0.088409 -0.150000
v 0.978295 -0.078390 -0.150000
v 0.972527 -0.068538 -0.150000
v 0.965286 -0.058738 -0.150000
v 0.946110 -0.038835 -0.150000
v 0.920212 -0.017765 -0.150000
v 0.802911 0.060137 -0.150000
v 0.788740 0.073387 -0.150000
v 0.783958 0.079356 -0.150000
v 0.780624 0.084971 -0.150000
v 0.778672 0.090294 -0.150000
v 0.778036 0.095387 -0.150000
v 0.778509 0.101236 -0.150000
v 0.779906 0.106758 -0.150000
v 0.782192 0.111919 -0.150000
v 0.785332 0.116684 -0.150000
v 0.789292 0.121018 -0.150000
v 0.794036 0.124887 -0.150000
v 0.799530 0.128257 -0.150000
v 0.805740 0.131091 -0.150000
v 0.812630 0.133356 -0.150000
v 0.820166 0.135017 -0.150000
v 0.837036 0.136387 -0.150000
v 0.854652 0.135198 -0.150000
v 0.874295 0.131536 -0.150000
v 0.895661 0.125262 -0.150000
v 0.918443 0.116239 -0.150000
v 0.930270 0.110653 -0.150000
v 0.942337 0.104327 -0.150000
v 0.967036 0.089387 -0.150000
v 0.316036 0.205387 -0.150000
v 0.316036 -0.243613 -0.150000
v 0.405036 -0.243613 -0.150000
v 0.406016 0.010278 -0.150000
v 0.408874 0.028346 -0.150000
v 0.413489 0.045434 -0.150000
v 0.419740 0.061387 -0.150000
v 0.427504 0.076049 -0.150000
v 0.436661 0.089262 -0.150000
v 0.447089 0.100872 -0.150000
v 0.458666 0.110721 -0.150000
v 0.471270 0.118653 -0.150000
v 0.484781 0.124512 -0.150000
v 0.499077 0.128143 -0.150000
v 0.514036 0.129387 -0.150000
v 0.519565 0.129018 -0.150000
v 0.525601 0.127934 -0.150000
v 0.538888 0.123758 -0.150000
v 0.553286 0.117137 -0.150000
v 0.568184 0.108350 -0.150000
v 0.582971 0.097674 -0.150000
v 0.597036 0.085387 -0.150000
v 0.644036 0.162387 -0.150000
v 0.625763 0.178392 -0.150000
v 0.607851 0.191424 -0.150000
v 0.590161 0.201512 -0.150000
v 0.572555 0.208684 -0.150000
v 0.554893 0.212966 -0.150000
v 0.537036 0.214387 -0.150000
v 0.526515 0.213692 -0.150000
v 0.515948 0.211577 -0.150000
v 0.505333 0.207997 -0.150000
v 0.494666 0.202906 -0.150000
v 0.483943 0.196259 -0.150000
v 0.473161 0.188012 -0.150000
v 0.451407 0.166535 -0.150000
v 0.429374 0.138114 -0.150000
v 0.407036 0.102387 -0.150000
v 0.405036 0.102387 -0.150000
v 0.405036 0.205387 -0.150000
v 0.184036 -0.243613 -0.150000
v 0.184036 0.205387 -0.150000
v 0.095036 0.205387 -0.150000
v 0.095036 -0.115613 -0.150000
v 0.079819 -0.134515 -0.150000
v 0.063295 -0.150168 -0.150000
v 0.045661 -0.162488 -0.150000
v 0.027110 -0.171390 -0.150000
v 0.017552 -0.174534 -0.150000
v 0.007837 -0.176793 -0.150000
v -0.002010 -0.178156 -0.150000
v -0.011964 -0.178613 -0.150000
v -0.026588 -0.177868 -0.150000
v -0.039959 -0.175654 -0.150000
v -0.052073 -0.172003 -0.150000
v -0.062927 -0.166946 -0.150000
v -0.072517 -0.160514 -0.150000
v -0.080839 -0.152738 -0.150000
v -0.087890 -0.143649 -0.150000
v -0.093668 -0.133279 -0.150000
v -0.098167 -0.121660 -0.150000
v -0.101385 -0.108821 -0.150000
v -0.103319 -0.094795 -0.150000
v -0.103964 0.205387 -0.150000
v -0.192964 0.205387 -0.150000
v -0.191652 -0.101083 -0.150000
v -0.187802 -0.126455 -0.150000
v -0.181542 -0.149675 -0.150000
v -0.173001 -0.170687 -0.150000
v -0.162307 -0.189434 -0.150000
v -0.149589 -0.205863 -0.150000
v -0.134975 -0.219916 -0.150000
v -0.118594 -0.231539 -0.150000
v -0.100573 -0.240675 -0.150000
v -0.081043 -0.247270 -0.150000
v -0.060130 -0.251268 -0.150000
v -0.037964 -0.252613 -0.150000
v -0.026811 -0.252078 -0.150000
v -0.015404 -0.250502 -0.150000
v 0.007851 -0.244390 -0.150000
v 0.031161 -0.234613 -0.150000
v 0.053888 -0.221502 -0.150000
v 0.075393 -0.205390 -0.150000
v 0.095036 -0.186613 -0.150000
v 0.095036 -0.243613 -0.150000
v -0.297964 0.183387 -0.150000
v -0.318913 0.192281 -0.150000
v -0.329105 0.196247 -0.150000
v -0.339223 0.199869 -0.150000
v -0.380705 0.210573 -0.150000
v -0.427964 0.214387 -0.150000
v -0.460901 0.212452 -0.150000
v -0.491631 0.206739 -0.150000
v -0.520027 0.197387 -0.150000
v -0.545964 0.184536 -0.150000
v -0.569318 0.168323 -0.150000
v -0.589964 0.148887 -0.150000
v -0.607777 0.126369 -0.150000
v -0.622631 0.100906 -0.150000
v -0.634402 0.072637 -0.150000
v -0.642964 0.041702 -0.150000
v -0.648193 0.008239 -0.150000
v -0.649964 -0.027613 -0.150000
v -0.648037 -0.059769 -0.150000
v -0.642381 -0.090113 -0.150000
v -0.633183 -0.118456 -0.150000
v -0.620631 -0.144613 -0.150000
v -0.604912 -0.168394 -0.150000
v -0.586214 -0.189613 -0.150000
v -0.564724 -0.208081 -0.150000
v -0.540631 -0.223613 -0.150000
v -0.514120 -0.236019 -0.150000
v -0.485381 -0.245113 -0.150000
v -0.454599 -0.250706 -0.150000
v -0.421964 -0.252613 -0.150000
v -0.410027 -0.252368 -0.150000
v -0.397802 -0.251659 -0.150000
v -0.373001 -0.248983 -0.150000
v -0.325594 -0.239576 -0.150000
v -0.314948 -0.236581 -0.150000
v -0.305043 -0.233400 -0.150000
v -0.296005 -0.230065 -0.150000
v -0.287964 -0.226613 -0.150000
v -0.287964 -0.138613 -0.150000
v -0.330371 -0.155279 -0.150000
v -0.369223 -0.165279 -0.150000
v -0.388080 -0.167779 -0.150000
v -0.406964 -0.168613 -0.150000
v -0.429281 -0.167457 -0.150000
v -0.450168 -0.164034 -0.150000
v -0.469526 -0.158410 -0.150000
v -0.487260 -0.150650 -0.150000
v -0.503272 -0.140820 -0.150000
v -0.517464 -0.128988 -0.150000
v -0.529739 -0.115217 -0.150000
v -0.540001 -0.099576 -0.150000
v -0.548151 -0.082128 -0.150000
v -0.554093 -0.062941 -0.150000
v -0.557730 -0.042081 -0.150000
v -0.558964 -0.019613 -0.150000
v -0.557815 0.002494 -0.150000
v -0.554441 0.023244 -0.150000
v -0.548948 0.042528 -0.150000
v -0.541445 0.060239 -0.150000
v -0.532040 0.076270 -0.150000
v -0.520839 0.090512 -0.150000
v -0.507951 0.102859 -0.150000
v -0.493482 0.113202 -0.150000
v -0.477542 0.121434 -0.150000
v -0.460237 0.127448 -0.150000
v -0.441675 0.131134 -0.150000
v -0.421964 0.132387 -0.150000
v -0.402779 0.131489 -0.150000
v -0.383816 0.128536 -0.150000
v -0.364464 0.123137 -0.150000
v -0.344112 0.114906 -0.150000
v -0.297964 0.088387 -0.150000
v -0.731964 -0.113613 -0.150000
v -0.744946 -0.121817 -0.150000
v -0.757899 -0.129418 -0.150000
v -0.770839 -0.136394 -0.150000
v -0.783779 -0.142724 -0.150000
v -0.809714 -0.153363 -0.150000
v -0.835816 -0.161168 -0.150000
v -0.862195 -0.165974 -0.150000
v -0.888964 -0.167613 -0.150000
v -0.909734 -0.166656 -0.150000
v -0.929038 -0.163793 -0.150000
v -0.946870 -0.159035 -0.150000
v -0.963223 -0.152390 -0.150000
v -0.978090 -0.143871 -0.150000
v -0.991464 -0.133488 -0.150000
v -1.003338 -0.121250 -0.150000
v -1.013705 -0.107168 -0.150000
v -1.022558 -0.091253 -0.150000
v -1.029890 -0.073515 -0.150000
v -1.035694 -0.053965 -0.150000
v -1.039964 -0.032613 -0.150000
v -0.723964 -0.032613 -0.150000
v -0.725528 0.007119 -0.150000
v -0.730145 0.043323 -0.150000
v -0.737698 0.076012 -0.150000
v -0.748075 0.105202 -0.150000
v -0.761160 0.130906 -0.150000
v -0.776839 0.153137 -0.150000
v -0.794997 0.171911 -0.150000
v -0.815520 0.187239 -0.150000
v -0.838292 0.199137 -0.150000
v -0.863200 0.207619 -0.150000
v -0.890129 0.212698 -0.150000
v -0.918964 0.214387 -0.150000
v -0.949145 0.212498 -0.150000
v -0.977575 0.206943 -0.150000
v -1.004089 0.197887 -0.150000
v -1.028520 0.185498 -0.150000
v -1.050700 0.169943 -0.150000
v -1.070464 0.151387 -0.150000
v -1.087645 0.129998 -0.150000
v -1.102075 0.105943 -0.150000
v -1.113589 0.079387 -0.150000
v -1.122020 0.050498 -0.150000
v -1.127200 0.019443 -0.150000
v -1.128964 -0.013613 -0.150000
v -1.127348 -0.044364 -0.150000
v -1.122538 -0.074372 -0.150000
v -1.114589 -0.103269 -0.150000
v -1.103557 -0.130687 -0.150000
v -1.089496 -0.156257 -0.150000
v -1.072464 -0.179613 -0.150000
v -1.052515 -0.200385 -0.150000
v -1.029705 -0.218205 -0.150000
v -1.004089 -0.232706 -0.150000
v -0.975723 -0.243520 -0.150000
v -0.944663 -0.250278 -0.150000
v -0.910964 -0.252613 -0.150000
v -0.875066 -0.251187 -0.150000
v -0.842779 -0.246872 -0.150000
v -0.813214 -0.239613 -0.150000
v -0.785483 -0.229353 -0.150000
v -0.758695 -0.216039 -0.150000
v -0.731964 -0.199613 -0.150000
v -1.037964 0.026387 -0.150000
v -1.034361 0.043486 -0.150000
v -1.029557 0.059262 -0.150000
v -1.023558 0.073684 -0.150000
v -1.016371 0.086721 -0.150000
v -1.008005 0.098341 -0.150000
v -0.998464 0.108512 -0.150000
v -0.987757 0.117205 -0.150000
v -0.975890 0.124387 -0.150000
v -0.962870 0.130028 -0.150000
v -0.948705 0.134096 -0.150000
v -0.933400 0.136559 -0.150000
v -0.916964 0.137387 -0.150000
v -0.901721 0.136502 -0.150000
v -0.887520 0.133887 -0.150000
v -0.874402 0.129606 -0.150000
v -0.862408 0.123721 -0.150000
v -0.851582 0.116294 -0.150000
v -0.841964 0.107387 -0.150000
v -0.833596 0.097064 -0.150000
v -0.826520 0.085387 -0.150000
v -0.820777 0.072419 -0.150000
v -0.816408 0.058221 -0.150000
v -0.813457 0.042856 -0.150000
v -0.811964 0.026387 -0.150000
v -1.696964 0.438387 -0.150000
v -1.696964 -0.243613 -0.150000
v -1.598964 -0.243613 -0.150000
v -1.598964 0.052387 -0.150000
v -1.545618 0.051992 -0.150000
v -1.533445 0.050554 -0.150000
v -1.521245 0.047700 -0.150000
v -1.508816 0.043054 -0.150000
v -1.495956 0.036242 -0.150000
v -1.482464 0.026887 -0.150000
v -1.468139 0.014617 -0.150000
v -1.436183 -0.020175 -0.150000
v -1.286964 -0.243613 -0.150000
v -1.169964 -0.243613 -0.150000
v -1.335214 0.002387 -0.150000
v -1.359557 0.032054 -0.150000
v -1.385788 0.058054 -0.150000
v -1.414964 0.080387 -0.150000
v -1.397386 0.088257 -0.150000
v -1.381172 0.097341 -0.150000
v -1.366355 0.107606 -0.150000
v -1.352964 0.119017 -0.150000
v -1.341032 0.131539 -0.150000
v -1.330589 0.145137 -0.150000
v -1.321667 0.159777 -0.150000
v -1.314297 0.175424 -0.150000
v -1.308511 0.192044 -0.150000
v -1.304339 0.209600 -0.150000
v -1.301813 0.228060 -0.150000
v -1.300964 0.247387 -0.150000
v -1.302736 0.275934 -0.150000
v -1.307973 0.302508 -0.150000
v -1.316558 0.327012 -0.150000
v -1.328372 0.349350 -0.150000
v -1.343296 0.369424 -0.150000
v -1.361214 0.387137 -0.150000
v -1.382007 0.402392 -0.150000
v -1.405557 0.415091 -0.150000
v -1.431745 0.425137 -0.150000
v -1.460455 0.432434 -0.150000
v -1.491567 0.436883 -0.150000
v -1.524964 0.438387 -0.150000
v -1.598964 0.354387 -0.150000
v -1.513390 0.353583 -0.150000
v -1.493121 0.351202 -0.150000
v -1.475089 0.347294 -0.150000
v -1.459223 0.341906 -0.150000
v -1.445455 0.335088 -0.150000
v -1.433714 0.326887 -0.150000
v -1.423932 0.317354 -0.150000
v -1.416038 0.306535 -0.150000
v -1.409964 0.294481 -0.150000
v -1.405640 0.281239 -0.150000
v -1.402996 0.266858 -0.150000
v -1.401964 0.251387 -0.150000
v -1.402385 0.237229 -0.150000
v -1.404251 0.223374 -0.150000
v -1.407714 0.209997 -0.150000
v -1.412927 0.197276 -0.150000
v -1.420043 0.185389 -0.150000
v -1.429214 0.174512 -0.150000
v -1.440594 0.164823 -0.150000
v -1.454334 0.156498 -0.150000
v -1.470589 0.149715 -0.150000
v -1.489510 0.144651 -0.150000
v -1.511251 0.141483 -0.150000
v -1.598964 0.140387 -0.150000
vn 0.8758 -0.4828 -0.0000
vn -0.7907 -0.6122 -0.0000
vn -0.0000 -1.0000 -0.0000
vn -0.0000 -0.0000 -1.0000
vn -0.0000 -0.0000 1.0000
vn -0.7503 -0.6611 -0.0000
vn -0.9016 -0.4326 -0.0000
vn -0.3232 0.9463 -0.0000
vn -0.0074 -1.0000 -0.0000
vn -0.6309 0.7759 -0.0000
vn 0.9967 -0.0807 -0.0000
vn -0.7026 0.7116 -0.0000
vn -0.0441 0.9990 -0.0000
vn -0.0625 0.9980 -0.0000
vn 0.2790 0.9603 -0.0000
vn 0.7804 0.6252 -0.0000
vn 0.9586 0.2846 -0.0000
vn -0.8575 0.5144 -0.0000
vn 0.4972 0.8676 -0.0000
vn 0.0805 0.9968 -0.0000
vn 0.0503 -0.9987 -0.0000
vn 0.2356 0.9718 -0.0000
vn 0.4924 0.8704 -0.0000
vn -0.9831 -0.1832 -0.0000
vn -0.5742 0.8187 -0.0000
vn -0.9880 0.1544 -0.0000
vn 0.9168 0.3995 -0.0000
vn 0.0205 -0.9998 -0.0000
vn 1.0000 0.0021 -0.0000
vn 0.5535 0.8328 -0.0000
vn -0.4405 -0.8977 -0.0000
vn -0.5657 -0.8246 -0.0000
vn -0.0691 -0.9976 -0.0000
vn 0.9923 0.1239 -0.0000
vn -0.8750 0.4841 -0.0000
vn -0.8080 -0.5892 -0.0000
vn -0.6156 -0.7880 -0.0000
vn -0.9277 -0.3733 -0.0000
vn -0.8552 -0.5183 -0.0000
vn -0.3457 0.9383 -0.0000
vn -0.2865 0.9581 -0.0000
vn 0.2578 0.9662 -0.0000
vn 0.3123 -0.9500 -0.0000
vn 0.2760 -0.9612 -0.0000
vn 1.0000 -0.0000 -0.0000
vn 0.8361 0.5485 -0.0000
vn 0.8625 -0.5061 -0.0000
vn 0.1073 -0.9942 -0.0000
vn -0.1833 -0.9831 -0.0000
vn -0.7365 -0.6765 -0.0000
vn 0.4451 -0.8955 -0.0000
vn 0.9325 0.3611 -0.0000
vn -0.0458 0.9989 -0.0000
vn 0.6067 -0.7949 -0.0000
vn 0.6480 -0.7617 -0.0000
vn 0.0476 0.9989 -0.0000
vn 0.9311 -0.3648 -0.0000
vn 0.9695 -0.2452 -0.0000
vn -0.0435 0.9991 -0.0000
vn 0.6311 0.7757 -0.0000
vn 0.0820 0.9966 -0.0000
vn 0.3470 -0.9379 -0.0000
vn -0.0611 0.9981 -0.0000
vn -0.9144 -0.4049 -0.0000
vn 0.4153 -0.9097 -0.0000
vn 0.3764 0.9265 -0.0000
vn 0.9806 0.1961 -0.0000
vn -0.6845 0.7290 -0.0000
vn 0.9233 -0.3841 -0.0000
vn -0.4523 0.8919 -0.0000
vn -0.9864 0.1645 -0.0000
vn -0.0000 1.0000 -0.0000
vn -0.0000 -0.0001 -1.0000
vn -0.9175 0.3978 -0.0000
vn -0.1314 0.9913 -0.0000
vn 0.3223 0.9466 -0.0000
vn -0.9232 0.3844 -0.0000
vn -0.2998 -0.9540 -0.0000
vn -0.5061 0.8625 0.0018
vn -0.5343 0.8453 -0.0000
vn 0.8536 -0.5210 -0.0000
vn -0.9638 0.2668 -0.0000
vn 0.7177 0.6964 -0.0000
vn -0.3125 0.9499 -0.0000
vn -0.7783 -0.6279 -0.0000
vn -0.2817 -0.9595 -0.0000
vn -0.3196 0.9476 -0.0000
vn 0.2708 -0.9626 -0.0000
vn -0.0358 -0.9994 -0.0000
vn -0.7918 -0.6108 -0.0000
vn 0.5532 0.8330 -0.0000
vn 0.0585 0.9983 -0.0000
vn 0.9654 -0.2607 -0.0000
vn -0.3330 0.9429 -0.0000
vn -0.0674 -0.9977 -0.0000
vn -0.5080 -0.8613 -0.0000
vn 0.3868 -0.9222 -0.0000
vn 0.9906 0.1366 -0.0000
vn -0.7356 0.6775 -0.0000
vn 0.7201 0.6938 -0.0000
vn -0.2126 -0.9771 -0.0000
vn 0.0810 -0.9967 -0.0000
vn 0.8350 -0.5502 -0.0000
vn 0.8598 0.5106 -0.0000
vn 0.7294 -0.6841 -0.0000
vn 0.7177 0.6963 -0.0000
vn 0.2152 -0.9766 -0.0000
vn 0.5228 -0.8525 -0.0000
vn -0.9109 -0.4125 -0.0000
vn -0.9820 -0.1886 -0.0000
vn 0.1589 -0.9873 -0.0000
vn 0.6589 0.7523 -0.0000
vn 0.1853 0.9827 -0.0000
vn 0.0460 0.9989 -0.0000
vn 0.5883 0.8086 -0.0000
vn 0.1467 0.9892 -0.0000
vn -0.0580 -0.9983 -0.0000
vn -0.2375 0.9714 -0.0000
vn 0.6303 -0.7764 -0.0000
vn 0.9566 -0.2913 -0.0000
vn 0.9785 -0.2062 -0.0000
vn 0.9242 0.3820 -0.0000
vn -0.7796 0.6262 -0.0000
vn 0.9208 -0.3901 -0.0000
vn 0.5178 -0.8555 -0.0000
vn -0.1811 -0.9835 -0.0000
vn 0.3975 -0.9176 -0.0000
vn -0.1371 0.9906 -0.0000
vn 0.5239 0.8518 -0.0000
vn 0.8301 0.5576 -0.0000
vn -0.7212 -0.6927 -0.0000
vn 0.3945 -0.9189 -0.0000
vn 0.6133 0.7899 -0.0000
vn -0.9986 -0.0525 -0.0000
vn -0.9642 -0.2652 -0.0000
vn -0.2079 -0.9781 -0.0000
vn -0.0583 -0.9983 -0.0000
vn -0.4394 0.8983 -0.0000
vn -0.6518 -0.7584 -0.0000
vn 0.6918 -0.7221 -0.0000
vn 0.3274 0.9449 -0.0000
vn -0.4271 -0.9042 -0.0000
vn 0.5235 -0.8520 -0.0000
vn 0.7465 0.6654 -0.0000
vn -0.8342 -0.5514 -0.0000
vn -0.4440 0.8960 -0.0000
vn -0.7843 0.6204 -0.0000
vn 0.4121 0.9111 -0.0000
vn 0.1617 0.9868 -0.0000
vn 0.3282 -0.9446 -0.0000
vn -0.5703 0.8215 -0.0000
vn -0.9512 -0.3087 -0.0000
vn 0.2461 -0.9692 -0.0000
vn -0.9988 0.0493 -0.0000
vn 0.9060 0.4232 -0.0000
vn 0.7040 0.7102 -0.0000
vn -0.5268 0.8500 -0.0000
vn 0.6910 -0.7229 -0.0000
vn -0.2265 0.9740 -0.0000
vn -1.0000 -0.0000 -0.0000
vn -0.6579 -0.7531 -0.0000
vn 0.2886 0.9575 -0.0000
vn 0.7901 0.6130 -0.0000
vn 0.7440 -0.6682 -0.0000
vn 0.5232 0.8522 -0.0000
vn 0.8219 -0.5696 -0.0000
vn -0.0659 0.9978 -0.0000
vn 0.3370 0.9415 0.0010
vn 0.2499 0.9683 -0.0000
vn -0.0666 -0.9978 -0.0000
vn 0.9593 0.2824 -0.0000
vn 0.8837 -0.4680 -0.0000
vn 0.7097 -0.7045 -0.0000
vn -0.6236 -0.7818 -0.0000
vn -0.4264 0.9046 -0.0000
vn 0.9394 -0.3429 -0.0000
vn -0.0960 -0.9954 -0.0000
vn 0.4972 -0.8676 -0.0000
vn 0.1604 -0.9870 -0.0000
vn -0.4239 -0.9057 -0.0000
vn -0.7789 0.6271 -0.0000
vn -0.4594 0.8882 -0.0000
vn -0.2960 -0.9552 -0.0000
vn -0.3658 0.9307 -0.0000
vn -0.6931 -0.7208 -0.0000
vn 1.0000 -0.0039 -0.0000
vn 0.0523 -0.9986 -0.0000
vn -0.1918 0.9814 -0.0000
vn 0.8115 -0.5843 -0.0000
vn -0.1365 0.9906 -0.0000
vn 0.6320 -0.7750 -0.0000
vn -0.0094 -1.0000 -0.0000
vn 0.9143 -0.4050 -0.0000
vn 0.4954 0.8687 -0.0000
vn 0.9992 0.0393 -0.0000
vn 0.9389 0.3443 -0.0000
vn -0.9794 0.2021 -0.0000
vn 0.6830 0.7305 -0.0000
vn 0.0397 -0.9992 -0.0000
vn -0.9979 0.0648 -0.0000
vn -0.6774 -0.7356 -0.0000
vn 0.7383 -0.6744 -0.0000
vn -0.2464 0.9692 -0.0000
vn -0.6873 0.7263 -0.0000
vn 0.8172 0.5763 -0.0000
vn 0.8912 0.4537 -0.0000
vn 0.5984 0.8012 -0.0000
vn -0.6794 -0.7337 -0.0000
vn -0.8763 -0.4818 -0.0000
vn -0.9558 -0.2941 -0.0000
vn 0.4631 0.8863 -0.0000
vn -0.8479 0.5302 -0.0000
vn -0.9986 0.0533 -0.0000
vn -0.3795 0.9252 -0.0000
vn -0.3103 -0.9507 -0.0000
vn -0.9959 -0.0903 -0.0000
vn 0.2385 -0.9712 -0.0000
vn 0.9920 0.1265 -0.0000
vn 0.9743 0.2251 -0.0000
vn 0.7188 0.6952 -0.0000
vn -0.9896 -0.1436 -0.0000
vn -0.4178 -0.9086 -0.0000
vn -0.1792 0.9838 -0.0000
vn 0.1325 -0.9912 -0.0000
vn -0.4926 -0.8702 -0.0000
vn -0.3562 -0.9344 -0.0000
vn 0.8053 0.5929 -0.0000
vn -0.9600 0.2801 -0.0000
vn -0.7768 -0.6297 -0.0000
vn -0.9874 -0.1583 -0.0000
vn -0.9389 0.3442 -0.0000
vn 0.9422 0.3350 -0.0000
vn 0.8739 0.4861 -0.0000
vn -0.8316 -0.5554 -0.0000
vn 0.4589 0.8885 -0.0000
vn 0.1946 -0.9809 -0.0000
vn -0.7895 0.6137 -0.0000
vn -0.4327 0.9016 -0.0000
vn -0.7903 0.6127 -0.0000
vn -0.6877 0.7260 -0.0000
vn 0.2894 0.9572 -0.0000
vn 0.6404 0.7681 -0.0000
vn -0.5176 -0.8556 -0.0000
vn 0.0517 0.9987 -0.0000
vn -0.4745 0.8802 -0.0018
vn -0.3128 0.9498 -0.0000
vn 0.2071 0.9783 -0.0000
vn 0.2493 0.9684 -0.0000
vn 0.8043 0.5942 -0.0000
vn 0.3192 0.9477 -0.0000
vn 0.6078 0.7941 -0.0000
vn 0.5816 -0.8135 -0.0000
vn -0.0125 0.9999 -0.0000
vn -0.5751 0.8181 -0.0000
vn 0.7860 -0.6182 -0.0000
vn 0.0579 -0.9983 -0.0000
vn 0.0634 -0.9980 -0.0000
vn 0.9870 -0.1605 -0.0000
vn 0.4589 -0.8885 -0.0000
vn 0.1948 -0.9808 -0.0000
vn -0.1828 0.9832 -0.0000
vn 0.4009 0.9161 -0.0000
vn 0.9987 -0.0519 -0.0000
vn -0.0587 0.9983 -0.0000
vn -0.1788 -0.9839 -0.0000
vn 0.0509 0.9987 -0.0000
vn 0.1369 -0.9906 -0.0000
vn 0.9552 0.2958 -0.0000
vn 0.9618 -0.2739 -0.0000
vn -0.5418 -0.8405 -0.0000
vn 0.9985 0.0548 -0.0000
vn 0.9851 0.1717 -0.0000
vn -0.4982 -0.8670 -0.0000
vn 0.2151 0.9766 -0.0000
vn -0.9982 -0.0598 -0.0000
vn -0.3017 -0.9534 -0.0000
vn -0.4307 0.9025 -0.0000
vn 0.0793 0.9968 -0.0000
vn -0.9655 -0.2603 -0.0000
vn -0.9264 -0.3766 -0.0000
vn 0.9700 0.2431 -0.0000
vn -0.1539 -0.9881 -0.0000
vn -0.8638 0.5039 -0.0000
vn -0.6854 0.7281 -0.0000
vn 0.0479 -0.9989 -0.0000
vn -0.5787 -0.8156 -0.0000
vn -0.3199 -0.9474 -0.0000
vn 0.1633 0.9866 -0.0000
vn 0.8736 0.4867 -0.0000
vn -0.1878 -0.9822 -0.0000
vn -1.0000 -0.0043 -0.0000
vn 0.5570 0.8305 -0.0000
vn -0.0606 -0.9982 -0.0000
vn 0.4041 0.9147 -0.0000
vn -0.4745 0.8802 0.0019
vn -0.6076 0.7943 -0.0000
vn -0.4522 -0.8919 -0.0000
vn 0.9877 -0.1562 -0.0000
vn 0.0829 -0.9966 -0.0000
vn 0.1406 0.9901 -0.0000
vn 0.3461 -0.9382 -0.0000
vn 0.4224 0.9064 -0.0000
vn -0.1963 0.9805 -0.0000
vn 0.3626 0.9319 -0.0010
vn 0.2542 -0.9672 -0.0000
vn 0.6827 0.7307 -0.0000
vn -0.5727 0.8198 -0.0000
vn 0.3058 -0.9521 -0.0000
vn 0.3370 0.9415 -0.0000
vn 0.9978 -0.0670 -0.0000
vn -0.1768 -0.9842 -0.0000
vn 0.3908 0.9205 -0.0000
vn -0.8686 -0.4955 -0.0000
vn -0.4394 0.8983 -0.0019
vn -0.1398 -0.9902 -0.0000
vn 0.5326 -0.8464 -0.0000
vn 0.9788 -0.2049 -0.0000
vn -0.9639 -0.2662 -0.0000
vn 0.9987 0.0512 -0.0000
vn -0.1283 0.9917 -0.0000
vn 0.8630 0.5053 -0.0000
vn -0.2493 0.9684 -0.0000
vn -0.9138 0.4061 -0.0000
vn 0.9866 0.1631 -0.0000
vn 0.8798 -0.4753 -0.0000
vn -0.9697 0.2441 -0.0000
vn -0.9969 0.0792 -0.0000
vn 0.3979 -0.9174 -0.0000
vn 0.2716 -0.9624 -0.0000
vn 0.3846 -0.9231 -0.0000
vn 0.7731 0.6343 -0.0000
vn -0.8330 0.5533 -0.0000
vn -0.5263 0.8503 -0.0000
vn 0.8021 -0.5972 -0.0000
vn -0.9887 -0.1500 -0.0000
vn -0.4643 -0.8857 -0.0000
vn 0.4997 -0.8662 -0.0000
vn -0.4263 0.9046 -0.0000
vn 0.3626 0.9319 -0.0000
vn -0.5061 0.8625 -0.0000
vn -0.2079 -0.9782 -0.0000
vn -0.3750 -0.9270 -0.0000
vn -0.1173 -0.9931 -0.0000
vn -0.0000 1.0000 0.0050
vn -0.3501 -0.9367 -0.0000
vn -0.4681 -0.8837 -0.0000
vn -0.1442 0.9895 -0.0000
vn -0.1167 -0.9932 -0.0000
vn -0.5854 -0.8108 -0.0000
vn -0.2278 -0.9737 -0.0000
vn -0.5182 0.8553 -0.0000
vn -0.4438 -0.8961 -0.0000
vn 0.3582 0.9337 -0.0000
vn -0.6505 -0.7595 -0.0000
vn -0.5698 -0.8218 -0.0000
vn -0.2585 0.9660 -0.0000
vn -0.3851 0.9229 -0.0000
vn -0.3215 -0.9469 -0.0000
vn 0.2463 0.9692 -0.0000
vn -0.2118 -0.9773 -0.0000
vn 0.1416 0.9899 -0.0000
vn 0.5996 -0.8003 -0.0000
vn -0.3682 -0.9297 -0.0000
vn -0.5320 -0.8468 -0.0000
vn -0.0468 -0.9989 -0.0000
vn 0.9981 0.0620 -0.0000
vn -0.2687 -0.9632 -0.0000
vn -0.4056 -0.9140 -0.0000
vn 0.3772 0.9261 -0.0000
vn 0.4086 -0.9127 -0.0000
vn 0.4888 -0.8724 -0.0000
vn -0.6483 0.7614 -0.0000
vn 0.5695 -0.8220 -0.0000
vn 0.6486 -0.7611 -0.0000
vn -0.7645 0.6446 -0.0000
vn 0.7239 -0.6899 -0.0000
vn -0.8580 0.5136 -0.0000
vn 0.7931 -0.6091 -0.0000
vn 0.8539 -0.5204 -0.0000
vn -0.9253 0.3792 -0.0000
vn 0.9047 -0.4261 -0.0000
vn 0.9444 -0.3288 -0.0000
vn -0.9681 0.2506 -0.0000
vn 0.9729 -0.2312 -0.0000
vn -0.9911 0.1334 -0.0000
vn 0.9908 -0.1356 -0.0000
vn 0.9990 -0.0439 -0.0000
vn -0.9996 0.0297 -0.0000
vn -0.9978 -0.0666 -0.0000
vn 0.9811 0.1934 -0.0000
vn -0.9835 -0.1808 -0.0000
vn 0.9438 0.3306 -0.0000
vn -0.9506 -0.3104 -0.0000
vn 0.8840 0.4675 -0.0000
vn -0.8930 -0.4500 -0.0000
vn 0.8025 0.5966 -0.0000
vn -0.8078 -0.5894 -0.0000
vn 0.7030 0.7112 -0.0000
vn -0.6979 -0.7162 -0.0000
vn 0.5915 0.8063 -0.0000
vn -0.5726 -0.8198 -0.0000
vn 0.4746 0.8802 -0.0000
vn 0.0073 1.0000 -0.0000
vn 0.0450 0.9990 -0.0000
vt 0.795918 0.000000
vt 0.785714 0.000000
vt 0.654545 0.000000
vt 0.636364 0.000000
vt 0.000000 0.000000
vt 1.000000 0.000000
vt 0.319588 0.000000
vt 0.298969 0.000000
vt 0.278351 0.000000
vt 0.397959 0.000000
vt 0.418367 0.000000
vt 0.438776 0.000000
vt 0.122449 0.000000
vt 0.102041 0.000000
vt 0.642857 0.000000
vt 0.309278 0.000000
vt 0.288660 0.000000
vt 0.381443 0.000000
vt 0.371134 0.000000
vt 0.360825 0.000000
vt 0.833333 0.000000
vt 0.814815 0.000000
vt 0.796296 0.000000
vt 0.408163 0.000000
vt 0.053763 0.000000
vt 0.032258 0.000000
vt 0.315789 0.000000
vt 0.308271 0.000000
vt 0.237113 0.000000
vt 0.216495 0.000000
vt 0.195876 0.000000
vt 0.742268 0.000000
vt 0.731959 0.000000
vt 0.701031 0.000000
vt 0.711340 0.000000
vt 0.827068 0.000000
vt 0.819549 0.000000
vt 0.888889 0.000000
vt 0.851852 0.000000
vt 0.628866 0.000000
vt 0.608247 0.000000
vt 0.387755 0.000000
vt 0.377551 0.000000
vt 0.659794 0.000000
vt 0.649485 0.000000
vt 0.473118 0.000000
vt 0.483871 0.000000
vt 0.494624 0.000000
vt 0.451613 0.000000
vt 0.727273 0.000000
vt 0.709091 0.000000
vt 0.690909 0.000000
vt 0.796992 0.000000
vt 0.789474 0.000000
vt 0.064516 0.000000
vt 0.075269 0.000000
vt 0.265306 0.000000
vt 0.285714 0.000000
vt 0.306122 0.000000
vt 0.520408 0.000000
vt 0.214286 0.000000
vt 0.224490 0.000000
vt 0.917526 0.000000
vt 0.938144 0.000000
vt 0.469388 0.000000
vt 0.489796 0.000000
vt 0.510204 0.000000
vt 0.234694 0.000000
vt 0.835052 0.000000
vt 0.824742 0.000000
vt 0.459184 0.000000
vt 0.448980 0.000000
vt 0.173469 0.000000
vt 0.163265 0.000000
vt 0.775510 0.000000
vt 0.097744 0.000000
vt 0.052632 0.000000
vt 0.175258 0.000000
vt 0.154639 0.000000
vt 0.300752 0.000000
vt 0.646617 0.000000
vt 0.123711 0.000000
vt 0.082474 0.000000
vt 0.795699 0.000000
vt 0.784946 0.000000
vt 0.645161 0.000000
vt 0.978495 0.000000
vt 0.877551 0.000000
vt 0.867347 0.000000
vt 0.157895 0.000000
vt 0.864662 0.000000
vt 0.857143 0.000000
vt 0.703704 0.000000
vt 0.666667 0.000000
vt 0.436090 0.000000
vt 0.428571 0.000000
vt 0.367347 0.000000
vt 0.357143 0.000000
vt 0.327273 0.000000
vt 0.345455 0.000000
vt 0.107527 0.000000
vt 0.118280 0.000000
vt 0.984962 0.000000
vt 0.551020 0.000000
vt 0.948980 0.000000
vt 0.959184 0.000000
vt 0.591837 0.000000
vt 0.962963 0.000000
vt 0.555556 0.000000
vt 0.240741 0.000000
vt 0.639098 0.000000
vt 0.631579 0.000000
vt 0.765306 0.000000
vt 0.268041 0.000000
vt 0.257732 0.000000
vt 0.624060 0.000000
vt 0.263158 0.000000
vt 0.270677 0.000000
vt 0.777778 0.000000
vt 0.759259 0.000000
vt 0.226804 0.000000
vt 0.669173 0.000000
vt 0.661654 0.000000
vt 0.164948 0.000000
vt 0.463918 0.000000
vt 0.453608 0.000000
vt 0.412371 0.000000
vt 0.509091 0.000000
vt 0.472727 0.000000
vt 0.443609 0.000000
vt 0.451128 0.000000
vt 0.505155 0.000000
vt 0.494845 0.000000
vt 0.484536 0.000000
vt 0.918367 0.000000
vt 0.908163 0.000000
vt 0.928571 0.000000
vt 0.622449 0.000000
vt 0.612245 0.000000
vt 0.323308 0.000000
vt 0.330827 0.000000
vt 0.571429 0.000000
vt 0.561224 0.000000
vt 0.812030 0.000000
vt 0.150376 0.000000
vt 0.500000 0.000000
vt 0.834586 0.000000
vt 0.086022 0.000000
vt 0.010753 0.000000
vt 0.581633 0.000000
vt 0.540816 0.000000
vt 0.530612 0.000000
vt 0.601504 0.000000
vt 0.533835 0.000000
vt 0.120301 0.000000
vt 0.112782 0.000000
vt 0.081633 0.000000
vt 0.061224 0.000000
vt 0.153061 0.000000
vt 0.142857 0.000000
vt 0.677419 0.000000
vt 0.688172 0.000000
vt 0.639175 0.000000
vt 0.488722 0.000000
vt 0.458647 0.000000
vt 0.391753 0.000000
vt 0.774436 0.000000
vt 0.676692 0.000000
vt 0.316327 0.000000
vt 0.346939 0.000000
vt 0.336735 0.000000
vt 0.326531 0.000000
vt 0.010204 0.000000
vt 0.724490 0.000000
vt 0.800000 0.000000
vt 0.836364 0.000000
vt 0.872727 0.000000
vt 0.774194 0.000000
vt 0.430108 0.000000
vt 0.387097 0.000000
vt 0.602041 0.000000
vt 0.275510 0.000000
vt 0.408602 0.000000
vt 0.755102 0.000000
vt 0.351852 0.000000
vt 0.388889 0.000000
vt 0.826531 0.000000
vt 0.836735 0.000000
vt 0.462366 0.000000
vt 0.559140 0.000000
vt 0.548387 0.000000
vt 0.537634 0.000000
vt 0.887218 0.000000
vt 0.879699 0.000000
vt 0.846939 0.000000
vt 0.018182 0.000000
vt 0.699248 0.000000
vt 0.684211 0.000000
vt 0.979592 0.000000
vt 0.969388 0.000000
vt 0.148148 0.000000
vt 0.804124 0.000000
vt 0.793814 0.000000
vt 0.939850 0.000000
vt 0.924812 0.000000
vt 0.139785 0.000000
vt 0.704082 0.000000
vt 0.436364 0.000000
vt 0.418182 0.000000
vt 0.272727 0.000000
vt 0.254545 0.000000
vt 0.814433 0.000000
vt 0.132653 0.000000
vt 0.721649 0.000000
vt 0.680412 0.000000
vt 0.670103 0.000000
vt 0.783505 0.000000
vt 0.773196 0.000000
vt 0.593985 0.000000
vt 0.586466 0.000000
vt 0.203704 0.000000
vt 0.185185 0.000000
vt 0.872180 0.000000
vt 0.090226 0.000000
vt 0.075188 0.000000
vt 0.129630 0.000000
vt 0.111111 0.000000
vt 0.340206 0.000000
vt 0.329897 0.000000
vt 0.350515 0.000000
vt 0.714286 0.000000
vt 0.375940 0.000000
vt 0.360902 0.000000
vt 0.683673 0.000000
vt 0.244898 0.000000
vt 0.804511 0.000000
vt 0.744898 0.000000
vt 0.967742 0.000000
vt 0.956989 0.000000
vt 0.946237 0.000000
vt 0.935484 0.000000
vt 0.293233 0.000000
vt 0.616541 0.000000
vt 0.278196 0.000000
vt 0.182796 0.000000
vt 0.193548 0.000000
vt 0.030612 0.000000
vt 0.040816 0.000000
vt 0.406015 0.000000
vt 0.390977 0.000000
vt 0.602151 0.000000
vt 0.612903 0.000000
vt 0.623656 0.000000
vt 0.556391 0.000000
vt 0.518797 0.000000
vt 0.654135 0.000000
vt 0.363636 0.000000
vt 0.092593 0.000000
vt 0.860215 0.000000
vt 0.580645 0.000000
vt 0.989796 0.000000
vt 0.516129 0.000000
vt 0.505376 0.000000
vt 0.816327 0.000000
vt 0.806122 0.000000
vt 0.295918 0.000000
vt 0.909091 0.000000
vt 0.945455 0.000000
vt 0.381818 0.000000
vt 0.400000 0.000000
vt 0.183673 0.000000
vt 0.479592 0.000000
vt 0.338346 0.000000
vt 0.345865 0.000000
vt 0.903226 0.000000
vt 0.892473 0.000000
vt 0.462963 0.000000
vt 0.421053 0.000000
vt 0.763636 0.000000
vt 0.166667 0.000000
vt 0.740741 0.000000
vt 0.193878 0.000000
vt 0.204082 0.000000
vt 0.259259 0.000000
vt 0.629630 0.000000
vt 0.762887 0.000000
vt 0.781818 0.000000
vt 0.981481 0.000000
vt 0.474227 0.000000
vt 0.587629 0.000000
vt 0.030928 0.000000
vt 0.206186 0.000000
vt 0.314815 0.000000
vt 0.020408 0.000000
vt 0.518519 0.000000
vt 0.958763 0.000000
vt 0.134021 0.000000
vt 0.981818 0.000000
vt 0.527273 0.000000
vt 0.865979 0.000000
vt 0.876289 0.000000
vt 0.218182 0.000000
vt 0.200000 0.000000
vt 0.255639 0.000000
vt 0.954887 0.000000
vt 0.618182 0.000000
vt 0.741935 0.000000
vt 0.709677 0.000000
vt 0.698925 0.000000
vt 0.548872 0.000000
vt 0.203008 0.000000
vt 0.195489 0.000000
vt 0.745455 0.000000
vt 0.909774 0.000000
vt 0.425926 0.000000
vt 0.454545 0.000000
vt 0.894737 0.000000
vt 0.849624 0.000000
vt 0.842105 0.000000
vt 0.236364 0.000000
vt 0.187970 0.000000
vt 0.897959 0.000000
vt 0.569892 0.000000
vt 0.255102 0.000000
vt 0.581818 0.000000
vt 0.600000 0.000000
vt 0.037594 0.000000
vt 0.030075 0.000000
vt 0.592593 0.000000
vt 0.887755 0.000000
vt 0.105263 0.000000
vt 0.969925 0.000000
vt 0.870968 0.000000
vt 0.720430 0.000000
vt 0.838710 0.000000
vt 0.849462 0.000000
vt 0.018519 0.000000
vt 0.925926 0.000000
vt 0.881720 0.000000
vt 0.924731 0.000000
vt 0.526882 0.000000
vt 0.817204 0.000000
vt 0.806452 0.000000
vt 0.938776 0.000000
vt 0.827957 0.000000
vt 0.090909 0.000000
vt 0.127273 0.000000
vt 0.563910 0.000000
vt 0.096774 0.000000
vt 0.021505 0.000000
vt 0.591398 0.000000
vt 0.578947 0.000000
vt 0.634409 0.000000
vt 0.609023 0.000000
vt 0.054545 0.000000
vt 0.655914 0.000000
vt 0.913979 0.000000
vt 0.663265 0.000000
vt 0.163636 0.000000
vt 0.037037 0.000000
vt 0.074074 0.000000
vt 0.277778 0.000000
vt 0.036364 0.000000
vt 0.248120 0.000000
vt 0.210526 0.000000
vt 0.172932 0.000000
vt 0.165414 0.000000
vt 0.672727 0.000000
vt 0.752577 0.000000
vt 0.690722 0.000000
vt 0.503759 0.000000
vt 0.977444 0.000000
vt 0.546392 0.000000
vt 0.185567 0.000000
vt 0.855670 0.000000
vt 0.845361 0.000000
vt 0.247423 0.000000
vt 0.752688 0.000000
vt 0.309091 0.000000
vt 0.041237 0.000000
vt 0.020619 0.000000
vt 0.045113 0.000000
vt 0.296296 0.000000
vt 0.896907 0.000000
vt 0.526316 0.000000
vt 0.127820 0.000000
vt 0.180451 0.000000
vt 0.135338 0.000000
vt 0.060150 0.000000
vt 0.290909 0.000000
vt 0.763441 0.000000
vt 0.563636 0.000000
vt 0.222222 0.000000
vt 0.144330 0.000000
s 0
f 69/1/1 68/2/1 567/2/1
f 258/3/2 257/4/2 756/4/2
f 228/5/3 272/6/3 771/6/3
f 796/7/4 794/8/4 792/9/4
f 380/10/5 382/11/5 384/12/5
f 852/13/4 851/14/4 902/15/4
f 296/16/6 295/8/6 794/8/6
f 294/17/7 293/9/7 792/9/7
f 802/18/4 801/19/4 800/20/4
f 720/21/4 719/22/4 718/23/4
f 381/24/8 380/10/8 879/10/8
f 438/25/9 437/26/9 936/26/9
f 123/27/10 122/28/10 621/28/10
f 788/29/4 786/30/4 784/31/4
f 825/32/4 824/33/4 792/9/4
f 289/29/5 322/34/5 323/35/5
f 170/36/11 169/37/11 668/37/11
f 223/38/12 222/39/12 721/39/12
f 315/40/13 314/41/13 813/41/13
f 379/42/14 378/43/14 877/43/14
f 295/8/5 296/16/5 297/7/5
f 318/44/15 317/45/15 816/45/15
f 453/46/5 454/47/5 455/48/5
f 437/26/5 438/25/5 451/49/5
f 761/50/4 760/51/4 759/52/4
f 166/53/16 165/54/16 664/54/16
f 439/55/5 440/56/5 451/49/5
f 367/57/5 369/58/5 371/59/5
f 392/60/5 362/61/5 363/62/5
f 341/63/5 342/64/5 273/5/5
f 43/65/5 45/66/5 47/67/5
f 364/68/17 363/62/17 862/62/17
f 784/31/4 834/69/4 833/70/4
f 386/71/18 385/72/18 884/72/18
f 358/73/19 357/74/19 856/74/19
f 67/75/5 68/2/5 47/67/5
f 597/76/4 593/77/4 589/5/4
f 784/31/4 782/78/4 780/79/4
f 621/28/4 620/80/4 655/81/4
f 278/82/20 277/83/20 776/83/20
f 981/84/4 980/85/4 968/86/4
f 950/49/4 999/6/4 998/87/4
f 77/88/21 76/89/21 575/89/21
f 605/90/4 674/91/4 673/92/4
f 215/93/22 214/94/22 713/94/22
f 134/95/23 632/96/23 633/95/23
f 533/43/4 532/97/4 531/98/4
f 242/99/5 243/100/5 260/52/5
f 443/101/5 444/102/5 451/49/5
f 589/5/4 686/6/4 685/103/4
f 857/73/4 856/74/4 894/104/4
f 480/85/5 481/84/5 471/94/5
f 367/57/5 428/105/5 429/106/5
f 954/48/4 953/47/4 950/49/4
f 55/107/5 13/74/5 14/73/5
f 724/108/4 710/109/4 699/110/4
f 655/81/4 654/111/4 653/112/4
f 66/113/5 67/75/5 47/67/5
f 39/96/5 41/72/5 43/65/5
f 877/43/4 919/89/4 918/92/4
f 879/10/4 878/42/4 877/43/4
f 292/114/24 291/115/24 790/115/24
f 153/116/5 116/117/5 117/118/5
f 334/70/5 335/69/5 281/79/5
f 718/23/4 717/119/4 716/120/4
f 383/96/25 382/11/25 881/11/25
f 289/29/26 288/121/26 787/121/26
f 159/122/27 158/123/27 657/123/27
f 782/78/4 781/124/4 780/79/4
f 303/18/28 302/19/28 801/19/28
f 806/125/4 805/126/4 804/127/4
f 251/128/29 250/129/29 749/129/29
f 634/130/30 635/131/30 135/130/30
f 810/132/4 809/133/4 808/134/4
f 81/135/31 80/136/31 579/136/31
f 82/137/32 81/135/32 580/135/32
f 58/138/33 57/139/33 556/139/33
f 124/140/5 125/141/5 153/116/5
f 896/142/4 895/143/4 894/104/4
f 169/37/34 168/144/34 667/144/34
f 106/90/35 105/145/35 604/145/35
f 545/146/4 518/62/4 517/61/4
f 52/143/36 51/104/36 550/104/36
f 605/90/4 670/147/4 669/36/4
f 122/28/5 123/27/5 153/116/5
f 950/49/4 940/148/4 939/56/4
f 936/26/4 934/149/4 933/5/4
f 54/150/37 53/142/37 552/142/37
f 50/151/38 49/152/38 548/152/38
f 649/153/4 645/142/4 641/154/4
f 85/106/39 84/105/39 583/105/39
f 101/155/40 100/156/40 599/156/40
f 7/157/41 6/158/41 505/158/41
f 356/159/42 355/160/42 854/160/42
f 471/94/5 472/161/5 473/162/5
f 605/90/4 668/37/4 667/144/4
f 816/45/4 815/163/4 808/134/4
f 637/164/4 636/165/4 635/131/4
f 804/127/4 803/166/4 802/18/4
f 663/167/4 659/168/4 655/81/4
f 28/169/5 32/98/5 36/10/5
f 874/170/4 873/171/4 872/172/4
f 845/173/4 906/174/4 902/15/4
f 874/170/4 870/59/4 866/57/4
f 266/175/5 267/176/5 268/177/5
f 479/178/5 480/85/5 471/94/5
f 950/49/4 949/179/4 947/180/4
f 400/181/5 357/74/5 358/73/5
f 32/98/5 34/43/5 36/10/5
f 36/10/5 75/92/5 76/89/5
f 24/182/5 89/6/5 47/67/5
f 949/179/4 948/183/4 947/180/4
f 89/6/5 65/184/5 47/67/5
f 411/75/5 412/2/5 392/60/5
f 409/184/5 410/113/5 392/60/5
f 205/185/5 206/186/5 218/119/5
f 378/43/5 379/42/5 380/10/5
f 394/151/5 395/104/5 396/143/5
f 72/187/5 73/188/5 37/24/5
f 952/46/4 951/189/4 950/49/4
f 960/190/4 959/191/4 958/192/4
f 178/193/43 177/194/43 676/194/43
f 419/92/44 418/195/44 917/195/44
f 123/27/5 124/140/5 153/116/5
f 166/53/5 106/90/5 116/117/5
f 229/196/45 228/5/45 727/5/45
f 661/197/4 660/198/4 659/168/4
f 930/199/4 929/200/4 874/170/4
f 218/119/5 225/108/5 195/201/5
f 121/80/5 122/28/5 153/116/5
f 323/35/46 322/34/46 821/34/46
f 332/202/47 331/203/47 830/203/47
f 804/127/48 305/127/48 304/166/48
f 182/204/49 181/205/49 680/205/49
f 445/206/50 444/102/50 943/102/50
f 289/29/5 325/33/5 326/32/5
f 63/174/51 62/207/51 561/207/51
f 804/127/4 802/18/4 800/20/4
f 248/208/52 247/209/52 746/209/52
f 239/210/53 238/211/53 737/211/53
f 784/31/4 832/212/4 831/202/4
f 287/30/5 288/121/5 289/29/5
f 55/107/5 10/213/5 11/160/5
f 823/214/4 822/35/4 792/9/4
f 819/215/4 818/216/4 792/9/4
f 792/9/4 829/217/4 828/218/4
f 149/219/54 148/220/54 647/220/54
f 198/221/55 197/222/55 696/222/55
f 605/90/4 675/223/4 674/91/4
f 794/8/4 793/17/4 792/9/4
f 97/224/56 96/225/56 595/225/56
f 194/226/57 193/227/57 692/227/57
f 798/228/4 797/229/4 796/7/4
f 299/228/5 300/230/5 301/20/5
f 171/147/58 170/36/58 669/36/58
f 635/131/30 136/131/30 135/130/30
f 98/76/59 97/224/59 596/224/59
f 163/231/60 162/197/60 661/197/60
f 55/107/5 7/157/5 8/14/5
f 615/117/4 663/167/4 655/81/4
f 425/135/31 424/136/31 923/136/31
f 129/232/61 128/233/61 627/233/61
f 406/207/62 405/234/62 904/234/62
f 605/90/4 589/5/4 677/193/4
f 353/13/63 352/14/63 851/14/63
f 86/200/64 85/106/64 584/106/64
f 384/12/5 385/72/5 386/71/5
f 177/194/65 176/223/65 675/223/65
f 42/71/18 41/72/18 540/72/18
f 13/74/66 12/159/66 511/159/66
f 21/235/67 20/68/67 519/68/67
f 153/116/5 165/54/5 116/117/5
f 605/90/4 666/236/4 665/53/4
f 1/5/45 64/237/45 563/237/45
f 950/49/4 997/238/4 996/239/4
f 169/37/5 170/36/5 106/90/5
f 438/25/5 439/55/5 451/49/5
f 950/49/4 995/240/4 994/241/4
f 605/90/4 604/145/4 603/160/4
f 392/60/5 394/151/5 396/143/5
f 153/116/5 119/58/5 120/242/5
f 40/12/68 39/96/68 538/96/68
f 653/112/4 651/243/4 649/153/4
f 950/49/4 936/26/4 999/6/4
f 68/2/69 67/75/69 566/75/69
f 597/76/4 595/225/4 593/77/4
f 617/244/4 616/118/4 655/81/4
f 382/11/70 381/24/70 880/24/70
f 451/49/5 496/239/5 497/238/5
f 445/206/5 446/245/5 447/246/5
f 63/174/5 4/247/5 5/248/5
f 641/154/4 630/249/4 629/250/4
f 465/251/5 466/252/5 467/253/5
f 645/142/4 643/254/4 641/154/4
f 641/154/4 639/255/4 637/164/4
f 657/123/4 656/256/4 655/81/4
f 649/153/4 647/220/4 645/142/4
f 243/100/5 244/257/5 260/52/5
f 225/108/5 192/258/5 193/227/5
f 487/259/5 461/190/5 463/260/5
f 367/57/5 431/199/5 432/261/5
f 956/262/4 955/263/4 954/48/4
f 886/65/4 914/264/4 913/265/4
f 864/235/4 863/68/4 894/104/4
f 851/14/4 850/157/4 902/15/4
f 870/59/4 869/266/4 868/58/4
f 854/160/4 853/213/4 902/15/4
f 925/137/4 924/135/4 874/170/4
f 268/177/5 269/267/5 270/268/5
f 24/182/5 87/199/5 88/261/5
f 63/174/5 5/248/5 6/158/5
f 886/65/4 913/265/4 912/1/4
f 902/15/4 900/139/4 898/107/4
f 245/269/5 246/270/5 260/52/5
f 858/271/4 857/73/4 894/104/4
f 45/66/71 44/272/71 543/272/71
f 882/96/4 881/11/4 880/24/4
f 886/65/4 885/71/4 884/72/4
f 400/181/5 351/157/5 352/14/5
f 166/53/5 167/236/5 106/90/5
f 126/273/5 127/274/5 153/116/5
f 153/116/5 117/118/5 118/244/5
f 127/274/5 137/165/5 153/116/5
f 24/182/5 26/266/5 28/169/5
f 65/184/72 89/6/72 588/6/72
f 991/275/4 990/276/4 950/49/4
f 710/109/4 708/146/4 707/277/4
f 419/92/5 420/89/5 384/12/5
f 71/264/5 72/187/5 39/96/5
f 641/154/4 631/278/4 630/249/4
f 406/207/5 407/174/5 408/237/5
f 376/98/5 378/43/5 380/10/5
f 65/184/5 66/113/5 47/67/5
f 400/181/5 401/139/5 402/138/5
f 890/67/4 889/146/4 888/66/4
f 763/279/4 761/50/4 759/52/4
f 218/119/5 196/280/5 197/222/5
f 214/94/5 216/281/5 218/119/5
f 759/52/4 742/100/4 741/99/4
f 218/119/5 197/222/5 198/221/5
f 386/71/5 387/65/5 388/272/5
f 37/24/5 38/11/5 39/96/5
f 41/72/5 42/71/5 43/65/5
f 47/67/5 16/282/5 17/283/5
f 767/177/4 765/175/4 763/279/4
f 710/109/4 700/284/4 699/110/4
f 714/93/4 712/285/4 710/109/4
f 792/9/4 828/218/4 827/286/4
f 765/175/4 764/287/4 763/279/4
f 226/288/5 227/6/5 188/5/5
f 165/54/5 166/53/5 116/117/5
f 220/22/5 221/21/5 222/39/5
f 898/107/4 897/150/4 896/142/4
f 328/286/5 329/218/5 289/29/5
f 384/12/68 383/96/68 882/96/68
f 808/134/73 807/289/73 806/125/73
f 412/2/69 411/75/69 910/75/69
f 289/29/5 291/115/5 293/9/5
f 387/65/74 386/71/74 885/71/74
f 314/41/75 313/290/75 812/290/75
f 376/98/76 375/170/76 874/170/76
f 330/217/5 331/203/5 289/29/5
f 273/5/5 275/291/5 277/83/5
f 289/29/5 324/214/5 325/33/5
f 287/30/77 286/292/77 785/292/77
f 205/185/78 204/293/78 703/293/78
f 847/247/79 347/294/79 346/173/79
f 346/173/80 844/5/80 845/173/80
f 273/5/5 277/83/5 281/79/5
f 291/115/5 292/114/5 293/9/5
f 210/295/81 209/146/81 708/146/81
f 288/121/82 287/30/82 786/30/82
f 342/64/5 343/296/5 273/5/5
f 285/31/5 287/30/5 289/29/5
f 277/83/5 279/297/5 281/79/5
f 663/167/4 661/197/4 659/168/4
f 289/29/5 323/35/5 324/214/5
f 360/282/83 359/271/83 858/271/83
f 728/196/4 771/6/4 770/298/4
f 659/168/4 658/122/4 657/123/4
f 277/83/5 278/82/5 279/297/5
f 281/79/5 282/124/5 283/78/5
f 345/5/45 408/237/45 907/237/45
f 69/1/5 39/96/5 47/67/5
f 252/299/72 251/128/72 750/128/72
f 338/300/5 339/301/5 281/79/5
f 236/302/84 235/303/84 734/303/84
f 116/117/85 115/304/85 614/304/85
f 183/305/86 182/204/86 681/204/86
f 219/23/87 218/119/87 717/119/87
f 256/306/5 257/4/5 258/3/5
f 784/31/4 780/79/4 776/83/4
f 293/9/5 295/8/5 297/7/5
f 307/125/88 805/126/88 806/125/88
f 808/134/4 800/20/4 792/9/4
f 976/307/4 974/308/4 973/309/4
f 641/154/89 642/310/89 142/154/89
f 112/311/90 111/312/90 610/312/90
f 163/231/91 662/231/91 663/167/91
f 784/31/4 776/83/4 838/301/4
f 47/67/5 19/62/5 20/68/5
f 34/43/92 33/97/92 532/97/92
f 193/227/93 192/258/93 691/258/93
f 55/107/5 8/14/5 9/13/5
f 126/273/94 125/141/94 624/141/94
f 262/50/5 263/313/5 264/279/5
f 181/205/95 180/314/95 679/314/95
f 207/315/96 206/186/96 705/186/96
f 268/177/97 267/176/97 766/176/97
f 250/129/98 249/316/98 748/316/98
f 792/9/4 790/115/4 788/29/4
f 122/28/99 121/80/99 620/80/99
f 162/197/100 161/198/100 660/198/100
f 401/139/101 400/181/101 899/181/101
f 615/117/4 665/53/4 664/54/4
f 180/314/102 179/317/102 678/317/102
f 173/318/103 172/319/103 671/319/103
f 714/93/4 713/94/4 712/285/4
f 167/236/104 166/53/104 665/53/104
f 71/264/105 70/265/105 569/265/105
f 134/95/23 133/96/23 632/96/23
f 16/282/106 15/271/106 514/271/106
f 179/317/107 178/193/107 677/193/107
f 641/154/4 625/273/4 624/141/4
f 618/58/4 617/244/4 655/81/4
f 597/76/4 596/224/4 595/225/4
f 250/129/5 251/128/5 252/299/5
f 260/52/5 237/320/5 238/211/5
f 176/223/108 175/91/108 674/91/108
f 641/154/4 627/233/4 626/274/4
f 111/312/109 110/321/109 609/321/109
f 533/43/4 531/98/4 578/322/4
f 88/261/110 87/199/110 586/199/110
f 962/260/4 961/323/4 960/190/4
f 22/324/3 21/235/3 520/235/3
f 76/89/111 75/92/111 574/92/111
f 254/325/5 255/326/5 256/306/5
f 211/109/112 210/295/112 709/295/112
f 591/327/4 590/328/4 589/5/4
f 33/97/113 32/98/113 531/98/113
f 10/213/114 9/13/114 508/13/114
f 32/98/76 31/170/76 530/170/76
f 212/329/115 211/109/115 710/109/115
f 11/160/116 10/213/116 509/213/116
f 216/281/5 217/120/5 218/119/5
f 78/330/117 77/88/117 576/88/117
f 100/156/118 99/331/118 598/331/118
f 12/159/42 11/160/42 510/160/42
f 637/164/4 635/131/4 634/130/4
f 72/187/119 71/264/119 570/264/119
f 67/75/120 66/113/120 565/113/120
f 218/119/5 219/23/5 220/22/5
f 808/134/4 806/125/4 804/127/4
f 593/77/4 591/327/4 589/5/4
f 589/5/4 683/332/4 682/305/4
f 988/333/4 968/86/4 950/49/4
f 14/73/19 13/74/19 512/74/19
f 605/90/4 672/318/4 671/319/4
f 589/5/4 678/317/4 677/193/4
f 66/113/121 65/184/121 564/184/121
f 933/5/4 975/334/4 999/6/4
f 19/62/122 18/61/122 517/61/122
f 979/178/4 972/162/4 968/86/4
f 950/49/4 938/55/4 937/25/4
f 933/5/4 976/307/4 975/334/4
f 950/49/4 937/25/4 936/26/4
f 968/86/4 960/190/4 950/49/4
f 35/42/14 34/43/14 533/43/14
f 936/26/4 933/5/4 999/6/4
f 485/335/5 486/336/5 471/94/5
f 688/337/4 725/288/4 724/108/4
f 171/147/5 172/319/5 106/90/5
f 776/83/4 772/5/4 841/64/4
f 950/49/4 939/56/4 938/55/4
f 214/94/5 215/93/5 216/281/5
f 222/39/5 223/38/5 224/338/5
f 989/339/4 988/333/4 950/49/4
f 447/246/5 449/183/5 451/49/5
f 41/72/123 40/12/123 539/12/123
f 331/203/124 330/217/124 829/217/124
f 417/188/125 416/187/125 915/187/125
f 47/67/5 17/283/5 18/61/5
f 451/49/5 493/340/5 494/241/5
f 958/192/4 957/341/4 956/262/4
f 983/342/4 982/343/4 968/86/4
f 252/299/5 256/306/5 260/52/5
f 246/270/5 247/209/5 260/52/5
f 655/81/4 649/153/4 641/154/4
f 36/10/5 73/188/5 74/195/5
f 375/170/5 426/137/5 427/344/5
f 484/345/5 485/335/5 471/94/5
f 249/316/5 250/129/5 252/299/5
f 248/208/5 249/316/5 252/299/5
f 271/298/5 232/346/5 233/347/5
f 459/192/5 490/276/5 491/275/5
f 645/142/4 644/348/4 643/254/4
f 451/49/5 455/48/5 459/192/5
f 451/49/5 498/87/5 499/6/5
f 442/349/5 443/101/5 451/49/5
f 441/148/5 442/349/5 451/49/5
f 434/5/5 435/149/5 436/350/5
f 447/246/5 448/180/5 449/183/5
f 924/135/4 923/136/4 874/170/4
f 463/260/5 464/351/5 465/251/5
f 647/220/4 646/352/4 645/142/4
f 451/49/5 459/192/5 493/340/5
f 950/49/4 947/180/4 942/101/4
f 486/336/5 487/259/5 463/260/5
f 260/52/5 268/177/5 271/298/5
f 467/253/5 468/353/5 469/86/5
f 651/243/4 650/354/4 649/153/4
f 153/116/5 120/242/5 121/80/5
f 260/52/5 261/51/5 262/50/5
f 455/48/5 456/263/5 457/262/5
f 931/261/4 930/199/4 874/170/4
f 894/104/4 886/65/4 908/184/4
f 268/177/5 270/268/5 271/298/5
f 271/298/5 229/196/5 231/355/5
f 876/97/4 875/98/4 874/170/4
f 469/86/5 470/356/5 471/94/5
f 923/136/4 922/322/4 876/97/4
f 886/65/4 916/188/4 915/187/4
f 210/295/5 211/109/5 212/329/5
f 870/59/4 868/58/4 866/57/4
f 260/52/5 262/50/5 264/279/5
f 882/96/4 880/24/4 877/43/4
f 847/247/4 846/294/4 902/15/4
f 256/306/5 258/3/5 260/52/5
f 329/218/5 330/217/5 289/29/5
f 455/48/5 457/262/5 459/192/5
f 964/251/4 963/351/4 962/260/4
f 697/221/4 696/222/4 724/108/4
f 437/26/5 451/49/5 499/6/5
f 20/68/17 19/62/17 518/62/17
f 898/107/4 896/142/4 894/104/4
f 890/67/4 888/66/4 886/65/4
f 21/235/5 24/182/5 47/67/5
f 853/213/4 852/13/4 902/15/4
f 931/261/4 874/170/4 866/57/4
f 21/235/5 22/324/5 24/182/5
f 459/192/5 491/275/5 492/357/5
f 950/49/4 942/101/4 941/349/4
f 367/57/5 432/261/5 433/6/5
f 880/24/4 879/10/4 877/43/4
f 28/169/5 30/171/5 32/98/5
f 392/60/5 400/181/5 358/73/5
f 55/107/5 11/160/5 12/159/5
f 894/104/4 893/151/4 892/152/4
f 641/154/4 623/140/4 622/27/4
f 792/9/4 784/31/4 829/217/4
f 367/57/5 427/344/5 428/105/5
f 39/96/5 43/65/5 47/67/5
f 408/237/5 345/5/5 346/173/5
f 367/57/5 430/200/5 431/199/5
f 696/222/4 695/280/4 724/108/4
f 400/181/5 355/160/5 356/159/5
f 417/188/5 418/195/5 384/12/5
f 55/107/5 6/158/5 7/157/5
f 415/264/5 416/187/5 384/12/5
f 900/139/4 899/181/4 898/107/4
f 376/98/5 380/10/5 384/12/5
f 392/60/5 360/282/5 361/283/5
f 420/89/5 421/88/5 376/98/5
f 26/266/5 27/59/5 28/169/5
f 51/104/5 53/142/5 55/107/5
f 408/237/5 348/247/5 349/248/5
f 63/174/5 2/173/5 3/294/5
f 384/12/5 386/71/5 388/272/5
f 400/181/5 404/358/5 408/237/5
f 375/170/5 424/136/5 425/135/5
f 24/182/5 84/105/5 85/106/5
f 392/60/5 359/271/5 360/282/5
f 892/152/4 891/60/4 890/67/4
f 382/11/5 383/96/5 384/12/5
f 376/98/5 377/97/5 378/43/5
f 380/10/5 381/24/5 382/11/5
f 72/187/5 37/24/5 39/96/5
f 396/143/5 397/142/5 398/150/5
f 404/358/5 405/234/5 406/207/5
f 416/187/5 417/188/5 384/12/5
f 47/67/5 49/152/5 51/104/5
f 43/65/5 44/272/5 45/66/5
f 225/108/5 226/288/5 189/337/5
f 734/303/4 733/359/4 767/177/4
f 398/150/5 399/107/5 400/181/5
f 759/52/4 746/209/4 745/270/4
f 716/120/4 715/281/4 714/93/4
f 751/299/4 750/128/4 749/129/4
f 736/320/4 735/302/4 759/52/4
f 759/52/4 757/3/4 755/306/4
f 189/337/5 190/360/5 191/361/5
f 201/284/5 202/362/5 218/119/5
f 757/3/4 756/4/4 755/306/4
f 408/237/5 346/173/5 347/294/5
f 692/227/4 691/258/4 724/108/4
f 730/355/4 729/363/4 728/196/4
f 710/109/4 709/295/4 708/146/4
f 710/109/4 705/186/4 704/185/4
f 218/119/5 222/39/5 225/108/5
f 613/364/4 612/365/4 611/311/4
f 607/366/4 606/367/4 605/90/4
f 759/52/4 758/368/4 757/3/4
f 400/181/5 353/13/5 354/213/5
f 888/66/4 887/272/4 886/65/4
f 22/324/5 23/57/5 24/182/5
f 471/94/5 434/5/5 475/334/5
f 845/173/4 844/5/4 906/174/4
f 423/322/126 422/330/126 921/330/126
f 622/27/4 621/28/4 655/81/4
f 418/195/127 417/188/127 916/188/127
f 385/72/123 384/12/123 883/12/123
f 718/23/4 716/120/4 714/93/4
f 827/286/4 826/369/4 792/9/4
f 363/62/122 362/61/122 861/61/122
f 394/151/38 393/152/38 892/152/38
f 238/211/128 237/320/128 736/320/128
f 135/130/129 134/95/129 633/95/129
f 448/180/130 447/246/130 946/246/130
f 397/142/131 396/143/131 895/143/131
f 297/7/5 320/215/5 321/370/5
f 808/134/132 809/133/132 309/134/132
f 359/271/133 358/73/133 857/73/133
f 396/143/36 395/104/36 894/104/36
f 297/7/5 298/229/5 299/228/5
f 391/67/134 390/146/134 889/146/134
f 410/113/121 409/184/121 908/184/121
f 467/253/5 469/86/5 471/94/5
f 421/88/21 420/89/21 919/89/21
f 311/132/45 310/133/45 809/133/45
f 332/202/5 333/212/5 289/29/5
f 297/7/5 317/45/5 318/44/5
f 393/152/135 392/60/135 891/60/135
f 289/29/5 297/7/5 322/34/5
f 293/9/5 294/17/5 295/8/5
f 411/75/120 410/113/120 909/113/120
f 966/253/4 965/252/4 964/251/4
f 140/255/136 139/371/136 638/371/136
f 301/20/5 303/18/5 305/127/5
f 302/19/137 301/20/137 800/20/137
f 303/18/28 801/19/28 802/18/28
f 398/150/37 397/142/37 896/142/37
f 848/248/138 349/248/138 348/247/138
f 297/7/139 296/16/139 795/16/139
f 303/18/5 304/166/5 305/127/5
f 334/70/140 333/212/140 832/212/140
f 92/327/141 91/328/141 590/328/141
f 185/372/142 184/332/142 683/332/142
f 64/237/143 63/174/143 562/174/143
f 309/134/5 311/132/5 312/373/5
f 322/34/144 321/370/144 820/370/144
f 295/8/145 294/17/145 793/17/145
f 282/124/146 281/79/146 780/79/146
f 285/31/147 284/374/147 783/374/147
f 91/328/148 90/5/148 589/5/148
f 317/45/149 316/163/149 815/163/149
f 337/375/150 336/376/150 835/376/150
f 283/78/151 282/124/151 781/124/151
f 293/9/152 292/114/152 791/114/152
f 92/327/141 590/328/141 591/327/141
f 201/284/153 200/110/153 699/110/153
f 309/134/5 310/133/5 311/132/5
f 301/20/5 302/19/5 303/18/5
f 297/7/5 315/40/5 316/163/5
f 290/377/154 289/29/154 788/29/154
f 324/214/155 323/35/155 822/35/155
f 712/285/4 711/329/4 710/109/4
f 450/179/156 449/183/156 948/183/156
f 489/339/5 490/276/5 460/191/5
f 281/79/5 285/31/5 289/29/5
f 973/309/4 977/378/4 976/307/4
f 221/21/157 220/22/157 719/22/157
f 271/298/158 270/268/158 769/268/158
f 784/31/4 833/70/4 832/212/4
f 237/320/159 236/302/159 735/302/159
f 231/355/160 230/363/160 729/363/160
f 209/146/161 208/277/161 707/277/161
f 242/99/162 241/379/162 740/379/162
f 246/270/163 245/269/163 744/269/163
f 272/6/160 271/298/160 770/298/160
f 817/44/4 808/134/4 792/9/4
f 188/5/72 227/6/72 726/6/72
f 197/222/164 196/280/164 695/280/164
f 125/141/5 126/273/5 153/116/5
f 784/31/4 830/203/4 829/217/4
f 320/215/165 319/216/165 818/216/165
f 820/370/4 819/215/4 792/9/4
f 821/34/4 820/370/4 792/9/4
f 196/280/166 195/201/166 694/201/166
f 217/120/167 216/281/167 715/281/167
f 813/41/4 812/290/4 808/134/4
f 774/291/168 775/380/168 274/381/168
f 818/216/4 817/44/4 792/9/4
f 277/83/169 276/380/169 775/380/169
f 593/77/4 592/382/4 591/327/4
f 973/309/4 972/162/4 977/378/4
f 784/31/4 836/375/4 835/376/4
f 808/134/4 804/127/4 800/20/4
f 305/127/5 309/134/5 312/373/5
f 203/383/170 202/362/170 701/362/170
f 9/13/63 8/14/63 507/14/63
f 776/83/4 840/63/4 839/384/4
f 817/44/4 816/45/4 808/134/4
f 642/310/89 143/310/89 142/154/89
f 792/9/4 788/29/4 784/31/4
f 158/123/171 157/256/171 656/256/171
f 655/81/4 641/154/4 622/27/4
f 195/201/172 194/226/172 693/226/172
f 796/7/4 795/16/4 794/8/4
f 150/153/173 149/219/173 648/219/173
f 115/304/174 114/364/174 613/364/174
f 125/141/175 124/140/175 623/140/175
f 776/83/4 774/291/4 772/5/4
f 153/116/176 152/243/176 651/243/176
f 258/3/5 259/368/5 260/52/5
f 489/339/5 460/191/5 461/190/5
f 142/154/177 141/385/177 640/385/177
f 189/337/160 188/5/160 687/5/160
f 790/115/4 789/377/4 788/29/4
f 148/220/178 147/352/178 646/352/178
f 784/31/4 835/376/4 834/69/4
f 145/348/179 144/254/179 643/254/179
f 38/11/70 37/24/70 536/24/70
f 778/297/4 777/82/4 776/83/4
f 784/31/4 783/374/4 782/78/4
f 772/5/4 842/296/4 841/64/4
f 826/369/4 825/32/4 792/9/4
f 299/228/180 298/229/180 797/229/180
f 232/346/181 231/355/181 730/355/181
f 102/386/182 101/155/182 600/155/182
f 139/371/183 138/164/183 637/164/183
f 615/117/4 614/304/4 605/90/4
f 800/20/4 799/230/4 798/228/4
f 312/373/184 311/132/184 810/132/184
f 259/368/185 258/3/185 757/3/185
f 803/166/48 804/127/48 304/166/48
f 191/361/186 190/360/186 689/360/186
f 367/57/5 429/106/5 430/200/5
f 987/259/4 986/336/4 968/86/4
f 144/254/187 143/310/187 642/310/187
f 36/10/188 35/42/188 534/42/188
f 641/154/4 629/250/4 628/232/4
f 605/90/4 673/92/4 672/318/4
f 70/265/189 69/1/189 568/1/189
f 99/331/190 98/76/190 597/76/190
f 641/154/4 626/274/4 625/273/4
f 175/91/191 174/92/191 673/92/191
f 476/307/192 475/334/192 975/334/192
f 172/319/193 171/147/193 670/147/193
f 213/285/194 212/329/194 711/329/194
f 23/57/195 22/324/195 521/324/195
f 168/144/196 167/236/196 666/236/196
f 108/366/197 107/367/197 606/367/197
f 165/54/198 164/167/198 663/167/198
f 59/15/199 58/138/199 557/138/199
f 620/80/4 619/242/4 655/81/4
f 615/117/4 605/90/4 665/53/4
f 605/90/4 676/194/4 675/223/4
f 615/117/4 664/54/4 663/167/4
f 109/387/200 108/366/200 607/366/200
f 616/118/4 615/117/4 655/81/4
f 113/365/201 112/311/201 611/311/201
f 174/92/202 173/318/202 672/318/202
f 127/274/203 126/273/203 625/273/203
f 605/90/4 677/193/4 676/194/4
f 104/160/204 103/388/204 602/388/204
f 28/169/205 27/59/205 526/59/205
f 27/59/206 26/266/206 525/266/206
f 30/171/207 29/172/207 528/172/207
f 83/344/208 82/137/208 581/137/208
f 605/90/4 667/144/4 666/236/4
f 641/154/4 628/232/4 627/233/4
f 137/165/160 136/131/160 635/131/160
f 950/49/4 996/239/4 995/240/4
f 351/157/41 350/158/41 849/158/41
f 51/104/209 50/151/209 549/151/209
f 87/199/210 86/200/210 585/200/210
f 31/170/211 30/171/211 529/171/211
f 776/83/4 775/380/4 774/291/4
f 613/364/4 609/321/4 605/90/4
f 605/90/4 671/319/4 670/147/4
f 403/15/199 402/138/199 901/138/199
f 225/108/212 224/338/212 723/338/212
f 46/146/213 45/66/213 544/66/213
f 737/211/4 736/320/4 759/52/4
f 350/158/214 349/248/214 848/248/214
f 80/136/215 79/322/215 578/322/215
f 89/6/216 88/261/216 587/261/216
f 601/386/4 600/155/4 599/156/4
f 405/234/217 404/358/217 903/358/217
f 947/180/4 944/206/4 943/102/4
f 589/5/4 679/314/4 678/317/4
f 24/182/218 23/57/218 522/57/218
f 25/58/219 24/182/219 523/182/219
f 29/172/220 28/169/220 527/169/220
f 110/321/221 109/387/221 608/387/221
f 206/186/222 205/185/222 704/185/222
f 352/14/223 351/157/223 850/157/223
f 605/90/4 597/76/4 589/5/4
f 434/5/5 436/350/5 437/26/5
f 53/142/131 52/143/131 551/143/131
f 611/311/4 610/312/4 609/321/4
f 404/358/224 403/15/224 902/15/224
f 55/107/225 54/150/225 553/150/225
f 56/181/226 55/107/226 554/107/226
f 589/5/4 681/204/4 680/205/4
f 589/5/4 680/205/4 679/314/4
f 605/90/4 669/36/4 668/37/4
f 15/271/133 14/73/133 513/73/133
f 17/283/227 16/282/227 515/282/227
f 39/96/25 38/11/25 537/11/25
f 47/67/5 51/104/5 55/107/5
f 641/154/4 624/141/4 623/140/4
f 57/139/101 56/181/101 555/181/101
f 605/90/4 603/160/4 601/386/4
f 984/345/4 983/342/4 968/86/4
f 37/24/8 36/10/8 535/10/8
f 44/272/228 43/65/228 542/65/228
f 43/65/74 42/71/74 541/71/74
f 79/322/126 78/330/126 577/330/126
f 84/105/229 83/344/229 582/344/229
f 48/60/230 47/67/230 546/67/230
f 990/276/4 989/339/4 950/49/4
f 589/5/4 682/305/4 681/204/4
f 107/367/231 106/90/231 605/90/231
f 26/266/232 25/58/232 524/58/232
f 595/225/4 594/389/4 593/77/4
f 609/321/4 607/366/4 605/90/4
f 75/92/44 74/195/44 573/195/44
f 18/61/233 17/283/233 516/283/233
f 641/154/4 632/96/4 631/278/4
f 953/47/4 952/46/4 950/49/4
f 985/335/4 984/345/4 968/86/4
f 603/160/4 602/388/4 601/386/4
f 988/333/4 987/259/4 968/86/4
f 950/49/4 994/241/4 993/340/4
f 956/262/4 954/48/4 950/49/4
f 218/119/5 195/201/5 196/280/5
f 933/5/4 974/308/4 976/307/4
f 613/364/4 611/311/4 609/321/4
f 950/49/4 998/87/4 997/238/4
f 244/257/5 245/269/5 260/52/5
f 260/52/5 271/298/5 235/303/5
f 605/90/4 601/386/4 597/76/4
f 960/190/4 958/192/4 956/262/4
f 968/86/4 964/251/4 960/190/4
f 950/49/4 941/349/4 940/148/4
f 238/211/5 239/210/5 260/52/5
f 153/116/5 118/244/5 119/58/5
f 980/85/4 979/178/4 968/86/4
f 690/361/4 689/360/4 688/337/4
f 601/386/4 599/156/4 597/76/4
f 271/298/5 233/347/5 234/359/5
f 964/251/4 962/260/4 960/190/4
f 960/190/4 956/262/4 950/49/4
f 936/26/4 935/350/4 934/149/4
f 968/86/4 966/253/4 964/251/4
f 260/52/5 236/302/5 237/320/5
f 986/336/4 985/335/4 968/86/4
f 73/188/125 72/187/125 571/187/125
f 49/152/135 48/60/135 547/60/135
f 407/174/51 406/207/51 905/207/51
f 446/245/234 445/206/234 944/206/234
f 133/96/235 132/278/235 631/278/235
f 410/113/5 411/75/5 392/60/5
f 483/342/5 484/345/5 471/94/5
f 271/298/5 234/359/5 235/303/5
f 947/180/4 945/245/4 944/206/4
f 722/38/4 721/39/4 720/21/4
f 968/86/4 967/353/4 966/253/4
f 218/119/5 220/22/5 222/39/5
f 471/94/5 476/307/5 477/378/5
f 241/379/5 242/99/5 260/52/5
f 992/357/4 991/275/4 950/49/4
f 240/390/5 241/379/5 260/52/5
f 482/343/5 483/342/5 471/94/5
f 599/156/4 598/331/4 597/76/4
f 260/52/5 235/303/5 236/302/5
f 609/321/4 608/387/4 607/366/4
f 434/5/5 499/6/5 475/334/5
f 239/210/5 240/390/5 260/52/5
f 434/5/5 437/26/5 499/6/5
f 471/94/5 475/334/5 476/307/5
f 478/391/5 479/178/5 471/94/5
f 271/298/5 228/5/5 229/196/5
f 619/242/4 618/58/4 655/81/4
f 486/336/5 463/260/5 471/94/5
f 451/49/5 497/238/5 498/87/5
f 972/162/4 970/94/4 968/86/4
f 481/84/5 482/343/5 471/94/5
f 846/294/4 845/173/4 902/15/4
f 639/255/4 638/371/4 637/164/4
f 947/180/4 943/102/4 942/101/4
f 926/344/4 925/137/4 874/170/4
f 863/68/4 862/62/4 894/104/4
f 451/49/5 494/241/5 495/240/5
f 457/262/5 458/341/5 459/192/5
f 451/49/5 453/46/5 455/48/5
f 861/61/4 860/283/4 894/104/4
f 872/172/4 871/169/4 870/59/4
f 459/192/5 460/191/5 490/276/5
f 970/94/4 969/356/4 968/86/4
f 459/192/5 492/357/5 493/340/5
f 653/112/4 652/116/4 651/243/4
f 928/106/4 927/105/4 874/170/4
f 471/94/5 473/162/5 434/5/5
f 449/183/5 450/179/5 451/49/5
f 886/65/4 910/75/4 909/113/4
f 36/10/5 37/24/5 73/188/5
f 451/49/5 495/240/5 496/239/5
f 641/154/4 640/385/4 639/255/4
f 643/254/4 642/310/4 641/154/4
f 461/190/5 462/323/5 463/260/5
f 463/260/5 467/253/5 471/94/5
f 451/49/5 452/189/5 453/46/5
f 856/74/4 855/159/4 894/104/4
f 487/259/5 488/333/5 461/190/5
f 463/260/5 465/251/5 467/253/5
f 473/162/5 474/309/5 434/5/5
f 444/102/5 447/246/5 451/49/5
f 972/162/4 971/161/4 970/94/4
f 225/108/5 194/226/5 195/201/5
f 47/67/5 18/61/5 19/62/5
f 932/6/4 931/261/4 866/57/4
f 859/282/4 858/271/4 894/104/4
f 247/209/5 248/208/5 260/52/5
f 212/329/5 213/285/5 214/94/5
f 271/298/5 231/355/5 232/346/5
f 929/200/4 928/106/4 874/170/4
f 864/235/4 894/104/4 908/184/4
f 886/65/4 912/1/4 911/2/4
f 927/105/4 926/344/4 874/170/4
f 24/182/5 85/106/5 86/200/5
f 68/2/5 69/1/5 47/67/5
f 264/279/5 265/287/5 266/175/5
f 862/62/4 861/61/4 894/104/4
f 932/6/4 866/57/4 864/235/4
f 260/52/5 264/279/5 268/177/5
f 20/68/5 21/235/5 47/67/5
f 289/29/5 326/32/5 327/369/5
f 874/170/4 872/172/4 870/59/4
f 229/196/5 230/363/5 231/355/5
f 923/136/4 876/97/4 874/170/4
f 420/89/5 376/98/5 384/12/5
f 252/299/5 253/392/5 254/325/5
f 868/58/4 867/182/4 866/57/4
f 208/277/5 209/146/5 210/295/5
f 248/208/5 252/299/5 260/52/5
f 886/65/4 917/195/4 916/188/4
f 866/57/4 865/324/4 864/235/4
f 649/153/4 648/219/4 647/220/4
f 641/154/4 633/95/4 632/96/4
f 947/180/4 946/246/4 945/245/4
f 444/102/5 445/206/5 447/246/5
f 860/283/4 859/282/4 894/104/4
f 921/330/4 877/43/4 876/97/4
f 886/65/4 882/96/4 877/43/4
f 578/322/4 577/330/4 533/43/4
f 982/343/4 981/84/4 968/86/4
f 36/10/5 80/136/5 81/135/5
f 849/158/4 848/248/4 902/15/4
f 886/65/4 909/113/4 908/184/4
f 172/319/5 173/318/5 106/90/5
f 848/248/4 847/247/4 902/15/4
f 47/67/5 15/271/5 16/282/5
f 252/299/5 254/325/5 256/306/5
f 850/157/4 849/158/4 902/15/4
f 24/182/5 88/261/5 89/6/5
f 886/65/4 911/2/4 910/75/4
f 854/160/4 902/15/4 894/104/4
f 264/279/5 266/175/5 268/177/5
f 392/60/5 363/62/5 364/68/5
f 877/43/4 918/92/4 917/195/4
f 902/15/4 898/107/4 894/104/4
f 36/10/5 81/135/5 82/137/5
f 170/36/5 171/147/5 106/90/5
f 894/104/4 890/67/4 886/65/4
f 589/5/4 684/372/4 683/332/4
f 886/65/4 877/43/4 917/195/4
f 47/67/5 55/107/5 15/271/5
f 894/104/4 892/152/4 890/67/4
f 24/182/5 86/200/5 87/199/5
f 886/65/4 884/72/4 882/96/4
f 688/337/4 687/5/4 725/288/4
f 424/136/5 375/170/5 376/98/5
f 24/182/5 36/10/5 82/137/5
f 855/159/4 854/160/4 894/104/4
f 440/56/5 441/148/5 451/49/5
f 978/391/4 977/378/4 972/162/4
f 36/10/5 76/89/5 77/88/5
f 69/1/5 70/265/5 39/96/5
f 36/10/5 77/88/5 78/330/5
f 365/235/5 367/57/5 409/184/5
f 902/15/4 901/138/4 900/139/4
f 24/182/5 28/169/5 36/10/5
f 877/43/4 921/330/4 920/88/4
f 877/43/4 920/88/4 919/89/4
f 63/174/5 3/294/5 4/247/5
f 904/234/4 903/358/4 902/15/4
f 400/181/5 354/213/5 355/160/5
f 28/169/5 29/172/5 30/171/5
f 375/170/5 425/135/5 426/137/5
f 388/272/5 389/66/5 390/146/5
f 30/171/5 31/170/5 32/98/5
f 367/57/5 371/59/5 375/170/5
f 906/174/4 904/234/4 902/15/4
f 168/144/5 169/37/5 106/90/5
f 34/43/5 35/42/5 36/10/5
f 724/108/4 698/393/4 697/221/4
f 36/10/5 79/322/5 80/136/5
f 36/10/5 78/330/5 79/322/5
f 886/65/4 915/187/4 914/264/4
f 365/235/5 366/324/5 367/57/5
f 55/107/5 14/73/5 15/271/5
f 367/57/5 368/182/5 369/58/5
f 418/195/5 419/92/5 384/12/5
f 413/1/5 414/265/5 384/12/5
f 367/57/5 375/170/5 427/344/5
f 61/234/5 62/207/5 63/174/5
f 392/60/5 361/283/5 362/61/5
f 884/72/4 883/12/4 882/96/4
f 906/174/4 905/207/4 904/234/4
f 271/298/5 272/6/5 228/5/5
f 413/1/5 384/12/5 392/60/5
f 400/181/5 352/14/5 353/13/5
f 400/181/5 408/237/5 349/248/5
f 373/172/5 374/171/5 375/170/5
f 400/181/5 350/158/5 351/157/5
f 589/5/4 685/103/4 684/372/4
f 63/174/5 64/237/5 1/5/5
f 412/2/5 413/1/5 392/60/5
f 55/107/5 63/174/5 6/158/5
f 392/60/5 396/143/5 400/181/5
f 641/154/4 634/130/4 633/95/4
f 414/265/5 415/264/5 384/12/5
f 392/60/5 358/73/5 359/271/5
f 371/59/5 372/169/5 373/172/5
f 371/59/5 373/172/5 375/170/5
f 735/302/4 767/177/4 759/52/4
f 59/15/5 61/234/5 63/174/5
f 24/182/5 83/344/5 84/105/5
f 167/236/5 168/144/5 106/90/5
f 55/107/5 59/15/5 63/174/5
f 400/181/5 349/248/5 350/158/5
f 24/182/5 82/137/5 83/344/5
f 200/110/5 201/284/5 218/119/5
f 388/272/5 390/146/5 392/60/5
f 740/379/4 739/390/4 759/52/4
f 421/88/5 422/330/5 376/98/5
f 400/181/5 356/159/5 357/74/5
f 369/58/5 370/266/5 371/59/5
f 365/235/5 409/184/5 392/60/5
f 844/5/4 907/237/4 906/174/4
f 751/299/4 749/129/4 748/316/4
f 55/107/5 56/181/5 57/139/5
f 424/136/5 376/98/5 423/322/5
f 404/358/5 406/207/5 408/237/5
f 730/355/4 770/298/4 767/177/4
f 402/138/5 403/15/5 404/358/5
f 691/258/4 690/361/4 688/337/4
f 390/146/5 391/67/5 392/60/5
f 70/265/5 71/264/5 39/96/5
f 55/107/5 12/159/5 13/74/5
f 392/60/5 393/152/5 394/151/5
f 59/15/5 60/358/5 61/234/5
f 384/12/5 388/272/5 392/60/5
f 422/330/5 423/322/5 376/98/5
f 400/181/5 402/138/5 404/358/5
f 153/116/5 154/112/5 155/111/5
f 759/52/4 743/257/4 742/100/4
f 759/52/4 741/99/4 740/379/4
f 207/315/5 208/277/5 210/295/5
f 63/174/5 1/5/5 2/173/5
f 770/298/4 769/268/4 768/267/4
f 733/359/4 732/347/4 767/177/4
f 55/107/5 57/139/5 59/15/5
f 751/299/4 748/316/4 747/208/4
f 732/347/4 731/346/4 767/177/4
f 206/186/5 207/315/5 210/295/5
f 39/96/5 40/12/5 41/72/5
f 759/52/4 751/299/4 747/208/4
f 199/393/5 200/110/5 218/119/5
f 210/295/5 212/329/5 214/94/5
f 738/210/4 737/211/4 759/52/4
f 759/52/4 745/270/4 744/269/4
f 198/221/5 199/393/5 218/119/5
f 392/60/5 364/68/5 365/235/5
f 396/143/5 398/150/5 400/181/5
f 755/306/4 754/326/4 753/325/4
f 204/293/5 205/185/5 218/119/5
f 767/177/4 766/176/4 765/175/4
f 763/279/4 762/313/4 761/50/4
f 710/109/4 701/362/4 700/284/4
f 694/201/4 693/226/4 724/108/4
f 730/355/4 728/196/4 770/298/4
f 767/177/4 763/279/4 759/52/4
f 755/306/4 753/325/4 751/299/4
f 759/52/4 755/306/4 751/299/4
f 710/109/4 702/383/4 701/362/4
f 206/186/5 210/295/5 218/119/5
f 225/108/5 193/227/5 194/226/5
f 693/226/4 692/227/4 724/108/4
f 695/280/4 694/201/4 724/108/4
f 728/196/4 727/5/4 771/6/4
f 731/346/4 730/355/4 767/177/4
f 759/52/4 747/208/4 746/209/4
f 225/108/5 189/337/5 192/258/5
f 710/109/4 704/185/4 703/293/4
f 710/109/4 703/293/4 702/383/4
f 203/383/5 204/293/5 218/119/5
f 691/258/4 688/337/4 724/108/4
f 724/108/4 699/110/4 698/393/4
f 770/298/4 768/267/4 767/177/4
f 189/337/5 191/361/5 192/258/5
f 210/295/5 214/94/5 218/119/5
f 739/390/4 738/210/4 759/52/4
f 408/237/5 347/294/5 348/247/5
f 6/158/214 5/248/214 504/248/214
f 24/182/5 25/58/5 26/266/5
f 47/67/5 48/60/5 49/152/5
f 45/66/5 46/146/5 47/67/5
f 273/5/45 344/6/45 843/6/45
f 724/108/4 718/23/4 710/109/4
f 306/126/236 305/127/236 804/127/236
f 424/136/215 423/322/215 922/322/215
f 105/145/237 104/160/237 603/160/237
f 235/303/238 234/359/238 733/359/238
f 718/23/4 714/93/4 710/109/4
f 275/291/5 276/380/5 277/83/5
f 722/38/4 720/21/4 718/23/4
f 222/39/5 224/338/5 225/108/5
f 687/5/4 726/6/4 725/288/4
f 413/1/1 412/2/1 911/2/1
f 724/108/4 722/38/4 718/23/4
f 414/265/189 413/1/189 912/1/189
f 415/264/105 414/265/105 913/265/105
f 327/369/5 328/286/5 289/29/5
f 377/97/113 376/98/113 875/98/113
f 334/70/5 281/79/5 289/29/5
f 202/362/5 203/383/5 218/119/5
f 416/187/119 415/264/119 914/264/119
f 224/338/239 223/38/239 722/38/239
f 354/213/114 353/13/114 852/13/114
f 367/57/195 366/324/195 865/324/195
f 724/108/4 723/338/4 722/38/4
f 400/181/226 399/107/226 898/107/226
f 361/283/227 360/282/227 859/282/227
f 759/52/4 744/269/4 743/257/4
f 380/10/188 379/42/188 878/42/188
f 388/272/228 387/65/228 886/65/228
f 420/89/111 419/92/111 918/92/111
f 331/203/5 332/202/5 289/29/5
f 233/347/240 232/346/240 731/346/240
f 395/104/209 394/151/209 893/151/209
f 51/104/5 52/143/5 53/142/5
f 53/142/5 54/150/5 55/107/5
f 710/109/4 707/277/4 706/315/4
f 710/109/4 706/315/4 705/186/4
f 133/96/235 631/278/235 632/96/235
f 408/237/143 407/174/143 906/174/143
f 226/288/5 188/5/5 189/337/5
f 735/302/4 734/303/4 767/177/4
f 753/325/4 752/392/4 751/299/4
f 390/146/213 389/66/213 888/66/213
f 979/178/4 978/391/4 972/162/4
f 357/74/66 356/159/66 855/159/66
f 367/57/5 433/6/5 409/184/5
f 333/212/5 334/70/5 289/29/5
f 297/7/5 319/216/5 320/215/5
f 297/7/5 321/370/5 322/34/5
f 93/382/241 591/327/241 592/382/241
f 392/60/230 391/67/230 890/67/230
f 335/69/5 336/376/5 281/79/5
f 297/7/5 318/44/5 319/216/5
f 321/370/242 320/215/242 819/215/242
f 685/103/243 686/6/243 186/103/243
f 316/163/244 315/40/244 814/40/244
f 399/107/225 398/150/225 897/150/225
f 49/152/5 50/151/5 51/104/5
f 368/182/218 367/57/218 866/57/218
f 846/294/245 847/247/245 346/173/245
f 362/61/233 361/283/233 860/283/233
f 281/79/246 280/394/246 779/394/246
f 593/77/247 594/389/247 94/77/247
f 594/389/247 95/389/247 94/77/247
f 297/7/5 305/127/5 313/290/5
f 94/77/248 93/382/248 592/382/248
f 185/372/142 683/332/142 684/372/142
f 161/198/249 160/168/249 659/168/249
f 305/127/5 307/125/5 309/134/5
f 131/249/250 130/250/250 629/250/250
f 297/7/5 301/20/5 305/127/5
f 305/127/5 312/373/5 313/290/5
f 451/49/251 450/179/251 949/179/251
f 335/69/252 334/70/252 833/70/252
f 499/6/253 498/87/253 998/87/253
f 337/375/5 338/300/5 281/79/5
f 336/376/5 337/375/5 281/79/5
f 389/66/71 388/272/71 887/272/71
f 281/79/5 283/78/5 285/31/5
f 93/382/241 92/327/241 591/327/241
f 103/388/254 102/386/254 601/386/254
f 333/212/255 332/202/255 831/202/255
f 341/63/5 273/5/5 281/79/5
f 461/190/5 488/333/5 489/339/5
f 297/7/5 299/228/5 301/20/5
f 74/195/127 73/188/127 572/188/127
f 304/166/256 303/18/256 802/18/256
f 307/125/5 308/289/5 309/134/5
f 8/14/223 7/157/223 506/157/223
f 908/184/4 932/6/4 864/235/4
f 339/301/257 338/300/257 837/300/257
f 329/218/258 328/286/258 827/286/258
f 336/376/259 335/69/259 834/69/259
f 338/300/260 337/375/260 836/375/260
f 280/394/261 279/297/261 778/297/261
f 319/216/262 318/44/262 817/44/262
f 279/297/5 280/394/5 281/79/5
f 328/286/263 327/369/263 826/369/263
f 279/297/264 278/82/264 777/82/264
f 340/384/5 341/63/5 281/79/5
f 289/29/5 290/377/5 291/115/5
f 301/20/265 300/230/265 799/230/265
f 273/5/5 274/381/5 275/291/5
f 240/390/266 239/210/266 738/210/266
f 266/175/267 265/287/267 764/287/267
f 325/33/268 324/214/268 823/214/268
f 330/217/269 329/218/269 828/218/269
f 298/229/270 297/7/270 796/7/270
f 297/7/5 313/290/5 314/41/5
f 285/31/5 286/292/5 287/30/5
f 327/369/271 326/32/271 825/32/271
f 307/125/88 306/126/88 805/126/88
f 326/32/272 325/33/272 824/33/272
f 297/7/5 314/41/5 315/40/5
f 614/304/4 613/364/4 605/90/4
f 343/296/5 344/6/5 273/5/5
f 344/6/273 343/296/273 842/296/273
f 130/250/274 129/232/274 628/232/274
f 291/115/275 290/377/275 789/377/275
f 784/31/4 837/300/4 836/375/4
f 300/230/276 299/228/276 798/228/276
f 921/330/4 876/97/4 922/322/4
f 305/127/5 306/126/5 307/125/5
f 433/6/216 432/261/216 931/261/216
f 226/288/72 225/108/72 724/108/72
f 220/22/277 219/23/277 718/23/277
f 216/281/278 215/93/278 714/93/278
f 283/78/5 284/374/5 285/31/5
f 255/326/279 254/325/279 753/325/279
f 256/306/280 255/326/280 754/326/280
f 249/316/281 248/208/281 747/208/281
f 341/63/282 340/384/282 839/384/282
f 286/292/283 285/31/283 784/31/283
f 284/374/284 283/78/284 782/78/284
f 230/363/72 229/196/72 728/196/72
f 365/235/67 364/68/67 863/68/67
f 297/7/5 316/163/5 317/45/5
f 339/301/5 340/384/5 281/79/5
f 686/6/243 187/6/243 186/103/243
f 289/29/5 293/9/5 297/7/5
f 265/287/285 264/279/285 763/279/285
f 260/52/286 259/368/286 758/368/286
f 262/50/287 261/51/287 760/51/287
f 241/379/288 240/390/288 739/390/288
f 247/209/289 246/270/289 745/270/289
f 263/313/290 262/50/290 761/50/290
f 253/392/291 252/299/291 751/299/291
f 244/257/292 243/100/292 742/100/292
f 60/358/224 59/15/224 558/15/224
f 264/279/293 263/313/293 762/313/293
f 132/278/294 131/249/294 630/249/294
f 57/139/5 58/138/5 59/15/5
f 848/248/295 348/247/295 347/294/295
f 222/39/296 221/21/296 720/21/296
f 261/51/297 260/52/297 759/52/297
f 192/258/298 191/361/298 690/361/298
f 202/362/299 201/284/299 700/284/299
f 47/67/134 46/146/134 545/146/134
f 96/225/300 95/389/300 594/389/300
f 809/133/132 310/133/132 309/134/132
f 822/35/4 821/34/4 792/9/4
f 55/107/5 9/13/5 10/213/5
f 309/134/301 308/289/301 807/289/301
f 243/100/302 242/99/302 741/99/302
f 784/31/4 838/301/4 837/300/4
f 227/6/45 226/288/45 725/288/45
f 218/119/303 217/120/303 716/120/303
f 775/380/304 275/291/304 274/381/304
f 267/176/305 266/175/305 765/175/305
f 245/269/306 244/257/306 743/257/306
f 776/83/4 839/384/4 838/301/4
f 234/359/307 233/347/307 732/347/307
f 308/289/308 307/125/308 806/125/308
f 775/380/309 276/380/309 275/291/309
f 812/290/4 811/373/4 808/134/4
f 155/111/310 154/112/310 653/112/310
f 204/293/311 203/383/311 702/383/311
f 784/31/4 831/202/4 830/203/4
f 32/98/5 33/97/5 34/43/5
f 274/381/312 273/5/312 772/5/312
f 274/381/312 772/5/312 773/381/312
f 308/289/308 806/125/308 807/289/308
f 471/94/5 477/378/5 478/391/5
f 62/207/62 61/234/62 560/234/62
f 257/4/313 256/306/313 755/306/313
f 847/247/314 848/248/314 347/294/314
f 772/5/4 843/6/4 842/296/4
f 774/291/4 773/381/4 772/5/4
f 141/385/315 639/255/315 640/385/315
f 199/393/316 198/221/316 697/221/316
f 786/30/4 785/292/4 784/31/4
f 154/112/317 153/116/317 652/116/317
f 117/118/318 116/117/318 615/117/318
f 36/10/5 74/195/5 75/92/5
f 792/9/4 791/114/4 790/115/4
f 815/163/4 814/40/4 808/134/4
f 156/81/319 155/111/319 654/111/319
f 128/233/320 127/274/320 626/274/320
f 641/154/4 637/164/4 634/130/4
f 788/29/4 787/121/4 786/30/4
f 655/81/4 653/112/4 649/153/4
f 160/168/321 159/122/321 658/122/321
f 313/290/322 312/373/322 811/373/322
f 120/242/323 119/58/323 618/58/323
f 659/168/4 657/123/4 655/81/4
f 814/40/4 813/41/4 808/134/4
f 993/340/4 992/357/4 950/49/4
f 811/373/4 810/132/4 808/134/4
f 663/167/4 662/231/4 661/197/4
f 90/5/45 187/6/45 686/6/45
f 157/256/324 156/81/324 655/81/324
f 152/243/325 151/354/325 650/354/325
f 824/33/4 823/214/4 792/9/4
f 800/20/4 798/228/4 796/7/4
f 119/58/326 118/244/326 617/244/326
f 118/244/327 117/118/327 616/118/327
f 190/360/3 189/337/3 688/337/3
f 200/110/328 199/393/328 698/393/328
f 146/142/329 145/348/329 644/348/329
f 147/352/330 146/142/330 645/142/330
f 800/20/4 796/7/4 792/9/4
f 449/183/331 448/180/331 947/180/331
f 121/80/332 120/242/332 619/242/332
f 776/83/4 841/64/4 840/63/4
f 124/140/333 123/27/333 622/27/333
f 151/354/334 150/153/334 649/153/334
f 141/385/315 140/255/315 639/255/315
f 254/325/335 253/392/335 752/392/335
f 346/173/80 345/5/80 844/5/80
f 780/79/4 779/394/4 778/297/4
f 186/103/336 185/372/336 684/372/336
f 780/79/4 778/297/4 776/83/4
f 61/234/217 60/358/217 559/358/217
f 269/267/337 268/177/337 767/177/337
f 49/152/135 547/60/135 548/152/135
f 20/68/17 518/62/17 519/68/17
f 48/60/230 546/67/230 547/60/230
f 21/235/67 519/68/67 520/235/67
f 47/67/134 545/146/134 546/67/134
f 46/146/213 544/66/213 545/146/213
f 45/66/71 543/272/71 544/66/71
f 66/113/121 564/184/121 565/113/121
f 44/272/228 542/65/228 543/272/228
f 67/75/120 565/113/120 566/75/120
f 43/65/74 541/71/74 542/65/74
f 68/2/69 566/75/69 567/2/69
f 42/71/18 540/72/18 541/71/18
f 12/159/42 510/160/42 511/159/42
f 77/88/21 575/89/21 576/88/21
f 57/139/101 555/181/101 556/139/101
f 13/74/66 511/159/66 512/74/66
f 76/89/111 574/92/111 575/89/111
f 35/42/14 533/43/14 534/42/14
f 56/181/226 554/107/226 555/181/226
f 14/73/19 512/74/19 513/73/19
f 74/195/127 572/188/127 573/195/127
f 37/24/8 535/10/8 536/24/8
f 75/92/44 573/195/44 574/92/44
f 36/10/188 534/42/188 535/10/188
f 55/107/225 553/150/225 554/107/225
f 15/271/133 513/73/133 514/271/133
f 54/150/37 552/142/37 553/150/37
f 16/282/106 514/271/106 515/282/106
f 53/142/131 551/143/131 552/142/131
f 52/143/36 550/104/36 551/143/36
f 17/283/227 515/282/227 516/283/227
f 51/104/209 549/151/209 550/104/209
f 18/61/233 516/283/233 517/61/233
f 50/151/38 548/152/38 549/151/38
f 19/62/122 517/61/122 518/62/122
f 69/1/1 567/2/1 568/1/1
f 41/72/123 539/12/123 540/72/123
f 70/265/189 568/1/189 569/265/189
f 40/12/68 538/96/68 539/12/68
f 71/264/105 569/265/105 570/264/105
f 72/187/119 570/264/119 571/187/119
f 39/96/25 537/11/25 538/96/25
f 73/188/125 571/187/125 572/188/125
f 38/11/70 536/24/70 537/11/70
f 10/213/114 508/13/114 509/213/114
f 79/322/126 577/330/126 578/322/126
f 403/15/199 901/138/199 902/15/199
f 353/13/63 851/14/63 852/13/63
f 80/136/215 578/322/215 579/136/215
f 33/97/113 531/98/113 532/97/113
f 405/234/217 903/358/217 904/234/217
f 352/14/223 850/157/223 851/14/223
f 404/358/224 902/15/224 903/358/224
f 537/11/4 572/188/4 571/187/4
f 531/98/4 529/171/4 527/169/4
f 510/160/4 509/213/4 553/150/4
f 81/135/31 579/136/31 580/135/31
f 32/98/76 530/170/76 531/98/76
f 212/329/115 710/109/115 711/329/115
f 350/158/214 848/248/214 849/158/214
f 129/232/61 627/233/61 628/232/61
f 1/5/45 563/237/45 500/5/45
f 557/138/4 555/181/4 553/150/4
f 561/207/4 559/358/4 557/138/4
f 159/122/5 160/168/5 161/198/5
f 581/137/4 580/135/4 531/98/4
f 545/146/4 588/6/4 520/235/4
f 183/305/5 184/332/5 90/5/5
f 90/5/5 98/76/5 106/90/5
f 23/57/195 521/324/195 522/57/195
f 24/182/218 522/57/218 523/182/218
f 89/6/216 587/261/216 588/6/216
f 25/58/219 523/182/219 524/58/219
f 512/74/4 511/159/4 553/150/4
f 406/207/62 904/234/62 905/207/62
f 351/157/41 849/158/41 850/157/41
f 545/146/4 565/113/4 564/184/4
f 529/171/4 528/172/4 527/169/4
f 88/261/110 586/199/110 587/261/110
f 87/199/210 585/200/210 586/199/210
f 26/266/232 524/58/232 525/266/232
f 86/200/64 584/106/64 585/200/64
f 27/59/206 525/266/206 526/59/206
f 85/106/39 583/105/39 584/106/39
f 28/169/205 526/59/205 527/169/205
f 84/105/229 582/344/229 583/105/229
f 29/172/220 527/169/220 528/172/220
f 83/344/208 581/137/208 582/344/208
f 30/171/207 528/172/207 529/171/207
f 82/137/32 580/135/32 581/137/32
f 31/170/211 529/171/211 530/170/211
f 98/76/5 100/156/5 102/386/5
f 58/138/33 556/139/33 557/138/33
f 11/160/116 509/213/116 510/160/116
f 65/184/72 588/6/72 564/184/72
f 78/330/117 576/88/117 577/330/117
f 34/43/92 532/97/92 533/43/92
f 22/324/3 520/235/3 521/324/3
f 476/307/192 975/334/192 976/307/192
f 149/219/5 150/153/5 151/354/5
f 137/165/160 635/131/160 636/165/160
f 225/108/212 723/338/212 724/108/212
f 407/174/51 905/207/51 906/174/51
f 104/160/5 105/145/5 106/90/5
f 553/150/4 551/143/4 549/151/4
f 547/60/4 546/67/4 545/146/4
f 180/314/5 181/205/5 90/5/5
f 110/321/5 112/311/5 114/364/5
f 508/13/4 507/14/4 553/150/4
f 549/151/4 547/60/4 545/146/4
f 145/348/5 147/352/5 149/219/5
f 181/205/5 182/204/5 90/5/5
f 109/387/200 607/366/200 608/387/200
f 170/36/11 668/37/11 669/36/11
f 108/366/197 606/367/197 607/366/197
f 278/82/20 776/83/20 777/82/20
f 215/93/22 713/94/22 714/93/22
f 537/11/4 533/43/4 575/89/4
f 539/12/4 538/96/4 537/11/4
f 557/138/4 556/139/4 555/181/4
f 98/76/59 596/224/59 597/76/59
f 315/40/13 813/41/13 814/40/13
f 92/327/5 93/382/5 94/77/5
f 213/285/194 711/329/194 712/285/194
f 100/156/5 101/155/5 102/386/5
f 178/193/43 676/194/43 677/193/43
f 179/317/107 677/193/107 678/317/107
f 99/331/190 597/76/190 598/331/190
f 163/231/60 661/197/60 662/231/60
f 545/146/4 537/11/4 570/264/4
f 515/282/4 553/150/4 545/146/4
f 581/137/4 531/98/4 523/182/4
f 563/237/4 562/174/4 561/207/4
f 59/15/199 557/138/199 558/15/199
f 94/77/5 96/225/5 98/76/5
f 501/173/4 500/5/4 563/237/4
f 223/38/12 721/39/12 722/38/12
f 113/365/201 611/311/201 612/365/201
f 533/43/4 577/330/4 576/88/4
f 166/53/16 664/54/16 665/53/16
f 112/311/90 610/312/90 611/311/90
f 167/236/104 665/53/104 666/236/104
f 111/312/109 609/321/109 610/312/109
f 168/144/196 666/236/196 667/144/196
f 110/321/221 608/387/221 609/321/221
f 169/37/34 667/144/34 668/37/34
f 171/147/58 669/36/58 670/147/58
f 107/367/231 605/90/231 606/367/231
f 172/319/193 670/147/193 671/319/193
f 106/90/35 604/145/35 605/90/35
f 105/145/237 603/160/237 604/145/237
f 173/318/103 671/319/103 672/318/103
f 104/160/204 602/388/204 603/160/204
f 174/92/202 672/318/202 673/92/202
f 103/388/254 601/386/254 602/388/254
f 175/91/191 673/92/191 674/91/191
f 102/386/182 600/155/182 601/386/182
f 176/223/108 674/91/108 675/223/108
f 101/155/40 599/156/40 600/155/40
f 177/194/65 675/223/65 676/194/65
f 100/156/118 598/331/118 599/156/118
f 144/254/187 642/310/187 643/254/187
f 165/54/198 663/167/198 664/54/198
f 127/274/203 625/273/203 626/274/203
f 206/186/222 704/185/222 705/186/222
f 6/158/214 504/248/214 505/158/214
f 232/346/181 730/355/181 731/346/181
f 207/315/96 705/186/96 706/315/96
f 145/348/179 643/254/179 644/348/179
f 126/273/94 624/141/94 625/273/94
f 181/205/95 679/314/95 680/205/95
f 514/271/4 513/73/4 553/150/4
f 139/371/183 637/164/183 638/371/183
f 545/146/4 520/235/4 519/68/4
f 449/183/331 947/180/331 948/183/331
f 515/282/4 514/271/4 553/150/4
f 211/109/112 709/295/112 710/109/112
f 90/5/45 686/6/45 589/5/45
f 98/76/5 102/386/5 106/90/5
f 268/177/97 766/176/97 767/177/97
f 438/25/9 936/26/9 937/25/9
f 90/5/5 92/327/5 94/77/5
f 157/256/5 159/122/5 161/198/5
f 146/142/329 644/348/329 645/142/329
f 125/141/338 623/140/338 624/141/338
f 147/352/330 645/142/330 646/352/330
f 124/140/333 622/27/333 623/140/333
f 148/220/178 646/352/178 647/220/178
f 123/27/10 621/28/10 622/27/10
f 149/219/54 647/220/54 648/219/54
f 122/28/99 620/80/99 621/28/99
f 150/153/173 648/219/173 649/153/173
f 121/80/332 619/242/332 620/80/332
f 151/354/334 649/153/334 650/354/334
f 152/243/325 650/354/325 651/243/325
f 120/242/323 618/58/323 619/242/323
f 153/116/176 651/243/176 652/116/176
f 119/58/326 617/244/326 618/58/326
f 154/112/317 652/116/317 653/112/317
f 118/244/327 616/118/327 617/244/327
f 155/111/310 653/112/310 654/111/310
f 156/81/319 654/111/319 655/81/319
f 157/256/324 655/81/324 656/256/324
f 158/123/171 656/256/171 657/123/171
f 117/118/318 615/117/318 616/118/318
f 159/122/27 657/123/27 658/122/27
f 160/168/321 658/122/321 659/168/321
f 161/198/249 659/168/249 660/198/249
f 128/233/320 626/274/320 627/233/320
f 537/11/4 535/10/4 533/43/4
f 116/117/85 614/304/85 615/117/85
f 97/224/56 595/225/56 596/224/56
f 588/6/4 523/182/4 520/235/4
f 115/304/174 613/364/174 614/304/174
f 525/266/4 524/58/4 523/182/4
f 313/290/322 811/373/322 812/290/322
f 134/95/5 135/130/5 137/165/5
f 98/76/5 99/331/5 100/156/5
f 145/348/5 146/142/5 147/352/5
f 640/385/177 641/154/177 142/154/177
f 312/373/184 810/132/184 811/373/184
f 106/90/5 110/321/5 114/364/5
f 584/106/4 583/105/4 523/182/4
f 106/90/5 107/367/5 108/366/5
f 135/130/5 136/131/5 137/165/5
f 533/43/4 576/88/4 575/89/4
f 175/91/5 176/223/5 106/90/5
f 129/232/5 130/250/5 137/165/5
f 173/318/5 174/92/5 106/90/5
f 153/116/5 157/256/5 161/198/5
f 537/11/4 573/195/4 572/188/4
f 588/6/4 587/261/4 523/182/4
f 190/360/3 688/337/3 689/360/3
f 561/207/4 560/234/4 559/358/4
f 189/337/160 687/5/160 688/337/160
f 523/182/4 521/324/4 520/235/4
f 192/258/298 690/361/298 691/258/298
f 193/227/93 691/258/93 692/227/93
f 194/226/57 692/227/57 693/226/57
f 195/201/172 693/226/172 694/201/172
f 226/288/72 724/108/72 725/288/72
f 198/221/55 696/222/55 697/221/55
f 341/63/282 839/384/282 840/63/282
f 222/39/296 720/21/296 721/39/296
f 199/393/316 697/221/316 698/393/316
f 545/146/4 567/2/4 566/75/4
f 200/110/328 698/393/328 699/110/328
f 344/6/273 842/296/273 843/6/273
f 201/284/153 699/110/153 700/284/153
f 535/10/4 534/42/4 533/43/4
f 196/280/166 694/201/166 695/280/166
f 274/381/339 773/381/339 774/291/339
f 197/222/164 695/280/164 696/222/164
f 102/386/5 103/388/5 104/160/5
f 217/120/167 715/281/167 716/120/167
f 204/293/311 702/383/311 703/293/311
f 218/119/303 716/120/303 717/119/303
f 267/176/305 765/175/305 766/176/305
f 234/359/307 732/347/307 733/359/307
f 277/83/169 775/380/169 776/83/169
f 545/146/4 543/272/4 541/71/4
f 545/146/4 544/66/4 543/272/4
f 183/305/86 681/204/86 682/305/86
f 210/295/81 708/146/81 709/295/81
f 585/200/4 584/106/4 523/182/4
f 309/134/301 807/289/301 808/134/301
f 96/225/300 594/389/300 595/225/300
f 90/5/5 94/77/5 98/76/5
f 517/61/4 516/283/4 545/146/4
f 60/358/224 558/15/224 559/358/224
f 253/392/291 751/299/291 752/392/291
f 580/135/4 579/136/4 531/98/4
f 269/267/337 767/177/337 768/267/337
f 587/261/4 586/199/4 523/182/4
f 507/14/4 506/157/4 553/150/4
f 62/207/62 560/234/62 561/207/62
f 233/347/240 731/346/240 732/347/240
f 502/294/4 501/173/4 561/207/4
f 545/146/4 564/184/4 588/6/4
f 541/71/4 540/72/4 539/12/4
f 202/362/299 700/284/299 701/362/299
f 221/21/157 719/22/157 720/21/157
f 220/22/277 718/23/277 719/22/277
f 203/383/170 701/362/170 702/383/170
f 219/23/87 717/119/87 718/23/87
f 188/5/72 726/6/72 687/5/72
f 227/6/45 725/288/45 726/6/45
f 250/129/98 748/316/98 749/129/98
f 254/325/335 752/392/335 753/325/335
f 132/278/294 630/249/294 631/278/294
f 209/146/161 707/277/161 708/146/161
f 106/90/5 108/366/5 110/321/5
f 252/299/72 750/128/72 751/299/72
f 586/199/4 585/200/4 523/182/4
f 265/287/285 763/279/285 764/287/285
f 241/379/288 739/390/288 740/379/288
f 264/279/293 762/313/293 763/279/293
f 242/99/162 740/379/162 741/99/162
f 263/313/290 761/50/290 762/313/290
f 243/100/302 741/99/302 742/100/302
f 262/50/287 760/51/287 761/50/287
f 261/51/297 759/52/297 760/51/297
f 244/257/292 742/100/292 743/257/292
f 260/52/286 758/368/286 759/52/286
f 245/269/306 743/257/306 744/269/306
f 259/368/185 757/3/185 758/368/185
f 246/270/163 744/269/163 745/270/163
f 258/3/2 756/4/2 757/3/2
f 247/209/289 745/270/289 746/209/289
f 257/4/313 755/306/313 756/4/313
f 256/306/280 754/326/280 755/306/280
f 248/208/52 746/209/52 747/208/52
f 255/326/279 753/325/279 754/326/279
f 249/316/281 747/208/281 748/316/281
f 162/197/100 660/198/100 661/197/100
f 541/71/4 539/12/4 537/11/4
f 239/210/53 737/211/53 738/210/53
f 271/298/158 769/268/158 770/298/158
f 180/314/102 678/317/102 679/314/102
f 445/206/50 943/102/50 944/206/50
f 238/211/128 736/320/128 737/211/128
f 503/247/4 502/294/4 561/207/4
f 237/320/159 735/302/159 736/320/159
f 506/157/4 561/207/4 553/150/4
f 236/302/84 734/303/84 735/302/84
f 229/196/45 727/5/45 728/196/45
f 230/363/72 728/196/72 729/363/72
f 231/355/160 729/363/160 730/355/160
f 272/6/160 770/298/160 771/6/160
f 228/5/3 771/6/3 727/5/3
f 163/231/91 663/167/91 164/167/91
f 9/13/63 507/14/63 508/13/63
f 216/281/278 714/93/278 715/281/278
f 346/173/340 845/173/340 846/294/340
f 501/173/4 563/237/4 561/207/4
f 537/11/4 574/92/4 573/195/4
f 130/250/274 628/232/274 629/250/274
f 545/146/4 570/264/4 569/265/4
f 555/181/4 554/107/4 553/150/4
f 537/11/4 571/187/4 570/264/4
f 543/272/4 542/65/4 541/71/4
f 266/175/267 764/287/267 765/175/267
f 240/390/266 738/210/266 739/390/266
f 293/9/152 791/114/152 792/9/152
f 325/33/268 823/214/268 824/33/268
f 292/114/24 790/115/24 791/114/24
f 326/32/272 824/33/272 825/32/272
f 291/115/275 789/377/275 790/115/275
f 327/369/271 825/32/271 826/369/271
f 290/377/154 788/29/154 789/377/154
f 328/286/263 826/369/263 827/286/263
f 289/29/26 787/121/26 788/29/26
f 329/218/258 827/286/258 828/218/258
f 288/121/82 786/30/82 787/121/82
f 330/217/269 828/218/269 829/217/269
f 331/203/124 829/217/124 830/203/124
f 287/30/77 785/292/77 786/30/77
f 286/292/283 784/31/283 785/292/283
f 302/19/137 800/20/137 801/19/137
f 317/45/149 815/163/149 816/45/149
f 339/301/257 837/300/257 838/301/257
f 301/20/265 799/230/265 800/20/265
f 318/44/15 816/45/15 817/44/15
f 338/300/260 836/375/260 837/300/260
f 279/297/264 777/82/264 778/297/264
f 300/230/276 798/228/276 799/230/276
f 319/216/262 817/44/262 818/216/262
f 299/228/180 797/229/180 798/228/180
f 320/215/165 818/216/165 819/215/165
f 336/376/259 834/69/259 835/376/259
f 281/79/246 779/394/246 780/79/246
f 337/375/150 835/376/150 836/375/150
f 280/394/261 778/297/261 779/394/261
f 298/229/270 796/7/270 797/229/270
f 321/370/242 819/215/242 820/370/242
f 297/7/139 795/16/139 796/7/139
f 322/34/144 820/370/144 821/34/144
f 296/16/6 794/8/6 795/16/6
f 323/35/46 821/34/46 822/35/46
f 295/8/145 793/17/145 794/8/145
f 294/17/7 792/9/7 793/17/7
f 324/214/155 822/35/155 823/214/155
f 332/202/47 830/203/47 831/202/47
f 285/31/147 783/374/147 784/31/147
f 333/212/255 831/202/255 832/212/255
f 284/374/284 782/78/284 783/374/284
f 334/70/140 832/212/140 833/70/140
f 283/78/151 781/124/151 782/78/151
f 335/69/252 833/70/252 834/69/252
f 282/124/146 780/79/146 781/124/146
f 131/249/250 629/250/250 630/249/250
f 505/158/4 504/248/4 561/207/4
f 451/49/251 949/179/251 950/49/251
f 499/6/253 998/87/253 999/6/253
f 94/77/248 592/382/248 593/77/248
f 90/5/5 91/328/5 92/327/5
f 8/14/223 506/157/223 507/14/223
f 551/143/4 550/104/4 549/151/4
f 802/18/256 803/166/256 304/166/256
f 537/11/4 536/24/4 535/10/4
f 306/126/236 804/127/236 805/126/236
f 314/41/75 812/290/75 813/41/75
f 153/116/5 155/111/5 157/256/5
f 110/321/5 111/312/5 112/311/5
f 511/159/4 510/160/4 553/150/4
f 112/311/5 113/365/5 114/364/5
f 94/77/5 95/389/5 96/225/5
f 91/328/148 589/5/148 590/328/148
f 151/354/5 152/243/5 153/116/5
f 311/132/45 809/133/45 810/132/45
f 143/310/5 144/254/5 145/348/5
f 527/169/4 526/59/4 525/266/4
f 182/204/49 680/205/49 681/204/49
f 153/116/5 161/198/5 164/167/5
f 205/185/78 703/293/78 704/185/78
f 273/5/45 843/6/45 772/5/45
f 684/372/336 685/103/336 186/103/336
f 155/111/5 156/81/5 157/256/5
f 141/385/5 142/154/5 143/310/5
f 523/182/4 522/57/4 521/324/4
f 133/96/5 134/95/5 137/165/5
f 157/256/5 158/123/5 159/122/5
f 553/150/4 552/142/4 551/143/4
f 448/180/130 946/246/130 947/180/130
f 108/366/5 109/387/5 110/321/5
f 132/278/5 133/96/5 137/165/5
f 141/385/5 143/310/5 145/348/5
f 408/237/143 906/174/143 907/237/143
f 149/219/5 151/354/5 153/116/5
f 106/90/5 115/304/5 116/117/5
f 504/248/4 503/247/4 561/207/4
f 7/157/41 505/158/41 506/157/41
f 579/136/4 578/322/4 531/98/4
f 145/348/5 149/219/5 153/116/5
f 545/146/4 541/71/4 537/11/4
f 509/213/4 508/13/4 553/150/4
f 139/371/5 140/255/5 141/385/5
f 137/165/5 138/164/5 139/371/5
f 316/163/244 814/40/244 815/163/244
f 582/344/4 581/137/4 523/182/4
f 184/332/5 185/372/5 90/5/5
f 393/152/135 891/60/135 892/152/135
f 364/68/17 862/62/17 863/68/17
f 392/60/230 890/67/230 891/60/230
f 365/235/67 863/68/67 864/235/67
f 391/67/134 889/146/134 890/67/134
f 390/146/213 888/66/213 889/146/213
f 389/66/71 887/272/71 888/66/71
f 410/113/121 908/184/121 909/113/121
f 388/272/228 886/65/228 887/272/228
f 411/75/120 909/113/120 910/75/120
f 387/65/74 885/71/74 886/65/74
f 412/2/69 910/75/69 911/2/69
f 386/71/18 884/72/18 885/71/18
f 356/159/42 854/160/42 855/159/42
f 421/88/21 919/89/21 920/88/21
f 401/139/101 899/181/101 900/139/101
f 357/74/66 855/159/66 856/74/66
f 420/89/111 918/92/111 919/89/111
f 379/42/14 877/43/14 878/42/14
f 400/181/226 898/107/226 899/181/226
f 358/73/19 856/74/19 857/73/19
f 418/195/127 916/188/127 917/195/127
f 381/24/8 879/10/8 880/24/8
f 419/92/44 917/195/44 918/92/44
f 380/10/188 878/42/188 879/10/188
f 399/107/225 897/150/225 898/107/225
f 359/271/133 857/73/133 858/271/133
f 398/150/37 896/142/37 897/150/37
f 360/282/83 858/271/83 859/282/83
f 397/142/131 895/143/131 896/142/131
f 396/143/36 894/104/36 895/143/36
f 361/283/227 859/282/227 860/283/227
f 395/104/209 893/151/209 894/104/209
f 362/61/233 860/283/233 861/61/233
f 394/151/38 892/152/38 893/151/38
f 363/62/122 861/61/122 862/62/122
f 413/1/1 911/2/1 912/1/1
f 385/72/123 883/12/123 884/72/123
f 414/265/189 912/1/189 913/265/189
f 384/12/68 882/96/68 883/12/68
f 415/264/105 913/265/105 914/264/105
f 416/187/119 914/264/119 915/187/119
f 383/96/25 881/11/25 882/96/25
f 417/188/125 915/187/125 916/188/125
f 382/11/70 880/24/70 881/11/70
f 354/213/114 852/13/114 853/213/114
f 423/322/126 921/330/126 922/322/126
f 251/128/29 749/129/29 750/128/29
f 446/245/234 944/206/234 945/245/234
f 424/136/215 922/322/215 923/136/215
f 377/97/113 875/98/113 876/97/113
f 224/338/239 722/38/239 723/338/239
f 450/179/156 948/183/156 949/179/156
f 191/361/186 689/360/186 690/361/186
f 506/157/4 505/158/4 561/207/4
f 527/169/4 525/266/4 523/182/4
f 545/146/4 568/1/4 567/2/4
f 425/135/31 923/136/31 924/135/31
f 376/98/76 874/170/76 875/98/76
f 63/174/51 561/207/51 562/174/51
f 140/255/341 638/371/341 639/255/341
f 633/95/129 634/130/129 135/130/129
f 345/5/45 907/237/45 844/5/45
f 64/237/143 562/174/143 563/237/143
f 235/303/238 733/359/238 734/303/238
f 161/198/5 162/197/5 163/231/5
f 531/98/4 527/169/4 523/182/4
f 516/283/4 515/282/4 545/146/4
f 182/204/5 183/305/5 90/5/5
f 106/90/5 114/364/5 115/304/5
f 367/57/195 865/324/195 866/57/195
f 368/182/218 866/57/218 867/182/218
f 433/6/216 931/261/216 932/6/216
f 369/58/219 867/182/219 868/58/219
f 545/146/4 566/75/4 565/113/4
f 61/234/217 559/358/217 560/234/217
f 343/296/342 841/64/342 842/296/342
f 513/73/4 512/74/4 553/150/4
f 531/98/4 530/170/4 529/171/4
f 432/261/110 930/199/110 931/261/110
f 431/199/210 929/200/210 930/199/210
f 370/266/232 868/58/232 869/266/232
f 430/200/64 928/106/64 929/200/64
f 371/59/206 869/266/206 870/59/206
f 429/106/39 927/105/39 928/106/39
f 372/169/205 870/59/205 871/169/205
f 428/105/229 926/344/229 927/105/229
f 373/172/220 871/169/220 872/172/220
f 427/344/208 925/137/208 926/344/208
f 374/171/207 872/172/207 873/171/207
f 426/137/32 924/135/32 925/137/32
f 375/170/211 873/171/211 874/170/211
f 102/386/5 104/160/5 106/90/5
f 402/138/33 900/139/33 901/138/33
f 355/160/116 853/213/116 854/160/116
f 409/184/72 932/6/72 908/184/72
f 422/330/117 920/88/117 921/330/117
f 378/43/92 876/97/92 877/43/92
f 366/324/3 864/235/3 865/324/3
f 436/350/3 934/149/3 935/350/3
f 437/26/45 935/350/45 936/26/45
f 435/149/160 933/5/160 934/149/160
f 439/55/343 937/25/343 938/55/343
f 2/173/340 501/173/340 502/294/340
f 161/198/5 163/231/5 164/167/5
f 474/309/344 974/308/344 933/5/344
f 475/334/45 999/6/45 975/334/45
f 441/148/345 939/56/345 940/148/345
f 442/349/346 940/148/346 941/349/346
f 498/87/347 997/238/347 998/87/347
f 477/378/348 976/307/348 977/378/348
f 208/277/349 706/315/349 707/277/349
f 440/56/350 938/55/350 939/56/350
f 186/103/5 187/6/5 90/5/5
f 553/150/4 549/151/4 545/146/4
f 147/352/5 148/220/5 149/219/5
f 545/146/4 519/68/4 518/62/4
f 495/240/351 994/241/351 995/240/351
f 480/85/352 979/178/352 980/85/352
f 472/161/353 970/94/353 971/161/353
f 444/102/354 942/101/354 943/102/354
f 443/101/355 941/349/355 942/101/355
f 497/238/356 996/239/356 997/238/356
f 496/239/357 995/240/357 996/239/357
f 479/178/358 978/391/358 979/178/358
f 473/162/359 971/161/359 972/162/359
f 478/391/360 977/378/360 978/391/360
f 474/309/361 972/162/361 973/309/361
f 270/268/362 768/267/362 769/268/362
f 447/246/3 945/245/3 946/246/3
f 369/58/219 368/182/219 867/182/219
f 343/296/342 342/64/342 841/64/342
f 153/116/5 164/167/5 165/54/5
f 177/194/5 178/193/5 106/90/5
f 131/249/5 132/278/5 137/165/5
f 178/193/5 90/5/5 106/90/5
f 137/165/5 141/385/5 145/348/5
f 127/274/5 128/233/5 137/165/5
f 184/332/363 682/305/363 683/332/363
f 583/105/4 582/344/4 523/182/4
f 178/193/5 179/317/5 90/5/5
f 137/165/5 145/348/5 153/116/5
f 128/233/5 129/232/5 137/165/5
f 179/317/5 180/314/5 90/5/5
f 176/223/5 177/194/5 106/90/5
f 114/364/364 612/365/364 613/364/364
f 340/384/365 838/301/365 839/384/365
f 130/250/5 131/249/5 137/165/5
f 137/165/5 139/371/5 141/385/5
f 464/351/366 962/260/366 963/351/366
f 549/151/4 548/152/4 547/60/4
f 559/358/4 558/15/4 557/138/4
f 96/225/5 97/224/5 98/76/5
f 185/372/5 186/103/5 90/5/5
f 342/64/367 840/63/367 841/64/367
f 545/146/4 569/265/4 568/1/4
f 138/164/368 636/165/368 637/164/368
f 214/94/369 712/285/369 713/94/369
f 537/11/4 575/89/4 574/92/4
f 561/207/4 557/138/4 553/150/4
f 452/189/370 950/49/370 951/189/370
f 453/46/371 951/189/371 952/46/371
f 494/241/372 993/340/372 994/241/372
f 454/47/373 952/46/373 953/47/373
f 455/48/374 953/47/374 954/48/374
f 493/340/375 992/357/375 993/340/375
f 456/263/376 954/48/376 955/263/376
f 492/357/377 991/275/377 992/357/377
f 457/262/378 955/263/378 956/262/378
f 458/341/379 956/262/379 957/341/379
f 491/275/380 990/276/380 991/275/380
f 459/192/381 957/341/381 958/192/381
f 460/191/382 958/192/382 959/191/382
f 490/276/383 989/339/383 990/276/383
f 461/190/384 959/191/384 960/190/384
f 489/339/385 988/333/385 989/339/385
f 462/323/386 960/190/386 961/323/386
f 463/260/387 961/323/387 962/260/387
f 488/333/388 987/259/388 988/333/388
f 487/259/389 986/336/389 987/259/389
f 465/251/390 963/351/390 964/251/390
f 486/336/391 985/335/391 986/336/391
f 466/252/392 964/251/392 965/252/392
f 485/335/393 984/345/393 985/335/393
f 467/253/394 965/252/394 966/253/394
f 484/345/395 983/342/395 984/345/395
f 468/353/396 966/253/396 967/353/396
f 483/342/397 982/343/397 983/342/397
f 469/86/398 967/353/398 968/86/398
f 482/343/399 981/84/399 982/343/399
f 470/356/400 968/86/400 969/356/400
f 481/84/401 980/85/401 981/84/401
f 471/94/402 969/356/402 970/94/402
f 174/92/5 175/91/5 106/90/5
f 432/261/110 431/199/110 930/199/110
f 431/199/210 430/200/210 929/200/210
f 370/266/232 369/58/232 868/58/232
f 430/200/64 429/106/64 928/106/64
f 371/59/206 370/266/206 869/266/206
f 429/106/39 428/105/39 927/105/39
f 372/169/205 371/59/205 870/59/205
f 428/105/229 427/344/229 926/344/229
f 373/172/220 372/169/220 871/169/220
f 427/344/208 426/137/208 925/137/208
f 374/171/207 373/172/207 872/172/207
f 426/137/32 425/135/32 924/135/32
f 375/170/211 374/171/211 873/171/211
f 402/138/33 401/139/33 900/139/33
f 355/160/116 354/213/116 853/213/116
f 409/184/72 433/6/72 932/6/72
f 422/330/117 421/88/117 920/88/117
f 378/43/92 377/97/92 876/97/92
f 366/324/3 365/235/3 864/235/3
f 436/350/3 435/149/3 934/149/3
f 437/26/45 436/350/45 935/350/45
f 435/149/160 434/5/160 933/5/160
f 439/55/343 438/25/343 937/25/343
f 504/248/138 5/248/138 4/247/138
f 504/248/295 4/247/295 3/294/295
f 503/247/314 504/248/314 3/294/314
f 2/173/80 1/5/80 500/5/80
f 503/247/79 3/294/79 2/173/79
f 502/294/245 503/247/245 2/173/245
f 2/173/80 500/5/80 501/173/80
f 933/5/403 434/5/403 474/309/403
f 474/309/404 973/309/404 974/308/404
f 475/334/45 499/6/45 999/6/45
f 441/148/345 440/56/345 939/56/345
f 442/349/346 441/148/346 940/148/346
f 498/87/347 497/238/347 997/238/347
f 477/378/348 476/307/348 976/307/348
f 208/277/349 207/315/349 706/315/349
f 440/56/350 439/55/350 938/55/350
f 495/240/351 494/241/351 994/241/351
f 480/85/352 479/178/352 979/178/352
f 472/161/353 471/94/353 970/94/353
f 444/102/354 443/101/354 942/101/354
f 443/101/355 442/349/355 941/349/355
f 497/238/356 496/239/356 996/239/356
f 496/239/357 495/240/357 995/240/357
f 479/178/358 478/391/358 978/391/358
f 473/162/359 472/161/359 971/161/359
f 478/391/360 477/378/360 977/378/360
f 474/309/361 473/162/361 972/162/361
f 270/268/362 269/267/362 768/267/362
f 447/246/3 446/245/3 945/245/3
f 184/332/363 183/305/363 682/305/363
f 114/364/364 113/365/364 612/365/364
f 340/384/365 339/301/365 838/301/365
f 464/351/366 463/260/366 962/260/366
f 342/64/367 341/63/367 840/63/367
f 138/164/368 137/165/368 636/165/368
f 214/94/369 213/285/369 712/285/369
f 452/189/370 451/49/370 950/49/370
f 453/46/371 452/189/371 951/189/371
f 494/241/372 493/340/372 993/340/372
f 454/47/373 453/46/373 952/46/373
f 455/48/374 454/47/374 953/47/374
f 493/340/375 492/357/375 992/357/375
f 456/263/376 455/48/376 954/48/376
f 492/357/377 491/275/377 991/275/377
f 457/262/378 456/263/378 955/263/378
f 458/341/379 457/262/379 956/262/379
f 491/275/380 490/276/380 990/276/380
f 459/192/381 458/341/381 957/341/381
f 460/191/382 459/192/382 958/192/382
f 490/276/383 489/339/383 989/339/383
f 461/190/384 460/191/384 959/191/384
f 489/339/385 488/333/385 988/333/385
f 462/323/386 461/190/386 960/190/386
f 463/260/387 462/323/387 961/323/387
f 488/333/388 487/259/388 987/259/388
f 487/259/389 486/336/389 986/336/389
f 465/251/390 464/351/390 963/351/390
f 486/336/391 485/335/391 985/335/391
f 466/252/392 465/251/392 964/251/392
f 485/335/393 484/345/393 984/345/393
f 467/253/394 466/252/394 965/252/394
f 484/345/395 483/342/395 983/342/395
f 468/353/396 467/253/396 966/253/396
f 483/342/397 482/343/397 982/343/397
f 469/86/398 468/353/398 967/353/398
f 482/343/399 481/84/399 981/84/399
f 470/356/400 469/86/400 968/86/400
f 481/84/401 480/85/401 980/85/401
f 471/94/402 470/356/402 969/356/402
