# Utah Teapot Model
# Version: Custom
# Triangle Mesh Resolution: 12 (10140 faces)
o Utah Teapot

v -1.739693 2.24974 0
v -1.740267 2.245316 -0.06875002
v -1.741852 2.233083 -0.125
v -1.744247 2.214604 -0.16875
v -1.747249 2.19144 -0.2
v -1.750656 2.165154 -0.21875
v -1.754266 2.137305 -0.2250001
v -1.757875 2.109457 -0.21875
v -1.761282 2.083169 -0.2
v -1.959056 2.247917 0
v -1.958397 2.24351 -0.06875001
v -1.956571 2.231327 -0.125
v -1.953814 2.212923 -0.16875
v -1.950357 2.189853 -0.2
v -1.946435 2.163673 -0.21875
v -1.942279 2.135938 -0.225
v -1.938123 2.108202 -0.21875
v -1.934201 2.082021 -0.2
v -1.930744 2.058952 -0.16875
v -1.927987 2.040548 -0.125
v -1.926162 2.028365 -0.06874997
v -1.925502 2.023958 0
v -2.158227 2.242969 0
v -2.156489 2.238611 -0.06875001
v -2.151679 2.226563 -0.125
v -2.144414 2.208362 -0.16875
v -2.135308 2.185546 -0.2
v -2.124974 2.159656 -0.21875
v -2.114026 2.132227 -0.225
v -2.103078 2.104797 -0.21875
v -2.092744 2.078906 -0.2
v -2.083637 2.056091 -0.16875
v -2.076373 2.03789 -0.125
v -2.071564 2.025842 -0.06874997
v -2.069824 2.021484 0
v -2.337037 2.233333 0
v -2.334365 2.22907 -0.06874999
v -2.326977 2.217284 -0.125
v -2.315817 2.199479 -0.16875
v -2.301828 2.17716 -0.2
v -2.285954 2.151833 -0.21875
v -2.269135 2.125 -0.225
v -2.252317 2.098167 -0.21875
v -2.236443 2.072839 -0.2
v -2.222453 2.050521 -0.16875
v -2.211294 2.032716 -0.125
v -2.203907 2.02093 -0.06874996
v -2.201234 2.016666 0
v -2.495122 2.217448 0
v -2.491655 2.213342 -0.06875002
v -2.482069 2.201987 -0.125
v -2.467588 2.184835 -0.16875
v -2.449435 2.163334 -0.2
v -2.428835 2.138936 -0.2187501
v -2.407011 2.113086 -0.225
v -2.385188 2.087237 -0.21875
v -2.364588 2.062838 -0.2
v -2.346436 2.041337 -0.16875
v -2.331954 2.024185 -0.125
v -2.322368 2.012831 -0.06875
v -2.318901 2.008724 0
v -2.632031 2.19375 0
v -2.627897 2.189877 -0.06875001
v -2.616464 2.179167 -0.125
v -2.599195 2.162988 -0.16875
v -2.577546 2.142708 -0.2
v -2.55298 2.119694 -0.21875
v -2.526953 2.095313 -0.225
v -2.500927 2.070931 -0.21875
v -2.47636 2.047917 -0.2
v -2.454712 2.027637 -0.16875
v -2.437442 2.011458 -0.125
v -2.42601 2.000749 -0.06874998
v -2.421875 1.996875 0
v -2.747337 2.160677 0
v -2.742653 2.157129 -0.06875
v -2.7297 2.147319 -0.125
v -2.710134 2.132499 -0.16875
v -2.685607 2.113923 -0.2
v -2.657775 2.092842 -0.2187501
v -2.628288 2.070508 -0.225
v -2.598801 2.048174 -0.21875
v -2.570968 2.027093 -0.2
v -2.546442 2.008517 -0.16875
v -2.526876 1.993697 -0.125
v -2.513924 1.983887 -0.06874998
v -2.509238 1.980339 0
v -2.84074 2.116667 0
v -2.835616 2.113552 -0.06875001
v -2.821445 2.104938 -0.125
v -2.800039 2.091927 -0.16875
v -2.773205 2.075617 -0.2
v -2.742754 2.057109 -0.21875
v -2.710494 2.0375 -0.225
v -2.678234 2.017892 -0.21875
v -2.647783 1.999383 -0.2
v -2.620949 1.983073 -0.16875
v -2.599543 1.970062 -0.125
v -2.585373 1.961449 -0.06874998
v -2.580247 1.958333 0
v -2.912183 2.060156 0
v -2.906719 2.057597 -0.06875001
v -2.891612 2.050521 -0.125
v -2.86879 2.039832 -0.16875
v -2.840183 2.026432 -0.2
v -2.80772 2.011227 -0.21875
v -2.773328 1.995117 -0.225
v -2.738935 1.979008 -0.21875
v -2.706471 1.963802 -0.2
v -2.677865 1.950403 -0.16875
v -2.655044 1.939714 -0.125
v -2.639937 1.932638 -0.06874998
v -2.634473 1.930078 0
v -2.96195 1.989584 0
v -2.956244 1.987719 -0.06875002
v -2.940469 1.982562 -0.125
v -2.916638 1.974772 -0.16875
v -2.886765 1.965008 -0.2
v -2.852866 1.953927 -0.21875
v -2.816952 1.942188 -0.225
v -2.781037 1.930448 -0.21875
v -2.747137 1.919368 -0.2
v -2.717264 1.909603 -0.16875
v -2.693433 1.901814 -0.125
v -2.677658 1.896657 -0.06874998
v -2.671952 1.894792 0
v -2.990787 1.903385 0
v -2.984935 1.902368 -0.06875001
v -2.968753 1.899556 -0.125
v -2.944309 1.895308 -0.16875
v -2.913668 1.889984 -0.2
v -2.878896 1.883941 -0.21875
v -2.842058 1.877539 -0.225
v -2.80522 1.871137 -0.21875
v -2.770448 1.865095 -0.2
v -2.739807 1.85977 -0.16875
v -2.715364 1.855522 -0.125
v -2.699183 1.85271 -0.06874998
v -2.693329 1.851693 0
v -3 1.8 0
v -2.994097 1.8 -0.06875001
v -2.977778 1.8 -0.125
v -2.953125 1.8 -0.16875
v -2.922222 1.8 -0.2
v -2.887153 1.8 -0.21875
v -2.85 1.8 -0.225
v -2.812847 1.8 -0.21875
v -2.777778 1.8 -0.2
v -2.746875 1.8 -0.16875
v -2.722222 1.8 -0.125
v -2.705903 1.8 -0.06874998
v -2.7 1.8 0
v -1.63254 2.249856 0
v -1.629658 2.245435 -0.06875002
v -1.633077 2.233199 -0.125
v -1.641083 2.218303 -0.160247
v -1.641117 2.218075 -0.1607873
v -1.641477 2.214712 -0.16875
v -1.650554 2.191539 -0.2
v -1.667974 2.165236 -0.21875
v -1.680376 2.151199 -0.2218976
v -1.6924 2.137364 -0.225
v -1.720553 2.109491 -0.21875
v -1.743623 2.089072 -0.2041994
v -1.750042 2.083179 -0.2
v -1.76263 2.072766 -0.1859644
v -1.775369 2.062129 -0.1717125
v -1.777269 2.059923 -0.16875
v -1.794141 2.041361 -0.125
v -1.806662 2.029069 -0.06874999
v -1.814868 2.024602 0
v -1.596012 2.252747 0
v -1.570742 2.263073 0
v -1.552799 2.283646 0
v -1.53825 2.317276 0
v -1.593281 2.248201 -0.06962348
v -1.568133 2.258274 -0.07172295
v -1.550248 2.278392 -0.07559006
v -1.535658 2.311293 -0.08176646
v -1.596856 2.235263 -0.1274187
v -1.57181 2.244279 -0.1322528
v -1.553941 2.262773 -0.1407255
v -1.539253 2.29327 -0.1540598
v -1.604939 2.218938 -0.164244
v -1.579879 2.226102 -0.1715701
v -1.561978 2.241993 -0.1840996
v -1.547309 2.268809 -0.2037071
v -1.604968 2.218686 -0.1648067
v -1.579906 2.225824 -0.1721712
v -1.562004 2.241677 -0.1847631
v -1.547335 2.268435 -0.2044646
v -1.605242 2.214969 -0.1730957
v -1.580158 2.221717 -0.1810373
v -1.562258 2.237013 -0.1945576
v -1.547575 2.262917 -0.2156394
v -1.614155 2.188442 -0.2059919
v -1.588972 2.191398 -0.2169476
v -1.571192 2.201585 -0.2354704
v -1.557003 2.220181 -0.2641641
v -1.630784 2.157458 -0.2248902
v -1.605081 2.155085 -0.2379228
v -1.587458 2.158192 -0.2606412
v -1.574511 2.166853 -0.2958388
v -1.642589 2.140901 -0.2270906
v -1.616351 2.135319 -0.2402453
v -1.598736 2.13407 -0.2641302
v -1.586814 2.136769 -0.3015135
v -1.653485 2.12477 -0.2289479
v -1.626627 2.116064 -0.2423715
v -1.609162 2.110414 -0.2676408
v -1.598428 2.106985 -0.3071259
v -1.679158 2.093829 -0.2186364
v -1.650727 2.078928 -0.2305899
v -1.633609 2.063722 -0.2560192
v -1.626153 2.047144 -0.2963328
v -1.699978 2.07303 -0.2007821
v -1.670068 2.054233 -0.2104802
v -1.653212 2.032 -0.2339871
v -1.648728 2.005653 -0.2719962
v -1.705582 2.067215 -0.1957927
v -1.67527 2.047292 -0.204942
v -1.658595 2.022941 -0.2278644
v -1.655046 1.993697 -0.2649758
v -1.716889 2.057552 -0.1804792
v -1.685702 2.03613 -0.1880848
v -1.669147 2.008445 -0.2089493
v -1.667295 1.974442 -0.2432414
v -1.728123 2.047834 -0.1653763
v -1.696111 2.024863 -0.171605
v -1.679828 1.993697 -0.1902458
v -1.679769 1.954813 -0.2211459
v -1.729714 2.04583 -0.162313
v -1.697572 2.022527 -0.1682835
v -1.681389 1.990629 -0.1864406
v -1.681714 1.950749 -0.216563
v -1.744038 2.029792 -0.1189479
v -1.710444 2.004599 -0.1221464
v -1.694702 1.967475 -0.1342189
v -1.698158 1.920111 -0.1547887
v -1.754919 2.019369 -0.06520285
v -1.720389 1.993355 -0.06640863
v -1.704897 1.953411 -0.07214925
v -1.710273 1.901924 -0.08220661
v -1.762531 2.015555 0
v -1.727619 1.98937 0
v -1.712137 1.948629 0
v -1.718088 1.895916 0
v -1.740267 2.245316 0.06875002
v -1.741852 2.233083 0.125
v -1.744247 2.214604 0.16875
v -1.747249 2.19144 0.2
v -1.750656 2.165154 0.21875
v -1.754266 2.137305 0.2250001
v -1.757875 2.109457 0.21875
v -1.761282 2.083169 0.2
v -1.958397 2.24351 0.06875001
v -1.956571 2.231327 0.125
v -1.953814 2.212923 0.16875
v -1.950357 2.189853 0.2
v -1.946435 2.163673 0.21875
v -1.942279 2.135938 0.225
v -1.938123 2.108202 0.21875
v -1.934201 2.082021 0.2
v -1.930744 2.058952 0.16875
v -1.927987 2.040548 0.125
v -1.926162 2.028365 0.06874997
v -2.156489 2.238611 0.06875001
v -2.151679 2.226563 0.125
v -2.144414 2.208362 0.16875
v -2.135308 2.185546 0.2
v -2.124974 2.159656 0.21875
v -2.114026 2.132227 0.225
v -2.103078 2.104797 0.21875
v -2.092744 2.078906 0.2
v -2.083637 2.056091 0.16875
v -2.076373 2.03789 0.125
v -2.071564 2.025842 0.06874997
v -2.334365 2.22907 0.06874999
v -2.326977 2.217284 0.125
v -2.315817 2.199479 0.16875
v -2.301828 2.17716 0.2
v -2.285954 2.151833 0.21875
v -2.269135 2.125 0.225
v -2.252317 2.098167 0.21875
v -2.236443 2.072839 0.2
v -2.222453 2.050521 0.16875
v -2.211294 2.032716 0.125
v -2.203907 2.02093 0.06874996
v -2.491655 2.213342 0.06875002
v -2.482069 2.201987 0.125
v -2.467588 2.184835 0.16875
v -2.449435 2.163334 0.2
v -2.428835 2.138936 0.2187501
v -2.407011 2.113086 0.225
v -2.385188 2.087237 0.21875
v -2.364588 2.062838 0.2
v -2.346436 2.041337 0.16875
v -2.331954 2.024185 0.125
v -2.322368 2.012831 0.06875
v -2.627897 2.189877 0.06875001
v -2.616464 2.179167 0.125
v -2.599195 2.162988 0.16875
v -2.577546 2.142708 0.2
v -2.55298 2.119694 0.21875
v -2.526953 2.095313 0.225
v -2.500927 2.070931 0.21875
v -2.47636 2.047917 0.2
v -2.454712 2.027637 0.16875
v -2.437442 2.011458 0.125
v -2.42601 2.000749 0.06874998
v -2.742653 2.157129 0.06875
v -2.7297 2.147319 0.125
v -2.710134 2.132499 0.16875
v -2.685607 2.113923 0.2
v -2.657775 2.092842 0.2187501
v -2.628288 2.070508 0.225
v -2.598801 2.048174 0.21875
v -2.570968 2.027093 0.2
v -2.546442 2.008517 0.16875
v -2.526876 1.993697 0.125
v -2.513924 1.983887 0.06874998
v -2.835616 2.113552 0.06875001
v -2.821445 2.104938 0.125
v -2.800039 2.091927 0.16875
v -2.773205 2.075617 0.2
v -2.742754 2.057109 0.21875
v -2.710494 2.0375 0.225
v -2.678234 2.017892 0.21875
v -2.647783 1.999383 0.2
v -2.620949 1.983073 0.16875
v -2.599543 1.970062 0.125
v -2.585373 1.961449 0.06874998
v -2.906719 2.057597 0.06875001
v -2.891612 2.050521 0.125
v -2.86879 2.039832 0.16875
v -2.840183 2.026432 0.2
v -2.80772 2.011227 0.21875
v -2.773328 1.995117 0.225
v -2.738935 1.979008 0.21875
v -2.706471 1.963802 0.2
v -2.677865 1.950403 0.16875
v -2.655044 1.939714 0.125
v -2.639937 1.932638 0.06874998
v -2.956244 1.987719 0.06875002
v -2.940469 1.982562 0.125
v -2.916638 1.974772 0.16875
v -2.886765 1.965008 0.2
v -2.852866 1.953927 0.21875
v -2.816952 1.942188 0.225
v -2.781037 1.930448 0.21875
v -2.747137 1.919368 0.2
v -2.717264 1.909603 0.16875
v -2.693433 1.901814 0.125
v -2.677658 1.896657 0.06874998
v -2.984935 1.902368 0.06875001
v -2.968753 1.899556 0.125
v -2.944309 1.895308 0.16875
v -2.913668 1.889984 0.2
v -2.878896 1.883941 0.21875
v -2.842058 1.877539 0.225
v -2.80522 1.871137 0.21875
v -2.770448 1.865095 0.2
v -2.739807 1.85977 0.16875
v -2.715364 1.855522 0.125
v -2.699183 1.85271 0.06874998
v -2.994097 1.8 0.06875001
v -2.977778 1.8 0.125
v -2.953125 1.8 0.16875
v -2.922222 1.8 0.2
v -2.887153 1.8 0.21875
v -2.85 1.8 0.225
v -2.812847 1.8 0.21875
v -2.777778 1.8 0.2
v -2.746875 1.8 0.16875
v -2.722222 1.8 0.125
v -2.705903 1.8 0.06874998
v -1.629658 2.245435 0.06875002
v -1.633077 2.233199 0.125
v -1.641083 2.218303 0.160247
v -1.641117 2.218075 0.1607873
v -1.641477 2.214712 0.16875
v -1.650554 2.191539 0.2
v -1.667974 2.165236 0.21875
v -1.680376 2.151199 0.2218976
v -1.6924 2.137364 0.225
v -1.720553 2.109491 0.21875
v -1.743623 2.089072 0.2041994
v -1.750042 2.083179 0.2
v -1.76263 2.072766 0.1859644
v -1.775369 2.062129 0.1717125
v -1.777269 2.059923 0.16875
v -1.794141 2.041361 0.125
v -1.806662 2.029069 0.06874999
v -1.593281 2.248201 0.06962348
v -1.568133 2.258274 0.07172295
v -1.550248 2.278392 0.07559006
v -1.535658 2.311293 0.08176646
v -1.596856 2.235263 0.1274187
v -1.57181 2.244279 0.1322528
v -1.553941 2.262773 0.1407255
v -1.539253 2.29327 0.1540598
v -1.604939 2.218938 0.164244
v -1.579879 2.226102 0.1715701
v -1.561978 2.241993 0.1840996
v -1.547309 2.268809 0.2037071
v -1.604968 2.218686 0.1648067
v -1.579906 2.225824 0.1721712
v -1.562004 2.241677 0.1847631
v -1.547335 2.268435 0.2044646
v -1.605242 2.214969 0.1730957
v -1.580158 2.221717 0.1810373
v -1.562258 2.237013 0.1945576
v -1.547575 2.262917 0.2156394
v -1.614155 2.188442 0.2059919
v -1.588972 2.191398 0.2169476
v -1.571192 2.201585 0.2354704
v -1.557003 2.220181 0.2641641
v -1.630784 2.157458 0.2248902
v -1.605081 2.155085 0.2379228
v -1.587458 2.158192 0.2606412
v -1.574511 2.166853 0.2958388
v -1.642589 2.140901 0.2270906
v -1.616351 2.135319 0.2402453
v -1.598736 2.13407 0.2641302
v -1.586814 2.136769 0.3015135
v -1.653485 2.12477 0.2289479
v -1.626627 2.116064 0.2423715
v -1.609162 2.110414 0.2676408
v -1.598428 2.106985 0.3071259
v -1.679158 2.093829 0.2186364
v -1.650727 2.078928 0.2305899
v -1.633609 2.063722 0.2560192
v -1.626153 2.047144 0.2963328
v -1.699978 2.07303 0.2007821
v -1.670068 2.054233 0.2104802
v -1.653212 2.032 0.2339871
v -1.648728 2.005653 0.2719962
v -1.705582 2.067215 0.1957927
v -1.67527 2.047292 0.204942
v -1.658595 2.022941 0.2278644
v -1.655046 1.993697 0.2649758
v -1.716889 2.057552 0.1804792
v -1.685702 2.03613 0.1880848
v -1.669147 2.008445 0.2089493
v -1.667295 1.974442 0.2432414
v -1.728123 2.047834 0.1653763
v -1.696111 2.024863 0.171605
v -1.679828 1.993697 0.1902458
v -1.679769 1.954813 0.2211459
v -1.729714 2.04583 0.162313
v -1.697572 2.022527 0.1682835
v -1.681389 1.990629 0.1864406
v -1.681714 1.950749 0.216563
v -1.744038 2.029792 0.1189479
v -1.710444 2.004599 0.1221464
v -1.694702 1.967475 0.1342189
v -1.698158 1.920111 0.1547887
v -1.754919 2.019369 0.06520285
v -1.720389 1.993355 0.06640863
v -1.704897 1.953411 0.07214925
v -1.710273 1.901924 0.08220661
v -2.991477 1.688303 0
v -2.985627 1.689307 -0.06875002
v -2.969453 1.692082 -0.125
v -2.945022 1.696275 -0.16875
v -2.914397 1.70153 -0.2
v -2.879643 1.707495 -0.21875
v -2.842824 1.713813 -0.2250001
v -2.806005 1.720132 -0.21875
v -2.77125 1.726096 -0.2
v -2.740625 1.731351 -0.16875
v -2.716194 1.735544 -0.125
v -2.700021 1.738319 -0.06874999
v -2.694171 1.739323 0
v -2.966985 1.578299 0
v -2.9613 1.580119 -0.06875001
v -2.945582 1.585153 -0.125
v -2.921838 1.592757 -0.16875
v -2.892075 1.602289 -0.2
v -2.858299 1.613106 -0.21875
v -2.822517 1.624566 -0.225
v -2.786733 1.636026 -0.21875
v -2.752957 1.646843 -0.2
v -2.723194 1.656375 -0.16875
v -2.69945 1.663979 -0.125
v -2.683733 1.669012 -0.06874997
v -2.678048 1.670833 0
v -2.927661 1.470117 0
v -2.922258 1.472596 -0.06875001
v -2.907318 1.479449 -0.125
v -2.884749 1.489801 -0.16875
v -2.856459 1.502778 -0.2
v -2.824356 1.517504 -0.21875
v -2.790345 1.533105 -0.225
v -2.756333 1.548707 -0.21875
v -2.724229 1.563433 -0.2
v -2.695939 1.57641 -0.16875
v -2.673371 1.586762 -0.125
v -2.658431 1.593615 -0.06874997
v -2.653027 1.596094 0
v -2.874074 1.363889 0
v -2.86907 1.366895 -0.06874999
v -2.855235 1.375206 -0.125
v -2.834336 1.38776 -0.16875
v -2.808138 1.403498 -0.2
v -2.778409 1.421357 -0.21875
v -2.746913 1.440278 -0.225
v -2.715417 1.459198 -0.21875
v -2.685688 1.477057 -0.2
v -2.65949 1.492795 -0.16875
v -2.638591 1.50535 -0.125
v -2.624757 1.51366 -0.06874996
v -2.619753 1.516667 0
v -2.806338 1.259744 0
v -2.801851 1.263175 -0.06875002
v -2.789443 1.27266 -0.125
v -2.770701 1.286989 -0.16875
v -2.747207 1.304951 -0.2
v -2.720546 1.325335 -0.2187501
v -2.6923 1.34693 -0.225
v -2.664054 1.368524 -0.2187501
v -2.637393 1.388908 -0.2
v -2.613899 1.406869 -0.16875
v -2.595156 1.421198 -0.125
v -2.58275 1.430684 -0.06875
v -2.578262 1.434115 0
v -2.724219 1.157812 0
v -2.720361 1.161594 -0.06875001
v -2.709694 1.172049 -0.125
v -2.693579 1.187842 -0.16875
v -2.673379 1.207639 -0.2
v -2.650457 1.230105 -0.21875
v -2.626172 1.253906 -0.225
v -2.601887 1.277707 -0.21875
v -2.578964 1.300174 -0.2
v -2.558765 1.319971 -0.16875
v -2.54265 1.335764 -0.125
v -2.531984 1.346219 -0.06874998
v -2.528125 1.35 0
v -2.627245 1.058225 0
v -2.624124 1.062311 -0.06875
v -2.615494 1.073607 -0.125
v -2.602457 1.090672 -0.16875
v -2.586115 1.112063 -0.2
v -2.567569 1.136338 -0.2187501
v -2.547922 1.162055 -0.225
v -2.528275 1.187772 -0.2187501
v -2.50973 1.212048 -0.2
v -2.493388 1.233438 -0.16875
v -2.480351 1.250503 -0.125
v -2.471721 1.261799 -0.06874998
v -2.468599 1.265885 0
v -2.514815 0.9611111 0
v -2.512532 0.9654837 -0.06875001
v -2.506218 0.977572 -0.125
v -2.496682 0.9958332 -0.16875
v -2.484728 1.018724 -0.2
v -2.471162 1.044702 -0.21875
v -2.45679 1.072222 -0.225
v -2.442418 1.099743 -0.21875
v -2.428852 1.12572 -0.2
v -2.416898 1.148611 -0.16875
v -2.407362 1.166873 -0.125
v -2.401049 1.178961 -0.06874998
v -2.398765 1.183333 0
v -2.386304 0.8666015 0
v -2.384954 0.8712709 -0.06875001
v -2.38122 0.8841797 -0.125
v -2.375581 0.9036804 -0.16875
v -2.368511 0.9281249 -0.2
v -2.360489 0.9558656 -0.21875
v -2.35199 0.9852539 -0.225
v -2.343491 1.014642 -0.21875
v -2.335468 1.042383 -0.2
v -2.328399 1.066827 -0.16875
v -2.322759 1.086328 -0.125
v -2.319026 1.099237 -0.06874998
v -2.317676 1.103906 0
v -2.241175 0.7748264 0
v -2.240847 0.7798309 -0.06875002
v -2.239939 0.7936665 -0.125
v -2.238569 0.814567 -0.16875
v -2.236851 0.8407664 -0.2
v -2.234902 0.8704984 -0.21875
v -2.232837 0.9019966 -0.225
v -2.230772 0.9334947 -0.21875
v -2.228822 0.9632267 -0.2
v -2.227104 0.989426 -0.16875
v -2.225734 1.010327 -0.125
v -2.224827 1.024162 -0.06874998
v -2.224499 1.029167 0
v -2.079086 0.6859158 0
v -2.079865 0.6913221 -0.06875001
v -2.082017 0.7062685 -0.125
v -2.08527 0.7288473 -0.16875
v -2.089346 0.7571502 -0.2
v -2.093973 0.7892693 -0.21875
v -2.098874 0.8232964 -0.225
v -2.103775 0.8573236 -0.21875
v -2.150167 0.9810648 0
v -2.144688 0.9725382 -0.06874998
v -2.139339 0.9553477 -0.125
v -2.138315 0.9513382 -0.1320859
v -2.129971 0.9286845 -0.16875
v -2.117691 0.8965268 -0.1983279
v -2.116575 0.8944505 -0.2
v -2.106091 0.8733974 -0.2093667
v -2.101884 0.8653329 -0.2131244
v -2.092776 0.8518646 -0.21875
v -2.064392 0.8063197 -0.225
v -2.056701 0.7914827 -0.2228027
v -2.034851 0.7603724 -0.21875
v -2.012855 0.7213262 -0.2008383
v -2.011419 0.7193014 -0.2
v -2.007692 0.7129359 -0.1945431
v -1.984043 0.6799346 -0.16875
v -1.966841 0.6508298 -0.125
v -1.965733 0.6479747 -0.1155149
v -1.956171 0.6319289 -0.06875001
v -1.957821 0.6277456 0
v -2.097415 0.9555425 0
v -2.046821 0.960472 0
v -2.007178 0.9922791 0
v -1.98728 1.047389 0
v -2.091992 0.9486681 -0.06252353
v -2.042001 0.9540255 -0.0628357
v -2.003038 0.9851896 -0.0690784
v -1.983426 1.038739 -0.08064354
v -2.086772 0.9358843 -0.1137738
v -2.0383 0.9419311 -0.1153025
v -2.001014 0.9706222 -0.1284139
v -1.982005 1.019091 -0.1519359
v -2.085871 0.9329059 -0.120279
v -2.037831 0.9389975 -0.1221257
v -2.001005 0.9669214 -0.1364007
v -1.982199 1.013986 -0.1618786
v -2.077839 0.916301 -0.1554749
v -2.032202 0.9232042 -0.1594611
v -1.998087 0.9474064 -0.1792861
v -1.980521 0.9869195 -0.2135274
v -2.066906 0.8916755 -0.1872711
v -2.025407 0.8986186 -0.1946336
v -1.995659 0.9164417 -0.2194334
v -1.980123 0.9442304 -0.2606882
v -2.065886 0.8900008 -0.1891857
v -2.024654 0.8969551 -0.1967806
v -1.995179 0.9144515 -0.2218212
v -1.979762 0.9416282 -0.2633438
v -2.057155 0.8723799 -0.201616
v -2.018944 0.8786169 -0.2110004
v -1.992366 0.8918169 -0.2372744
v -1.978332 0.9116884 -0.2801926
v -2.053686 0.8653954 -0.2068231
v -2.016702 0.8712897 -0.2170123
v -1.991273 0.8828723 -0.2437124
v -1.97774 0.9 -0.2869438
v -2.045776 0.8535281 -0.2147901
v -2.010734 0.8590277 -0.2262924
v -1.987111 0.8684042 -0.2536079
v -1.97437 0.8816978 -0.2970877
v -2.023471 0.8098645 -0.229191
v -1.995344 0.8123404 -0.2431897
v -1.977397 0.8138909 -0.2691345
v -1.967015 0.8146595 -0.3091639
v -2.018319 0.7945331 -0.2291987
v -1.99237 0.7957094 -0.2431619
v -1.975952 0.7949376 -0.2675135
v -1.966165 0.7921441 -0.3050746
v -2.001279 0.7617843 -0.2286949
v -1.979547 0.7605973 -0.2428069
v -1.966036 0.7562127 -0.2645907
v -1.957127 0.7480313 -0.2975512
v -1.98596 0.7188872 -0.2124866
v -1.969081 0.7145507 -0.2247053
v -1.958447 0.7066211 -0.2413725
v -1.950284 0.6934028 -0.2663662
v -1.984782 0.7166776 -0.2116866
v -1.968101 0.7121983 -0.2238286
v -1.957583 0.7041252 -0.2402991
v -1.949431 0.69072 -0.264971
v -1.98208 0.7097003 -0.2061055
v -1.966014 0.7048625 -0.2176971
v -1.95579 0.6964718 -0.2331809
v -1.947701 0.6825774 -0.2564197
v -1.962877 0.6737336 -0.1789071
v -1.949797 0.6670552 -0.1879753
v -1.941157 0.6571935 -0.1992502
v -1.933312 0.6414424 -0.2160273
v -1.949183 0.6421673 -0.1318763
v -1.938284 0.6341878 -0.137574
v -1.930717 0.6235514 -0.1443113
v -1.923058 0.6069177 -0.154307
v -1.948386 0.6390353 -0.1218203
v -1.937633 0.630942 -0.1269994
v -1.930109 0.6202503 -0.1330956
v -1.922446 0.6035157 -0.1421525
v -1.940186 0.6220118 -0.07196467
v -1.930288 0.613417 -0.07455043
v -1.923174 0.6024799 -0.07754654
v -1.915541 0.5855356 -0.08199224
v -1.94219 0.6174261 0
v -1.932493 0.6086216 0
v -1.925462 0.597549 0
v -1.917831 0.5804249 0
v -2.985627 1.689307 0.06875002
v -2.969453 1.692082 0.125
v -2.945022 1.696275 0.16875
v -2.914397 1.70153 0.2
v -2.879643 1.707495 0.21875
v -2.842824 1.713813 0.2250001
v -2.806005 1.720132 0.21875
v -2.77125 1.726096 0.2
v -2.740625 1.731351 0.16875
v -2.716194 1.735544 0.125
v -2.700021 1.738319 0.06874999
v -2.9613 1.580119 0.06875001
v -2.945582 1.585153 0.125
v -2.921838 1.592757 0.16875
v -2.892075 1.602289 0.2
v -2.858299 1.613106 0.21875
v -2.822517 1.624566 0.225
v -2.786733 1.636026 0.21875
v -2.752957 1.646843 0.2
v -2.723194 1.656375 0.16875
v -2.69945 1.663979 0.125
v -2.683733 1.669012 0.06874997
v -2.922258 1.472596 0.06875001
v -2.907318 1.479449 0.125
v -2.884749 1.489801 0.16875
v -2.856459 1.502778 0.2
v -2.824356 1.517504 0.21875
v -2.790345 1.533105 0.225
v -2.756333 1.548707 0.21875
v -2.724229 1.563433 0.2
v -2.695939 1.57641 0.16875
v -2.673371 1.586762 0.125
v -2.658431 1.593615 0.06874997
v -2.86907 1.366895 0.06874999
v -2.855235 1.375206 0.125
v -2.834336 1.38776 0.16875
v -2.808138 1.403498 0.2
v -2.778409 1.421357 0.21875
v -2.746913 1.440278 0.225
v -2.715417 1.459198 0.21875
v -2.685688 1.477057 0.2
v -2.65949 1.492795 0.16875
v -2.638591 1.50535 0.125
v -2.624757 1.51366 0.06874996
v -2.801851 1.263175 0.06875002
v -2.789443 1.27266 0.125
v -2.770701 1.286989 0.16875
v -2.747207 1.304951 0.2
v -2.720546 1.325335 0.2187501
v -2.6923 1.34693 0.225
v -2.664054 1.368524 0.2187501
v -2.637393 1.388908 0.2
v -2.613899 1.406869 0.16875
v -2.595156 1.421198 0.125
v -2.58275 1.430684 0.06875
v -2.720361 1.161594 0.06875001
v -2.709694 1.172049 0.125
v -2.693579 1.187842 0.16875
v -2.673379 1.207639 0.2
v -2.650457 1.230105 0.21875
v -2.626172 1.253906 0.225
v -2.601887 1.277707 0.21875
v -2.578964 1.300174 0.2
v -2.558765 1.319971 0.16875
v -2.54265 1.335764 0.125
v -2.531984 1.346219 0.06874998
v -2.624124 1.062311 0.06875
v -2.615494 1.073607 0.125
v -2.602457 1.090672 0.16875
v -2.586115 1.112063 0.2
v -2.567569 1.136338 0.2187501
v -2.547922 1.162055 0.225
v -2.528275 1.187772 0.2187501
v -2.50973 1.212048 0.2
v -2.493388 1.233438 0.16875
v -2.480351 1.250503 0.125
v -2.471721 1.261799 0.06874998
v -2.512532 0.9654837 0.06875001
v -2.506218 0.977572 0.125
v -2.496682 0.9958332 0.16875
v -2.484728 1.018724 0.2
v -2.471162 1.044702 0.21875
v -2.45679 1.072222 0.225
v -2.442418 1.099743 0.21875
v -2.428852 1.12572 0.2
v -2.416898 1.148611 0.16875
v -2.407362 1.166873 0.125
v -2.401049 1.178961 0.06874998
v -2.384954 0.8712709 0.06875001
v -2.38122 0.8841797 0.125
v -2.375581 0.9036804 0.16875
v -2.368511 0.9281249 0.2
v -2.360489 0.9558656 0.21875
v -2.35199 0.9852539 0.225
v -2.343491 1.014642 0.21875
v -2.335468 1.042383 0.2
v -2.328399 1.066827 0.16875
v -2.322759 1.086328 0.125
v -2.319026 1.099237 0.06874998
v -2.240847 0.7798309 0.06875002
v -2.239939 0.7936665 0.125
v -2.238569 0.814567 0.16875
v -2.236851 0.8407664 0.2
v -2.234902 0.8704984 0.21875
v -2.232837 0.9019966 0.225
v -2.230772 0.9334947 0.21875
v -2.228822 0.9632267 0.2
v -2.227104 0.989426 0.16875
v -2.225734 1.010327 0.125
v -2.224827 1.024162 0.06874998
v -2.079865 0.6913221 0.06875001
v -2.082017 0.7062685 0.125
v -2.08527 0.7288473 0.16875
v -2.089346 0.7571502 0.2
v -2.093973 0.7892693 0.21875
v -2.098874 0.8232964 0.225
v -2.103775 0.8573236 0.21875
v -2.144688 0.9725382 0.06874998
v -2.139339 0.9553477 0.125
v -2.138315 0.9513382 0.1320859
v -2.129971 0.9286845 0.16875
v -2.117691 0.8965268 0.1983279
v -2.116575 0.8944505 0.2
v -2.106091 0.8733974 0.2093667
v -2.101884 0.8653329 0.2131244
v -2.092776 0.8518646 0.21875
v -2.064392 0.8063197 0.225
v -2.056701 0.7914827 0.2228027
v -2.034851 0.7603724 0.21875
v -2.012855 0.7213262 0.2008383
v -2.011419 0.7193014 0.2
v -2.007692 0.7129359 0.1945431
v -1.984043 0.6799346 0.16875
v -1.966841 0.6508298 0.125
v -1.965733 0.6479747 0.1155149
v -1.956171 0.6319289 0.06875001
v -2.091992 0.9486681 0.06252353
v -2.042001 0.9540255 0.0628357
v -2.003038 0.9851896 0.0690784
v -1.983426 1.038739 0.08064354
v -2.086772 0.9358843 0.1137738
v -2.0383 0.9419311 0.1153025
v -2.001014 0.9706222 0.1284139
v -1.982005 1.019091 0.1519359
v -2.085871 0.9329059 0.120279
v -2.037831 0.9389975 0.1221257
v -2.001005 0.9669214 0.1364007
v -1.982199 1.013986 0.1618786
v -2.077839 0.916301 0.1554749
v -2.032202 0.9232042 0.1594611
v -1.998087 0.9474064 0.1792861
v -1.980521 0.9869195 0.2135274
v -2.066906 0.8916755 0.1872711
v -2.025407 0.8986186 0.1946336
v -1.995659 0.9164417 0.2194334
v -1.980123 0.9442304 0.2606882
v -2.065886 0.8900008 0.1891857
v -2.024654 0.8969551 0.1967806
v -1.995179 0.9144515 0.2218212
v -1.979762 0.9416282 0.2633438
v -2.057155 0.8723799 0.201616
v -2.018944 0.8786169 0.2110004
v -1.992366 0.8918169 0.2372744
v -1.978332 0.9116884 0.2801926
v -2.053686 0.8653954 0.2068231
v -2.016702 0.8712897 0.2170123
v -1.991273 0.8828723 0.2437124
v -1.97774 0.9 0.2869438
v -2.045776 0.8535281 0.2147901
v -2.010734 0.8590277 0.2262924
v -1.987111 0.8684042 0.2536079
v -1.97437 0.8816978 0.2970877
v -2.023471 0.8098645 0.229191
v -1.995344 0.8123404 0.2431897
v -1.977397 0.8138909 0.2691345
v -1.967015 0.8146595 0.3091639
v -2.018319 0.7945331 0.2291987
v -1.99237 0.7957094 0.2431619
v -1.975952 0.7949376 0.2675135
v -1.966165 0.7921441 0.3050746
v -2.001279 0.7617843 0.2286949
v -1.979547 0.7605973 0.2428069
v -1.966036 0.7562127 0.2645907
v -1.957127 0.7480313 0.2975512
v -1.98596 0.7188872 0.2124866
v -1.969081 0.7145507 0.2247053
v -1.958447 0.7066211 0.2413725
v -1.950284 0.6934028 0.2663662
v -1.984782 0.7166776 0.2116866
v -1.968101 0.7121983 0.2238286
v -1.957583 0.7041252 0.2402991
v -1.949431 0.69072 0.264971
v -1.98208 0.7097003 0.2061055
v -1.966014 0.7048625 0.2176971
v -1.95579 0.6964718 0.2331809
v -1.947701 0.6825774 0.2564197
v -1.962877 0.6737336 0.1789071
v -1.949797 0.6670552 0.1879753
v -1.941157 0.6571935 0.1992502
v -1.933312 0.6414424 0.2160273
v -1.949183 0.6421673 0.1318763
v -1.938284 0.6341878 0.137574
v -1.930717 0.6235514 0.1443113
v -1.923058 0.6069177 0.154307
v -1.948386 0.6390353 0.1218203
v -1.937633 0.630942 0.1269994
v -1.930109 0.6202503 0.1330956
v -1.922446 0.6035157 0.1421525
v -1.940186 0.6220118 0.07196467
v -1.930288 0.613417 0.07455043
v -1.923174 0.6024799 0.07754654
v -1.915541 0.5855356 0.08199224
v 2.8 2.4 0
v 2.80787 2.4 -0.034375
v 2.82963 2.4 -0.0625
v 2.8625 2.4 -0.084375
v 2.903703 2.4 -0.1
v 2.950463 2.4 -0.109375
v 3 2.4 -0.1125
v 3.049537 2.4 -0.109375
v 3.096296 2.4 -0.1
v 3.1375 2.4 -0.084375
v 3.170371 2.4 -0.06250001
v 3.19213 2.4 -0.03437499
v 3.2 2.4 0
v 2.820933 2.417201 0
v 2.829552 2.41736 -0.03486544
v 2.853381 2.417798 -0.06339169
v 2.889377 2.418461 -0.08557881
v 2.934495 2.419291 -0.1014267
v 2.985695 2.420234 -0.1109355
v 3.039933 2.421234 -0.1141051
v 3.094168 2.422234 -0.1109355
v 3.145361 2.423177 -0.1014267
v 3.190471 2.42401 -0.08557881
v 3.226456 2.424675 -0.06339171
v 3.250277 2.425114 -0.03486543
v 3.258894 2.425273 0
v 2.834146 2.431335 0
v 2.843534 2.431595 -0.03633387
v 2.869484 2.432313 -0.06606157
v 2.908674 2.433397 -0.08918313
v 2.957781 2.434754 -0.1056985
v 3.013489 2.436297 -0.1156078
v 3.072489 2.437935 -0.1189108
v 3.131474 2.439575 -0.1156078
v 3.187141 2.441127 -0.1056985
v 3.236187 2.442497 -0.08918313
v 3.275311 2.443592 -0.06606159
v 3.301208 2.444317 -0.03633386
v 3.310574 2.444579 0
v 2.840315 2.44242 0
v 2.850475 2.442724 -0.03867017
v 2.878552 2.443561 -0.07030939
v 2.920931 2.444822 -0.09491768
v 2.974005 2.446403 -0.112495
v 3.034182 2.4482 -0.1230415
v 3.097883 2.450112 -0.1265569
v 3.161545 2.452034 -0.1230415
v 3.221609 2.453856 -0.112495
v 3.274518 2.45547 -0.09491768
v 3.316715 2.456761 -0.07030939
v 3.344645 2.457618 -0.03867016
v 3.354747 2.457928 0
v 2.840159 2.450436 0
v 2.851066 2.450734 -0.04165441
v 2.881193 2.451554 -0.07573528
v 2.926641 2.452788 -0.1022426
v 2.983517 2.454333 -0.1211765
v 3.047962 2.456095 -0.1325368
v 3.116142 2.457975 -0.1363235
v 3.184248 2.459873 -0.1325368
v 3.248482 2.461681 -0.1211765
v 3.305049 2.463287 -0.1022426
v 3.350157 2.464578 -0.07573529
v 3.380009 2.465435 -0.0416544
v 3.390805 2.465746 0
v 2.834433 2.455339 0
v 2.846021 2.455598 -0.04499616
v 2.878022 2.456308 -0.08181119
v 2.926269 2.457372 -0.1104451
v 2.986609 2.458704 -0.1308979
v 3.054933 2.460226 -0.1431696
v 3.127177 2.461861 -0.1472602
v 3.19931 2.463522 -0.1431696
v 3.267319 2.465114 -0.1308979
v 3.327196 2.466537 -0.1104451
v 3.374934 2.467685 -0.0818112
v 3.406523 2.46845 -0.04499615
v 3.417947 2.468728 0
v 2.823897 2.457077 0
v 2.836063 2.45728 -0.04837355
v 2.86965 2.457833 -0.08795191
v 2.920266 2.458659 -0.1187351
v 2.983539 2.459692 -0.140723
v 3.055151 2.460878 -0.1539158
v 3.130841 2.462162 -0.1583134
v 3.20639 2.463479 -0.1539158
v 3.277602 2.464754 -0.140723
v 3.340287 2.465903 -0.1187351
v 3.390258 2.466835 -0.08795191
v 3.423322 2.467459 -0.04837354
v 3.435279 2.467686 0
v 2.809316 2.4556 0
v 2.821914 2.455747 -0.05147262
v 2.856689 2.456145 -0.09358657
v 2.909089 2.456736 -0.1263419
v 2.974579 2.457474 -0.1497385
v 3.048689 2.458327 -0.1637765
v 3.127005 2.45926 -0.1684558
v 3.205167 2.460231 -0.1637765
v 3.278834 2.461183 -0.1497385
v 3.343677 2.462048 -0.1263419
v 3.395365 2.462756 -0.09358658
v 3.429564 2.463233 -0.05147261
v 3.441931 2.463406 0
v 2.79143 2.450871 0
v 2.80428 2.450976 -0.05402642
v 2.839753 2.451256 -0.09822985
v 2.893213 2.45167 -0.1326103
v 2.960039 2.452186 -0.1571678
v 3.035676 2.452786 -0.1719023
v 3.115618 2.453451 -0.1768137
v 3.195413 2.454151 -0.1719023
v 3.270627 2.454844 -0.1571678
v 3.336835 2.455482 -0.1326103
v 3.389615 2.456007 -0.09822985
v 3.424537 2.456362 -0.05402641
v 3.437166 2.456492 0
v 2.770945 2.442885 0
v 2.78384 2.442966 -0.05585424
v 2.819451 2.443182 -0.1015532
v 2.873145 2.443499 -0.1370968
v 2.940303 2.443895 -0.1624851
v 3.016354 2.444357 -0.1777181
v 3.096774 2.444869 -0.1827957
v 3.177075 2.445409 -0.1777181
v 3.252789 2.445945 -0.1624851
v 3.31945 2.446439 -0.1370968
v 3.3726 2.446846 -0.1015532
v 3.407771 2.447122 -0.05585423
v 3.420489 2.447223 0
v 2.748507 2.431676 0
v 2.761234 2.431746 -0.05690083
v 2.796394 2.431936 -0.1034561
v 2.849448 2.432218 -0.1396657
v 2.91586 2.43257 -0.1655297
v 2.991128 2.432978 -0.1810481
v 3.070777 2.433424 -0.1862209
v 3.150354 2.433886 -0.1810481
v 3.225416 2.434339 -0.1655297
v 3.291527 2.434751 -0.1396657
v 3.344248 2.435088 -0.1034561
v 3.379139 2.435314 -0.05690082
v 3.391758 2.435397 0
v 2.724696 2.417329 0
v 2.737048 2.417385 -0.05727556
v 2.77119 2.417536 -0.1041374
v 2.822746 2.417763 -0.1405855
v 2.887342 2.418047 -0.1666198
v 2.960615 2.418373 -0.1822404
v 3.038211 2.418722 -0.1874473
v 3.115782 2.419077 -0.1822404
v 3.188987 2.419416 -0.1666198
v 3.253482 2.419721 -0.1405855
v 3.304928 2.419967 -0.1041374
v 3.338981 2.42013 -0.05727555
v 3.351297 2.420189 0
v 2.7 2.4 0
v 2.711806 2.4 -0.05729167
v 2.744445 2.4 -0.1041667
v 2.79375 2.4 -0.140625
v 2.855555 2.4 -0.1666667
v 2.925695 2.4 -0.1822917
v 3 2.4 -0.1875
v 3.074306 2.4 -0.1822917
v 3.144444 2.4 -0.1666667
v 3.20625 2.4 -0.140625
v 3.255556 2.4 -0.1041667
v 3.288195 2.4 -0.05729165
v 3.3 2.4 0
v 2.80787 2.4 0.034375
v 2.82963 2.4 0.0625
v 2.8625 2.4 0.084375
v 2.903703 2.4 0.1
v 2.950463 2.4 0.109375
v 3 2.4 0.1125
v 3.049537 2.4 0.109375
v 3.096296 2.4 0.1
v 3.1375 2.4 0.084375
v 3.170371 2.4 0.06250001
v 3.19213 2.4 0.03437499
v 2.829552 2.41736 0.03486544
v 2.853381 2.417798 0.06339169
v 2.889377 2.418461 0.08557881
v 2.934495 2.419291 0.1014267
v 2.985695 2.420234 0.1109355
v 3.039933 2.421234 0.1141051
v 3.094168 2.422234 0.1109355
v 3.145361 2.423177 0.1014267
v 3.190471 2.42401 0.08557881
v 3.226456 2.424675 0.06339171
v 3.250277 2.425114 0.03486543
v 2.843534 2.431595 0.03633387
v 2.869484 2.432313 0.06606157
v 2.908674 2.433397 0.08918313
v 2.957781 2.434754 0.1056985
v 3.013489 2.436297 0.1156078
v 3.072489 2.437935 0.1189108
v 3.131474 2.439575 0.1156078
v 3.187141 2.441127 0.1056985
v 3.236187 2.442497 0.08918313
v 3.275311 2.443592 0.06606159
v 3.301208 2.444317 0.03633386
v 2.850475 2.442724 0.03867017
v 2.878552 2.443561 0.07030939
v 2.920931 2.444822 0.09491768
v 2.974005 2.446403 0.112495
v 3.034182 2.4482 0.1230415
v 3.097883 2.450112 0.1265569
v 3.161545 2.452034 0.1230415
v 3.221609 2.453856 0.112495
v 3.274518 2.45547 0.09491768
v 3.316715 2.456761 0.07030939
v 3.344645 2.457618 0.03867016
v 2.851066 2.450734 0.04165441
v 2.881193 2.451554 0.07573528
v 2.926641 2.452788 0.1022426
v 2.983517 2.454333 0.1211765
v 3.047962 2.456095 0.1325368
v 3.116142 2.457975 0.1363235
v 3.184248 2.459873 0.1325368
v 3.248482 2.461681 0.1211765
v 3.305049 2.463287 0.1022426
v 3.350157 2.464578 0.07573529
v 3.380009 2.465435 0.0416544
v 2.846021 2.455598 0.04499616
v 2.878022 2.456308 0.08181119
v 2.926269 2.457372 0.1104451
v 2.986609 2.458704 0.1308979
v 3.054933 2.460226 0.1431696
v 3.127177 2.461861 0.1472602
v 3.19931 2.463522 0.1431696
v 3.267319 2.465114 0.1308979
v 3.327196 2.466537 0.1104451
v 3.374934 2.467685 0.0818112
v 3.406523 2.46845 0.04499615
v 2.836063 2.45728 0.04837355
v 2.86965 2.457833 0.08795191
v 2.920266 2.458659 0.1187351
v 2.983539 2.459692 0.140723
v 3.055151 2.460878 0.1539158
v 3.130841 2.462162 0.1583134
v 3.20639 2.463479 0.1539158
v 3.277602 2.464754 0.140723
v 3.340287 2.465903 0.1187351
v 3.390258 2.466835 0.08795191
v 3.423322 2.467459 0.04837354
v 2.821914 2.455747 0.05147262
v 2.856689 2.456145 0.09358657
v 2.909089 2.456736 0.1263419
v 2.974579 2.457474 0.1497385
v 3.048689 2.458327 0.1637765
v 3.127005 2.45926 0.1684558
v 3.205167 2.460231 0.1637765
v 3.278834 2.461183 0.1497385
v 3.343677 2.462048 0.1263419
v 3.395365 2.462756 0.09358658
v 3.429564 2.463233 0.05147261
v 2.80428 2.450976 0.05402642
v 2.839753 2.451256 0.09822985
v 2.893213 2.45167 0.1326103
v 2.960039 2.452186 0.1571678
v 3.035676 2.452786 0.1719023
v 3.115618 2.453451 0.1768137
v 3.195413 2.454151 0.1719023
v 3.270627 2.454844 0.1571678
v 3.336835 2.455482 0.1326103
v 3.389615 2.456007 0.09822985
v 3.424537 2.456362 0.05402641
v 2.78384 2.442966 0.05585424
v 2.819451 2.443182 0.1015532
v 2.873145 2.443499 0.1370968
v 2.940303 2.443895 0.1624851
v 3.016354 2.444357 0.1777181
v 3.096774 2.444869 0.1827957
v 3.177075 2.445409 0.1777181
v 3.252789 2.445945 0.1624851
v 3.31945 2.446439 0.1370968
v 3.3726 2.446846 0.1015532
v 3.407771 2.447122 0.05585423
v 2.761234 2.431746 0.05690083
v 2.796394 2.431936 0.1034561
v 2.849448 2.432218 0.1396657
v 2.91586 2.43257 0.1655297
v 2.991128 2.432978 0.1810481
v 3.070777 2.433424 0.1862209
v 3.150354 2.433886 0.1810481
v 3.225416 2.434339 0.1655297
v 3.291527 2.434751 0.1396657
v 3.344248 2.435088 0.1034561
v 3.379139 2.435314 0.05690082
v 2.737048 2.417385 0.05727556
v 2.77119 2.417536 0.1041374
v 2.822746 2.417763 0.1405855
v 2.887342 2.418047 0.1666198
v 2.960615 2.418373 0.1822404
v 3.038211 2.418722 0.1874473
v 3.115782 2.419077 0.1822404
v 3.188987 2.419416 0.1666198
v 3.253482 2.419721 0.1405855
v 3.304928 2.419967 0.1041374
v 3.338981 2.42013 0.05727555
v 2.711806 2.4 0.05729167
v 2.744445 2.4 0.1041667
v 2.79375 2.4 0.140625
v 2.855555 2.4 0.1666667
v 2.925695 2.4 0.1822917
v 3 2.4 0.1875
v 3.074306 2.4 0.1822917
v 3.144444 2.4 0.1666667
v 3.20625 2.4 0.140625
v 3.255556 2.4 0.1041667
v 3.288195 2.4 0.05729165
v 2.613673 2.317654 0
v 2.623317 2.317146 -0.05870559
v 2.649986 2.315741 -0.1067374
v 2.690294 2.313621 -0.1440955
v 2.740851 2.310963 -0.1707799
v 2.798259 2.307945 -0.1867905
v 2.859107 2.304744 -0.1921274
v 2.919978 2.301536 -0.1867905
v 2.977453 2.298502 -0.1707799
v 3.028111 2.295825 -0.1440955
v 3.06853 2.293687 -0.1067374
v 3.095289 2.29227 -0.05870558
v 3.104968 2.291758 0
v 2.550104 2.223186 0
v 2.558149 2.221888 -0.06294485
v 2.580415 2.218302 -0.1144452
v 2.614113 2.212891 -0.154501
v 2.656444 2.206109 -0.1831123
v 2.704582 2.198407 -0.2002791
v 2.755669 2.190231 -0.2060013
v 2.80683 2.182039 -0.2002791
v 2.855174 2.17429 -0.1831123
v 2.897807 2.167449 -0.154501
v 2.931837 2.161984 -0.1144452
v 2.954372 2.158362 -0.06294484
v 2.962524 2.157051 0
v 2.502493 2.120396 0
v 2.509435 2.118039 -0.06982936
v 2.528668 2.111528 -0.1269625
v 2.557824 2.101701 -0.1713993
v 2.59452 2.089383 -0.2031399
v 2.636328 2.075395 -0.2221843
v 2.680765 2.060552 -0.2285324
v 2.725322 2.04568 -0.2221843
v 2.767466 2.031615 -0.2031399
v 2.804658 2.019202 -0.1713993
v 2.834359 2.009284 -0.1269625
v 2.854033 2.002714 -0.06982934
v 2.861152 2.000336 0
v 2.464125 2.013017 0
v 2.470369 2.00936 -0.07897513
v 2.487681 1.999258 -0.1435911
v 2.513963 1.984007 -0.193848
v 2.547092 1.964892 -0.2297458
v 2.584893 1.943186 -0.2512845
v 2.625122 1.92016 -0.258464
v 2.6655 1.8971 -0.2512845
v 2.703721 1.875299 -0.2297458
v 2.73747 1.856063 -0.193848
v 2.764431 1.8407 -0.1435911
v 2.782296 1.830523 -0.0789751
v 2.78876 1.82684 0
v 2.428358 1.904731 0
v 2.434198 1.899576 -0.08983359
v 2.450395 1.885333 -0.1633338
v 2.474999 1.863828 -0.2205006
v 2.506033 1.836874 -0.2613341
v 2.541465 1.806271 -0.2858341
v 2.579195 1.773818 -0.2940008
v 2.617079 1.741329 -0.2858341
v 2.652952 1.710627 -0.2613341
v 2.684635 1.683545 -0.2205006
v 2.70995 1.661924 -0.1633338
v 2.726724 1.647602 -0.08983356
v 2.732795 1.642421 0
v 2.388603 1.799173 0
v 2.394207 1.792376 -0.1017306
v 2.409748 1.77359 -0.1849648
v 2.433347 1.745223 -0.2497025
v 2.463104 1.709666 -0.2959436
v 2.497067 1.669301 -0.3236884
v 2.533222 1.62651 -0.3329366
v 2.569518 1.583686 -0.3236884
v 2.60388 1.543231 -0.2959436
v 2.634225 1.507559 -0.2497025
v 2.658469 1.479085 -0.1849648
v 2.674533 1.460229 -0.1017306
v 2.680346 1.453407 0
v 2.338311 1.699956 0
v 2.343712 1.691432 -0.113906
v 2.358681 1.667869 -0.2071019
v 2.381392 1.632282 -0.2795875
v 2.409997 1.587675 -0.3313629
v 2.442612 1.537044 -0.3624282
v 2.477301 1.483382 -0.3727833
v 2.512102 1.429694 -0.3624282
v 2.545032 1.378991 -0.3313629
v 2.5741 1.334294 -0.2795875
v 2.597318 1.298624 -0.2071019
v 2.6127 1.275005 -0.113906
v 2.618266 1.266461 0
v 2.270951 1.610675 0
v 2.276041 1.600403 -0.1255524
v 2.290137 1.572005 -0.2282771
v 2.311496 1.529113 -0.308174
v 2.338361 1.475347 -0.3652433
v 2.368951 1.414325 -0.3994849
v 2.40145 1.349664 -0.4108987
v 2.434024 1.284984 -0.3994849
v 2.464824 1.223915 -0.3652433
v 2.491999 1.170089 -0.308174
v 2.513697 1.127141 -0.2282771
v 2.528069 1.098706 -0.1255524
v 2.533269 1.08842 0
v 2.179998 1.534924 0
v 2.184525 1.522947 -0.1358546
v 2.197056 1.489838 -0.2470084
v 2.21602 1.439825 -0.3334613
v 2.23984 1.377132 -0.3952133
v 2.266927 1.305984 -0.4322646
v 2.295672 1.230601 -0.444615
v 2.324456 1.155208 -0.4322646
v 2.351655 1.084034 -0.3952133
v 2.375642 1.021309 -0.3334613
v 2.394786 0.9712663 -0.2470084
v 2.407464 0.9381369 -0.1358545
v 2.412051 0.9261537 0
v 2.05891 1.476304 0
v 2.062486 1.46273 -0.1440288
v 2.072379 1.425203 -0.2618706
v 2.087337 1.368516 -0.3535252
v 2.106103 1.297456 -0.4189928
v 2.127421 1.216815 -0.4582734
v 2.150023 1.13138 -0.4713669
v 2.172639 1.045941 -0.4582734
v 2.193998 0.9652901 -0.4189928
v 2.212825 0.894219 -0.3535252
v 2.227849 0.8375203 -0.2618706
v 2.237796 0.7999865 -0.1440288
v 2.241394 0.7864103 0
v 2.00617 0.6906796 -0.1493617
v 2.00828 0.6756711 0
v 1.98557 1.458706 0
v 1.978611 1.442035 -0.1468374
v 1.97986 1.430572 -0.1808974
v 1.980716 1.418997 -0.2150043
v 1.973338 1.39897 -0.2677502
v 1.970326 1.334511 -0.3625622
v 1.971053 1.328346 -0.3679252
v 1.976201 1.255846 -0.4303646
v 1.976957 1.251339 -0.4324564
v 1.979443 1.227949 -0.4432148
v 1.982084 1.165801 -0.4715314
v 1.988359 1.126948 -0.4771958
v 1.992455 1.071432 -0.4854452
v 2.000545 1.025936 -0.4787364
v 2.003348 0.9770086 -0.4723077
v 2.012065 0.9252735 -0.4483169
v 2.012124 0.9193842 -0.4458229
v 2.010231 0.8862274 -0.4323455
v 2.011066 0.8276765 -0.3848302
v 2.006974 0.8017918 -0.3657015
v 2.004313 0.7365912 -0.2750533
v 2.003718 0.7337388 -0.2714228
v 2.005061 0.7169454 -0.2233062
v 2.003419 0.7102508 -0.2070011
v 1.996385 0.6883002 -0.1494221
v 1.999219 0.6734471 0
v 1.938985 1.449695 2.88216e-8
v 1.90239 1.457873 3.917412e-8
v 1.875266 1.483629 5.023363e-8
v 1.857095 1.52735 8.117621e-8
v 1.932781 1.434668 -0.1441212
v 1.897276 1.44291 -0.1461522
v 1.871034 1.467323 -0.1530803
v 1.852995 1.508471 -0.1650556
v 1.934413 1.423761 -0.1778236
v 1.899329 1.431676 -0.180608
v 1.873387 1.455018 -0.1895045
v 1.855368 1.494486 -0.2047666
v 1.935593 1.412862 -0.2117181
v 1.900964 1.420543 -0.2153108
v 1.875378 1.442823 -0.2261314
v 1.857379 1.480482 -0.2445284
v 1.928901 1.394421 -0.2646295
v 1.895425 1.402016 -0.2696791
v 1.870816 1.422629 -0.2833239
v 1.852983 1.457137 -0.3059892
v 1.927708 1.332081 -0.3612679
v 1.896726 1.337923 -0.3695487
v 1.874195 1.353097 -0.3883133
v 1.856928 1.378665 -0.4184705
v 1.928591 1.325976 -0.366808
v 1.89778 1.331598 -0.3752742
v 1.875391 1.346287 -0.3942969
v 1.858191 1.371118 -0.4248492
v 1.935259 1.254092 -0.4315597
v 1.906479 1.257393 -0.4423704
v 1.885914 1.266778 -0.4642866
v 1.869621 1.283278 -0.4987985
v 1.936116 1.249577 -0.4337737
v 1.907438 1.252722 -0.4446569
v 1.886967 1.261804 -0.466642
v 1.870745 1.277853 -0.5012646
v 1.939097 1.226113 -0.4451668
v 1.910949 1.228475 -0.4564354
v 1.89096 1.236037 -0.4787706
v 1.875094 1.249801 -0.5139229
v 1.942783 1.163872 -0.4751357
v 1.915981 1.164448 -0.4875144
v 1.897297 1.168364 -0.5108014
v 1.882346 1.176457 -0.5471304
v 1.949848 1.124722 -0.4816943
v 1.923811 1.124129 -0.4943177
v 1.905862 1.12588 -0.5175502
v 1.891616 1.130687 -0.553876
v 1.95485 1.069017 -0.4911361
v 1.929832 1.067097 -0.5041712
v 1.912884 1.066162 -0.5273701
v 1.899493 1.066698 -0.5635526
v 1.964039 1.023124 -0.485357
v 1.939916 1.02004 -0.4982546
v 1.923793 1.016916 -0.5206823
v 1.911288 1.013986 -0.5558933
v 1.967858 0.9740732 -0.4798433
v 1.944635 0.9701192 -0.4926848
v 1.929299 0.9650869 -0.5143785
v 1.917468 0.9589161 -0.5484712
v 1.978322 0.9217745 -0.4567547
v 1.956257 0.9167751 -0.4688962
v 1.941806 0.9097066 -0.4887754
v 1.930905 0.9 -0.520426
v 1.978553 0.9158646 -0.4543487
v 1.956605 0.9107945 -0.466428
v 1.942235 0.9035487 -0.486128
v 1.931396 0.8935026 -0.517516
v 1.977603 0.8825638 -0.4413139
v 1.956331 0.877106 -0.453086
v 1.942412 0.8689255 -0.4718422
v 1.931839 0.8570939 -0.5017632
v 1.981031 0.8230943 -0.3941289
v 1.961217 0.8168621 -0.4044022
v 1.948113 0.807154 -0.4200879
v 1.938208 0.7921441 -0.445624
v 1.977894 0.796887 -0.3750277
v 1.958678 0.790425 -0.3847906
v 1.945864 0.7802328 -0.3993685
v 1.935992 0.7641377 -0.4231398
v 1.979001 0.7299077 -0.2829857
v 1.961799 0.7228742 -0.2899162
v 1.949879 0.7119021 -0.2996508
v 1.940412 0.6934028 -0.3159956
v 1.9785 0.7269852 -0.2792813
v 1.961354 0.7199242 -0.2861128
v 1.949449 0.7089169 -0.2956823
v 1.939959 0.6903246 -0.3117548
v 1.98117 0.7095088 -0.2300193
v 1.964608 0.7024549 -0.2354761
v 1.952899 0.6915377 -0.2429902
v 1.943568 0.6725112 -0.2558753
v 1.97964 0.7025571 -0.2132805
v 1.963044 0.6954755 -0.2182873
v 1.95122 0.6845091 -0.2251603
v 1.941758 0.6651608 -0.2370385
v 1.973491 0.6798223 -0.1540221
v 1.957432 0.6724467 -0.1575413
v 1.945801 0.6612167 -0.1622599
v 1.936188 0.6411753 -0.170458
v 1.977221 0.6642439 0
v 1.961584 0.6567841 0
v 1.950086 0.6455657 0
v 1.940503 0.6250864 0
v 2.623317 2.317146 0.05870559
v 2.649986 2.315741 0.1067374
v 2.690294 2.313621 0.1440955
v 2.740851 2.310963 0.1707799
v 2.798259 2.307945 0.1867905
v 2.859107 2.304744 0.1921274
v 2.919978 2.301536 0.1867905
v 2.977453 2.298502 0.1707799
v 3.028111 2.295825 0.1440955
v 3.06853 2.293687 0.1067374
v 3.095289 2.29227 0.05870558
v 2.558149 2.221888 0.06294485
v 2.580415 2.218302 0.1144452
v 2.614113 2.212891 0.154501
v 2.656444 2.206109 0.1831123
v 2.704582 2.198407 0.2002791
v 2.755669 2.190231 0.2060013
v 2.80683 2.182039 0.2002791
v 2.855174 2.17429 0.1831123
v 2.897807 2.167449 0.154501
v 2.931837 2.161984 0.1144452
v 2.954372 2.158362 0.06294484
v 2.509435 2.118039 0.06982936
v 2.528668 2.111528 0.1269625
v 2.557824 2.101701 0.1713993
v 2.59452 2.089383 0.2031399
v 2.636328 2.075395 0.2221843
v 2.680765 2.060552 0.2285324
v 2.725322 2.04568 0.2221843
v 2.767466 2.031615 0.2031399
v 2.804658 2.019202 0.1713993
v 2.834359 2.009284 0.1269625
v 2.854033 2.002714 0.06982934
v 2.470369 2.00936 0.07897513
v 2.487681 1.999258 0.1435911
v 2.513963 1.984007 0.193848
v 2.547092 1.964892 0.2297458
v 2.584893 1.943186 0.2512845
v 2.625122 1.92016 0.258464
v 2.6655 1.8971 0.2512845
v 2.703721 1.875299 0.2297458
v 2.73747 1.856063 0.193848
v 2.764431 1.8407 0.1435911
v 2.782296 1.830523 0.0789751
v 2.434198 1.899576 0.08983359
v 2.450395 1.885333 0.1633338
v 2.474999 1.863828 0.2205006
v 2.506033 1.836874 0.2613341
v 2.541465 1.806271 0.2858341
v 2.579195 1.773818 0.2940008
v 2.617079 1.741329 0.2858341
v 2.652952 1.710627 0.2613341
v 2.684635 1.683545 0.2205006
v 2.70995 1.661924 0.1633338
v 2.726724 1.647602 0.08983356
v 2.394207 1.792376 0.1017306
v 2.409748 1.77359 0.1849648
v 2.433347 1.745223 0.2497025
v 2.463104 1.709666 0.2959436
v 2.497067 1.669301 0.3236884
v 2.533222 1.62651 0.3329366
v 2.569518 1.583686 0.3236884
v 2.60388 1.543231 0.2959436
v 2.634225 1.507559 0.2497025
v 2.658469 1.479085 0.1849648
v 2.674533 1.460229 0.1017306
v 2.343712 1.691432 0.113906
v 2.358681 1.667869 0.2071019
v 2.381392 1.632282 0.2795875
v 2.409997 1.587675 0.3313629
v 2.442612 1.537044 0.3624282
v 2.477301 1.483382 0.3727833
v 2.512102 1.429694 0.3624282
v 2.545032 1.378991 0.3313629
v 2.5741 1.334294 0.2795875
v 2.597318 1.298624 0.2071019
v 2.6127 1.275005 0.113906
v 2.276041 1.600403 0.1255524
v 2.290137 1.572005 0.2282771
v 2.311496 1.529113 0.308174
v 2.338361 1.475347 0.3652433
v 2.368951 1.414325 0.3994849
v 2.40145 1.349664 0.4108987
v 2.434024 1.284984 0.3994849
v 2.464824 1.223915 0.3652433
v 2.491999 1.170089 0.308174
v 2.513697 1.127141 0.2282771
v 2.528069 1.098706 0.1255524
v 2.184525 1.522947 0.1358546
v 2.197056 1.489838 0.2470084
v 2.21602 1.439825 0.3334613
v 2.23984 1.377132 0.3952133
v 2.266927 1.305984 0.4322646
v 2.295672 1.230601 0.444615
v 2.324456 1.155208 0.4322646
v 2.351655 1.084034 0.3952133
v 2.375642 1.021309 0.3334613
v 2.394786 0.9712663 0.2470084
v 2.407464 0.9381369 0.1358545
v 2.062486 1.46273 0.1440288
v 2.072379 1.425203 0.2618706
v 2.087337 1.368516 0.3535252
v 2.106103 1.297456 0.4189928
v 2.127421 1.216815 0.4582734
v 2.150023 1.13138 0.4713669
v 2.172639 1.045941 0.4582734
v 2.193998 0.9652901 0.4189928
v 2.212825 0.894219 0.3535252
v 2.227849 0.8375203 0.2618706
v 2.237796 0.7999865 0.1440288
v 2.00617 0.6906796 0.1493617
v 1.978611 1.442035 0.1468374
v 1.97986 1.430572 0.1808974
v 1.980716 1.418997 0.2150043
v 1.973338 1.39897 0.2677502
v 1.970326 1.334511 0.3625622
v 1.971053 1.328346 0.3679252
v 1.976201 1.255846 0.4303646
v 1.976957 1.251339 0.4324564
v 1.979443 1.227949 0.4432148
v 1.982084 1.165801 0.4715314
v 1.988359 1.126948 0.4771958
v 1.992455 1.071432 0.4854452
v 2.000545 1.025936 0.4787364
v 2.003348 0.9770086 0.4723077
v 2.012065 0.9252735 0.4483169
v 2.012124 0.9193842 0.4458229
v 2.010231 0.8862274 0.4323455
v 2.011066 0.8276765 0.3848302
v 2.006974 0.8017918 0.3657015
v 2.004313 0.7365912 0.2750533
v 2.003718 0.7337388 0.2714228
v 2.005061 0.7169454 0.2233062
v 2.003419 0.7102508 0.2070011
v 1.996385 0.6883002 0.1494221
v 1.932781 1.434668 0.1441212
v 1.897276 1.44291 0.1461522
v 1.871034 1.467323 0.1530803
v 1.852995 1.508471 0.1650556
v 1.934413 1.423761 0.1778236
v 1.899329 1.431676 0.180608
v 1.873387 1.455018 0.1895045
v 1.855368 1.494486 0.2047666
v 1.935593 1.412862 0.2117181
v 1.900964 1.420543 0.2153108
v 1.875378 1.442823 0.2261314
v 1.857379 1.480482 0.2445284
v 1.928901 1.394421 0.2646295
v 1.895425 1.402016 0.2696791
v 1.870816 1.422629 0.2833239
v 1.852983 1.457137 0.3059892
v 1.927708 1.332081 0.3612679
v 1.896726 1.337923 0.3695487
v 1.874195 1.353097 0.3883133
v 1.856928 1.378665 0.4184705
v 1.928591 1.325976 0.366808
v 1.89778 1.331598 0.3752742
v 1.875391 1.346287 0.3942969
v 1.858191 1.371118 0.4248492
v 1.935259 1.254092 0.4315597
v 1.906479 1.257393 0.4423704
v 1.885914 1.266778 0.4642866
v 1.869621 1.283278 0.4987985
v 1.936116 1.249577 0.4337737
v 1.907438 1.252722 0.4446569
v 1.886967 1.261804 0.466642
v 1.870745 1.277853 0.5012646
v 1.939097 1.226113 0.4451668
v 1.910949 1.228475 0.4564354
v 1.89096 1.236037 0.4787706
v 1.875094 1.249801 0.5139229
v 1.942783 1.163872 0.4751357
v 1.915981 1.164448 0.4875144
v 1.897297 1.168364 0.5108014
v 1.882346 1.176457 0.5471304
v 1.949848 1.124722 0.4816943
v 1.923811 1.124129 0.4943177
v 1.905862 1.12588 0.5175502
v 1.891616 1.130687 0.553876
v 1.95485 1.069017 0.4911361
v 1.929832 1.067097 0.5041712
v 1.912884 1.066162 0.5273701
v 1.899493 1.066698 0.5635526
v 1.964039 1.023124 0.485357
v 1.939916 1.02004 0.4982546
v 1.923793 1.016916 0.5206823
v 1.911288 1.013986 0.5558933
v 1.967858 0.9740732 0.4798433
v 1.944635 0.9701192 0.4926848
v 1.929299 0.9650869 0.5143785
v 1.917468 0.9589161 0.5484712
v 1.978322 0.9217745 0.4567547
v 1.956257 0.9167751 0.4688962
v 1.941806 0.9097066 0.4887754
v 1.930905 0.9 0.520426
v 1.978553 0.9158646 0.4543487
v 1.956605 0.9107945 0.466428
v 1.942235 0.9035487 0.486128
v 1.931396 0.8935026 0.517516
v 1.977603 0.8825638 0.4413139
v 1.956331 0.877106 0.453086
v 1.942412 0.8689255 0.4718422
v 1.931839 0.8570939 0.5017632
v 1.981031 0.8230943 0.3941289
v 1.961217 0.8168621 0.4044022
v 1.948113 0.807154 0.4200879
v 1.938208 0.7921441 0.445624
v 1.977894 0.796887 0.3750277
v 1.958678 0.790425 0.3847906
v 1.945864 0.7802328 0.3993685
v 1.935992 0.7641377 0.4231398
v 1.979001 0.7299077 0.2829857
v 1.961799 0.7228742 0.2899162
v 1.949879 0.7119021 0.2996508
v 1.940412 0.6934028 0.3159956
v 1.9785 0.7269852 0.2792813
v 1.961354 0.7199242 0.2861128
v 1.949449 0.7089169 0.2956823
v 1.939959 0.6903246 0.3117548
v 1.98117 0.7095088 0.2300193
v 1.964608 0.7024549 0.2354761
v 1.952899 0.6915377 0.2429902
v 1.943568 0.6725112 0.2558753
v 1.97964 0.7025571 0.2132805
v 1.963044 0.6954755 0.2182873
v 1.95122 0.6845091 0.2251603
v 1.941758 0.6651608 0.2370385
v 1.973491 0.6798223 0.1540221
v 1.957432 0.6724467 0.1575413
v 1.945801 0.6612167 0.1622599
v 1.936188 0.6411753 0.170458
v 0 3.15 0
v -0.1680619 3.143929 0
v -0.1666241 3.143929 -0.02193648
v -0.1623353 3.143929 -0.04349763
v -0.155269 3.143929 -0.06431451
v -0.1455459 3.143929 -0.08403096
v -0.1333325 3.143929 -0.1023096
v -0.1188377 3.143929 -0.1188377
v -0.1023096 3.143929 -0.1333325
v -0.08403096 3.143929 -0.1455459
v -0.0643145 3.143929 -0.155269
v -0.04349763 3.143929 -0.1623353
v -0.02193647 3.143929 -0.1666241
v 7.34622e-9 3.143929 -0.1680619
v -0.2779804 3.126541 0
v -0.2756022 3.126541 -0.03628372
v -0.2685084 3.126541 -0.0719466
v -0.2568203 3.126541 -0.1063785
v -0.240738 3.126541 -0.1389902
v -0.2205366 3.126541 -0.1692237
v -0.1965618 3.126541 -0.1965618
v -0.1692237 3.126541 -0.2205366
v -0.1389902 3.126541 -0.240738
v -0.1063785 3.126541 -0.2568203
v -0.07194661 3.126541 -0.2685084
v -0.03628369 3.126541 -0.2756022
v 1.215091e-8 3.126541 -0.2779804
v -0.3386475 3.099298 0
v -0.3357503 3.099298 -0.04420236
v -0.3271084 3.099298 -0.08764841
v -0.3128695 3.099298 -0.1295948
v -0.2932774 3.099298 -0.1693238
v -0.2686671 3.099298 -0.2061555
v -0.2394599 3.099298 -0.2394599
v -0.2061555 3.099298 -0.2686671
v -0.1693237 3.099298 -0.2932774
v -0.1295948 3.099298 -0.3128695
v -0.08764842 3.099298 -0.3271084
v -0.04420234 3.099298 -0.3357503
v 1.480275e-8 3.099298 -0.3386475
v -0.3592592 3.063889 0
v -0.3561857 3.063889 -0.04689274
v -0.3470177 3.063889 -0.09298312
v -0.3319122 3.063889 -0.1374826
v -0.3111276 3.063889 -0.1796296
v -0.2850195 3.063889 -0.2187031
v -0.2540346 3.063889 -0.2540346
v -0.2187031 3.063889 -0.2850195
v -0.1796296 3.063889 -0.3111276
v -0.1374825 3.063889 -0.3319122
v -0.09298313 3.063889 -0.3470177
v -0.04689271 3.063889 -0.3561857
v 1.570372e-8 3.063889 -0.3592592
v -0.3492071 3.022149 0
v -0.3462196 3.022149 -0.04558067
v -0.3373081 3.022149 -0.09038143
v -0.3226252 3.022149 -0.1336358
v -0.3024221 3.022149 -0.1746036
v -0.2770445 3.022149 -0.2125838
v -0.2469267 3.022149 -0.2469267
v -0.2125838 3.022149 -0.2770445
v -0.1746035 3.022149 -0.3024222
v -0.1336357 3.022149 -0.3226252
v -0.09038144 3.022149 -0.3373081
v -0.04558064 3.022149 -0.3462196
v 1.526432e-8 3.022149 -0.3492071
v -0.3179687 2.975976 0
v -0.3152485 2.975976 -0.04150325
v -0.3071342 2.975976 -0.08229636
v -0.2937648 2.975976 -0.1216814
v -0.275369 2.975976 -0.1589844
v -0.2522615 2.975976 -0.1935671
v -0.2248379 2.975976 -0.2248379
v -0.1935671 2.975976 -0.2522615
v -0.1589843 2.975976 -0.275369
v -0.1216813 2.975976 -0.2937648
v -0.08229636 2.975976 -0.3071342
v -0.04150323 2.975976 -0.3152485
v 1.389885e-8 2.975976 -0.3179687
v -0.2750009 2.927258 0
v -0.2726482 2.927258 -0.03589482
v -0.2656305 2.927258 -0.07117546
v -0.2540677 2.927258 -0.1052383
v -0.2381578 2.927258 -0.1375005
v -0.2181729 2.927258 -0.1674099
v -0.194455 2.927258 -0.194455
v -0.1674099 2.927258 -0.2181729
v -0.1375005 2.927258 -0.2381578
v -0.1052383 2.927258 -0.2540677
v -0.07117548 2.927258 -0.2656305
v -0.0358948 2.927258 -0.2726482
v 1.202067e-8 2.927258 -0.2750009
v -0.2296296 2.877778 0
v -0.2276651 2.877778 -0.02997268
v -0.2218051 2.877778 -0.05943251
v -0.2121501 2.877778 -0.08787546
v -0.1988651 2.877778 -0.1148148
v -0.1821774 2.877778 -0.1397896
v -0.1623727 2.877778 -0.1623727
v -0.1397896 2.877778 -0.1821774
v -0.1148148 2.877778 -0.1988651
v -0.08787544 2.877778 -0.2121501
v -0.05943251 2.877778 -0.2218051
v -0.02997266 2.877778 -0.2276651
v 1.003743e-8 2.877778 -0.2296296
v -0.1909424 2.829144 0
v -0.1893088 2.829144 -0.02492298
v -0.1844362 2.829144 -0.04941952
v -0.1764078 2.829144 -0.0730705
v -0.165361 2.829144 -0.0954712
v -0.1514848 2.829144 -0.1162383
v -0.1350166 2.829144 -0.1350166
v -0.1162383 2.829144 -0.1514848
v -0.09547117 2.829144 -0.165361
v -0.07307047 2.829144 -0.1764077
v -0.04941953 2.829144 -0.1844362
v -0.02492297 2.829144 -0.1893088
v 8.346356e-9 2.829144 -0.1909424
v -0.1676794 2.782704 0
v -0.1662449 2.782704 -0.02188655
v -0.1619658 2.782704 -0.04339862
v -0.1549156 2.782704 -0.06416813
v -0.1452146 2.782704 -0.08383971
v -0.133029 2.782704 -0.1020767
v -0.1185672 2.782704 -0.1185672
v -0.1020767 2.782704 -0.133029
v -0.0838397 2.782704 -0.1452146
v -0.06416812 2.782704 -0.1549156
v -0.04339862 2.782704 -0.1619658
v -0.02188654 2.782704 -0.1662449
v 7.329499e-9 2.782704 -0.1676794
v -0.1681252 2.739462 0
v -0.1666868 2.739462 -0.02194474
v -0.1623964 2.739462 -0.043514
v -0.1553274 2.739462 -0.06433873
v -0.1456007 2.739462 -0.08406259
v -0.1333827 2.739462 -0.1023481
v -0.1188825 2.739462 -0.1188825
v -0.1023481 2.739462 -0.1333827
v -0.08406258 2.739462 -0.1456007
v -0.06433872 2.739462 -0.1553274
v -0.043514 2.739462 -0.1623964
v -0.02194473 2.739462 -0.1666868
v 7.348985e-9 2.739462 -0.1681252
v -0.2 2.7 0
v -0.198289 2.7 -0.02610524
v -0.1931852 2.7 -0.05176381
v -0.1847759 2.7 -0.07653669
v -0.1732051 2.7 -0.1
v -0.1586707 2.7 -0.1217523
v -0.1414214 2.7 -0.1414214
v -0.1217523 2.7 -0.1586707
v -0.09999999 2.7 -0.1732051
v -0.07653669 2.7 -0.1847759
v -0.05176381 2.7 -0.1931852
v -0.02610523 2.7 -0.198289
v 8.742278e-9 2.7 -0.2
v 0.02193648 3.143929 -0.1666241
v 0.04349763 3.143929 -0.1623353
v 0.06431451 3.143929 -0.155269
v 0.08403096 3.143929 -0.1455459
v 0.1023096 3.143929 -0.1333325
v 0.1188377 3.143929 -0.1188377
v 0.1333325 3.143929 -0.1023096
v 0.1455459 3.143929 -0.08403096
v 0.155269 3.143929 -0.0643145
v 0.1623353 3.143929 -0.04349763
v 0.1666241 3.143929 -0.02193647
v 0.1680619 3.143929 7.34622e-9
v 0.03628372 3.126541 -0.2756022
v 0.0719466 3.126541 -0.2685084
v 0.1063785 3.126541 -0.2568203
v 0.1389902 3.126541 -0.240738
v 0.1692237 3.126541 -0.2205366
v 0.1965618 3.126541 -0.1965618
v 0.2205366 3.126541 -0.1692237
v 0.240738 3.126541 -0.1389902
v 0.2568203 3.126541 -0.1063785
v 0.2685084 3.126541 -0.07194661
v 0.2756022 3.126541 -0.03628369
v 0.2779804 3.126541 1.215091e-8
v 0.04420236 3.099298 -0.3357503
v 0.08764841 3.099298 -0.3271084
v 0.1295948 3.099298 -0.3128695
v 0.1693238 3.099298 -0.2932774
v 0.2061555 3.099298 -0.2686671
v 0.2394599 3.099298 -0.2394599
v 0.2686671 3.099298 -0.2061555
v 0.2932774 3.099298 -0.1693237
v 0.3128695 3.099298 -0.1295948
v 0.3271084 3.099298 -0.08764842
v 0.3357503 3.099298 -0.04420234
v 0.3386475 3.099298 1.480275e-8
v 0.04689274 3.063889 -0.3561857
v 0.09298312 3.063889 -0.3470177
v 0.1374826 3.063889 -0.3319122
v 0.1796296 3.063889 -0.3111276
v 0.2187031 3.063889 -0.2850195
v 0.2540346 3.063889 -0.2540346
v 0.2850195 3.063889 -0.2187031
v 0.3111276 3.063889 -0.1796296
v 0.3319122 3.063889 -0.1374825
v 0.3470177 3.063889 -0.09298313
v 0.3561857 3.063889 -0.04689271
v 0.3592592 3.063889 1.570372e-8
v 0.04558067 3.022149 -0.3462196
v 0.09038143 3.022149 -0.3373081
v 0.1336358 3.022149 -0.3226252
v 0.1746036 3.022149 -0.3024221
v 0.2125838 3.022149 -0.2770445
v 0.2469267 3.022149 -0.2469267
v 0.2770445 3.022149 -0.2125838
v 0.3024222 3.022149 -0.1746035
v 0.3226252 3.022149 -0.1336357
v 0.3373081 3.022149 -0.09038144
v 0.3462196 3.022149 -0.04558064
v 0.3492071 3.022149 1.526432e-8
v 0.04150325 2.975976 -0.3152485
v 0.08229636 2.975976 -0.3071342
v 0.1216814 2.975976 -0.2937648
v 0.1589844 2.975976 -0.275369
v 0.1935671 2.975976 -0.2522615
v 0.2248379 2.975976 -0.2248379
v 0.2522615 2.975976 -0.1935671
v 0.275369 2.975976 -0.1589843
v 0.2937648 2.975976 -0.1216813
v 0.3071342 2.975976 -0.08229636
v 0.3152485 2.975976 -0.04150323
v 0.3179687 2.975976 1.389885e-8
v 0.03589482 2.927258 -0.2726482
v 0.07117546 2.927258 -0.2656305
v 0.1052383 2.927258 -0.2540677
v 0.1375005 2.927258 -0.2381578
v 0.1674099 2.927258 -0.2181729
v 0.194455 2.927258 -0.194455
v 0.2181729 2.927258 -0.1674099
v 0.2381578 2.927258 -0.1375005
v 0.2540677 2.927258 -0.1052383
v 0.2656305 2.927258 -0.07117548
v 0.2726482 2.927258 -0.0358948
v 0.2750009 2.927258 1.202067e-8
v 0.02997268 2.877778 -0.2276651
v 0.05943251 2.877778 -0.2218051
v 0.08787546 2.877778 -0.2121501
v 0.1148148 2.877778 -0.1988651
v 0.1397896 2.877778 -0.1821774
v 0.1623727 2.877778 -0.1623727
v 0.1821774 2.877778 -0.1397896
v 0.1988651 2.877778 -0.1148148
v 0.2121501 2.877778 -0.08787544
v 0.2218051 2.877778 -0.05943251
v 0.2276651 2.877778 -0.02997266
v 0.2296296 2.877778 1.003743e-8
v 0.02492298 2.829144 -0.1893088
v 0.04941952 2.829144 -0.1844362
v 0.0730705 2.829144 -0.1764078
v 0.0954712 2.829144 -0.165361
v 0.1162383 2.829144 -0.1514848
v 0.1350166 2.829144 -0.1350166
v 0.1514848 2.829144 -0.1162383
v 0.165361 2.829144 -0.09547117
v 0.1764077 2.829144 -0.07307047
v 0.1844362 2.829144 -0.04941953
v 0.1893088 2.829144 -0.02492297
v 0.1909424 2.829144 8.346356e-9
v 0.02188655 2.782704 -0.1662449
v 0.04339862 2.782704 -0.1619658
v 0.06416813 2.782704 -0.1549156
v 0.08383971 2.782704 -0.1452146
v 0.1020767 2.782704 -0.133029
v 0.1185672 2.782704 -0.1185672
v 0.133029 2.782704 -0.1020767
v 0.1452146 2.782704 -0.0838397
v 0.1549156 2.782704 -0.06416812
v 0.1619658 2.782704 -0.04339862
v 0.1662449 2.782704 -0.02188654
v 0.1676794 2.782704 7.329499e-9
v 0.02194474 2.739462 -0.1666868
v 0.043514 2.739462 -0.1623964
v 0.06433873 2.739462 -0.1553274
v 0.08406259 2.739462 -0.1456007
v 0.1023481 2.739462 -0.1333827
v 0.1188825 2.739462 -0.1188825
v 0.1333827 2.739462 -0.1023481
v 0.1456007 2.739462 -0.08406258
v 0.1553274 2.739462 -0.06433872
v 0.1623964 2.739462 -0.043514
v 0.1666868 2.739462 -0.02194473
v 0.1681252 2.739462 7.348985e-9
v 0.02610524 2.7 -0.198289
v 0.05176381 2.7 -0.1931852
v 0.07653669 2.7 -0.1847759
v 0.1 2.7 -0.1732051
v 0.1217523 2.7 -0.1586707
v 0.1414214 2.7 -0.1414214
v 0.1586707 2.7 -0.1217523
v 0.1732051 2.7 -0.09999999
v 0.1847759 2.7 -0.07653669
v 0.1931852 2.7 -0.05176381
v 0.198289 2.7 -0.02610523
v 0.2 2.7 8.742278e-9
v 0 3.143929 0.1680619
v 0.02193648 3.143929 0.1666241
v 0.04349763 3.143929 0.1623353
v 0.06431451 3.143929 0.155269
v 0.08403096 3.143929 0.1455459
v 0.1023096 3.143929 0.1333325
v 0.1188377 3.143929 0.1188377
v 0.1333325 3.143929 0.1023096
v 0.1455459 3.143929 0.08403096
v 0.155269 3.143929 0.0643145
v 0.1623353 3.143929 0.04349763
v 0.1666241 3.143929 0.02193647
v 0 3.126541 0.2779804
v 0.03628372 3.126541 0.2756022
v 0.0719466 3.126541 0.2685084
v 0.1063785 3.126541 0.2568203
v 0.1389902 3.126541 0.240738
v 0.1692237 3.126541 0.2205366
v 0.1965618 3.126541 0.1965618
v 0.2205366 3.126541 0.1692237
v 0.240738 3.126541 0.1389902
v 0.2568203 3.126541 0.1063785
v 0.2685084 3.126541 0.07194661
v 0.2756022 3.126541 0.03628369
v 0 3.099298 0.3386475
v 0.04420236 3.099298 0.3357503
v 0.08764841 3.099298 0.3271084
v 0.1295948 3.099298 0.3128695
v 0.1693238 3.099298 0.2932774
v 0.2061555 3.099298 0.2686671
v 0.2394599 3.099298 0.2394599
v 0.2686671 3.099298 0.2061555
v 0.2932774 3.099298 0.1693237
v 0.3128695 3.099298 0.1295948
v 0.3271084 3.099298 0.08764842
v 0.3357503 3.099298 0.04420234
v 0 3.063889 0.3592592
v 0.04689274 3.063889 0.3561857
v 0.09298312 3.063889 0.3470177
v 0.1374826 3.063889 0.3319122
v 0.1796296 3.063889 0.3111276
v 0.2187031 3.063889 0.2850195
v 0.2540346 3.063889 0.2540346
v 0.2850195 3.063889 0.2187031
v 0.3111276 3.063889 0.1796296
v 0.3319122 3.063889 0.1374825
v 0.3470177 3.063889 0.09298313
v 0.3561857 3.063889 0.04689271
v 0 3.022149 0.3492071
v 0.04558067 3.022149 0.3462196
v 0.09038143 3.022149 0.3373081
v 0.1336358 3.022149 0.3226252
v 0.1746036 3.022149 0.3024221
v 0.2125838 3.022149 0.2770445
v 0.2469267 3.022149 0.2469267
v 0.2770445 3.022149 0.2125838
v 0.3024222 3.022149 0.1746035
v 0.3226252 3.022149 0.1336357
v 0.3373081 3.022149 0.09038144
v 0.3462196 3.022149 0.04558064
v 0 2.975976 0.3179687
v 0.04150325 2.975976 0.3152485
v 0.08229636 2.975976 0.3071342
v 0.1216814 2.975976 0.2937648
v 0.1589844 2.975976 0.275369
v 0.1935671 2.975976 0.2522615
v 0.2248379 2.975976 0.2248379
v 0.2522615 2.975976 0.1935671
v 0.275369 2.975976 0.1589843
v 0.2937648 2.975976 0.1216813
v 0.3071342 2.975976 0.08229636
v 0.3152485 2.975976 0.04150323
v 0 2.927258 0.2750009
v 0.03589482 2.927258 0.2726482
v 0.07117546 2.927258 0.2656305
v 0.1052383 2.927258 0.2540677
v 0.1375005 2.927258 0.2381578
v 0.1674099 2.927258 0.2181729
v 0.194455 2.927258 0.194455
v 0.2181729 2.927258 0.1674099
v 0.2381578 2.927258 0.1375005
v 0.2540677 2.927258 0.1052383
v 0.2656305 2.927258 0.07117548
v 0.2726482 2.927258 0.0358948
v 0 2.877778 0.2296296
v 0.02997268 2.877778 0.2276651
v 0.05943251 2.877778 0.2218051
v 0.08787546 2.877778 0.2121501
v 0.1148148 2.877778 0.1988651
v 0.1397896 2.877778 0.1821774
v 0.1623727 2.877778 0.1623727
v 0.1821774 2.877778 0.1397896
v 0.1988651 2.877778 0.1148148
v 0.2121501 2.877778 0.08787544
v 0.2218051 2.877778 0.05943251
v 0.2276651 2.877778 0.02997266
v 0 2.829144 0.1909424
v 0.02492298 2.829144 0.1893088
v 0.04941952 2.829144 0.1844362
v 0.0730705 2.829144 0.1764078
v 0.0954712 2.829144 0.165361
v 0.1162383 2.829144 0.1514848
v 0.1350166 2.829144 0.1350166
v 0.1514848 2.829144 0.1162383
v 0.165361 2.829144 0.09547117
v 0.1764077 2.829144 0.07307047
v 0.1844362 2.829144 0.04941953
v 0.1893088 2.829144 0.02492297
v 0 2.782704 0.1676794
v 0.02188655 2.782704 0.1662449
v 0.04339862 2.782704 0.1619658
v 0.06416813 2.782704 0.1549156
v 0.08383971 2.782704 0.1452146
v 0.1020767 2.782704 0.133029
v 0.1185672 2.782704 0.1185672
v 0.133029 2.782704 0.1020767
v 0.1452146 2.782704 0.0838397
v 0.1549156 2.782704 0.06416812
v 0.1619658 2.782704 0.04339862
v 0.1662449 2.782704 0.02188654
v 0 2.739462 0.1681252
v 0.02194474 2.739462 0.1666868
v 0.043514 2.739462 0.1623964
v 0.06433873 2.739462 0.1553274
v 0.08406259 2.739462 0.1456007
v 0.1023481 2.739462 0.1333827
v 0.1188825 2.739462 0.1188825
v 0.1333827 2.739462 0.1023481
v 0.1456007 2.739462 0.08406258
v 0.1553274 2.739462 0.06433872
v 0.1623964 2.739462 0.043514
v 0.1666868 2.739462 0.02194473
v 0 2.7 0.2
v 0.02610524 2.7 0.198289
v 0.05176381 2.7 0.1931852
v 0.07653669 2.7 0.1847759
v 0.1 2.7 0.1732051
v 0.1217523 2.7 0.1586707
v 0.1414214 2.7 0.1414214
v 0.1586707 2.7 0.1217523
v 0.1732051 2.7 0.09999999
v 0.1847759 2.7 0.07653669
v 0.1931852 2.7 0.05176381
v 0.198289 2.7 0.02610523
v -0.1666241 3.143929 0.02193648
v -0.1623353 3.143929 0.04349763
v -0.155269 3.143929 0.06431451
v -0.1455459 3.143929 0.08403096
v -0.1333325 3.143929 0.1023096
v -0.1188377 3.143929 0.1188377
v -0.1023096 3.143929 0.1333325
v -0.08403096 3.143929 0.1455459
v -0.0643145 3.143929 0.155269
v -0.04349763 3.143929 0.1623353
v -0.02193647 3.143929 0.1666241
v -0.2756022 3.126541 0.03628372
v -0.2685084 3.126541 0.0719466
v -0.2568203 3.126541 0.1063785
v -0.240738 3.126541 0.1389902
v -0.2205366 3.126541 0.1692237
v -0.1965618 3.126541 0.1965618
v -0.1692237 3.126541 0.2205366
v -0.1389902 3.126541 0.240738
v -0.1063785 3.126541 0.2568203
v -0.07194661 3.126541 0.2685084
v -0.03628369 3.126541 0.2756022
v -0.3357503 3.099298 0.04420236
v -0.3271084 3.099298 0.08764841
v -0.3128695 3.099298 0.1295948
v -0.2932774 3.099298 0.1693238
v -0.2686671 3.099298 0.2061555
v -0.2394599 3.099298 0.2394599
v -0.2061555 3.099298 0.2686671
v -0.1693237 3.099298 0.2932774
v -0.1295948 3.099298 0.3128695
v -0.08764842 3.099298 0.3271084
v -0.04420234 3.099298 0.3357503
v -0.3561857 3.063889 0.04689274
v -0.3470177 3.063889 0.09298312
v -0.3319122 3.063889 0.1374826
v -0.3111276 3.063889 0.1796296
v -0.2850195 3.063889 0.2187031
v -0.2540346 3.063889 0.2540346
v -0.2187031 3.063889 0.2850195
v -0.1796296 3.063889 0.3111276
v -0.1374825 3.063889 0.3319122
v -0.09298313 3.063889 0.3470177
v -0.04689271 3.063889 0.3561857
v -0.3462196 3.022149 0.04558067
v -0.3373081 3.022149 0.09038143
v -0.3226252 3.022149 0.1336358
v -0.3024221 3.022149 0.1746036
v -0.2770445 3.022149 0.2125838
v -0.2469267 3.022149 0.2469267
v -0.2125838 3.022149 0.2770445
v -0.1746035 3.022149 0.3024222
v -0.1336357 3.022149 0.3226252
v -0.09038144 3.022149 0.3373081
v -0.04558064 3.022149 0.3462196
v -0.3152485 2.975976 0.04150325
v -0.3071342 2.975976 0.08229636
v -0.2937648 2.975976 0.1216814
v -0.275369 2.975976 0.1589844
v -0.2522615 2.975976 0.1935671
v -0.2248379 2.975976 0.2248379
v -0.1935671 2.975976 0.2522615
v -0.1589843 2.975976 0.275369
v -0.1216813 2.975976 0.2937648
v -0.08229636 2.975976 0.3071342
v -0.04150323 2.975976 0.3152485
v -0.2726482 2.927258 0.03589482
v -0.2656305 2.927258 0.07117546
v -0.2540677 2.927258 0.1052383
v -0.2381578 2.927258 0.1375005
v -0.2181729 2.927258 0.1674099
v -0.194455 2.927258 0.194455
v -0.1674099 2.927258 0.2181729
v -0.1375005 2.927258 0.2381578
v -0.1052383 2.927258 0.2540677
v -0.07117548 2.927258 0.2656305
v -0.0358948 2.927258 0.2726482
v -0.2276651 2.877778 0.02997268
v -0.2218051 2.877778 0.05943251
v -0.2121501 2.877778 0.08787546
v -0.1988651 2.877778 0.1148148
v -0.1821774 2.877778 0.1397896
v -0.1623727 2.877778 0.1623727
v -0.1397896 2.877778 0.1821774
v -0.1148148 2.877778 0.1988651
v -0.08787544 2.877778 0.2121501
v -0.05943251 2.877778 0.2218051
v -0.02997266 2.877778 0.2276651
v -0.1893088 2.829144 0.02492298
v -0.1844362 2.829144 0.04941952
v -0.1764078 2.829144 0.0730705
v -0.165361 2.829144 0.0954712
v -0.1514848 2.829144 0.1162383
v -0.1350166 2.829144 0.1350166
v -0.1162383 2.829144 0.1514848
v -0.09547117 2.829144 0.165361
v -0.07307047 2.829144 0.1764077
v -0.04941953 2.829144 0.1844362
v -0.02492297 2.829144 0.1893088
v -0.1662449 2.782704 0.02188655
v -0.1619658 2.782704 0.04339862
v -0.1549156 2.782704 0.06416813
v -0.1452146 2.782704 0.08383971
v -0.133029 2.782704 0.1020767
v -0.1185672 2.782704 0.1185672
v -0.1020767 2.782704 0.133029
v -0.0838397 2.782704 0.1452146
v -0.06416812 2.782704 0.1549156
v -0.04339862 2.782704 0.1619658
v -0.02188654 2.782704 0.1662449
v -0.1666868 2.739462 0.02194474
v -0.1623964 2.739462 0.043514
v -0.1553274 2.739462 0.06433873
v -0.1456007 2.739462 0.08406259
v -0.1333827 2.739462 0.1023481
v -0.1188825 2.739462 0.1188825
v -0.1023481 2.739462 0.1333827
v -0.08406258 2.739462 0.1456007
v -0.06433872 2.739462 0.1553274
v -0.043514 2.739462 0.1623964
v -0.02194473 2.739462 0.1666868
v -0.198289 2.7 0.02610524
v -0.1931852 2.7 0.05176381
v -0.1847759 2.7 0.07653669
v -0.1732051 2.7 0.1
v -0.1586707 2.7 0.1217523
v -0.1414214 2.7 0.1414214
v -0.1217523 2.7 0.1586707
v -0.09999999 2.7 0.1732051
v -0.07653669 2.7 0.1847759
v -0.05176381 2.7 0.1931852
v -0.02610523 2.7 0.198289
v -0.264861 2.666354 0
v -0.2625951 2.666354 -0.0345713
v -0.255836 2.666354 -0.06855106
v -0.2446996 2.666354 -0.1013579
v -0.2293763 2.666354 -0.1324305
v -0.2101283 2.666354 -0.1612371
v -0.187285 2.666354 -0.187285
v -0.1612371 2.666354 -0.2101283
v -0.1324305 2.666354 -0.2293763
v -0.1013579 2.666354 -0.2446996
v -0.06855106 2.666354 -0.255836
v -0.03457128 2.666354 -0.2625951
v 1.157744e-8 2.666354 -0.264861
v -0.3545428 2.638823 0
v -0.3515097 2.638823 -0.04627713
v -0.3424621 2.638823 -0.09176244
v -0.3275549 2.638823 -0.1356777
v -0.3070431 2.638823 -0.1772714
v -0.2812777 2.638823 -0.215832
v -0.2506996 2.638823 -0.2506996
v -0.215832 2.638823 -0.2812777
v -0.1772714 2.638823 -0.3070431
v -0.1356777 2.638823 -0.3275549
v -0.09176245 2.638823 -0.3424621
v -0.0462771 2.638823 -0.3515097
v 1.549756e-8 2.638823 -0.3545428
v -0.4621826 2.615387 0
v -0.4582286 2.615387 -0.06032694
v -0.4464342 2.615387 -0.1196217
v -0.4270011 2.615387 -0.1768697
v -0.4002619 2.615387 -0.2310913
v -0.3666742 2.615387 -0.281359
v -0.3268125 2.615387 -0.3268125
v -0.281359 2.615387 -0.3666742
v -0.2310913 2.615387 -0.4002619
v -0.1768696 2.615387 -0.4270011
v -0.1196217 2.615387 -0.4464342
v -0.06032691 2.615387 -0.4582286
v 2.020264e-8 2.615387 -0.4621826
v -0.5814815 2.594444 0
v -0.5765069 2.594444 -0.07589856
v -0.561668 2.594444 -0.1504985
v -0.5372188 2.594444 -0.2225233
v -0.5035777 2.594444 -0.2907408
v -0.4613203 2.594444 -0.3539835
v -0.4111695 2.594444 -0.4111695
v -0.3539835 2.594444 -0.4613203
v -0.2907407 2.594444 -0.5035777
v -0.2225233 2.594444 -0.5372188
v -0.1504985 2.594444 -0.561668
v -0.07589852 2.594444 -0.5765069
v 2.541736e-8 2.594444 -0.5814815
v -0.7065964 2.57474 0
v -0.7005515 2.57474 -0.09222934
v -0.6825197 2.57474 -0.1828806
v -0.6528099 2.57474 -0.2704028
v -0.6119304 2.57474 -0.3532982
v -0.5605806 2.57474 -0.4301486
v -0.4996391 2.57474 -0.4996391
v -0.4301486 2.57474 -0.5605806
v -0.3532982 2.57474 -0.6119305
v -0.2704027 2.57474 -0.6528099
v -0.1828806 2.57474 -0.6825197
v -0.09222929 2.57474 -0.7005515
v 3.088631e-8 2.57474 -0.7065964
v -0.8320313 2.555274 0
v -0.8249132 2.555274 -0.1086019
v -0.8036805 2.555274 -0.2153455
v -0.7686967 2.555274 -0.3184046
v -0.7205603 2.555274 -0.4160156
v -0.6600948 2.555274 -0.5065085
v -0.588335 2.555274 -0.588335
v -0.5065085 2.555274 -0.6600948
v -0.4160156 2.555274 -0.7205603
v -0.3184046 2.555274 -0.7686967
v -0.2153456 2.555274 -0.8036805
v -0.1086018 2.555274 -0.8249132
v 3.636924e-8 2.555274 -0.8320313
v -0.9525291 2.53523 0
v -0.94438 2.53523 -0.12433
v -0.9200724 2.53523 -0.2465327
v -0.8800222 2.53523 -0.3645171
v -0.8249144 2.53523 -0.4762645
v -0.7556921 2.53523 -0.579863
v -0.6735398 2.53523 -0.6735398
v -0.579863 2.53523 -0.7556921
v -0.4762645 2.53523 -0.8249144
v -0.3645171 2.53523 -0.8800222
v -0.2465327 2.53523 -0.9200724
v -0.1243299 2.53523 -0.94438
v 4.163637e-8 2.53523 -0.9525291
v -1.062963 2.513889 0
v -1.053869 2.513889 -0.1387445
v -1.026744 2.513889 -0.275115
v -0.9820497 2.513889 -0.4067783
v -0.920553 2.513889 -0.5314815
v -0.8433052 2.513889 -0.6470909
v -0.7516283 2.513889 -0.7516283
v -0.6470909 2.513889 -0.8433052
v -0.5314815 2.513889 -0.9205531
v -0.4067783 2.513889 -0.9820497
v -0.2751151 2.513889 -1.026744
v -0.1387444 2.513889 -1.053869
v 4.646359e-8 2.513889 -1.062963
v -1.158228 2.490546 0
v -1.148319 2.490546 -0.151179
v -1.118762 2.490546 -0.2997713
v -1.070063 2.490546 -0.4432345
v -1.003054 2.490546 -0.5791138
v -0.9188837 2.490546 -0.7050842
v -0.8189906 2.490546 -0.8189906
v -0.7050842 2.490546 -0.9188837
v -0.5791137 2.490546 -1.003055
v -0.4432345 2.490546 -1.070063
v -0.2997714 2.490546 -1.118762
v -0.151179 2.490546 -1.148319
v 5.062773e-8 2.490546 -1.158228
v -1.233131 2.464432 0
v -1.222581 2.464432 -0.1609559
v -1.191113 2.464432 -0.3191577
v -1.139264 2.464432 -0.4718987
v -1.067923 2.464432 -0.6165653
v -0.9783084 2.464432 -0.7506824
v -0.871955 2.464432 -0.871955
v -0.7506824 2.464432 -0.9783084
v -0.6165653 2.464432 -1.067923
v -0.4718987 2.464432 -1.139264
v -0.3191578 2.464432 -1.191113
v -0.1609558 2.464432 -1.222581
v 5.390186e-8 2.464432 -1.233131
v -1.282285 2.434631 0
v -1.271315 2.434631 -0.1673718
v -1.238593 2.434631 -0.3318799
v -1.184677 2.434631 -0.4907094
v -1.110492 2.434631 -0.6411426
v -1.017305 2.434631 -0.7806058
v -0.9067126 2.434631 -0.9067126
v -0.7806058 2.434631 -1.017305
v -0.6411426 2.434631 -1.110492
v -0.4907094 2.434631 -1.184677
v -0.3318799 2.434631 -1.238593
v -0.1673717 2.434631 -1.271315
v 5.605047e-8 2.434631 -1.282285
v -1.3 2.4 0
v -1.288878 2.4 -0.1696841
v -1.255704 2.4 -0.3364647
v -1.201043 2.4 -0.4974885
v -1.125833 2.4 -0.65
v -1.031359 2.4 -0.7913898
v -0.9192387 2.4 -0.9192387
v -0.7913898 2.4 -1.031359
v -0.6499999 2.4 -1.125833
v -0.4974884 2.4 -1.201043
v -0.3364648 2.4 -1.255704
v -0.169684 2.4 -1.288878
v 5.68248e-8 2.4 -1.3
v 0.0345713 2.666354 -0.2625951
v 0.06855106 2.666354 -0.255836
v 0.1013579 2.666354 -0.2446996
v 0.1324305 2.666354 -0.2293763
v 0.1612371 2.666354 -0.2101283
v 0.187285 2.666354 -0.187285
v 0.2101283 2.666354 -0.1612371
v 0.2293763 2.666354 -0.1324305
v 0.2446996 2.666354 -0.1013579
v 0.255836 2.666354 -0.06855106
v 0.2625951 2.666354 -0.03457128
v 0.264861 2.666354 1.157744e-8
v 0.04627713 2.638823 -0.3515097
v 0.09176244 2.638823 -0.3424621
v 0.1356777 2.638823 -0.3275549
v 0.1772714 2.638823 -0.3070431
v 0.215832 2.638823 -0.2812777
v 0.2506996 2.638823 -0.2506996
v 0.2812777 2.638823 -0.215832
v 0.3070431 2.638823 -0.1772714
v 0.3275549 2.638823 -0.1356777
v 0.3424621 2.638823 -0.09176245
v 0.3515097 2.638823 -0.0462771
v 0.3545428 2.638823 1.549756e-8
v 0.06032694 2.615387 -0.4582286
v 0.1196217 2.615387 -0.4464342
v 0.1768697 2.615387 -0.4270011
v 0.2310913 2.615387 -0.4002619
v 0.281359 2.615387 -0.3666742
v 0.3268125 2.615387 -0.3268125
v 0.3666742 2.615387 -0.281359
v 0.4002619 2.615387 -0.2310913
v 0.4270011 2.615387 -0.1768696
v 0.4464342 2.615387 -0.1196217
v 0.4582286 2.615387 -0.06032691
v 0.4621826 2.615387 2.020264e-8
v 0.07589856 2.594444 -0.5765069
v 0.1504985 2.594444 -0.561668
v 0.2225233 2.594444 -0.5372188
v 0.2907408 2.594444 -0.5035777
v 0.3539835 2.594444 -0.4613203
v 0.4111695 2.594444 -0.4111695
v 0.4613203 2.594444 -0.3539835
v 0.5035777 2.594444 -0.2907407
v 0.5372188 2.594444 -0.2225233
v 0.561668 2.594444 -0.1504985
v 0.5765069 2.594444 -0.07589852
v 0.5814815 2.594444 2.541736e-8
v 0.09222934 2.57474 -0.7005515
v 0.1828806 2.57474 -0.6825197
v 0.2704028 2.57474 -0.6528099
v 0.3532982 2.57474 -0.6119304
v 0.4301486 2.57474 -0.5605806
v 0.4996391 2.57474 -0.4996391
v 0.5605806 2.57474 -0.4301486
v 0.6119305 2.57474 -0.3532982
v 0.6528099 2.57474 -0.2704027
v 0.6825197 2.57474 -0.1828806
v 0.7005515 2.57474 -0.09222929
v 0.7065964 2.57474 3.088631e-8
v 0.1086019 2.555274 -0.8249132
v 0.2153455 2.555274 -0.8036805
v 0.3184046 2.555274 -0.7686967
v 0.4160156 2.555274 -0.7205603
v 0.5065085 2.555274 -0.6600948
v 0.588335 2.555274 -0.588335
v 0.6600948 2.555274 -0.5065085
v 0.7205603 2.555274 -0.4160156
v 0.7686967 2.555274 -0.3184046
v 0.8036805 2.555274 -0.2153456
v 0.8249132 2.555274 -0.1086018
v 0.8320313 2.555274 3.636924e-8
v 0.12433 2.53523 -0.94438
v 0.2465327 2.53523 -0.9200724
v 0.3645171 2.53523 -0.8800222
v 0.4762645 2.53523 -0.8249144
v 0.579863 2.53523 -0.7556921
v 0.6735398 2.53523 -0.6735398
v 0.7556921 2.53523 -0.579863
v 0.8249144 2.53523 -0.4762645
v 0.8800222 2.53523 -0.3645171
v 0.9200724 2.53523 -0.2465327
v 0.94438 2.53523 -0.1243299
v 0.9525291 2.53523 4.163637e-8
v 0.1387445 2.513889 -1.053869
v 0.275115 2.513889 -1.026744
v 0.4067783 2.513889 -0.9820497
v 0.5314815 2.513889 -0.920553
v 0.6470909 2.513889 -0.8433052
v 0.7516283 2.513889 -0.7516283
v 0.8433052 2.513889 -0.6470909
v 0.9205531 2.513889 -0.5314815
v 0.9820497 2.513889 -0.4067783
v 1.026744 2.513889 -0.2751151
v 1.053869 2.513889 -0.1387444
v 1.062963 2.513889 4.646359e-8
v 0.151179 2.490546 -1.148319
v 0.2997713 2.490546 -1.118762
v 0.4432345 2.490546 -1.070063
v 0.5791138 2.490546 -1.003054
v 0.7050842 2.490546 -0.9188837
v 0.8189906 2.490546 -0.8189906
v 0.9188837 2.490546 -0.7050842
v 1.003055 2.490546 -0.5791137
v 1.070063 2.490546 -0.4432345
v 1.118762 2.490546 -0.2997714
v 1.148319 2.490546 -0.151179
v 1.158228 2.490546 5.062773e-8
v 0.1609559 2.464432 -1.222581
v 0.3191577 2.464432 -1.191113
v 0.4718987 2.464432 -1.139264
v 0.6165653 2.464432 -1.067923
v 0.7506824 2.464432 -0.9783084
v 0.871955 2.464432 -0.871955
v 0.9783084 2.464432 -0.7506824
v 1.067923 2.464432 -0.6165653
v 1.139264 2.464432 -0.4718987
v 1.191113 2.464432 -0.3191578
v 1.222581 2.464432 -0.1609558
v 1.233131 2.464432 5.390186e-8
v 0.1673718 2.434631 -1.271315
v 0.3318799 2.434631 -1.238593
v 0.4907094 2.434631 -1.184677
v 0.6411426 2.434631 -1.110492
v 0.7806058 2.434631 -1.017305
v 0.9067126 2.434631 -0.9067126
v 1.017305 2.434631 -0.7806058
v 1.110492 2.434631 -0.6411426
v 1.184677 2.434631 -0.4907094
v 1.238593 2.434631 -0.3318799
v 1.271315 2.434631 -0.1673717
v 1.282285 2.434631 5.605047e-8
v 0.1696841 2.4 -1.288878
v 0.3364647 2.4 -1.255704
v 0.4974885 2.4 -1.201043
v 0.65 2.4 -1.125833
v 0.7913898 2.4 -1.031359
v 0.9192387 2.4 -0.9192387
v 1.031359 2.4 -0.7913898
v 1.125833 2.4 -0.6499999
v 1.201043 2.4 -0.4974884
v 1.255704 2.4 -0.3364648
v 1.288878 2.4 -0.169684
v 1.3 2.4 5.68248e-8
v 0 2.666354 0.264861
v 0.0345713 2.666354 0.2625951
v 0.06855106 2.666354 0.255836
v 0.1013579 2.666354 0.2446996
v 0.1324305 2.666354 0.2293763
v 0.1612371 2.666354 0.2101283
v 0.187285 2.666354 0.187285
v 0.2101283 2.666354 0.1612371
v 0.2293763 2.666354 0.1324305
v 0.2446996 2.666354 0.1013579
v 0.255836 2.666354 0.06855106
v 0.2625951 2.666354 0.03457128
v 0 2.638823 0.3545428
v 0.04627713 2.638823 0.3515097
v 0.09176244 2.638823 0.3424621
v 0.1356777 2.638823 0.3275549
v 0.1772714 2.638823 0.3070431
v 0.215832 2.638823 0.2812777
v 0.2506996 2.638823 0.2506996
v 0.2812777 2.638823 0.215832
v 0.3070431 2.638823 0.1772714
v 0.3275549 2.638823 0.1356777
v 0.3424621 2.638823 0.09176245
v 0.3515097 2.638823 0.0462771
v 0 2.615387 0.4621826
v 0.06032694 2.615387 0.4582286
v 0.1196217 2.615387 0.4464342
v 0.1768697 2.615387 0.4270011
v 0.2310913 2.615387 0.4002619
v 0.281359 2.615387 0.3666742
v 0.3268125 2.615387 0.3268125
v 0.3666742 2.615387 0.281359
v 0.4002619 2.615387 0.2310913
v 0.4270011 2.615387 0.1768696
v 0.4464342 2.615387 0.1196217
v 0.4582286 2.615387 0.06032691
v 0 2.594444 0.5814815
v 0.07589856 2.594444 0.5765069
v 0.1504985 2.594444 0.561668
v 0.2225233 2.594444 0.5372188
v 0.2907408 2.594444 0.5035777
v 0.3539835 2.594444 0.4613203
v 0.4111695 2.594444 0.4111695
v 0.4613203 2.594444 0.3539835
v 0.5035777 2.594444 0.2907407
v 0.5372188 2.594444 0.2225233
v 0.561668 2.594444 0.1504985
v 0.5765069 2.594444 0.07589852
v 0 2.57474 0.7065964
v 0.09222934 2.57474 0.7005515
v 0.1828806 2.57474 0.6825197
v 0.2704028 2.57474 0.6528099
v 0.3532982 2.57474 0.6119304
v 0.4301486 2.57474 0.5605806
v 0.4996391 2.57474 0.4996391
v 0.5605806 2.57474 0.4301486
v 0.6119305 2.57474 0.3532982
v 0.6528099 2.57474 0.2704027
v 0.6825197 2.57474 0.1828806
v 0.7005515 2.57474 0.09222929
v 0 2.555274 0.8320313
v 0.1086019 2.555274 0.8249132
v 0.2153455 2.555274 0.8036805
v 0.3184046 2.555274 0.7686967
v 0.4160156 2.555274 0.7205603
v 0.5065085 2.555274 0.6600948
v 0.588335 2.555274 0.588335
v 0.6600948 2.555274 0.5065085
v 0.7205603 2.555274 0.4160156
v 0.7686967 2.555274 0.3184046
v 0.8036805 2.555274 0.2153456
v 0.8249132 2.555274 0.1086018
v 0 2.53523 0.9525291
v 0.12433 2.53523 0.94438
v 0.2465327 2.53523 0.9200724
v 0.3645171 2.53523 0.8800222
v 0.4762645 2.53523 0.8249144
v 0.579863 2.53523 0.7556921
v 0.6735398 2.53523 0.6735398
v 0.7556921 2.53523 0.579863
v 0.8249144 2.53523 0.4762645
v 0.8800222 2.53523 0.3645171
v 0.9200724 2.53523 0.2465327
v 0.94438 2.53523 0.1243299
v 0 2.513889 1.062963
v 0.1387445 2.513889 1.053869
v 0.275115 2.513889 1.026744
v 0.4067783 2.513889 0.9820497
v 0.5314815 2.513889 0.920553
v 0.6470909 2.513889 0.8433052
v 0.7516283 2.513889 0.7516283
v 0.8433052 2.513889 0.6470909
v 0.9205531 2.513889 0.5314815
v 0.9820497 2.513889 0.4067783
v 1.026744 2.513889 0.2751151
v 1.053869 2.513889 0.1387444
v 0 2.490546 1.158228
v 0.151179 2.490546 1.148319
v 0.2997713 2.490546 1.118762
v 0.4432345 2.490546 1.070063
v 0.5791138 2.490546 1.003054
v 0.7050842 2.490546 0.9188837
v 0.8189906 2.490546 0.8189906
v 0.9188837 2.490546 0.7050842
v 1.003055 2.490546 0.5791137
v 1.070063 2.490546 0.4432345
v 1.118762 2.490546 0.2997714
v 1.148319 2.490546 0.151179
v 0 2.464432 1.233131
v 0.1609559 2.464432 1.222581
v 0.3191577 2.464432 1.191113
v 0.4718987 2.464432 1.139264
v 0.6165653 2.464432 1.067923
v 0.7506824 2.464432 0.9783084
v 0.871955 2.464432 0.871955
v 0.9783084 2.464432 0.7506824
v 1.067923 2.464432 0.6165653
v 1.139264 2.464432 0.4718987
v 1.191113 2.464432 0.3191578
v 1.222581 2.464432 0.1609558
v 0 2.434631 1.282285
v 0.1673718 2.434631 1.271315
v 0.3318799 2.434631 1.238593
v 0.4907094 2.434631 1.184677
v 0.6411426 2.434631 1.110492
v 0.7806058 2.434631 1.017305
v 0.9067126 2.434631 0.9067126
v 1.017305 2.434631 0.7806058
v 1.110492 2.434631 0.6411426
v 1.184677 2.434631 0.4907094
v 1.238593 2.434631 0.3318799
v 1.271315 2.434631 0.1673717
v 0 2.4 1.3
v 0.1696841 2.4 1.288878
v 0.3364647 2.4 1.255704
v 0.4974885 2.4 1.201043
v 0.65 2.4 1.125833
v 0.7913898 2.4 1.031359
v 0.9192387 2.4 0.9192387
v 1.031359 2.4 0.7913898
v 1.125833 2.4 0.6499999
v 1.201043 2.4 0.4974884
v 1.255704 2.4 0.3364648
v 1.288878 2.4 0.169684
v -0.2625951 2.666354 0.0345713
v -0.255836 2.666354 0.06855106
v -0.2446996 2.666354 0.1013579
v -0.2293763 2.666354 0.1324305
v -0.2101283 2.666354 0.1612371
v -0.187285 2.666354 0.187285
v -0.1612371 2.666354 0.2101283
v -0.1324305 2.666354 0.2293763
v -0.1013579 2.666354 0.2446996
v -0.06855106 2.666354 0.255836
v -0.03457128 2.666354 0.2625951
v -0.3515097 2.638823 0.04627713
v -0.3424621 2.638823 0.09176244
v -0.3275549 2.638823 0.1356777
v -0.3070431 2.638823 0.1772714
v -0.2812777 2.638823 0.215832
v -0.2506996 2.638823 0.2506996
v -0.215832 2.638823 0.2812777
v -0.1772714 2.638823 0.3070431
v -0.1356777 2.638823 0.3275549
v -0.09176245 2.638823 0.3424621
v -0.0462771 2.638823 0.3515097
v -0.4582286 2.615387 0.06032694
v -0.4464342 2.615387 0.1196217
v -0.4270011 2.615387 0.1768697
v -0.4002619 2.615387 0.2310913
v -0.3666742 2.615387 0.281359
v -0.3268125 2.615387 0.3268125
v -0.281359 2.615387 0.3666742
v -0.2310913 2.615387 0.4002619
v -0.1768696 2.615387 0.4270011
v -0.1196217 2.615387 0.4464342
v -0.06032691 2.615387 0.4582286
v -0.5765069 2.594444 0.07589856
v -0.561668 2.594444 0.1504985
v -0.5372188 2.594444 0.2225233
v -0.5035777 2.594444 0.2907408
v -0.4613203 2.594444 0.3539835
v -0.4111695 2.594444 0.4111695
v -0.3539835 2.594444 0.4613203
v -0.2907407 2.594444 0.5035777
v -0.2225233 2.594444 0.5372188
v -0.1504985 2.594444 0.561668
v -0.07589852 2.594444 0.5765069
v -0.7005515 2.57474 0.09222934
v -0.6825197 2.57474 0.1828806
v -0.6528099 2.57474 0.2704028
v -0.6119304 2.57474 0.3532982
v -0.5605806 2.57474 0.4301486
v -0.4996391 2.57474 0.4996391
v -0.4301486 2.57474 0.5605806
v -0.3532982 2.57474 0.6119305
v -0.2704027 2.57474 0.6528099
v -0.1828806 2.57474 0.6825197
v -0.09222929 2.57474 0.7005515
v -0.8249132 2.555274 0.1086019
v -0.8036805 2.555274 0.2153455
v -0.7686967 2.555274 0.3184046
v -0.7205603 2.555274 0.4160156
v -0.6600948 2.555274 0.5065085
v -0.588335 2.555274 0.588335
v -0.5065085 2.555274 0.6600948
v -0.4160156 2.555274 0.7205603
v -0.3184046 2.555274 0.7686967
v -0.2153456 2.555274 0.8036805
v -0.1086018 2.555274 0.8249132
v -0.94438 2.53523 0.12433
v -0.9200724 2.53523 0.2465327
v -0.8800222 2.53523 0.3645171
v -0.8249144 2.53523 0.4762645
v -0.7556921 2.53523 0.579863
v -0.6735398 2.53523 0.6735398
v -0.579863 2.53523 0.7556921
v -0.4762645 2.53523 0.8249144
v -0.3645171 2.53523 0.8800222
v -0.2465327 2.53523 0.9200724
v -0.1243299 2.53523 0.94438
v -1.053869 2.513889 0.1387445
v -1.026744 2.513889 0.275115
v -0.9820497 2.513889 0.4067783
v -0.920553 2.513889 0.5314815
v -0.8433052 2.513889 0.6470909
v -0.7516283 2.513889 0.7516283
v -0.6470909 2.513889 0.8433052
v -0.5314815 2.513889 0.9205531
v -0.4067783 2.513889 0.9820497
v -0.2751151 2.513889 1.026744
v -0.1387444 2.513889 1.053869
v -1.148319 2.490546 0.151179
v -1.118762 2.490546 0.2997713
v -1.070063 2.490546 0.4432345
v -1.003054 2.490546 0.5791138
v -0.9188837 2.490546 0.7050842
v -0.8189906 2.490546 0.8189906
v -0.7050842 2.490546 0.9188837
v -0.5791137 2.490546 1.003055
v -0.4432345 2.490546 1.070063
v -0.2997714 2.490546 1.118762
v -0.151179 2.490546 1.148319
v -1.222581 2.464432 0.1609559
v -1.191113 2.464432 0.3191577
v -1.139264 2.464432 0.4718987
v -1.067923 2.464432 0.6165653
v -0.9783084 2.464432 0.7506824
v -0.871955 2.464432 0.871955
v -0.7506824 2.464432 0.9783084
v -0.6165653 2.464432 1.067923
v -0.4718987 2.464432 1.139264
v -0.3191578 2.464432 1.191113
v -0.1609558 2.464432 1.222581
v -1.271315 2.434631 0.1673718
v -1.238593 2.434631 0.3318799
v -1.184677 2.434631 0.4907094
v -1.110492 2.434631 0.6411426
v -1.017305 2.434631 0.7806058
v -0.9067126 2.434631 0.9067126
v -0.7806058 2.434631 1.017305
v -0.6411426 2.434631 1.110492
v -0.4907094 2.434631 1.184677
v -0.3318799 2.434631 1.238593
v -0.1673717 2.434631 1.271315
v -1.288878 2.4 0.1696841
v -1.255704 2.4 0.3364647
v -1.201043 2.4 0.4974885
v -1.125833 2.4 0.65
v -1.031359 2.4 0.7913898
v -0.9192387 2.4 0.9192387
v -0.7913898 2.4 1.031359
v -0.6499999 2.4 1.125833
v -0.4974884 2.4 1.201043
v -0.3364648 2.4 1.255704
v -0.169684 2.4 1.288878
v -1.4 2.4 0
v -1.388023 2.4 -0.1827367
v -1.352296 2.4 -0.3623466
v -1.293431 2.4 -0.5357568
v -1.212435 2.4 -0.7
v -1.110695 2.4 -0.852266
v -0.9899495 2.4 -0.9899495
v -0.852266 2.4 -1.110695
v -0.6999999 2.4 -1.212436
v -0.5357568 2.4 -1.293431
v -0.3623467 2.4 -1.352296
v -0.1827366 2.4 -1.388023
v 6.119594e-8 2.4 -1.4
v -1.387767 2.430111 0
v -1.375894 2.430111 -0.1811399
v -1.34048 2.430111 -0.3591804
v -1.282129 2.430111 -0.5310754
v -1.201841 2.430111 -0.6938833
v -1.100989 2.430111 -0.8448188
v -0.9812992 2.430111 -0.9812992
v -0.8448188 2.430111 -1.100989
v -0.6938832 2.430111 -1.201841
v -0.5310753 2.430111 -1.282129
v -0.3591804 2.430111 -1.34048
v -0.1811398 2.430111 -1.375894
v 6.066121e-8 2.430111 -1.387767
v -1.382171 2.454903 0
v -1.370346 2.454903 -0.1804095
v -1.335074 2.454903 -0.3577321
v -1.276959 2.454903 -0.5289338
v -1.196995 2.454903 -0.6910854
v -1.09655 2.454903 -0.8414122
v -0.9773422 2.454903 -0.9773422
v -0.8414122 2.454903 -1.09655
v -0.6910853 2.454903 -1.196995
v -0.5289338 2.454903 -1.276959
v -0.3577321 2.454903 -1.335074
v -0.1804094 2.454903 -1.370346
v 6.04166e-8 2.454903 -1.382171
v -1.38267 2.474418 0
v -1.370841 2.474418 -0.1804746
v -1.335556 2.474418 -0.3578612
v -1.27742 2.474418 -0.5291249
v -1.197427 2.474418 -0.6913348
v -1.096946 2.474418 -0.841716
v -0.977695 2.474418 -0.977695
v -0.841716 2.474418 -1.096946
v -0.6913348 2.474418 -1.197427
v -0.5291248 2.474418 -1.27742
v -0.3578613 2.474418 -1.335556
v -0.1804745 2.474418 -1.370841
v 6.04384e-8 2.474418 -1.38267
v -1.388381 2.488604 0
v -1.376503 2.488604 -0.1812201
v -1.341073 2.488604 -0.3593395
v -1.282697 2.488604 -0.5313105
v -1.202373 2.488604 -0.6941906
v -1.101477 2.488604 -0.8451929
v -0.9817337 2.488604 -0.9817337
v -0.8451929 2.488604 -1.101477
v -0.6941905 2.488604 -1.202373
v -0.5313105 2.488604 -1.282697
v -0.3593395 2.488604 -1.341073
v -0.18122 2.488604 -1.376503
v 6.068806e-8 2.488604 -1.388381
v -1.398207 2.497355 0
v -1.386245 2.497355 -0.1825026
v -1.350564 2.497355 -0.3618826
v -1.291775 2.497355 -0.5350707
v -1.210883 2.497355 -0.6991035
v -1.109272 2.497355 -0.8511745
v -0.9886816 2.497355 -0.9886816
v -0.8511745 2.497355 -1.109272
v -0.6991035 2.497355 -1.210883
v -0.5350707 2.497355 -1.291775
v -0.3618826 2.497355 -1.350564
v -0.1825025 2.497355 -1.386245
v 6.111757e-8 2.497355 -1.398207
v -1.41095 2.500534 0
v -1.39888 2.500534 -0.184166
v -1.362874 2.500534 -0.3651808
v -1.303548 2.500534 -0.5399474
v -1.221919 2.500534 -0.7054752
v -1.119382 2.500534 -0.8589322
v -0.9976925 2.500534 -0.9976925
v -0.8589322 2.500534 -1.119382
v -0.7054752 2.500534 -1.221919
v -0.5399474 2.500534 -1.303548
v -0.3651809 2.500534 -1.362874
v -0.1841659 2.500534 -1.39888
v 6.16746e-8 2.500534 -1.41095
v -1.425441 2.498015 0
v -1.413246 2.498015 -0.1860574
v -1.37687 2.498014 -0.3689313
v -1.316936 2.498015 -0.5454926
v -1.234468 2.498015 -0.7127205
v -1.130878 2.498015 -0.8677534
v -1.007939 2.498015 -1.007939
v -0.8677534 2.498015 -1.130878
v -0.7127204 2.498015 -1.234468
v -0.5454926 2.498015 -1.316936
v -0.3689313 2.498014 -1.37687
v -0.1860573 2.498015 -1.413246
v 6.2308e-8 2.498015 -1.425441
v -1.440652 2.489708 0
v -1.428326 2.489708 -0.1880428
v -1.391562 2.489708 -0.372868
v -1.330988 2.489708 -0.5513135
v -1.247641 2.489708 -0.7203258
v -1.142946 2.489708 -0.8770131
v -1.018694 2.489708 -1.018694
v -0.8770131 2.489708 -1.142946
v -0.7203256 2.489708 -1.247641
v -0.5513135 2.489708 -1.330988
v -0.3728681 2.489708 -1.391562
v -0.1880427 2.489708 -1.428326
v 6.297288e-8 2.489708 -1.440652
v -1.455822 2.475597 0
v -1.443367 2.475597 -0.1900228
v -1.406216 2.475597 -0.3767943
v -1.345004 2.475597 -0.5571188
v -1.260778 2.475597 -0.7279108
v -1.154981 2.475597 -0.886248
v -1.029421 2.475597 -1.029421
v -0.886248 2.475597 -1.154981
v -0.7279106 2.475597 -1.260778
v -0.5571188 2.475597 -1.345004
v -0.3767944 2.475597 -1.406216
v -0.1900227 2.475597 -1.443367
v 6.363598e-8 2.475597 -1.455822
v -1.470577 2.455766 0
v -1.457995 2.455766 -0.1919487
v -1.420468 2.455766 -0.3806131
v -1.358635 2.455766 -0.5627652
v -1.273556 2.455766 -0.7352883
v -1.166687 2.455766 -0.8952302
v -1.039855 2.455766 -1.039855
v -0.8952302 2.455766 -1.166687
v -0.7352881 2.455766 -1.273556
v -0.5627652 2.455766 -1.358635
v -0.3806132 2.455766 -1.420468
v -0.1919486 2.455766 -1.457995
v 6.428093e-8 2.455766 -1.470577
v -1.485049 2.430437 0
v -1.472344 2.430437 -0.1938378
v -1.434447 2.430437 -0.3843589
v -1.372006 2.430437 -0.5683036
v -1.28609 2.430437 -0.7425245
v -1.178169 2.430437 -0.9040406
v -1.050088 2.430437 -1.050088
v -0.9040406 2.430437 -1.178169
v -0.7425244 2.430437 -1.28609
v -0.5683036 2.430437 -1.372006
v -0.384359 2.430437 -1.434447
v -0.1938377 2.430437 -1.472344
v 6.491355e-8 2.430437 -1.485049
v -1.5 2.4 0
v -1.487167 2.4 -0.1957893
v -1.448889 2.4 -0.3882286
v -1.385819 2.4 -0.5740252
v -1.299038 2.4 -0.75
v -1.19003 2.4 -0.9131421
v -1.06066 2.4 -1.06066
v -0.9131421 2.4 -1.19003
v -0.7499999 2.4 -1.299038
v -0.5740252 2.4 -1.385819
v -0.3882286 2.4 -1.448889
v -0.1957892 2.4 -1.487167
v 6.556708e-8 2.4 -1.5
v 0.1827367 2.4 -1.388023
v 0.3623466 2.4 -1.352296
v 0.5357568 2.4 -1.293431
v 0.7 2.4 -1.212435
v 0.852266 2.4 -1.110695
v 0.9899495 2.4 -0.9899495
v 1.110695 2.4 -0.852266
v 1.212436 2.4 -0.6999999
v 1.293431 2.4 -0.5357568
v 1.352296 2.4 -0.3623467
v 1.388023 2.4 -0.1827366
v 1.4 2.4 6.119594e-8
v 0.1811399 2.430111 -1.375894
v 0.3591804 2.430111 -1.34048
v 0.5310754 2.430111 -1.282129
v 0.6938833 2.430111 -1.201841
v 0.8448188 2.430111 -1.100989
v 0.9812992 2.430111 -0.9812992
v 1.100989 2.430111 -0.8448188
v 1.201841 2.430111 -0.6938832
v 1.282129 2.430111 -0.5310753
v 1.34048 2.430111 -0.3591804
v 1.375894 2.430111 -0.1811398
v 1.387767 2.430111 6.066121e-8
v 0.1804095 2.454903 -1.370346
v 0.3577321 2.454903 -1.335074
v 0.5289338 2.454903 -1.276959
v 0.6910854 2.454903 -1.196995
v 0.8414122 2.454903 -1.09655
v 0.9773422 2.454903 -0.9773422
v 1.09655 2.454903 -0.8414122
v 1.196995 2.454903 -0.6910853
v 1.276959 2.454903 -0.5289338
v 1.335074 2.454903 -0.3577321
v 1.370346 2.454903 -0.1804094
v 1.382171 2.454903 6.04166e-8
v 0.1804746 2.474418 -1.370841
v 0.3578612 2.474418 -1.335556
v 0.5291249 2.474418 -1.27742
v 0.6913348 2.474418 -1.197427
v 0.841716 2.474418 -1.096946
v 0.977695 2.474418 -0.977695
v 1.096946 2.474418 -0.841716
v 1.197427 2.474418 -0.6913348
v 1.27742 2.474418 -0.5291248
v 1.335556 2.474418 -0.3578613
v 1.370841 2.474418 -0.1804745
v 1.38267 2.474418 6.04384e-8
v 0.1812201 2.488604 -1.376503
v 0.3593395 2.488604 -1.341073
v 0.5313105 2.488604 -1.282697
v 0.6941906 2.488604 -1.202373
v 0.8451929 2.488604 -1.101477
v 0.9817337 2.488604 -0.9817337
v 1.101477 2.488604 -0.8451929
v 1.202373 2.488604 -0.6941905
v 1.282697 2.488604 -0.5313105
v 1.341073 2.488604 -0.3593395
v 1.376503 2.488604 -0.18122
v 1.388381 2.488604 6.068806e-8
v 0.1825026 2.497355 -1.386245
v 0.3618826 2.497355 -1.350564
v 0.5350707 2.497355 -1.291775
v 0.6991035 2.497355 -1.210883
v 0.8511745 2.497355 -1.109272
v 0.9886816 2.497355 -0.9886816
v 1.109272 2.497355 -0.8511745
v 1.210883 2.497355 -0.6991035
v 1.291775 2.497355 -0.5350707
v 1.350564 2.497355 -0.3618826
v 1.386245 2.497355 -0.1825025
v 1.398207 2.497355 6.111757e-8
v 0.184166 2.500534 -1.39888
v 0.3651808 2.500534 -1.362874
v 0.5399474 2.500534 -1.303548
v 0.7054752 2.500534 -1.221919
v 0.8589322 2.500534 -1.119382
v 0.9976925 2.500534 -0.9976925
v 1.119382 2.500534 -0.8589322
v 1.221919 2.500534 -0.7054752
v 1.303548 2.500534 -0.5399474
v 1.362874 2.500534 -0.3651809
v 1.39888 2.500534 -0.1841659
v 1.41095 2.500534 6.16746e-8
v 0.1860574 2.498015 -1.413246
v 0.3689313 2.498014 -1.37687
v 0.5454926 2.498015 -1.316936
v 0.7127205 2.498015 -1.234468
v 0.8677534 2.498015 -1.130878
v 1.007939 2.498015 -1.007939
v 1.130878 2.498015 -0.8677534
v 1.234468 2.498015 -0.7127204
v 1.316936 2.498015 -0.5454926
v 1.37687 2.498014 -0.3689313
v 1.413246 2.498015 -0.1860573
v 1.425441 2.498015 6.2308e-8
v 0.1880428 2.489708 -1.428326
v 0.372868 2.489708 -1.391562
v 0.5513135 2.489708 -1.330988
v 0.7203258 2.489708 -1.247641
v 0.8770131 2.489708 -1.142946
v 1.018694 2.489708 -1.018694
v 1.142946 2.489708 -0.8770131
v 1.247641 2.489708 -0.7203256
v 1.330988 2.489708 -0.5513135
v 1.391562 2.489708 -0.3728681
v 1.428326 2.489708 -0.1880427
v 1.440652 2.489708 6.297288e-8
v 0.1900228 2.475597 -1.443367
v 0.3767943 2.475597 -1.406216
v 0.5571188 2.475597 -1.345004
v 0.7279108 2.475597 -1.260778
v 0.886248 2.475597 -1.154981
v 1.029421 2.475597 -1.029421
v 1.154981 2.475597 -0.886248
v 1.260778 2.475597 -0.7279106
v 1.345004 2.475597 -0.5571188
v 1.406216 2.475597 -0.3767944
v 1.443367 2.475597 -0.1900227
v 1.455822 2.475597 6.363598e-8
v 0.1919487 2.455766 -1.457995
v 0.3806131 2.455766 -1.420468
v 0.5627652 2.455766 -1.358635
v 0.7352883 2.455766 -1.273556
v 0.8952302 2.455766 -1.166687
v 1.039855 2.455766 -1.039855
v 1.166687 2.455766 -0.8952302
v 1.273556 2.455766 -0.7352881
v 1.358635 2.455766 -0.5627652
v 1.420468 2.455766 -0.3806132
v 1.457995 2.455766 -0.1919486
v 1.470577 2.455766 6.428093e-8
v 0.1938378 2.430437 -1.472344
v 0.3843589 2.430437 -1.434447
v 0.5683036 2.430437 -1.372006
v 0.7425245 2.430437 -1.28609
v 0.9040406 2.430437 -1.178169
v 1.050088 2.430437 -1.050088
v 1.178169 2.430437 -0.9040406
v 1.28609 2.430437 -0.7425244
v 1.372006 2.430437 -0.5683036
v 1.434447 2.430437 -0.384359
v 1.472344 2.430437 -0.1938377
v 1.485049 2.430437 6.491355e-8
v 0.1957893 2.4 -1.487167
v 0.3882286 2.4 -1.448889
v 0.5740252 2.4 -1.385819
v 0.75 2.4 -1.299038
v 0.9131421 2.4 -1.19003
v 1.06066 2.4 -1.06066
v 1.19003 2.4 -0.9131421
v 1.299038 2.4 -0.7499999
v 1.385819 2.4 -0.5740252
v 1.448889 2.4 -0.3882286
v 1.487167 2.4 -0.1957892
v 1.5 2.4 6.556708e-8
v 0 2.4 1.4
v 0.1827367 2.4 1.388023
v 0.3623466 2.4 1.352296
v 0.5357568 2.4 1.293431
v 0.7 2.4 1.212435
v 0.852266 2.4 1.110695
v 0.9899495 2.4 0.9899495
v 1.110695 2.4 0.852266
v 1.212436 2.4 0.6999999
v 1.293431 2.4 0.5357568
v 1.352296 2.4 0.3623467
v 1.388023 2.4 0.1827366
v 0 2.430111 1.387767
v 0.1811399 2.430111 1.375894
v 0.3591804 2.430111 1.34048
v 0.5310754 2.430111 1.282129
v 0.6938833 2.430111 1.201841
v 0.8448188 2.430111 1.100989
v 0.9812992 2.430111 0.9812992
v 1.100989 2.430111 0.8448188
v 1.201841 2.430111 0.6938832
v 1.282129 2.430111 0.5310753
v 1.34048 2.430111 0.3591804
v 1.375894 2.430111 0.1811398
v 0 2.454903 1.382171
v 0.1804095 2.454903 1.370346
v 0.3577321 2.454903 1.335074
v 0.5289338 2.454903 1.276959
v 0.6910854 2.454903 1.196995
v 0.8414122 2.454903 1.09655
v 0.9773422 2.454903 0.9773422
v 1.09655 2.454903 0.8414122
v 1.196995 2.454903 0.6910853
v 1.276959 2.454903 0.5289338
v 1.335074 2.454903 0.3577321
v 1.370346 2.454903 0.1804094
v 0 2.474418 1.38267
v 0.1804746 2.474418 1.370841
v 0.3578612 2.474418 1.335556
v 0.5291249 2.474418 1.27742
v 0.6913348 2.474418 1.197427
v 0.841716 2.474418 1.096946
v 0.977695 2.474418 0.977695
v 1.096946 2.474418 0.841716
v 1.197427 2.474418 0.6913348
v 1.27742 2.474418 0.5291248
v 1.335556 2.474418 0.3578613
v 1.370841 2.474418 0.1804745
v 0 2.488604 1.388381
v 0.1812201 2.488604 1.376503
v 0.3593395 2.488604 1.341073
v 0.5313105 2.488604 1.282697
v 0.6941906 2.488604 1.202373
v 0.8451929 2.488604 1.101477
v 0.9817337 2.488604 0.9817337
v 1.101477 2.488604 0.8451929
v 1.202373 2.488604 0.6941905
v 1.282697 2.488604 0.5313105
v 1.341073 2.488604 0.3593395
v 1.376503 2.488604 0.18122
v 0 2.497355 1.398207
v 0.1825026 2.497355 1.386245
v 0.3618826 2.497355 1.350564
v 0.5350707 2.497355 1.291775
v 0.6991035 2.497355 1.210883
v 0.8511745 2.497355 1.109272
v 0.9886816 2.497355 0.9886816
v 1.109272 2.497355 0.8511745
v 1.210883 2.497355 0.6991035
v 1.291775 2.497355 0.5350707
v 1.350564 2.497355 0.3618826
v 1.386245 2.497355 0.1825025
v 0 2.500534 1.41095
v 0.184166 2.500534 1.39888
v 0.3651808 2.500534 1.362874
v 0.5399474 2.500534 1.303548
v 0.7054752 2.500534 1.221919
v 0.8589322 2.500534 1.119382
v 0.9976925 2.500534 0.9976925
v 1.119382 2.500534 0.8589322
v 1.221919 2.500534 0.7054752
v 1.303548 2.500534 0.5399474
v 1.362874 2.500534 0.3651809
v 1.39888 2.500534 0.1841659
v 0 2.498015 1.425441
v 0.1860574 2.498015 1.413246
v 0.3689313 2.498014 1.37687
v 0.5454926 2.498015 1.316936
v 0.7127205 2.498015 1.234468
v 0.8677534 2.498015 1.130878
v 1.007939 2.498015 1.007939
v 1.130878 2.498015 0.8677534
v 1.234468 2.498015 0.7127204
v 1.316936 2.498015 0.5454926
v 1.37687 2.498014 0.3689313
v 1.413246 2.498015 0.1860573
v 0 2.489708 1.440652
v 0.1880428 2.489708 1.428326
v 0.372868 2.489708 1.391562
v 0.5513135 2.489708 1.330988
v 0.7203258 2.489708 1.247641
v 0.8770131 2.489708 1.142946
v 1.018694 2.489708 1.018694
v 1.142946 2.489708 0.8770131
v 1.247641 2.489708 0.7203256
v 1.330988 2.489708 0.5513135
v 1.391562 2.489708 0.3728681
v 1.428326 2.489708 0.1880427
v 0 2.475597 1.455822
v 0.1900228 2.475597 1.443367
v 0.3767943 2.475597 1.406216
v 0.5571188 2.475597 1.345004
v 0.7279108 2.475597 1.260778
v 0.886248 2.475597 1.154981
v 1.029421 2.475597 1.029421
v 1.154981 2.475597 0.886248
v 1.260778 2.475597 0.7279106
v 1.345004 2.475597 0.5571188
v 1.406216 2.475597 0.3767944
v 1.443367 2.475597 0.1900227
v 0 2.455766 1.470577
v 0.1919487 2.455766 1.457995
v 0.3806131 2.455766 1.420468
v 0.5627652 2.455766 1.358635
v 0.7352883 2.455766 1.273556
v 0.8952302 2.455766 1.166687
v 1.039855 2.455766 1.039855
v 1.166687 2.455766 0.8952302
v 1.273556 2.455766 0.7352881
v 1.358635 2.455766 0.5627652
v 1.420468 2.455766 0.3806132
v 1.457995 2.455766 0.1919486
v 0 2.430437 1.485049
v 0.1938378 2.430437 1.472344
v 0.3843589 2.430437 1.434447
v 0.5683036 2.430437 1.372006
v 0.7425245 2.430437 1.28609
v 0.9040406 2.430437 1.178169
v 1.050088 2.430437 1.050088
v 1.178169 2.430437 0.9040406
v 1.28609 2.430437 0.7425244
v 1.372006 2.430437 0.5683036
v 1.434447 2.430437 0.384359
v 1.472344 2.430437 0.1938377
v 0 2.4 1.5
v 0.1957893 2.4 1.487167
v 0.3882286 2.4 1.448889
v 0.5740252 2.4 1.385819
v 0.75 2.4 1.299038
v 0.9131421 2.4 1.19003
v 1.06066 2.4 1.06066
v 1.19003 2.4 0.9131421
v 1.299038 2.4 0.7499999
v 1.385819 2.4 0.5740252
v 1.448889 2.4 0.3882286
v 1.487167 2.4 0.1957892
v -1.388023 2.4 0.1827367
v -1.352296 2.4 0.3623466
v -1.293431 2.4 0.5357568
v -1.212435 2.4 0.7
v -1.110695 2.4 0.852266
v -0.9899495 2.4 0.9899495
v -0.852266 2.4 1.110695
v -0.6999999 2.4 1.212436
v -0.5357568 2.4 1.293431
v -0.3623467 2.4 1.352296
v -0.1827366 2.4 1.388023
v -1.375894 2.430111 0.1811399
v -1.34048 2.430111 0.3591804
v -1.282129 2.430111 0.5310754
v -1.201841 2.430111 0.6938833
v -1.100989 2.430111 0.8448188
v -0.9812992 2.430111 0.9812992
v -0.8448188 2.430111 1.100989
v -0.6938832 2.430111 1.201841
v -0.5310753 2.430111 1.282129
v -0.3591804 2.430111 1.34048
v -0.1811398 2.430111 1.375894
v -1.370346 2.454903 0.1804095
v -1.335074 2.454903 0.3577321
v -1.276959 2.454903 0.5289338
v -1.196995 2.454903 0.6910854
v -1.09655 2.454903 0.8414122
v -0.9773422 2.454903 0.9773422
v -0.8414122 2.454903 1.09655
v -0.6910853 2.454903 1.196995
v -0.5289338 2.454903 1.276959
v -0.3577321 2.454903 1.335074
v -0.1804094 2.454903 1.370346
v -1.370841 2.474418 0.1804746
v -1.335556 2.474418 0.3578612
v -1.27742 2.474418 0.5291249
v -1.197427 2.474418 0.6913348
v -1.096946 2.474418 0.841716
v -0.977695 2.474418 0.977695
v -0.841716 2.474418 1.096946
v -0.6913348 2.474418 1.197427
v -0.5291248 2.474418 1.27742
v -0.3578613 2.474418 1.335556
v -0.1804745 2.474418 1.370841
v -1.376503 2.488604 0.1812201
v -1.341073 2.488604 0.3593395
v -1.282697 2.488604 0.5313105
v -1.202373 2.488604 0.6941906
v -1.101477 2.488604 0.8451929
v -0.9817337 2.488604 0.9817337
v -0.8451929 2.488604 1.101477
v -0.6941905 2.488604 1.202373
v -0.5313105 2.488604 1.282697
v -0.3593395 2.488604 1.341073
v -0.18122 2.488604 1.376503
v -1.386245 2.497355 0.1825026
v -1.350564 2.497355 0.3618826
v -1.291775 2.497355 0.5350707
v -1.210883 2.497355 0.6991035
v -1.109272 2.497355 0.8511745
v -0.9886816 2.497355 0.9886816
v -0.8511745 2.497355 1.109272
v -0.6991035 2.497355 1.210883
v -0.5350707 2.497355 1.291775
v -0.3618826 2.497355 1.350564
v -0.1825025 2.497355 1.386245
v -1.39888 2.500534 0.184166
v -1.362874 2.500534 0.3651808
v -1.303548 2.500534 0.5399474
v -1.221919 2.500534 0.7054752
v -1.119382 2.500534 0.8589322
v -0.9976925 2.500534 0.9976925
v -0.8589322 2.500534 1.119382
v -0.7054752 2.500534 1.221919
v -0.5399474 2.500534 1.303548
v -0.3651809 2.500534 1.362874
v -0.1841659 2.500534 1.39888
v -1.413246 2.498015 0.1860574
v -1.37687 2.498014 0.3689313
v -1.316936 2.498015 0.5454926
v -1.234468 2.498015 0.7127205
v -1.130878 2.498015 0.8677534
v -1.007939 2.498015 1.007939
v -0.8677534 2.498015 1.130878
v -0.7127204 2.498015 1.234468
v -0.5454926 2.498015 1.316936
v -0.3689313 2.498014 1.37687
v -0.1860573 2.498015 1.413246
v -1.428326 2.489708 0.1880428
v -1.391562 2.489708 0.372868
v -1.330988 2.489708 0.5513135
v -1.247641 2.489708 0.7203258
v -1.142946 2.489708 0.8770131
v -1.018694 2.489708 1.018694
v -0.8770131 2.489708 1.142946
v -0.7203256 2.489708 1.247641
v -0.5513135 2.489708 1.330988
v -0.3728681 2.489708 1.391562
v -0.1880427 2.489708 1.428326
v -1.443367 2.475597 0.1900228
v -1.406216 2.475597 0.3767943
v -1.345004 2.475597 0.5571188
v -1.260778 2.475597 0.7279108
v -1.154981 2.475597 0.886248
v -1.029421 2.475597 1.029421
v -0.886248 2.475597 1.154981
v -0.7279106 2.475597 1.260778
v -0.5571188 2.475597 1.345004
v -0.3767944 2.475597 1.406216
v -0.1900227 2.475597 1.443367
v -1.457995 2.455766 0.1919487
v -1.420468 2.455766 0.3806131
v -1.358635 2.455766 0.5627652
v -1.273556 2.455766 0.7352883
v -1.166687 2.455766 0.8952302
v -1.039855 2.455766 1.039855
v -0.8952302 2.455766 1.166687
v -0.7352881 2.455766 1.273556
v -0.5627652 2.455766 1.358635
v -0.3806132 2.455766 1.420468
v -0.1919486 2.455766 1.457995
v -1.472344 2.430437 0.1938378
v -1.434447 2.430437 0.3843589
v -1.372006 2.430437 0.5683036
v -1.28609 2.430437 0.7425245
v -1.178169 2.430437 0.9040406
v -1.050088 2.430437 1.050088
v -0.9040406 2.430437 1.178169
v -0.7425244 2.430437 1.28609
v -0.5683036 2.430437 1.372006
v -0.384359 2.430437 1.434447
v -0.1938377 2.430437 1.472344
v -1.487167 2.4 0.1957893
v -1.448889 2.4 0.3882286
v -1.385819 2.4 0.5740252
v -1.299038 2.4 0.75
v -1.19003 2.4 0.9131421
v -1.06066 2.4 1.06066
v -0.9131421 2.4 1.19003
v -0.7499999 2.4 1.299038
v -0.5740252 2.4 1.385819
v -0.3882286 2.4 1.448889
v -0.1957892 2.4 1.487167
v -1.50765 2.268435 -0.4039735
v -1.442022 2.268435 -0.5973053
v -1.351721 2.268435 -0.7804168
v -1.238292 2.268435 -0.9501754
v -1.103676 2.268435 -1.103676
v -0.9501754 2.268435 -1.238292
v -0.7804168 2.268435 -1.351722
v -0.5973052 2.268435 -1.442022
v -0.4039735 2.268435 -1.50765
v -0.2037296 2.268435 -1.547481
v 6.822621e-8 2.268435 -1.560834
v -1.563459 2.136769 -0.4189275
v -1.495402 2.136769 -0.6194158
v -1.401759 2.136769 -0.8093058
v -1.284131 2.136769 -0.9853482
v -1.144531 2.136769 -1.144531
v -0.9853482 2.136769 -1.284131
v -0.8093057 2.136769 -1.401759
v -0.6194158 2.136769 -1.495402
v -0.4189276 2.136769 -1.563459
v -0.2112711 2.136769 -1.604764
v 7.075175e-8 2.136769 -1.618612
v -1.616665 2.005653 -0.4331842
v -1.546293 2.005653 -0.6404955
v -1.449463 2.005653 -0.8368476
v -1.327832 2.005653 -1.018881
v -1.183481 2.005653 -1.183481
v -1.018881 2.005653 -1.327832
v -0.8368476 2.005653 -1.449463
v -0.6404954 2.005653 -1.546293
v -0.4331843 2.005653 -1.616665
v -0.2184609 2.005653 -1.659377
v 7.315953e-8 2.005653 -1.673695
v -1.726324 1.87557 0
v -1.711555 1.87557 -0.2253305
v -1.6675 1.87557 -0.4468054
v -1.594915 1.87557 -0.6606355
v -1.49504 1.87557 -0.8631618
v -1.369585 1.87557 -1.050919
v -1.220695 1.87557 -1.220695
v -1.050919 1.87557 -1.369585
v -0.8631617 1.87557 -1.49504
v -0.6606355 1.87557 -1.594915
v -0.4468055 1.87557 -1.6675
v -0.2253303 1.87557 -1.711555
v 7.546001e-8 1.87557 -1.726324
v -1.776556 1.746864 0
v -1.761357 1.746864 -0.2318871
v -1.716021 1.746864 -0.4598064
v -1.641323 1.746864 -0.6798584
v -1.538542 1.746864 -0.8882779
v -1.409436 1.746864 -1.081499
v -1.256214 1.746864 -1.256214
v -1.081499 1.746864 -1.409436
v -0.8882778 1.746864 -1.538542
v -0.6798583 1.746864 -1.641323
v -0.4598065 1.746864 -1.716021
v -0.2318869 1.746864 -1.761357
v 7.765572e-8 1.746864 -1.776556
v -1.824206 1.619779 0
v -1.808599 1.619779 -0.2381067
v -1.762047 1.619779 -0.4721392
v -1.685346 1.619779 -0.6980935
v -1.579809 1.619779 -0.9121029
v -1.44724 1.619779 -1.110506
v -1.289908 1.619779 -1.289908
v -1.110506 1.619779 -1.44724
v -0.9121029 1.619779 -1.579809
v -0.6980934 1.619779 -1.685346
v -0.4721393 1.619779 -1.762047
v -0.2381065 1.619779 -1.808599
v 7.973857e-8 1.619779 -1.824206
v -1.868789 1.494486 0
v -1.852802 1.494486 -0.243926
v -1.805112 1.494486 -0.4836783
v -1.726536 1.494486 -0.7151548
v -1.618419 1.494486 -0.9343947
v -1.48261 1.494486 -1.137647
v -1.321434 1.494486 -1.321434
v -1.137647 1.494486 -1.48261
v -0.9343946 1.494486 -1.618419
v -0.7151547 1.494486 -1.726536
v -0.4836783 1.494486 -1.805112
v -0.2439258 1.494486 -1.852802
v 8.168738e-8 1.494486 -1.868789
v -1.909458 1.371118 0
v -1.893123 1.371118 -0.2492343
v -1.844395 1.371118 -0.4942041
v -1.764109 1.371118 -0.7307181
v -1.653639 1.371118 -0.9547292
v -1.514875 1.371118 -1.162405
v -1.350191 1.371118 -1.350191
v -1.162405 1.371118 -1.514875
v -0.9547291 1.371118 -1.653639
v -0.730718 1.371118 -1.764109
v -0.4942042 1.371118 -1.844395
v -0.2492342 1.371118 -1.893123
v 8.346508e-8 1.371118 -1.909458
v -1.944943 1.249801 0
v -1.928303 1.249801 -0.253866
v -1.87867 1.249801 -0.5033882
v -1.796892 1.249801 -0.7442973
v -1.68437 1.249801 -0.9724714
v -1.543027 1.249801 -1.184006
v -1.375282 1.249801 -1.375282
v -1.184006 1.249801 -1.543027
v -0.9724712 1.249801 -1.68437
v -0.7442973 1.249801 -1.796892
v -0.5033882 1.249801 -1.87867
v -0.2538658 1.249801 -1.928303
v 8.501614e-8 1.249801 -1.944943
v -1.973491 1.130687 0
v -1.956607 1.130687 -0.2575923
v -1.906246 1.130687 -0.510777
v -1.823268 1.130687 -0.7552223
v -1.709093 1.130687 -0.9867454
v -1.565675 1.130687 -1.201385
v -1.395469 1.130687 -1.395469
v -1.201385 1.130687 -1.565675
v -0.9867454 1.130687 -1.709093
v -0.7552223 1.130687 -1.823268
v -0.5107771 1.130687 -1.906246
v -0.2575921 1.130687 -1.956607
v 8.626402e-8 1.130687 -1.973491
v -1.97576 1.013986 -0.2601138
v -1.924905 1.013986 -0.5157768
v -1.841115 1.013986 -0.7626149
v -1.725823 1.013986 -0.9964043
v -1.581002 1.013986 -1.213145
v -1.409129 1.013986 -1.409129
v -1.213145 1.013986 -1.581002
v -0.9964042 1.013986 -1.725823
v -0.7626148 1.013986 -1.841115
v -0.5157769 1.013986 -1.924905
v -0.2601136 1.013986 -1.97576
v 8.710843e-8 1.013986 -1.992809
v -1.931852 0.9 -0.5176381
v -1.847759 0.9 -0.7653669
v -1.732051 0.9 -1
v -1.586707 0.9 -1.217523
v -1.414214 0.9 -1.414214
v -1.217523 0.9 -1.586707
v -0.9999999 0.9 -1.732051
v -0.7653669 0.9 -1.847759
v -0.5176381 0.9 -1.931852
v -0.2610523 0.9 -1.98289
v 8.742278e-8 0.9 -2
v 0.2037297 2.268435 -1.547481
v 0.4039735 2.268435 -1.50765
v 0.5973053 2.268435 -1.442022
v 0.7804168 2.268435 -1.351721
v 0.9501754 2.268435 -1.238292
v 1.103676 2.268435 -1.103676
v 1.238292 2.268435 -0.9501754
v 1.351722 2.268435 -0.7804168
v 1.442022 2.268435 -0.5973052
v 1.50765 2.268435 -0.4039735
v 1.547481 2.268435 -0.2037296
v 1.560834 2.268435 6.822621e-8
v 0.2112712 2.136769 -1.604764
v 0.4189275 2.136769 -1.563459
v 0.6194158 2.136769 -1.495402
v 0.8093058 2.136769 -1.401759
v 0.9853482 2.136769 -1.284131
v 1.144531 2.136769 -1.144531
v 1.284131 2.136769 -0.9853482
v 1.401759 2.136769 -0.8093057
v 1.495402 2.136769 -0.6194158
v 1.563459 2.136769 -0.4189276
v 1.604764 2.136769 -0.2112711
v 1.618612 2.136769 7.075175e-8
v 0.2184611 2.005653 -1.659377
v 0.4331842 2.005653 -1.616665
v 0.6404955 2.005653 -1.546293
v 0.8368476 2.005653 -1.449463
v 1.018881 2.005653 -1.327832
v 1.183481 2.005653 -1.183481
v 1.327832 2.005653 -1.018881
v 1.449463 2.005653 -0.8368476
v 1.546293 2.005653 -0.6404954
v 1.616665 2.005653 -0.4331843
v 1.659377 2.005653 -0.2184609
v 1.673695 2.005653 7.315953e-8
v 0.2253305 1.87557 -1.711555
v 0.4468054 1.87557 -1.6675
v 0.6606355 1.87557 -1.594915
v 0.8631618 1.87557 -1.49504
v 1.050919 1.87557 -1.369585
v 1.220695 1.87557 -1.220695
v 1.369585 1.87557 -1.050919
v 1.49504 1.87557 -0.8631617
v 1.594915 1.87557 -0.6606355
v 1.6675 1.87557 -0.4468055
v 1.711555 1.87557 -0.2253303
v 1.726324 1.87557 7.546001e-8
v 0.2318871 1.746864 -1.761357
v 0.4598064 1.746864 -1.716021
v 0.6798584 1.746864 -1.641323
v 0.8882779 1.746864 -1.538542
v 1.081499 1.746864 -1.409436
v 1.256214 1.746864 -1.256214
v 1.409436 1.746864 -1.081499
v 1.538542 1.746864 -0.8882778
v 1.641323 1.746864 -0.6798583
v 1.716021 1.746864 -0.4598065
v 1.761357 1.746864 -0.2318869
v 1.776556 1.746864 7.765572e-8
v 0.2381067 1.619779 -1.808599
v 0.4721392 1.619779 -1.762047
v 0.6980935 1.619779 -1.685346
v 0.9121029 1.619779 -1.579809
v 1.110506 1.619779 -1.44724
v 1.289908 1.619779 -1.289908
v 1.44724 1.619779 -1.110506
v 1.579809 1.619779 -0.9121029
v 1.685346 1.619779 -0.6980934
v 1.762047 1.619779 -0.4721393
v 1.808599 1.619779 -0.2381065
v 1.824206 1.619779 7.973857e-8
v 0.243926 1.494486 -1.852802
v 0.4836783 1.494486 -1.805112
v 0.7151548 1.494486 -1.726536
v 0.9343947 1.494486 -1.618419
v 1.137647 1.494486 -1.48261
v 1.321434 1.494486 -1.321434
v 1.48261 1.494486 -1.137647
v 1.618419 1.494486 -0.9343946
v 1.726536 1.494486 -0.7151547
v 1.805112 1.494486 -0.4836783
v 1.852802 1.494486 -0.2439258
v 0.2492343 1.371118 -1.893123
v 0.4942041 1.371118 -1.844395
v 0.7307181 1.371118 -1.764109
v 0.9547292 1.371118 -1.653639
v 1.162405 1.371118 -1.514875
v 1.350191 1.371118 -1.350191
v 1.514875 1.371118 -1.162405
v 1.653639 1.371118 -0.9547291
v 1.764109 1.371118 -0.730718
v 1.844395 1.371118 -0.4942042
v 0.253866 1.249801 -1.928303
v 0.5033882 1.249801 -1.87867
v 0.7442973 1.249801 -1.796892
v 0.9724714 1.249801 -1.68437
v 1.184006 1.249801 -1.543027
v 1.375282 1.249801 -1.375282
v 1.543027 1.249801 -1.184006
v 1.68437 1.249801 -0.9724712
v 1.796892 1.249801 -0.7442973
v 0.2575923 1.130687 -1.956607
v 0.510777 1.130687 -1.906246
v 0.7552223 1.130687 -1.823268
v 0.9867454 1.130687 -1.709093
v 1.201385 1.130687 -1.565675
v 1.395469 1.130687 -1.395469
v 1.565675 1.130687 -1.201385
v 1.709093 1.130687 -0.9867454
v 1.823268 1.130687 -0.7552223
v 0.2601138 1.013986 -1.97576
v 0.5157768 1.013986 -1.924905
v 0.7626149 1.013986 -1.841115
v 0.9964043 1.013986 -1.725823
v 1.213145 1.013986 -1.581002
v 1.409129 1.013986 -1.409129
v 1.581002 1.013986 -1.213145
v 1.725823 1.013986 -0.9964042
v 1.841115 1.013986 -0.7626148
v 0.2610524 0.9 -1.98289
v 0.5176381 0.9 -1.931852
v 0.7653669 0.9 -1.847759
v 1 0.9 -1.732051
v 1.217523 0.9 -1.586707
v 1.414214 0.9 -1.414214
v 1.586707 0.9 -1.217523
v 1.732051 0.9 -0.9999999
v 1.847759 0.9 -0.7653669
v 0 2.268435 1.560834
v 0.2037297 2.268435 1.547481
v 0.4039735 2.268435 1.50765
v 0.5973053 2.268435 1.442022
v 0.7804168 2.268435 1.351721
v 0.9501754 2.268435 1.238292
v 1.103676 2.268435 1.103676
v 1.238292 2.268435 0.9501754
v 1.351722 2.268435 0.7804168
v 1.442022 2.268435 0.5973052
v 1.50765 2.268435 0.4039735
v 1.547481 2.268435 0.2037296
v 0 2.136769 1.618612
v 0.2112712 2.136769 1.604764
v 0.4189275 2.136769 1.563459
v 0.6194158 2.136769 1.495402
v 0.8093058 2.136769 1.401759
v 0.9853482 2.136769 1.284131
v 1.144531 2.136769 1.144531
v 1.284131 2.136769 0.9853482
v 1.401759 2.136769 0.8093057
v 1.495402 2.136769 0.6194158
v 1.563459 2.136769 0.4189276
v 1.604764 2.136769 0.2112711
v 0 2.005653 1.673695
v 0.2184611 2.005653 1.659377
v 0.4331842 2.005653 1.616665
v 0.6404955 2.005653 1.546293
v 0.8368476 2.005653 1.449463
v 1.018881 2.005653 1.327832
v 1.183481 2.005653 1.183481
v 1.327832 2.005653 1.018881
v 1.449463 2.005653 0.8368476
v 1.546293 2.005653 0.6404954
v 1.616665 2.005653 0.4331843
v 1.659377 2.005653 0.2184609
v 0 1.87557 1.726324
v 0.2253305 1.87557 1.711555
v 0.4468054 1.87557 1.6675
v 0.6606355 1.87557 1.594915
v 0.8631618 1.87557 1.49504
v 1.050919 1.87557 1.369585
v 1.220695 1.87557 1.220695
v 1.369585 1.87557 1.050919
v 1.49504 1.87557 0.8631617
v 1.594915 1.87557 0.6606355
v 1.6675 1.87557 0.4468055
v 1.711555 1.87557 0.2253303
v 0 1.746864 1.776556
v 0.2318871 1.746864 1.761357
v 0.4598064 1.746864 1.716021
v 0.6798584 1.746864 1.641323
v 0.8882779 1.746864 1.538542
v 1.081499 1.746864 1.409436
v 1.256214 1.746864 1.256214
v 1.409436 1.746864 1.081499
v 1.538542 1.746864 0.8882778
v 1.641323 1.746864 0.6798583
v 1.716021 1.746864 0.4598065
v 1.761357 1.746864 0.2318869
v 0 1.619779 1.824206
v 0.2381067 1.619779 1.808599
v 0.4721392 1.619779 1.762047
v 0.6980935 1.619779 1.685346
v 0.9121029 1.619779 1.579809
v 1.110506 1.619779 1.44724
v 1.289908 1.619779 1.289908
v 1.44724 1.619779 1.110506
v 1.579809 1.619779 0.9121029
v 1.685346 1.619779 0.6980934
v 1.762047 1.619779 0.4721393
v 1.808599 1.619779 0.2381065
v 0 1.494486 1.868789
v 0.243926 1.494486 1.852802
v 0.4836783 1.494486 1.805112
v 0.7151548 1.494486 1.726536
v 0.9343947 1.494486 1.618419
v 1.137647 1.494486 1.48261
v 1.321434 1.494486 1.321434
v 1.48261 1.494486 1.137647
v 1.618419 1.494486 0.9343946
v 1.726536 1.494486 0.7151547
v 1.805112 1.494486 0.4836783
v 1.852802 1.494486 0.2439258
v 0 1.371118 1.909458
v 0.2492343 1.371118 1.893123
v 0.4942041 1.371118 1.844395
v 0.7307181 1.371118 1.764109
v 0.9547292 1.371118 1.653639
v 1.162405 1.371118 1.514875
v 1.350191 1.371118 1.350191
v 1.514875 1.371118 1.162405
v 1.653639 1.371118 0.9547291
v 1.764109 1.371118 0.730718
v 1.844395 1.371118 0.4942042
v 0 1.249801 1.944943
v 0.253866 1.249801 1.928303
v 0.5033882 1.249801 1.87867
v 0.7442973 1.249801 1.796892
v 0.9724714 1.249801 1.68437
v 1.184006 1.249801 1.543027
v 1.375282 1.249801 1.375282
v 1.543027 1.249801 1.184006
v 1.68437 1.249801 0.9724712
v 1.796892 1.249801 0.7442973
v 0 1.130687 1.973491
v 0.2575923 1.130687 1.956607
v 0.510777 1.130687 1.906246
v 0.7552223 1.130687 1.823268
v 0.9867454 1.130687 1.709093
v 1.201385 1.130687 1.565675
v 1.395469 1.130687 1.395469
v 1.565675 1.130687 1.201385
v 1.709093 1.130687 0.9867454
v 1.823268 1.130687 0.7552223
v 0 1.013986 1.992809
v 0.2601138 1.013986 1.97576
v 0.5157768 1.013986 1.924905
v 0.7626149 1.013986 1.841115
v 0.9964043 1.013986 1.725823
v 1.213145 1.013986 1.581002
v 1.409129 1.013986 1.409129
v 1.581002 1.013986 1.213145
v 1.725823 1.013986 0.9964042
v 1.841115 1.013986 0.7626148
v 0 0.9 2
v 0.2610524 0.9 1.98289
v 0.5176381 0.9 1.931852
v 0.7653669 0.9 1.847759
v 1 0.9 1.732051
v 1.217523 0.9 1.586707
v 1.414214 0.9 1.414214
v 1.586707 0.9 1.217523
v 1.732051 0.9 0.9999999
v 1.847759 0.9 0.7653669
v -1.50765 2.268435 0.4039735
v -1.442022 2.268435 0.5973053
v -1.351721 2.268435 0.7804168
v -1.238292 2.268435 0.9501754
v -1.103676 2.268435 1.103676
v -0.9501754 2.268435 1.238292
v -0.7804168 2.268435 1.351722
v -0.5973052 2.268435 1.442022
v -0.4039735 2.268435 1.50765
v -0.2037296 2.268435 1.547481
v -1.563459 2.136769 0.4189275
v -1.495402 2.136769 0.6194158
v -1.401759 2.136769 0.8093058
v -1.284131 2.136769 0.9853482
v -1.144531 2.136769 1.144531
v -0.9853482 2.136769 1.284131
v -0.8093057 2.136769 1.401759
v -0.6194158 2.136769 1.495402
v -0.4189276 2.136769 1.563459
v -0.2112711 2.136769 1.604764
v -1.616665 2.005653 0.4331842
v -1.546293 2.005653 0.6404955
v -1.449463 2.005653 0.8368476
v -1.327832 2.005653 1.018881
v -1.183481 2.005653 1.183481
v -1.018881 2.005653 1.327832
v -0.8368476 2.005653 1.449463
v -0.6404954 2.005653 1.546293
v -0.4331843 2.005653 1.616665
v -0.2184609 2.005653 1.659377
v -1.711555 1.87557 0.2253305
v -1.6675 1.87557 0.4468054
v -1.594915 1.87557 0.6606355
v -1.49504 1.87557 0.8631618
v -1.369585 1.87557 1.050919
v -1.220695 1.87557 1.220695
v -1.050919 1.87557 1.369585
v -0.8631617 1.87557 1.49504
v -0.6606355 1.87557 1.594915
v -0.4468055 1.87557 1.6675
v -0.2253303 1.87557 1.711555
v -1.761357 1.746864 0.2318871
v -1.716021 1.746864 0.4598064
v -1.641323 1.746864 0.6798584
v -1.538542 1.746864 0.8882779
v -1.409436 1.746864 1.081499
v -1.256214 1.746864 1.256214
v -1.081499 1.746864 1.409436
v -0.8882778 1.746864 1.538542
v -0.6798583 1.746864 1.641323
v -0.4598065 1.746864 1.716021
v -0.2318869 1.746864 1.761357
v -1.808599 1.619779 0.2381067
v -1.762047 1.619779 0.4721392
v -1.685346 1.619779 0.6980935
v -1.579809 1.619779 0.9121029
v -1.44724 1.619779 1.110506
v -1.289908 1.619779 1.289908
v -1.110506 1.619779 1.44724
v -0.9121029 1.619779 1.579809
v -0.6980934 1.619779 1.685346
v -0.4721393 1.619779 1.762047
v -0.2381065 1.619779 1.808599
v -1.852802 1.494486 0.243926
v -1.805112 1.494486 0.4836783
v -1.726536 1.494486 0.7151548
v -1.618419 1.494486 0.9343947
v -1.48261 1.494486 1.137647
v -1.321434 1.494486 1.321434
v -1.137647 1.494486 1.48261
v -0.9343946 1.494486 1.618419
v -0.7151547 1.494486 1.726536
v -0.4836783 1.494486 1.805112
v -0.2439258 1.494486 1.852802
v -1.893123 1.371118 0.2492343
v -1.844395 1.371118 0.4942041
v -1.764109 1.371118 0.7307181
v -1.653639 1.371118 0.9547292
v -1.514875 1.371118 1.162405
v -1.350191 1.371118 1.350191
v -1.162405 1.371118 1.514875
v -0.9547291 1.371118 1.653639
v -0.730718 1.371118 1.764109
v -0.4942042 1.371118 1.844395
v -0.2492342 1.371118 1.893123
v -1.928303 1.249801 0.253866
v -1.87867 1.249801 0.5033882
v -1.796892 1.249801 0.7442973
v -1.68437 1.249801 0.9724714
v -1.543027 1.249801 1.184006
v -1.375282 1.249801 1.375282
v -1.184006 1.249801 1.543027
v -0.9724712 1.249801 1.68437
v -0.7442973 1.249801 1.796892
v -0.5033882 1.249801 1.87867
v -0.2538658 1.249801 1.928303
v -1.956607 1.130687 0.2575923
v -1.906246 1.130687 0.510777
v -1.823268 1.130687 0.7552223
v -1.709093 1.130687 0.9867454
v -1.565675 1.130687 1.201385
v -1.395469 1.130687 1.395469
v -1.201385 1.130687 1.565675
v -0.9867454 1.130687 1.709093
v -0.7552223 1.130687 1.823268
v -0.5107771 1.130687 1.906246
v -0.2575921 1.130687 1.956607
v -1.97576 1.013986 0.2601138
v -1.924905 1.013986 0.5157768
v -1.841115 1.013986 0.7626149
v -1.725823 1.013986 0.9964043
v -1.581002 1.013986 1.213145
v -1.409129 1.013986 1.409129
v -1.213145 1.013986 1.581002
v -0.9964042 1.013986 1.725823
v -0.7626148 1.013986 1.841115
v -0.5157769 1.013986 1.924905
v -0.2601136 1.013986 1.97576
v -1.931852 0.9 0.5176381
v -1.847759 0.9 0.7653669
v -1.732051 0.9 1
v -1.586707 0.9 1.217523
v -1.414214 0.9 1.414214
v -1.217523 0.9 1.586707
v -0.9999999 0.9 1.732051
v -0.7653669 0.9 1.847759
v -0.5176381 0.9 1.931852
v -0.2610523 0.9 1.98289
v -1.924286 0.7921441 -0.5156111
v -1.840523 0.7921441 -0.7623698
v -1.725268 0.7921441 -0.996084
v -1.580493 0.7921441 -1.212755
v -1.408676 0.7921441 -1.408676
v -1.212755 0.7921441 -1.580493
v -0.996084 0.7921441 -1.725268
v -0.7623698 0.7921441 -1.840523
v -0.5156111 0.7921441 -1.924286
v -0.2600299 0.7921441 -1.975125
v 8.708043e-8 0.7921441 -1.992168
v -1.901899 0.6934028 -0.5096124
v -1.81911 0.6934028 -0.7535002
v -1.705196 0.6934028 -0.9844954
v -1.562106 0.6934028 -1.198646
v -1.392287 0.6934028 -1.392287
v -1.198646 0.6934028 -1.562106
v -0.9844954 0.6934028 -1.705196
v -0.7535002 0.6934028 -1.81911
v -0.5096124 0.6934028 -1.901899
v -0.2570047 0.6934028 -1.952146
v 8.606732e-8 0.6934028 -1.968991
v -1.915236 0.6035157 -0.2521456
v -1.865939 0.6035157 -0.499977
v -1.784716 0.6035157 -0.7392536
v -1.672956 0.6035157 -0.9658813
v -1.53257 0.6035157 -1.175983
v -1.365963 0.6035157 -1.365963
v -1.175983 0.6035157 -1.53257
v -0.9658812 0.6035157 -1.672956
v -0.7392536 0.6035157 -1.784716
v -0.499977 0.6035157 -1.865939
v -0.2521455 0.6035157 -1.915236
v 8.444002e-8 0.6035157 -1.931763
v -1.882716 0.5222221 0
v -1.866609 0.5222221 -0.2457437
v -1.818564 0.5222221 -0.4872827
v -1.739403 0.5222221 -0.7204842
v -1.630479 0.5222221 -0.9413579
v -1.493659 0.5222221 -1.146125
v -1.331281 0.5222221 -1.331281
v -1.146125 0.5222221 -1.493659
v -0.9413577 0.5222221 -1.63048
v -0.7204842 0.5222221 -1.739403
v -0.4872828 0.5222221 -1.818564
v -0.2457436 0.5222221 -1.866609
v 8.229612e-8 0.5222221 -1.882716
v -1.824845 0.4492623 0
v -1.809233 0.4492623 -0.23819
v -1.762664 0.4492623 -0.4723045
v -1.685936 0.4492623 -0.6983379
v -1.580362 0.4492623 -0.9124223
v -1.447747 0.4492623 -1.110895
v -1.29036 0.4492623 -1.29036
v -1.110895 0.4492623 -1.447747
v -0.9124222 0.4492623 -1.580362
v -0.6983379 0.4492623 -1.685936
v -0.4723046 0.4492623 -1.762664
v -0.2381899 0.4492623 -1.809233
v 7.976649e-8 0.4492623 -1.824845
v -1.761719 0.384375 0
v -1.746647 0.384375 -0.2299505
v -1.70169 0.384375 -0.4559664
v -1.627616 0.384375 -0.6741806
v -1.525693 0.384375 -0.8808594
v -1.397665 0.384375 -1.072466
v -1.245723 0.384375 -1.245723
v -1.072466 0.384375 -1.397665
v -0.8808594 0.384375 -1.525693
v -0.6741806 0.384375 -1.627616
v -0.4559664 0.384375 -1.70169
v -0.2299503 0.384375 -1.746647
v 7.700717e-8 0.384375 -1.761719
v -1.697309 0.3273004 0
v -1.682789 0.3273004 -0.2215434
v -1.639475 0.3273004 -0.439296
v -1.568109 0.3273004 -0.6495321
v -1.469913 0.3273004 -0.8486547
v -1.346566 0.3273004 -1.033257
v -1.200179 0.3273004 -1.200179
v -1.033257 0.3273004 -1.346566
v -0.8486546 0.3273004 -1.469913
v -0.6495321 0.3273004 -1.568109
v -0.439296 0.3273004 -1.639475
v -0.2215432 0.3273004 -1.682789
v 7.419175e-8 0.3273004 -1.697309
v -1.635802 0.2777778 0
v -1.621808 0.2777778 -0.2135151
v -1.580064 0.2777778 -0.4233769
v -1.511284 0.2777778 -0.6259945
v -1.416646 0.2777778 -0.8179012
v -1.297769 0.2777778 -0.9958135
v -1.156687 0.2777778 -1.156687
v -0.9958135 0.2777778 -1.297769
v -0.8179012 0.2777778 -1.416646
v -0.6259945 0.2777778 -1.511284
v -0.4233769 0.2777778 -1.580064
v -0.213515 0.2777778 -1.621808
v 7.15032e-8 0.2777778 -1.635802
v -1.581421 0.2355469 0
v -1.567892 0.2355469 -0.2064169
v -1.527535 0.2355469 -0.4093019
v -1.461042 0.2355469 -0.6051835
v -1.369551 0.2355469 -0.7907104
v -1.254625 0.2355469 -0.9627081
v -1.118233 0.2355469 -1.118233
v -0.9627081 0.2355469 -1.254625
v -0.7907104 0.2355469 -1.369551
v -0.6051835 0.2355469 -1.461042
v -0.4093019 0.2355469 -1.527535
v -0.2064167 0.2355469 -1.567892
v 6.91261e-8 0.2355469 -1.581421
v -1.538243 0.2003472 0
v -1.525083 0.2003472 -0.200781
v -1.485828 0.2003472 -0.3981265
v -1.421151 0.2003472 -0.58866
v -1.332157 0.2003472 -0.7691214
v -1.22037 0.2003472 -0.9364228
v -1.087702 0.2003472 -1.087702
v -0.9364228 0.2003472 -1.22037
v -0.7691213 0.2003472 -1.332157
v -0.58866 0.2003472 -1.421151
v -0.3981265 0.2003472 -1.485828
v -0.2007809 0.2003472 -1.525083
v 6.723872e-8 0.2003472 -1.538243
v -1.51002 0.1719184 0
v -1.497102 0.1719184 -0.1970972
v -1.458568 0.1719184 -0.390822
v -1.395077 0.1719184 -0.5778598
v -1.307716 0.1719184 -0.7550101
v -1.19798 0.1719184 -0.9192421
v -1.067746 0.1719184 -1.067746
v -0.9192421 0.1719184 -1.19798
v -0.7550101 0.1719184 -1.307716
v -0.5778598 0.1719184 -1.395077
v -0.390822 0.1719184 -1.458568
v -0.1970971 0.1719184 -1.497102
v 6.600507e-8 0.1719184 -1.51002
v -1.5 0.15 0
v -1.487167 0.15 -0.1957893
v -1.448889 0.15 -0.3882286
v -1.385819 0.15 -0.5740252
v -1.299038 0.15 -0.75
v -1.19003 0.15 -0.9131421
v -1.06066 0.15 -1.06066
v -0.9131421 0.15 -1.19003
v -0.7499999 0.15 -1.299038
v -0.5740252 0.15 -1.385819
v -0.3882286 0.15 -1.448889
v -0.1957892 0.15 -1.487167
v 6.556708e-8 0.15 -1.5
v 0.2600302 0.7921441 -1.975125
v 0.5156111 0.7921441 -1.924286
v 0.7623698 0.7921441 -1.840523
v 0.996084 0.7921441 -1.725268
v 1.212755 0.7921441 -1.580493
v 1.408676 0.7921441 -1.408676
v 1.580493 0.7921441 -1.212755
v 1.725268 0.7921441 -0.996084
v 1.840523 0.7921441 -0.7623698
v 1.924286 0.7921441 -0.5156111
v 0.2570049 0.6934028 -1.952146
v 0.5096124 0.6934028 -1.901899
v 0.7535002 0.6934028 -1.81911
v 0.9844954 0.6934028 -1.705196
v 1.198646 0.6934028 -1.562106
v 1.392287 0.6934028 -1.392287
v 1.562106 0.6934028 -1.198646
v 1.705196 0.6934028 -0.9844954
v 1.81911 0.6934028 -0.7535002
v 1.901899 0.6934028 -0.5096124
v 0.2521456 0.6035157 -1.915236
v 0.499977 0.6035157 -1.865939
v 0.7392536 0.6035157 -1.784716
v 0.9658813 0.6035157 -1.672956
v 1.175983 0.6035157 -1.53257
v 1.365963 0.6035157 -1.365963
v 1.53257 0.6035157 -1.175983
v 1.672956 0.6035157 -0.9658812
v 1.784716 0.6035157 -0.7392536
v 1.865939 0.6035157 -0.499977
v 1.915236 0.6035157 -0.2521455
v 1.931763 0.6035157 8.444002e-8
v 0.2457437 0.5222221 -1.866609
v 0.4872827 0.5222221 -1.818564
v 0.7204842 0.5222221 -1.739403
v 0.9413579 0.5222221 -1.630479
v 1.146125 0.5222221 -1.493659
v 1.331281 0.5222221 -1.331281
v 1.493659 0.5222221 -1.146125
v 1.63048 0.5222221 -0.9413577
v 1.739403 0.5222221 -0.7204842
v 1.818564 0.5222221 -0.4872828
v 1.866609 0.5222221 -0.2457436
v 1.882716 0.5222221 8.229612e-8
v 0.23819 0.4492623 -1.809233
v 0.4723045 0.4492623 -1.762664
v 0.6983379 0.4492623 -1.685936
v 0.9124223 0.4492623 -1.580362
v 1.110895 0.4492623 -1.447747
v 1.29036 0.4492623 -1.29036
v 1.447747 0.4492623 -1.110895
v 1.580362 0.4492623 -0.9124222
v 1.685936 0.4492623 -0.6983379
v 1.762664 0.4492623 -0.4723046
v 1.809233 0.4492623 -0.2381899
v 1.824845 0.4492623 7.976649e-8
v 0.2299505 0.384375 -1.746647
v 0.4559664 0.384375 -1.70169
v 0.6741806 0.384375 -1.627616
v 0.8808594 0.384375 -1.525693
v 1.072466 0.384375 -1.397665
v 1.245723 0.384375 -1.245723
v 1.397665 0.384375 -1.072466
v 1.525693 0.384375 -0.8808594
v 1.627616 0.384375 -0.6741806
v 1.70169 0.384375 -0.4559664
v 1.746647 0.384375 -0.2299503
v 1.761719 0.384375 7.700717e-8
v 0.2215434 0.3273004 -1.682789
v 0.439296 0.3273004 -1.639475
v 0.6495321 0.3273004 -1.568109
v 0.8486547 0.3273004 -1.469913
v 1.033257 0.3273004 -1.346566
v 1.200179 0.3273004 -1.200179
v 1.346566 0.3273004 -1.033257
v 1.469913 0.3273004 -0.8486546
v 1.568109 0.3273004 -0.6495321
v 1.639475 0.3273004 -0.439296
v 1.682789 0.3273004 -0.2215432
v 1.697309 0.3273004 7.419175e-8
v 0.2135151 0.2777778 -1.621808
v 0.4233769 0.2777778 -1.580064
v 0.6259945 0.2777778 -1.511284
v 0.8179012 0.2777778 -1.416646
v 0.9958135 0.2777778 -1.297769
v 1.156687 0.2777778 -1.156687
v 1.297769 0.2777778 -0.9958135
v 1.416646 0.2777778 -0.8179012
v 1.511284 0.2777778 -0.6259945
v 1.580064 0.2777778 -0.4233769
v 1.621808 0.2777778 -0.213515
v 1.635802 0.2777778 7.15032e-8
v 0.2064169 0.2355469 -1.567892
v 0.4093019 0.2355469 -1.527535
v 0.6051835 0.2355469 -1.461042
v 0.7907104 0.2355469 -1.369551
v 0.9627081 0.2355469 -1.254625
v 1.118233 0.2355469 -1.118233
v 1.254625 0.2355469 -0.9627081
v 1.369551 0.2355469 -0.7907104
v 1.461042 0.2355469 -0.6051835
v 1.527535 0.2355469 -0.4093019
v 1.567892 0.2355469 -0.2064167
v 1.581421 0.2355469 6.91261e-8
v 0.200781 0.2003472 -1.525083
v 0.3981265 0.2003472 -1.485828
v 0.58866 0.2003472 -1.421151
v 0.7691214 0.2003472 -1.332157
v 0.9364228 0.2003472 -1.22037
v 1.087702 0.2003472 -1.087702
v 1.22037 0.2003472 -0.9364228
v 1.332157 0.2003472 -0.7691213
v 1.421151 0.2003472 -0.58866
v 1.485828 0.2003472 -0.3981265
v 1.525083 0.2003472 -0.2007809
v 1.538243 0.2003472 6.723872e-8
v 0.1970972 0.1719184 -1.497102
v 0.390822 0.1719184 -1.458568
v 0.5778598 0.1719184 -1.395077
v 0.7550101 0.1719184 -1.307716
v 0.9192421 0.1719184 -1.19798
v 1.067746 0.1719184 -1.067746
v 1.19798 0.1719184 -0.9192421
v 1.307716 0.1719184 -0.7550101
v 1.395077 0.1719184 -0.5778598
v 1.458568 0.1719184 -0.390822
v 1.497102 0.1719184 -0.1970971
v 1.51002 0.1719184 6.600507e-8
v 0.1957893 0.15 -1.487167
v 0.3882286 0.15 -1.448889
v 0.5740252 0.15 -1.385819
v 0.75 0.15 -1.299038
v 0.9131421 0.15 -1.19003
v 1.06066 0.15 -1.06066
v 1.19003 0.15 -0.9131421
v 1.299038 0.15 -0.7499999
v 1.385819 0.15 -0.5740252
v 1.448889 0.15 -0.3882286
v 1.487167 0.15 -0.1957892
v 1.5 0.15 6.556708e-8
v 0 0.7921441 1.992168
v 0.2600302 0.7921441 1.975125
v 0.5156111 0.7921441 1.924286
v 0.7623698 0.7921441 1.840523
v 0.996084 0.7921441 1.725268
v 1.212755 0.7921441 1.580493
v 1.408676 0.7921441 1.408676
v 1.580493 0.7921441 1.212755
v 1.725268 0.7921441 0.996084
v 1.840523 0.7921441 0.7623698
v 1.924286 0.7921441 0.5156111
v 0 0.6934028 1.968991
v 0.2570049 0.6934028 1.952146
v 0.5096124 0.6934028 1.901899
v 0.7535002 0.6934028 1.81911
v 0.9844954 0.6934028 1.705196
v 1.198646 0.6934028 1.562106
v 1.392287 0.6934028 1.392287
v 1.562106 0.6934028 1.198646
v 1.705196 0.6934028 0.9844954
v 1.81911 0.6934028 0.7535002
v 1.901899 0.6934028 0.5096124
v 0 0.6035157 1.931763
v 0.2521456 0.6035157 1.915236
v 0.499977 0.6035157 1.865939
v 0.7392536 0.6035157 1.784716
v 0.9658813 0.6035157 1.672956
v 1.175983 0.6035157 1.53257
v 1.365963 0.6035157 1.365963
v 1.53257 0.6035157 1.175983
v 1.672956 0.6035157 0.9658812
v 1.784716 0.6035157 0.7392536
v 1.865939 0.6035157 0.499977
v 1.915236 0.6035157 0.2521455
v 0 0.5222221 1.882716
v 0.2457437 0.5222221 1.866609
v 0.4872827 0.5222221 1.818564
v 0.7204842 0.5222221 1.739403
v 0.9413579 0.5222221 1.630479
v 1.146125 0.5222221 1.493659
v 1.331281 0.5222221 1.331281
v 1.493659 0.5222221 1.146125
v 1.63048 0.5222221 0.9413577
v 1.739403 0.5222221 0.7204842
v 1.818564 0.5222221 0.4872828
v 1.866609 0.5222221 0.2457436
v 0 0.4492623 1.824845
v 0.23819 0.4492623 1.809233
v 0.4723045 0.4492623 1.762664
v 0.6983379 0.4492623 1.685936
v 0.9124223 0.4492623 1.580362
v 1.110895 0.4492623 1.447747
v 1.29036 0.4492623 1.29036
v 1.447747 0.4492623 1.110895
v 1.580362 0.4492623 0.9124222
v 1.685936 0.4492623 0.6983379
v 1.762664 0.4492623 0.4723046
v 1.809233 0.4492623 0.2381899
v 0 0.384375 1.761719
v 0.2299505 0.384375 1.746647
v 0.4559664 0.384375 1.70169
v 0.6741806 0.384375 1.627616
v 0.8808594 0.384375 1.525693
v 1.072466 0.384375 1.397665
v 1.245723 0.384375 1.245723
v 1.397665 0.384375 1.072466
v 1.525693 0.384375 0.8808594
v 1.627616 0.384375 0.6741806
v 1.70169 0.384375 0.4559664
v 1.746647 0.384375 0.2299503
v 0 0.3273004 1.697309
v 0.2215434 0.3273004 1.682789
v 0.439296 0.3273004 1.639475
v 0.6495321 0.3273004 1.568109
v 0.8486547 0.3273004 1.469913
v 1.033257 0.3273004 1.346566
v 1.200179 0.3273004 1.200179
v 1.346566 0.3273004 1.033257
v 1.469913 0.3273004 0.8486546
v 1.568109 0.3273004 0.6495321
v 1.639475 0.3273004 0.439296
v 1.682789 0.3273004 0.2215432
v 0 0.2777778 1.635802
v 0.2135151 0.2777778 1.621808
v 0.4233769 0.2777778 1.580064
v 0.6259945 0.2777778 1.511284
v 0.8179012 0.2777778 1.416646
v 0.9958135 0.2777778 1.297769
v 1.156687 0.2777778 1.156687
v 1.297769 0.2777778 0.9958135
v 1.416646 0.2777778 0.8179012
v 1.511284 0.2777778 0.6259945
v 1.580064 0.2777778 0.4233769
v 1.621808 0.2777778 0.213515
v 0 0.2355469 1.581421
v 0.2064169 0.2355469 1.567892
v 0.4093019 0.2355469 1.527535
v 0.6051835 0.2355469 1.461042
v 0.7907104 0.2355469 1.369551
v 0.9627081 0.2355469 1.254625
v 1.118233 0.2355469 1.118233
v 1.254625 0.2355469 0.9627081
v 1.369551 0.2355469 0.7907104
v 1.461042 0.2355469 0.6051835
v 1.527535 0.2355469 0.4093019
v 1.567892 0.2355469 0.2064167
v 0 0.2003472 1.538243
v 0.200781 0.2003472 1.525083
v 0.3981265 0.2003472 1.485828
v 0.58866 0.2003472 1.421151
v 0.7691214 0.2003472 1.332157
v 0.9364228 0.2003472 1.22037
v 1.087702 0.2003472 1.087702
v 1.22037 0.2003472 0.9364228
v 1.332157 0.2003472 0.7691213
v 1.421151 0.2003472 0.58866
v 1.485828 0.2003472 0.3981265
v 1.525083 0.2003472 0.2007809
v 0 0.1719184 1.51002
v 0.1970972 0.1719184 1.497102
v 0.390822 0.1719184 1.458568
v 0.5778598 0.1719184 1.395077
v 0.7550101 0.1719184 1.307716
v 0.9192421 0.1719184 1.19798
v 1.067746 0.1719184 1.067746
v 1.19798 0.1719184 0.9192421
v 1.307716 0.1719184 0.7550101
v 1.395077 0.1719184 0.5778598
v 1.458568 0.1719184 0.390822
v 1.497102 0.1719184 0.1970971
v 0 0.15 1.5
v 0.1957893 0.15 1.487167
v 0.3882286 0.15 1.448889
v 0.5740252 0.15 1.385819
v 0.75 0.15 1.299038
v 0.9131421 0.15 1.19003
v 1.06066 0.15 1.06066
v 1.19003 0.15 0.9131421
v 1.299038 0.15 0.7499999
v 1.385819 0.15 0.5740252
v 1.448889 0.15 0.3882286
v 1.487167 0.15 0.1957892
v -1.924286 0.7921441 0.5156111
v -1.840523 0.7921441 0.7623698
v -1.725268 0.7921441 0.996084
v -1.580493 0.7921441 1.212755
v -1.408676 0.7921441 1.408676
v -1.212755 0.7921441 1.580493
v -0.996084 0.7921441 1.725268
v -0.7623698 0.7921441 1.840523
v -0.5156111 0.7921441 1.924286
v -0.2600299 0.7921441 1.975125
v -1.901899 0.6934028 0.5096124
v -1.81911 0.6934028 0.7535002
v -1.705196 0.6934028 0.9844954
v -1.562106 0.6934028 1.198646
v -1.392287 0.6934028 1.392287
v -1.198646 0.6934028 1.562106
v -0.9844954 0.6934028 1.705196
v -0.7535002 0.6934028 1.81911
v -0.5096124 0.6934028 1.901899
v -0.2570047 0.6934028 1.952146
v -1.915236 0.6035157 0.2521456
v -1.865939 0.6035157 0.499977
v -1.784716 0.6035157 0.7392536
v -1.672956 0.6035157 0.9658813
v -1.53257 0.6035157 1.175983
v -1.365963 0.6035157 1.365963
v -1.175983 0.6035157 1.53257
v -0.9658812 0.6035157 1.672956
v -0.7392536 0.6035157 1.784716
v -0.499977 0.6035157 1.865939
v -0.2521455 0.6035157 1.915236
v -1.866609 0.5222221 0.2457437
v -1.818564 0.5222221 0.4872827
v -1.739403 0.5222221 0.7204842
v -1.630479 0.5222221 0.9413579
v -1.493659 0.5222221 1.146125
v -1.331281 0.5222221 1.331281
v -1.146125 0.5222221 1.493659
v -0.9413577 0.5222221 1.63048
v -0.7204842 0.5222221 1.739403
v -0.4872828 0.5222221 1.818564
v -0.2457436 0.5222221 1.866609
v -1.809233 0.4492623 0.23819
v -1.762664 0.4492623 0.4723045
v -1.685936 0.4492623 0.6983379
v -1.580362 0.4492623 0.9124223
v -1.447747 0.4492623 1.110895
v -1.29036 0.4492623 1.29036
v -1.110895 0.4492623 1.447747
v -0.9124222 0.4492623 1.580362
v -0.6983379 0.4492623 1.685936
v -0.4723046 0.4492623 1.762664
v -0.2381899 0.4492623 1.809233
v -1.746647 0.384375 0.2299505
v -1.70169 0.384375 0.4559664
v -1.627616 0.384375 0.6741806
v -1.525693 0.384375 0.8808594
v -1.397665 0.384375 1.072466
v -1.245723 0.384375 1.245723
v -1.072466 0.384375 1.397665
v -0.8808594 0.384375 1.525693
v -0.6741806 0.384375 1.627616
v -0.4559664 0.384375 1.70169
v -0.2299503 0.384375 1.746647
v -1.682789 0.3273004 0.2215434
v -1.639475 0.3273004 0.439296
v -1.568109 0.3273004 0.6495321
v -1.469913 0.3273004 0.8486547
v -1.346566 0.3273004 1.033257
v -1.200179 0.3273004 1.200179
v -1.033257 0.3273004 1.346566
v -0.8486546 0.3273004 1.469913
v -0.6495321 0.3273004 1.568109
v -0.439296 0.3273004 1.639475
v -0.2215432 0.3273004 1.682789
v -1.621808 0.2777778 0.2135151
v -1.580064 0.2777778 0.4233769
v -1.511284 0.2777778 0.6259945
v -1.416646 0.2777778 0.8179012
v -1.297769 0.2777778 0.9958135
v -1.156687 0.2777778 1.156687
v -0.9958135 0.2777778 1.297769
v -0.8179012 0.2777778 1.416646
v -0.6259945 0.2777778 1.511284
v -0.4233769 0.2777778 1.580064
v -0.213515 0.2777778 1.621808
v -1.567892 0.2355469 0.2064169
v -1.527535 0.2355469 0.4093019
v -1.461042 0.2355469 0.6051835
v -1.369551 0.2355469 0.7907104
v -1.254625 0.2355469 0.9627081
v -1.118233 0.2355469 1.118233
v -0.9627081 0.2355469 1.254625
v -0.7907104 0.2355469 1.369551
v -0.6051835 0.2355469 1.461042
v -0.4093019 0.2355469 1.527535
v -0.2064167 0.2355469 1.567892
v -1.525083 0.2003472 0.200781
v -1.485828 0.2003472 0.3981265
v -1.421151 0.2003472 0.58866
v -1.332157 0.2003472 0.7691214
v -1.22037 0.2003472 0.9364228
v -1.087702 0.2003472 1.087702
v -0.9364228 0.2003472 1.22037
v -0.7691213 0.2003472 1.332157
v -0.58866 0.2003472 1.421151
v -0.3981265 0.2003472 1.485828
v -0.2007809 0.2003472 1.525083
v -1.497102 0.1719184 0.1970972
v -1.458568 0.1719184 0.390822
v -1.395077 0.1719184 0.5778598
v -1.307716 0.1719184 0.7550101
v -1.19798 0.1719184 0.9192421
v -1.067746 0.1719184 1.067746
v -0.9192421 0.1719184 1.19798
v -0.7550101 0.1719184 1.307716
v -0.5778598 0.1719184 1.395077
v -0.390822 0.1719184 1.458568
v -0.1970971 0.1719184 1.497102
v -1.487167 0.15 0.1957893
v -1.448889 0.15 0.3882286
v -1.385819 0.15 0.5740252
v -1.299038 0.15 0.75
v -1.19003 0.15 0.9131421
v -1.06066 0.15 1.06066
v -0.9131421 0.15 1.19003
v -0.7499999 0.15 1.299038
v -0.5740252 0.15 1.385819
v -0.3882286 0.15 1.448889
v -0.1957892 0.15 1.487167
v -1.4977 0.1312934 0
v -1.484887 0.1312934 -0.195489
v -1.446667 0.1312934 -0.3876332
v -1.383694 0.1312934 -0.5731449
v -1.297046 0.1312934 -0.7488499
v -1.188205 0.1312934 -0.9117419
v -1.059034 0.1312934 -1.059034
v -0.9117419 0.1312934 -1.188205
v -0.7488499 0.1312934 -1.297046
v -0.5731449 0.1312934 -1.383694
v -0.3876332 0.1312934 -1.446667
v -0.195489 0.1312934 -1.484887
v 6.546653e-8 0.1312934 -1.4977
v -1.487847 0.1128472 0
v -1.475119 0.1128472 -0.194203
v -1.43715 0.1128472 -0.3850832
v -1.374591 0.1128472 -0.5693744
v -1.288513 0.1128472 -0.7439236
v -1.180389 0.1128472 -0.9057439
v -1.052067 0.1128472 -1.052067
v -0.9057439 0.1128472 -1.180389
v -0.7439235 0.1128472 -1.288514
v -0.5693744 0.1128472 -1.374591
v -0.3850832 0.1128472 -1.43715
v -0.1942029 0.1128472 -1.475119
v 6.503586e-8 0.1128472 -1.487847
v -1.466016 0.09492188 0
v -1.453474 0.09492188 -0.1913535
v -1.416062 0.09492188 -0.3794328
v -1.354422 0.09492188 -0.5610199
v -1.269607 0.09492188 -0.7330078
v -1.163068 0.09492188 -0.8924537
v -1.03663 0.09492188 -1.03663
v -0.8924537 0.09492188 -1.163068
v -0.7330077 0.09492188 -1.269607
v -0.5610199 0.09492188 -1.354422
v -0.3794328 0.09492188 -1.416062
v -0.1913533 0.09492188 -1.453474
v 6.408158e-8 0.09492188 -1.466016
v -1.427778 0.07777777 0
v -1.415563 0.07777777 -0.1863624
v -1.379127 0.07777777 -0.369536
v -1.319094 0.07777777 -0.5463869
v -1.236492 0.07777777 -0.7138888
v -1.132732 0.07777777 -0.8691759
v -1.009591 0.07777777 -1.009591
v -0.8691759 0.07777777 -1.132732
v -0.7138888 0.07777777 -1.236492
v -0.5463869 0.07777777 -1.319094
v -0.369536 0.07777777 -1.379127
v -0.1863623 0.07777777 -1.415563
v 6.241014e-8 0.07777777 -1.427778
v -1.368707 0.06167535 0
v -1.356997 0.06167535 -0.1786521
v -1.322069 0.06167535 -0.3542474
v -1.26452 0.06167535 -0.5237814
v -1.185335 0.06167535 -0.6843534
v -1.085868 0.06167535 -0.8332158
v -0.9678218 0.06167535 -0.9678218
v -0.8332158 0.06167535 -1.085868
v -0.6843533 0.06167535 -1.185335
v -0.5237814 0.06167535 -1.26452
v -0.3542474 0.06167535 -1.322069
v -0.178652 0.06167535 -1.356997
v 5.982807e-8 0.06167535 -1.368707
v -1.284375 0.046875 0
v -1.273387 0.046875 -0.1676446
v -1.240611 0.046875 -0.3324207
v -1.186608 0.046875 -0.4915091
v -1.112301 0.046875 -0.6421875
v -1.018963 0.046875 -0.7818779
v -0.9081903 0.046875 -0.9081903
v -0.7818779 0.046875 -1.018963
v -0.6421875 0.046875 -1.112301
v -0.491509 0.046875 -1.186608
v -0.3324207 0.046875 -1.240611
v -0.1676445 0.046875 -1.273387
v 5.614181e-8 0.046875 -1.284375
v -1.170356 0.03363715 0
v -1.160343 0.03363715 -0.1527621
v -1.130477 0.03363715 -0.3029104
v -1.081268 0.03363715 -0.4478758
v -1.013558 0.03363715 -0.585178
v -0.9285058 0.03363715 -0.7124676
v -0.8275666 0.03363715 -0.8275666
v -0.7124676 0.03363715 -0.9285058
v -0.5851779 0.03363715 -1.013558
v -0.4478758 0.03363715 -1.081268
v -0.3029104 0.03363715 -1.130477
v -0.152762 0.03363715 -1.160343
v 5.115788e-8 0.03363715 -1.170356
v -1.022222 0.02222222 0
v -1.013477 0.02222222 -0.1334268
v -0.9873908 0.02222222 -0.2645705
v -0.9444101 0.02222222 -0.3911875
v -0.8852704 0.02222222 -0.5111111
v -0.8109833 0.02222222 -0.6222894
v -0.7228202 0.02222222 -0.7228202
v -0.6222894 0.02222222 -0.8109833
v -0.511111 0.02222222 -0.8852704
v -0.3911875 0.02222222 -0.9444101
v -0.2645706 0.02222222 -0.9873908
v -0.1334267 0.02222222 -1.013477
v 4.468275e-8 0.02222222 -1.022222
v -0.8355469 0.01289063 0
v -0.8283987 0.01289063 -0.1090608
v -0.8070763 0.01289063 -0.2162554
v -0.7719445 0.01289063 -0.31975
v -0.7236048 0.01289063 -0.4177734
v -0.6628839 0.01289063 -0.5086486
v -0.5908208 0.01289063 -0.5908208
v -0.5086486 0.01289063 -0.6628839
v -0.4177734 0.01289063 -0.7236048
v -0.3197499 0.01289063 -0.7719445
v -0.2162555 0.01289063 -0.8070763
v -0.1090607 0.01289063 -0.8283987
v 3.652291e-8 0.01289063 -0.8355469
v -0.6059028 0.005902779 0
v -0.6007193 0.005902779 -0.07908619
v -0.5852572 0.005902779 -0.1568192
v -0.5597811 0.005902779 -0.231869
v -0.5247272 0.005902779 -0.3029514
v -0.480695 0.005902779 -0.3688503
v -0.4284379 0.005902779 -0.4284379
v -0.3688503 0.005902779 -0.480695
v -0.3029514 0.005902779 -0.5247273
v -0.2318689 0.005902779 -0.5597811
v -0.1568192 0.005902779 -0.5852572
v -0.07908615 0.005902779 -0.6007193
v 2.648486e-8 0.005902779 -0.6059028
v -0.3288628 0.001519097 0
v -0.3260493 0.001519097 -0.04292521
v -0.317657 0.001519097 -0.08511595
v -0.3038296 0.001519097 -0.1258503
v -0.2848035 0.001519097 -0.1644314
v -0.2609044 0.001519097 -0.200199
v -0.2325411 0.001519097 -0.2325411
v -0.200199 0.001519097 -0.2609044
v -0.1644314 0.001519097 -0.2848035
v -0.1258503 0.001519097 -0.3038296
v -0.08511595 0.001519097 -0.317657
v -0.04292518 0.001519097 -0.3260493
v 1.437505e-8 0.001519097 -0.3288628
v 0 0 0
v 0.195489 0.1312934 -1.484887
v 0.3876332 0.1312934 -1.446667
v 0.5731449 0.1312934 -1.383694
v 0.7488499 0.1312934 -1.297046
v 0.9117419 0.1312934 -1.188205
v 1.059034 0.1312934 -1.059034
v 1.188205 0.1312934 -0.9117419
v 1.297046 0.1312934 -0.7488499
v 1.383694 0.1312934 -0.5731449
v 1.446667 0.1312934 -0.3876332
v 1.484887 0.1312934 -0.195489
v 1.4977 0.1312934 6.546653e-8
v 0.194203 0.1128472 -1.475119
v 0.3850832 0.1128472 -1.43715
v 0.5693744 0.1128472 -1.374591
v 0.7439236 0.1128472 -1.288513
v 0.9057439 0.1128472 -1.180389
v 1.052067 0.1128472 -1.052067
v 1.180389 0.1128472 -0.9057439
v 1.288514 0.1128472 -0.7439235
v 1.374591 0.1128472 -0.5693744
v 1.43715 0.1128472 -0.3850832
v 1.475119 0.1128472 -0.1942029
v 1.487847 0.1128472 6.503586e-8
v 0.1913535 0.09492188 -1.453474
v 0.3794328 0.09492188 -1.416062
v 0.5610199 0.09492188 -1.354422
v 0.7330078 0.09492188 -1.269607
v 0.8924537 0.09492188 -1.163068
v 1.03663 0.09492188 -1.03663
v 1.163068 0.09492188 -0.8924537
v 1.269607 0.09492188 -0.7330077
v 1.354422 0.09492188 -0.5610199
v 1.416062 0.09492188 -0.3794328
v 1.453474 0.09492188 -0.1913533
v 1.466016 0.09492188 6.408158e-8
v 0.1863624 0.07777777 -1.415563
v 0.369536 0.07777777 -1.379127
v 0.5463869 0.07777777 -1.319094
v 0.7138888 0.07777777 -1.236492
v 0.8691759 0.07777777 -1.132732
v 1.009591 0.07777777 -1.009591
v 1.132732 0.07777777 -0.8691759
v 1.236492 0.07777777 -0.7138888
v 1.319094 0.07777777 -0.5463869
v 1.379127 0.07777777 -0.369536
v 1.415563 0.07777777 -0.1863623
v 1.427778 0.07777777 6.241014e-8
v 0.1786521 0.06167535 -1.356997
v 0.3542474 0.06167535 -1.322069
v 0.5237814 0.06167535 -1.26452
v 0.6843534 0.06167535 -1.185335
v 0.8332158 0.06167535 -1.085868
v 0.9678218 0.06167535 -0.9678218
v 1.085868 0.06167535 -0.8332158
v 1.185335 0.06167535 -0.6843533
v 1.26452 0.06167535 -0.5237814
v 1.322069 0.06167535 -0.3542474
v 1.356997 0.06167535 -0.178652
v 1.368707 0.06167535 5.982807e-8
v 0.1676446 0.046875 -1.273387
v 0.3324207 0.046875 -1.240611
v 0.4915091 0.046875 -1.186608
v 0.6421875 0.046875 -1.112301
v 0.7818779 0.046875 -1.018963
v 0.9081903 0.046875 -0.9081903
v 1.018963 0.046875 -0.7818779
v 1.112301 0.046875 -0.6421875
v 1.186608 0.046875 -0.491509
v 1.240611 0.046875 -0.3324207
v 1.273387 0.046875 -0.1676445
v 1.284375 0.046875 5.614181e-8
v 0.1527621 0.03363715 -1.160343
v 0.3029104 0.03363715 -1.130477
v 0.4478758 0.03363715 -1.081268
v 0.585178 0.03363715 -1.013558
v 0.7124676 0.03363715 -0.9285058
v 0.8275666 0.03363715 -0.8275666
v 0.9285058 0.03363715 -0.7124676
v 1.013558 0.03363715 -0.5851779
v 1.081268 0.03363715 -0.4478758
v 1.130477 0.03363715 -0.3029104
v 1.160343 0.03363715 -0.152762
v 1.170356 0.03363715 5.115788e-8
v 0.1334268 0.02222222 -1.013477
v 0.2645705 0.02222222 -0.9873908
v 0.3911875 0.02222222 -0.9444101
v 0.5111111 0.02222222 -0.8852704
v 0.6222894 0.02222222 -0.8109833
v 0.7228202 0.02222222 -0.7228202
v 0.8109833 0.02222222 -0.6222894
v 0.8852704 0.02222222 -0.511111
v 0.9444101 0.02222222 -0.3911875
v 0.9873908 0.02222222 -0.2645706
v 1.013477 0.02222222 -0.1334267
v 1.022222 0.02222222 4.468275e-8
v 0.1090608 0.01289063 -0.8283987
v 0.2162554 0.01289063 -0.8070763
v 0.31975 0.01289063 -0.7719445
v 0.4177734 0.01289063 -0.7236048
v 0.5086486 0.01289063 -0.6628839
v 0.5908208 0.01289063 -0.5908208
v 0.6628839 0.01289063 -0.5086486
v 0.7236048 0.01289063 -0.4177734
v 0.7719445 0.01289063 -0.3197499
v 0.8070763 0.01289063 -0.2162555
v 0.8283987 0.01289063 -0.1090607
v 0.8355469 0.01289063 3.652291e-8
v 0.07908619 0.005902779 -0.6007193
v 0.1568192 0.005902779 -0.5852572
v 0.231869 0.005902779 -0.5597811
v 0.3029514 0.005902779 -0.5247272
v 0.3688503 0.005902779 -0.480695
v 0.4284379 0.005902779 -0.4284379
v 0.480695 0.005902779 -0.3688503
v 0.5247273 0.005902779 -0.3029514
v 0.5597811 0.005902779 -0.2318689
v 0.5852572 0.005902779 -0.1568192
v 0.6007193 0.005902779 -0.07908615
v 0.6059028 0.005902779 2.648486e-8
v 0.04292521 0.001519097 -0.3260493
v 0.08511595 0.001519097 -0.317657
v 0.1258503 0.001519097 -0.3038296
v 0.1644314 0.001519097 -0.2848035
v 0.200199 0.001519097 -0.2609044
v 0.2325411 0.001519097 -0.2325411
v 0.2609044 0.001519097 -0.200199
v 0.2848035 0.001519097 -0.1644314
v 0.3038296 0.001519097 -0.1258503
v 0.317657 0.001519097 -0.08511595
v 0.3260493 0.001519097 -0.04292518
v 0.3288628 0.001519097 1.437505e-8
v 0 0.1312934 1.4977
v 0.195489 0.1312934 1.484887
v 0.3876332 0.1312934 1.446667
v 0.5731449 0.1312934 1.383694
v 0.7488499 0.1312934 1.297046
v 0.9117419 0.1312934 1.188205
v 1.059034 0.1312934 1.059034
v 1.188205 0.1312934 0.9117419
v 1.297046 0.1312934 0.7488499
v 1.383694 0.1312934 0.5731449
v 1.446667 0.1312934 0.3876332
v 1.484887 0.1312934 0.195489
v 0 0.1128472 1.487847
v 0.194203 0.1128472 1.475119
v 0.3850832 0.1128472 1.43715
v 0.5693744 0.1128472 1.374591
v 0.7439236 0.1128472 1.288513
v 0.9057439 0.1128472 1.180389
v 1.052067 0.1128472 1.052067
v 1.180389 0.1128472 0.9057439
v 1.288514 0.1128472 0.7439235
v 1.374591 0.1128472 0.5693744
v 1.43715 0.1128472 0.3850832
v 1.475119 0.1128472 0.1942029
v 0 0.09492188 1.466016
v 0.1913535 0.09492188 1.453474
v 0.3794328 0.09492188 1.416062
v 0.5610199 0.09492188 1.354422
v 0.7330078 0.09492188 1.269607
v 0.8924537 0.09492188 1.163068
v 1.03663 0.09492188 1.03663
v 1.163068 0.09492188 0.8924537
v 1.269607 0.09492188 0.7330077
v 1.354422 0.09492188 0.5610199
v 1.416062 0.09492188 0.3794328
v 1.453474 0.09492188 0.1913533
v 0 0.07777777 1.427778
v 0.1863624 0.07777777 1.415563
v 0.369536 0.07777777 1.379127
v 0.5463869 0.07777777 1.319094
v 0.7138888 0.07777777 1.236492
v 0.8691759 0.07777777 1.132732
v 1.009591 0.07777777 1.009591
v 1.132732 0.07777777 0.8691759
v 1.236492 0.07777777 0.7138888
v 1.319094 0.07777777 0.5463869
v 1.379127 0.07777777 0.369536
v 1.415563 0.07777777 0.1863623
v 0 0.06167535 1.368707
v 0.1786521 0.06167535 1.356997
v 0.3542474 0.06167535 1.322069
v 0.5237814 0.06167535 1.26452
v 0.6843534 0.06167535 1.185335
v 0.8332158 0.06167535 1.085868
v 0.9678218 0.06167535 0.9678218
v 1.085868 0.06167535 0.8332158
v 1.185335 0.06167535 0.6843533
v 1.26452 0.06167535 0.5237814
v 1.322069 0.06167535 0.3542474
v 1.356997 0.06167535 0.178652
v 0 0.046875 1.284375
v 0.1676446 0.046875 1.273387
v 0.3324207 0.046875 1.240611
v 0.4915091 0.046875 1.186608
v 0.6421875 0.046875 1.112301
v 0.7818779 0.046875 1.018963
v 0.9081903 0.046875 0.9081903
v 1.018963 0.046875 0.7818779
v 1.112301 0.046875 0.6421875
v 1.186608 0.046875 0.491509
v 1.240611 0.046875 0.3324207
v 1.273387 0.046875 0.1676445
v 0 0.03363715 1.170356
v 0.1527621 0.03363715 1.160343
v 0.3029104 0.03363715 1.130477
v 0.4478758 0.03363715 1.081268
v 0.585178 0.03363715 1.013558
v 0.7124676 0.03363715 0.9285058
v 0.8275666 0.03363715 0.8275666
v 0.9285058 0.03363715 0.7124676
v 1.013558 0.03363715 0.5851779
v 1.081268 0.03363715 0.4478758
v 1.130477 0.03363715 0.3029104
v 1.160343 0.03363715 0.152762
v 0 0.02222222 1.022222
v 0.1334268 0.02222222 1.013477
v 0.2645705 0.02222222 0.9873908
v 0.3911875 0.02222222 0.9444101
v 0.5111111 0.02222222 0.8852704
v 0.6222894 0.02222222 0.8109833
v 0.7228202 0.02222222 0.7228202
v 0.8109833 0.02222222 0.6222894
v 0.8852704 0.02222222 0.511111
v 0.9444101 0.02222222 0.3911875
v 0.9873908 0.02222222 0.2645706
v 1.013477 0.02222222 0.1334267
v 0 0.01289063 0.8355469
v 0.1090608 0.01289063 0.8283987
v 0.2162554 0.01289063 0.8070763
v 0.31975 0.01289063 0.7719445
v 0.4177734 0.01289063 0.7236048
v 0.5086486 0.01289063 0.6628839
v 0.5908208 0.01289063 0.5908208
v 0.6628839 0.01289063 0.5086486
v 0.7236048 0.01289063 0.4177734
v 0.7719445 0.01289063 0.3197499
v 0.8070763 0.01289063 0.2162555
v 0.8283987 0.01289063 0.1090607
v 0 0.005902779 0.6059028
v 0.07908619 0.005902779 0.6007193
v 0.1568192 0.005902779 0.5852572
v 0.231869 0.005902779 0.5597811
v 0.3029514 0.005902779 0.5247272
v 0.3688503 0.005902779 0.480695
v 0.4284379 0.005902779 0.4284379
v 0.480695 0.005902779 0.3688503
v 0.5247273 0.005902779 0.3029514
v 0.5597811 0.005902779 0.2318689
v 0.5852572 0.005902779 0.1568192
v 0.6007193 0.005902779 0.07908615
v 0 0.001519097 0.3288628
v 0.04292521 0.001519097 0.3260493
v 0.08511595 0.001519097 0.317657
v 0.1258503 0.001519097 0.3038296
v 0.1644314 0.001519097 0.2848035
v 0.200199 0.001519097 0.2609044
v 0.2325411 0.001519097 0.2325411
v 0.2609044 0.001519097 0.200199
v 0.2848035 0.001519097 0.1644314
v 0.3038296 0.001519097 0.1258503
v 0.317657 0.001519097 0.08511595
v 0.3260493 0.001519097 0.04292518
v -1.484887 0.1312934 0.195489
v -1.446667 0.1312934 0.3876332
v -1.383694 0.1312934 0.5731449
v -1.297046 0.1312934 0.7488499
v -1.188205 0.1312934 0.9117419
v -1.059034 0.1312934 1.059034
v -0.9117419 0.1312934 1.188205
v -0.7488499 0.1312934 1.297046
v -0.5731449 0.1312934 1.383694
v -0.3876332 0.1312934 1.446667
v -0.195489 0.1312934 1.484887
v -1.475119 0.1128472 0.194203
v -1.43715 0.1128472 0.3850832
v -1.374591 0.1128472 0.5693744
v -1.288513 0.1128472 0.7439236
v -1.180389 0.1128472 0.9057439
v -1.052067 0.1128472 1.052067
v -0.9057439 0.1128472 1.180389
v -0.7439235 0.1128472 1.288514
v -0.5693744 0.1128472 1.374591
v -0.3850832 0.1128472 1.43715
v -0.1942029 0.1128472 1.475119
v -1.453474 0.09492188 0.1913535
v -1.416062 0.09492188 0.3794328
v -1.354422 0.09492188 0.5610199
v -1.269607 0.09492188 0.7330078
v -1.163068 0.09492188 0.8924537
v -1.03663 0.09492188 1.03663
v -0.8924537 0.09492188 1.163068
v -0.7330077 0.09492188 1.269607
v -0.5610199 0.09492188 1.354422
v -0.3794328 0.09492188 1.416062
v -0.1913533 0.09492188 1.453474
v -1.415563 0.07777777 0.1863624
v -1.379127 0.07777777 0.369536
v -1.319094 0.07777777 0.5463869
v -1.236492 0.07777777 0.7138888
v -1.132732 0.07777777 0.8691759
v -1.009591 0.07777777 1.009591
v -0.8691759 0.07777777 1.132732
v -0.7138888 0.07777777 1.236492
v -0.5463869 0.07777777 1.319094
v -0.369536 0.07777777 1.379127
v -0.1863623 0.07777777 1.415563
v -1.356997 0.06167535 0.1786521
v -1.322069 0.06167535 0.3542474
v -1.26452 0.06167535 0.5237814
v -1.185335 0.06167535 0.6843534
v -1.085868 0.06167535 0.8332158
v -0.9678218 0.06167535 0.9678218
v -0.8332158 0.06167535 1.085868
v -0.6843533 0.06167535 1.185335
v -0.5237814 0.06167535 1.26452
v -0.3542474 0.06167535 1.322069
v -0.178652 0.06167535 1.356997
v -1.273387 0.046875 0.1676446
v -1.240611 0.046875 0.3324207
v -1.186608 0.046875 0.4915091
v -1.112301 0.046875 0.6421875
v -1.018963 0.046875 0.7818779
v -0.9081903 0.046875 0.9081903
v -0.7818779 0.046875 1.018963
v -0.6421875 0.046875 1.112301
v -0.491509 0.046875 1.186608
v -0.3324207 0.046875 1.240611
v -0.1676445 0.046875 1.273387
v -1.160343 0.03363715 0.1527621
v -1.130477 0.03363715 0.3029104
v -1.081268 0.03363715 0.4478758
v -1.013558 0.03363715 0.585178
v -0.9285058 0.03363715 0.7124676
v -0.8275666 0.03363715 0.8275666
v -0.7124676 0.03363715 0.9285058
v -0.5851779 0.03363715 1.013558
v -0.4478758 0.03363715 1.081268
v -0.3029104 0.03363715 1.130477
v -0.152762 0.03363715 1.160343
v -1.013477 0.02222222 0.1334268
v -0.9873908 0.02222222 0.2645705
v -0.9444101 0.02222222 0.3911875
v -0.8852704 0.02222222 0.5111111
v -0.8109833 0.02222222 0.6222894
v -0.7228202 0.02222222 0.7228202
v -0.6222894 0.02222222 0.8109833
v -0.511111 0.02222222 0.8852704
v -0.3911875 0.02222222 0.9444101
v -0.2645706 0.02222222 0.9873908
v -0.1334267 0.02222222 1.013477
v -0.8283987 0.01289063 0.1090608
v -0.8070763 0.01289063 0.2162554
v -0.7719445 0.01289063 0.31975
v -0.7236048 0.01289063 0.4177734
v -0.6628839 0.01289063 0.5086486
v -0.5908208 0.01289063 0.5908208
v -0.5086486 0.01289063 0.6628839
v -0.4177734 0.01289063 0.7236048
v -0.3197499 0.01289063 0.7719445
v -0.2162555 0.01289063 0.8070763
v -0.1090607 0.01289063 0.8283987
v -0.6007193 0.005902779 0.07908619
v -0.5852572 0.005902779 0.1568192
v -0.5597811 0.005902779 0.231869
v -0.5247272 0.005902779 0.3029514
v -0.480695 0.005902779 0.3688503
v -0.4284379 0.005902779 0.4284379
v -0.3688503 0.005902779 0.480695
v -0.3029514 0.005902779 0.5247273
v -0.2318689 0.005902779 0.5597811
v -0.1568192 0.005902779 0.5852572
v -0.07908615 0.005902779 0.6007193
v -0.3260493 0.001519097 0.04292521
v -0.317657 0.001519097 0.08511595
v -0.3038296 0.001519097 0.1258503
v -0.2848035 0.001519097 0.1644314
v -0.2609044 0.001519097 0.200199
v -0.2325411 0.001519097 0.2325411
v -0.200199 0.001519097 0.2609044
v -0.1644314 0.001519097 0.2848035
v -0.1258503 0.001519097 0.3038296
v -0.08511595 0.001519097 0.317657
v -0.04292518 0.001519097 0.3260493

vn -0.0045392 0.9999897 0
vn -0.004446256 0.9836294 -0.1801486
vn -0.004124112 0.9232072 -0.3842803
vn -0.003508369 0.8002843 -0.5996104
vn -0.002565403 0.6003797 -0.799711
vn -0.001343326 0.3246088 -0.9458475
vn -7.023111e-9 6.818426e-10 -1
vn 0.001238582 -0.3245997 -0.9458507
vn 0.002187023 -0.6003568 -0.7997292
vn -0.01990604 0.9998018 0
vn -0.01949632 0.9834961 -0.1798755
vn -0.01807683 0.9232568 -0.3837578
vn -0.01536874 0.8006161 -0.5989805
vn -0.01123045 0.6009327 -0.7992208
vn -0.005874965 0.3250732 -0.9456707
vn -9.301392e-9 -1.052716e-9 -1
vn 0.005399061 -0.325122 -0.9456567
vn 0.009511735 -0.6010677 -0.7991416
vn 0.01207622 -0.8007858 -0.598829
vn 0.01333853 -0.9234044 -0.3835966
vn 0.01377239 -0.9836107 -0.1797781
vn 0.01383564 -0.9999043 0
vn -0.04953216 0.9987725 0
vn -0.04850256 0.9824799 -0.1799468
vn -0.04494476 0.9223021 -0.3838474
vn -0.03817837 0.7998354 -0.599004
vn -0.02787037 0.600476 -0.7991569
vn -0.0145644 0.3249644 -0.9456141
vn -7.907039e-9 -2.384663e-9 -1
vn 0.01334938 -0.3252971 -0.9455177
vn 0.02347419 -0.6013874 -0.7986126
vn 0.02974141 -0.800971 -0.5979639
vn 0.03278846 -0.9232733 -0.3827421
vn 0.03381096 -0.9832169 -0.1792801
vn 0.03395047 -0.9994235 0
vn -0.0984208 0.9951449 0
vn -0.09634285 0.9787778 -0.1808648
vn -0.08918481 0.9184008 -0.3854686
vn -0.07563737 0.7958782 -0.6007136
vn -0.05511727 0.597127 -0.8002509
vn -0.0287621 0.3231432 -0.9459129
vn -4.020183e-9 -1.907011e-9 -1
vn 0.02633441 -0.3241919 -0.9456247
vn 0.04628173 -0.6000502 -0.7986225
vn 0.05857567 -0.7996549 -0.597596
vn 0.0644929 -0.9218464 -0.3821515
vn 0.06643505 -0.9816284 -0.1788633
vn 0.06668281 -0.9977742 0
vn -0.17378 0.9847845 0
vn -0.1700251 0.9682655 -0.1831761
vn -0.1571316 0.9074714 -0.3896222
vn -0.1329018 0.7848733 -0.6052364
vn -0.09655421 0.5876833 -0.8033093
vn -0.0502829 0.3177698 -0.9468337
vn 1.03669e-9 6.633176e-10 -1
vn 0.04611134 -0.320213 -0.9462227
vn 0.08119323 -0.5947031 -0.7998349
vn 0.1028661 -0.794463 -0.5985374
vn 0.1132633 -0.9170046 -0.3824577
vn 0.1166335 -0.9769403 -0.1788414
vn 0.1170462 -0.9931265 0
vn -0.2848965 0.9585583 0
vn -0.2785564 0.9419827 -0.1872834
vn -0.2568373 0.8811288 -0.3970475
vn -0.2163806 0.7595481 -0.6134055
vn -0.1565152 0.5666741 -0.8089397
vn -0.08129325 0.3058844 -0.9485916
vn 5.81306e-9 4.70581e-9 -1
vn 0.07495973 -0.3106134 -0.9475761
vn 0.1327559 -0.580889 -0.803084
vn 0.1689737 -0.7804572 -0.6019422
vn 0.1865393 -0.9040194 -0.3846454
vn 0.1922939 -0.9647381 -0.1797315
vn 0.1930219 -0.9811944 0
vn -0.4392616 0.8983592 0
vn -0.4292336 0.8823773 -0.1927921
vn -0.3948486 0.8236499 -0.4070569
vn -0.3312653 0.7072937 -0.624499
vn -0.2385003 0.5254819 -0.8166923
vn -0.1235832 0.2831398 -0.9510831
vn 8.85684e-9 8.865366e-9 -1
vn 0.1151782 -0.2909899 -0.9497677
vn 0.20622 -0.5505379 -0.8089384
vn 0.2651197 -0.7476056 -0.6089313
vn 0.2947049 -0.8724376 -0.3898739
vn 0.3049056 -0.9347904 -0.1822071
vn 0.3063929 -0.9519051 0
vn -0.628947 0.7774482 0
vn -0.6146598 0.7637174 -0.1973045
vn -0.5652438 0.7126943 -0.4154109
vn -0.4736429 0.6113054 -0.6340097
vn -0.3405413 0.4535853 -0.823585
vn -0.1765709 0.2445824 -0.953416
vn 9.097381e-9 1.133183e-8 -1
vn 0.1672768 -0.2555709 -0.9522089
vn 0.3041583 -0.4911098 -0.8162712
vn 0.3972861 -0.6776534 -0.6188291
vn 0.4472185 -0.8009093 -0.3981704
vn 0.4662401 -0.864778 -0.1864915
vn 0.4696852 -0.882834 0
vn -0.8125722 0.5828605 0
vn -0.7953154 0.5733926 -0.1967091
vn -0.734444 0.5372239 -0.4147077
vn -0.6191757 0.4634646 -0.6338943
vn -0.4483155 0.3461725 -0.8241225
vn -0.2342102 0.1879839 -0.9538384
vn 6.562947e-9 1.058349e-8 -1
vn 0.2264076 -0.2002082 -0.9532347
vn 0.4179142 -0.3903221 -0.8203636
vn 0.5553821 -0.5476597 -0.6257952
vn 0.635308 -0.6574433 -0.4051569
vn 0.6698157 -0.7176613 -0.1905495
vn 0.6774981 -0.7355245 0
vn -0.9361153 0.3516932 0
vn -0.918461 0.3467592 -0.1902302
vn -0.8546582 0.3272095 -0.4031045
vn -0.7295876 0.285612 -0.6213918
vn -0.5363851 0.2163882 -0.8157617
vn -0.284329 0.1190818 -0.9513025
vn 2.907536e-9 6.699047e-9 -1
vn 0.28008 -0.1288602 -0.9512888
vn 0.5205622 -0.2525761 -0.8156105
vn 0.6978971 -0.3570015 -0.620878
vn 0.8068569 -0.4326167 -0.4022745
vn 0.8586277 -0.4762524 -0.1895841
vn 0.8718169 -0.4898319 0
vn -0.9891104 0.1471757 0
vn -0.9722912 0.1453386 -0.1831028
vn -0.9104904 0.137891 -0.3898632
vn -0.7859643 0.1215396 -0.6062081
vn -0.5862939 0.09325706 -0.8047128
vn -0.3152095 0.051935 -0.9476
vn 4.807531e-10 2.077613e-9 -1
vn 0.3141664 -0.05656361 -0.9476814
vn 0.5826899 -0.1103283 -0.8051709
vn 0.7793479 -0.1551654 -0.6070753
vn 0.9011621 -0.187639 -0.3907664
vn 0.9610205 -0.206683 -0.183635
vn 0.9771085 -0.2127418 0
vn -1 0 0
vn -0.9836066 -6.578886e-7 -0.1803279
vn -0.9230769 -6.348421e-7 -0.3846153
vn -0.8 -2.693996e-8 -0.6
vn -0.6 -3.804552e-8 -0.8
vn -0.3243245 0 -0.9459459
vn 0 0 -1
vn 0.3243243 0 -0.945946
vn 0.6000001 0 -0.7999998
vn 0.8000001 -4.295827e-8 -0.5999999
vn 0.9230769 0 -0.3846154
vn 0.9836066 0 -0.1803278
vn 1 0.000001324547 0
vn -0.002509982 0.9999968 0
vn -0.002382303 0.9836212 -0.1802323
vn -0.002210488 0.9231488 -0.3844366
vn -0.002014286 0.8280599 -0.560636
vn -0.002009284 0.8263437 -0.5631627
vn -0.001931283 0.8001578 -0.5997865
vn -0.001444586 0.6002143 -0.7998379
vn -0.0008219727 0.3244985 -0.9458859
vn -0.0004136569 0.1633025 -0.9865759
vn -4.896028e-9 4.753336e-10 -1
vn 0.001002118 -0.3245471 -0.945869
vn 0.001837539 -0.5431871 -0.8396096
vn 0.002055718 -0.6003355 -0.7997456
vn 0.002479388 -0.6970742 -0.7169947
vn 0.003371418 -0.7839072 -0.6208688
vn 0.003508015 -0.8003042 -0.5995839
vn 0.004826439 -0.9232382 -0.3841978
vn 0.005759031 -0.9836356 -0.1800774
vn 0.006324959 -0.99998 0
vn -0.1989581 0.980008 0
vn -0.5816554 0.8134354 0
vn -0.8630088 0.5051888 0
vn -0.9454377 0.3258032 0
vn -0.1991323 0.9642743 -0.1747038
vn -0.5818303 0.8010076 -0.1409267
vn -0.8621755 0.499781 -0.08289906
vn -0.9441621 0.3256406 -0.05016019
vn -0.1973209 0.9079592 -0.3696954
vn -0.578873 0.7612827 -0.2921552
vn -0.8593704 0.4841303 -0.1646221
vn -0.9416499 0.3231924 -0.09403369
vn -0.19282 0.8211718 -0.5371195
vn -0.5717176 0.7044227 -0.4206278
vn -0.8552827 0.4643165 -0.2300039
vn -0.9394416 0.3196132 -0.1236809
vn -0.1929104 0.8195886 -0.5394999
vn -0.5718375 0.7032676 -0.4223938
vn -0.8552943 0.4638526 -0.2308948
vn -0.9393955 0.3195736 -0.124132
vn -0.1949707 0.795435 -0.5738202
vn -0.5746592 0.685304 -0.4473536
vn -0.8558049 0.4565057 -0.2433116
vn -0.9386634 0.3191333 -0.1306332
vn -0.1981647 0.6144763 -0.7636424
vn -0.5775256 0.5639966 -0.5902304
vn -0.8549113 0.4139722 -0.3126558
vn -0.9357802 0.3151408 -0.1581188
vn -0.2075156 0.3664787 -0.9069899
vn -0.5877817 0.3984544 -0.7040929
vn -0.8581458 0.3560455 -0.3698883
vn -0.9345138 0.3098011 -0.1752345
vn -0.2085434 0.2195643 -0.9530483
vn -0.5871161 0.298603 -0.7524168
vn -0.8593404 0.3207127 -0.3983435
vn -0.9350649 0.3067345 -0.1776731
vn -0.2246258 0.0731266 -0.9716973
vn -0.6074113 0.1975514 -0.7694315
vn -0.8676845 0.2821304 -0.4092995
vn -0.9354886 0.3042508 -0.1797014
vn -0.2529199 -0.2259312 -0.9407372
vn -0.6413469 -0.01837167 -0.7670311
vn -0.8866283 0.1940911 -0.4197844
vn -0.9387139 0.2992173 -0.1711292
vn -0.2767437 -0.4366731 -0.8559961
vn -0.6701514 -0.1830664 -0.719294
vn -0.9062288 0.1186385 -0.4058007
vn -0.9425619 0.2956305 -0.1554983
vn -0.2882636 -0.4913609 -0.821869
vn -0.6844088 -0.224098 -0.6938045
vn -0.9135241 0.09931172 -0.3944755
vn -0.9435589 0.2947075 -0.1511421
vn -0.3011438 -0.5906591 -0.7486215
vn -0.7001883 -0.3086969 -0.6437721
vn -0.9261781 0.0563148 -0.3728575
vn -0.9460443 0.2931255 -0.138122
vn -0.3199324 -0.6799538 -0.6597773
vn -0.7236019 -0.3819674 -0.5748924
vn -0.9406661 0.01818581 -0.3388459
vn -0.9483994 0.29146 -0.1248589
vn -0.3247831 -0.6966479 -0.6396855
vn -0.7295601 -0.3947773 -0.5584738
vn -0.9437868 0.01159701 -0.3303512
vn -0.9488202 0.2912072 -0.1222235
vn -0.3555037 -0.832499 -0.4249264
vn -0.7677749 -0.5143024 -0.3821189
vn -0.9705229 -0.0548945 -0.234674
vn -0.9532318 0.2893825 -0.08721739
vn -0.3746222 -0.9042414 -0.204953
vn -0.7918628 -0.5807597 -0.1888692
vn -0.9882954 -0.09428578 -0.1199276
vn -0.9564795 0.2880926 -0.04636438
vn -0.3797817 -0.9250761 0
vn -0.7987337 -0.6016849 0
vn -0.9942031 -0.1075189 0
vn -0.9578936 0.2871236 0
vn -0.004446256 0.9836294 0.1801486
vn -0.004124112 0.9232072 0.3842803
vn -0.003508369 0.8002843 0.5996104
vn -0.002565403 0.6003797 0.799711
vn -0.001343326 0.3246088 0.9458475
vn -7.023111e-9 6.818426e-10 1
vn 0.001238582 -0.3245997 0.9458507
vn 0.002187023 -0.6003568 0.7997292
vn -0.01949632 0.9834961 0.1798755
vn -0.01807683 0.9232568 0.3837578
vn -0.01536874 0.8006161 0.5989805
vn -0.01123045 0.6009327 0.7992208
vn -0.005874965 0.3250732 0.9456707
vn -9.301392e-9 -1.052716e-9 1
vn 0.005399061 -0.325122 0.9456567
vn 0.009511735 -0.6010677 0.7991416
vn 0.01207622 -0.8007858 0.598829
vn 0.01333853 -0.9234044 0.3835966
vn 0.01377239 -0.9836107 0.1797781
vn -0.04850256 0.9824799 0.1799468
vn -0.04494476 0.9223021 0.3838474
vn -0.03817837 0.7998354 0.599004
vn -0.02787037 0.600476 0.7991569
vn -0.0145644 0.3249644 0.9456141
vn -7.907039e-9 -2.384663e-9 1
vn 0.01334938 -0.3252971 0.9455177
vn 0.02347419 -0.6013874 0.7986126
vn 0.02974141 -0.800971 0.5979639
vn 0.03278846 -0.9232733 0.3827421
vn 0.03381096 -0.9832169 0.1792801
vn -0.09634285 0.9787778 0.1808648
vn -0.08918481 0.9184008 0.3854686
vn -0.07563737 0.7958782 0.6007136
vn -0.05511727 0.597127 0.8002509
vn -0.0287621 0.3231432 0.9459129
vn -4.020183e-9 -1.907011e-9 1
vn 0.02633441 -0.3241919 0.9456247
vn 0.04628173 -0.6000502 0.7986225
vn 0.05857567 -0.7996549 0.597596
vn 0.0644929 -0.9218464 0.3821515
vn 0.06643505 -0.9816284 0.1788633
vn -0.1700251 0.9682655 0.1831761
vn -0.1571316 0.9074714 0.3896222
vn -0.1329018 0.7848733 0.6052364
vn -0.09655421 0.5876833 0.8033093
vn -0.0502829 0.3177698 0.9468337
vn 1.03669e-9 6.633176e-10 1
vn 0.04611134 -0.320213 0.9462227
vn 0.08119323 -0.5947031 0.7998349
vn 0.1028661 -0.794463 0.5985374
vn 0.1132633 -0.9170046 0.3824577
vn 0.1166335 -0.9769403 0.1788414
vn -0.2785564 0.9419827 0.1872834
vn -0.2568373 0.8811288 0.3970475
vn -0.2163806 0.7595481 0.6134055
vn -0.1565152 0.5666741 0.8089397
vn -0.08129325 0.3058844 0.9485916
vn 5.81306e-9 4.70581e-9 1
vn 0.07495973 -0.3106134 0.9475761
vn 0.1327559 -0.580889 0.803084
vn 0.1689737 -0.7804572 0.6019422
vn 0.1865393 -0.9040194 0.3846454
vn 0.1922939 -0.9647381 0.1797315
vn -0.4292336 0.8823773 0.1927921
vn -0.3948486 0.8236499 0.4070569
vn -0.3312653 0.7072937 0.624499
vn -0.2385003 0.5254819 0.8166923
vn -0.1235832 0.2831398 0.9510831
vn 8.85684e-9 8.865366e-9 1
vn 0.1151782 -0.2909899 0.9497677
vn 0.20622 -0.5505379 0.8089384
vn 0.2651197 -0.7476056 0.6089313
vn 0.2947049 -0.8724376 0.3898739
vn 0.3049056 -0.9347904 0.1822071
vn -0.6146598 0.7637174 0.1973045
vn -0.5652438 0.7126943 0.4154109
vn -0.4736429 0.6113054 0.6340097
vn -0.3405413 0.4535853 0.823585
vn -0.1765709 0.2445824 0.953416
vn 9.097381e-9 1.133183e-8 1
vn 0.1672768 -0.2555709 0.9522089
vn 0.3041583 -0.4911098 0.8162712
vn 0.3972861 -0.6776534 0.6188291
vn 0.4472185 -0.8009093 0.3981704
vn 0.4662401 -0.864778 0.1864915
vn -0.7953154 0.5733926 0.1967091
vn -0.734444 0.5372239 0.4147077
vn -0.6191757 0.4634646 0.6338943
vn -0.4483155 0.3461725 0.8241225
vn -0.2342102 0.1879839 0.9538384
vn 6.562947e-9 1.058349e-8 1
vn 0.2264076 -0.2002082 0.9532347
vn 0.4179142 -0.3903221 0.8203636
vn 0.5553821 -0.5476597 0.6257952
vn 0.635308 -0.6574433 0.4051569
vn 0.6698157 -0.7176613 0.1905495
vn -0.918461 0.3467592 0.1902302
vn -0.8546582 0.3272095 0.4031045
vn -0.7295876 0.285612 0.6213918
vn -0.5363851 0.2163882 0.8157617
vn -0.284329 0.1190818 0.9513025
vn 2.907536e-9 6.699047e-9 1
vn 0.28008 -0.1288602 0.9512888
vn 0.5205622 -0.2525761 0.8156105
vn 0.6978971 -0.3570015 0.620878
vn 0.8068569 -0.4326167 0.4022745
vn 0.8586277 -0.4762524 0.1895841
vn -0.9722912 0.1453386 0.1831028
vn -0.9104904 0.137891 0.3898632
vn -0.7859643 0.1215396 0.6062081
vn -0.5862939 0.09325706 0.8047128
vn -0.3152095 0.051935 0.9476
vn 4.807531e-10 2.077613e-9 1
vn 0.3141664 -0.05656361 0.9476814
vn 0.5826899 -0.1103283 0.8051709
vn 0.7793479 -0.1551654 0.6070753
vn 0.9011621 -0.187639 0.3907664
vn 0.9610205 -0.206683 0.183635
vn -0.9836066 -6.578886e-7 0.1803279
vn -0.9230769 -6.348421e-7 0.3846153
vn -0.8 -2.693996e-8 0.6
vn -0.6 -3.804552e-8 0.8
vn -0.3243245 0 0.9459459
vn 0 0 1
vn 0.3243243 0 0.945946
vn 0.6000001 0 0.7999998
vn 0.8000001 -4.295827e-8 0.5999999
vn 0.9230769 0 0.3846154
vn 0.9836066 0 0.1803278
vn -0.002382303 0.9836212 0.1802323
vn -0.002210488 0.9231488 0.3844366
vn -0.002014286 0.8280599 0.560636
vn -0.002009284 0.8263437 0.5631627
vn -0.001931283 0.8001578 0.5997865
vn -0.001444586 0.6002143 0.7998379
vn -0.0008219727 0.3244985 0.9458859
vn -0.0004136569 0.1633025 0.9865759
vn -4.896028e-9 4.753336e-10 1
vn 0.001002118 -0.3245471 0.945869
vn 0.001837539 -0.5431871 0.8396096
vn 0.002055718 -0.6003355 0.7997456
vn 0.002479388 -0.6970742 0.7169947
vn 0.003371418 -0.7839072 0.6208688
vn 0.003508015 -0.8003042 0.5995839
vn 0.004826439 -0.9232382 0.3841978
vn 0.005759031 -0.9836356 0.1800774
vn -0.1991323 0.9642743 0.1747038
vn -0.5818303 0.8010076 0.1409267
vn -0.8621755 0.499781 0.08289906
vn -0.9441621 0.3256406 0.05016019
vn -0.1973209 0.9079592 0.3696954
vn -0.578873 0.7612827 0.2921552
vn -0.8593704 0.4841303 0.1646221
vn -0.9416499 0.3231924 0.09403369
vn -0.19282 0.8211718 0.5371195
vn -0.5717176 0.7044227 0.4206278
vn -0.8552827 0.4643165 0.2300039
vn -0.9394416 0.3196132 0.1236809
vn -0.1929104 0.8195886 0.5394999
vn -0.5718375 0.7032676 0.4223938
vn -0.8552943 0.4638526 0.2308948
vn -0.9393955 0.3195736 0.124132
vn -0.1949707 0.795435 0.5738202
vn -0.5746592 0.685304 0.4473536
vn -0.8558049 0.4565057 0.2433116
vn -0.9386634 0.3191333 0.1306332
vn -0.1981647 0.6144763 0.7636424
vn -0.5775256 0.5639966 0.5902304
vn -0.8549113 0.4139722 0.3126558
vn -0.9357802 0.3151408 0.1581188
vn -0.2075156 0.3664787 0.9069899
vn -0.5877817 0.3984544 0.7040929
vn -0.8581458 0.3560455 0.3698883
vn -0.9345138 0.3098011 0.1752345
vn -0.2085434 0.2195643 0.9530483
vn -0.5871161 0.298603 0.7524168
vn -0.8593404 0.3207127 0.3983435
vn -0.9350649 0.3067345 0.1776731
vn -0.2246258 0.0731266 0.9716973
vn -0.6074113 0.1975514 0.7694315
vn -0.8676845 0.2821304 0.4092995
vn -0.9354886 0.3042508 0.1797014
vn -0.2529199 -0.2259312 0.9407372
vn -0.6413469 -0.01837167 0.7670311
vn -0.8866283 0.1940911 0.4197844
vn -0.9387139 0.2992173 0.1711292
vn -0.2767437 -0.4366731 0.8559961
vn -0.6701514 -0.1830664 0.719294
vn -0.9062288 0.1186385 0.4058007
vn -0.9425619 0.2956305 0.1554983
vn -0.2882636 -0.4913609 0.821869
vn -0.6844088 -0.224098 0.6938045
vn -0.9135241 0.09931172 0.3944755
vn -0.9435589 0.2947075 0.1511421
vn -0.3011438 -0.5906591 0.7486215
vn -0.7001883 -0.3086969 0.6437721
vn -0.9261781 0.0563148 0.3728575
vn -0.9460443 0.2931255 0.138122
vn -0.3199324 -0.6799538 0.6597773
vn -0.7236019 -0.3819674 0.5748924
vn -0.9406661 0.01818581 0.3388459
vn -0.9483994 0.29146 0.1248589
vn -0.3247831 -0.6966479 0.6396855
vn -0.7295601 -0.3947773 0.5584738
vn -0.9437868 0.01159701 0.3303512
vn -0.9488202 0.2912072 0.1222235
vn -0.3555037 -0.832499 0.4249264
vn -0.7677749 -0.5143024 0.3821189
vn -0.9705229 -0.0548945 0.234674
vn -0.9532318 0.2893825 0.08721739
vn -0.3746222 -0.9042414 0.204953
vn -0.7918628 -0.5807597 0.1888692
vn -0.9882954 -0.09428578 0.1199276
vn -0.9564795 0.2880926 0.04636438
vn -0.9936428 -0.1125784 0
vn -0.9770466 -0.1108921 -0.1818866
vn -0.9159055 -0.1044728 -0.3875596
vn -0.7921606 -0.09107874 -0.6034784
vn -0.5924797 -0.06885391 -0.8026375
vn -0.3194079 -0.0376169 -0.9468704
vn -3.887473e-10 1.696697e-9 -1
vn 0.3191386 0.03885343 -0.9469113
vn 0.5916199 0.07337879 -0.8028708
vn 0.7907516 0.09989332 -0.6039315
vn 0.9141359 0.1173644 -0.3880478
vn 0.9750744 0.1266456 -0.1821836
vn 0.9915983 0.1293555 0
vn -0.9765899 -0.2151098 0
vn -0.9597973 -0.2113622 -0.1847032
vn -0.8981364 -0.1976546 -0.3927897
vn -0.7743056 -0.1702268 -0.6094864
vn -0.5767801 -0.1266256 -0.8070258
vn -0.3098881 -0.06791595 -0.9483443
vn -2.023519e-9 4.719014e-9 -1
vn 0.3099948 0.06765317 -0.9483281
vn 0.5771223 0.1256578 -0.8069324
vn 0.7748646 0.1683289 -0.6093031
vn 0.8988313 0.1948713 -0.3925906
vn 0.9605632 0.2079614 -0.1845815
vn 0.9773802 0.2114898 0
vn -0.9509482 -0.3093502 0
vn -0.9343693 -0.3033948 -0.1868304
vn -0.8735411 -0.2821597 -0.3966255
vn -0.7519158 -0.2408679 -0.6136819
vn -0.559194 -0.1771571 -0.8098873
vn -0.3002746 -0.09384403 -0.9492251
vn -4.287351e-9 6.959468e-9 -1
vn 0.3017906 0.09124378 -0.9489979
vn 0.5640653 0.1674816 -0.8085669
vn 0.7598932 0.2217045 -0.6110725
vn 0.8834545 0.2538636 -0.3937785
vn 0.9452668 0.2687254 -0.1850874
vn 0.9621745 0.2724338 0
vn -0.917887 -0.396842 0
vn -0.9020919 -0.388807 -0.1872414
vn -0.8439284 -0.3605645 -0.3972128
vn -0.7273406 -0.3064874 -0.6140367
vn -0.5420998 -0.2242667 -0.8098347
vn -0.2920539 -0.1181378 -0.9490775
vn -6.050968e-9 7.481196e-9 -1
vn 0.2957346 0.1133086 -0.9485263
vn 0.5539438 0.2060965 -0.8066415
vn 0.7467877 0.2700945 -0.6077477
vn 0.868167 0.3064223 -0.3903733
vn 0.9287884 0.3222419 -0.1830638
vn 0.9454015 0.3259078 0
vn -0.8781303 -0.4784215 0
vn -0.8636545 -0.4686718 -0.1856009
vn -0.8098841 -0.4345927 -0.3939758
vn -0.7009701 -0.3695712 -0.6099656
vn -0.5256196 -0.2707123 -0.8064979
vn -0.285156 -0.1427429 -0.9477925
vn -6.369753e-9 6.177908e-9 -1
vn 0.2914145 0.1362528 -0.9468436
vn 0.5457113 0.2459653 -0.801062
vn 0.7339668 0.3193922 -0.5994009
vn 0.8511537 0.3593695 -0.3826105
vn 0.9092773 0.3758726 -0.1787028
vn 0.9252121 0.3794504 0
vn -0.8324224 -0.5541416 0
vn -0.8196233 -0.5431892 -0.1821076
vn -0.7714514 -0.5048569 -0.3872754
vn -0.6721601 -0.4312526 -0.6018488
vn -0.5086776 -0.3179234 -0.8001074
vn -0.278719 -0.1687512 -0.9454305
vn -4.692241e-9 3.547792e-9 -1
vn 0.2876348 0.1614493 -0.9440341
vn 0.5371142 0.2895339 -0.7922617
vn 0.7187238 0.3727587 -0.5869303
vn 0.8298268 0.4163861 -0.3714971
vn 0.8843995 0.4336351 -0.1726214
vn 0.8993677 0.4371931 0
vn -0.7818401 -0.6234789 0
vn -0.7708157 -0.6118624 -0.1773913
vn -0.7286689 -0.5709392 -0.3782461
vn -0.6399063 -0.4912754 -0.5909047
vn -0.4895984 -0.3658977 -0.7914621
vn -0.2713992 -0.1963291 -0.94223
vn -9.573268e-10 5.421419e-10 -1
vn 0.2826539 0.1892625 -0.940365
vn 0.5251372 0.3374699 -0.7812457
vn 0.697765 0.4312032 -0.5720032
vn 0.8012639 0.4788943 -0.3586592
vn 0.8516179 0.4972684 -0.1657441
vn 0.8654567 0.5009838 0
vn -0.7278901 -0.6856937 0
vn -0.7184677 -0.6738501 -0.172425
vn -0.6819221 -0.6316978 -0.3687007
vn -0.6033447 -0.5481559 -0.5792237
vn -0.4665273 -0.4131268 -0.7820988
vn -0.2615286 -0.2245269 -0.9387175
vn 4.270724e-9 -1.654906e-9 -1
vn 0.2742654 0.2187979 -0.9364325
vn 0.5062851 0.3884683 -0.7699142
vn 0.6676258 0.4936512 -0.5573009
vn 0.7625647 0.5463339 -0.3464312
vn 0.8084387 0.5666077 -0.1593194
vn 0.8210956 0.5707906 0
vn -0.6723963 -0.7401913 0
vn -0.6641829 -0.7283512 -0.1684214
vn -0.632075 -0.685685 -0.360995
vn -0.5621042 -0.5995233 -0.5697461
vn -0.4378504 -0.4566544 -0.7744377
vn -0.2473554 -0.2510826 -0.9358274
vn 9.609037e-9 -2.064164e-9 -1
vn 0.2600486 0.2475426 -0.933326
vn 0.4771103 0.4389362 -0.7613809
vn 0.6252617 0.5568805 -0.5467467
vn 0.7113354 0.6162621 -0.3379691
vn 0.7528017 0.6397452 -0.1549694
vn 0.7642913 0.6448711 0
vn -0.617255 -0.7867632 0
vn -0.6097189 -0.7748871 -0.1667116
vn -0.5803787 -0.7315323 -0.3578002
vn -0.5164635 -0.64258 -0.5660004
vn -0.4026425 -0.4924363 -0.7716122
vn -0.2275185 -0.2725225 -0.9348619
vn 1.272696e-8 -6.168027e-10 -1
vn 0.2380392 0.2713229 -0.9325884
vn 0.4351464 0.4830361 -0.7598182
vn 0.5688096 0.6156763 -0.5453423
vn 0.6462596 0.6845812 -0.3371901
vn 0.6835784 0.7132964 -0.1546894
vn 0.6939261 0.7200462 0
vn -0.5641743 -0.8256557 0
vn -0.5567229 -0.813403 -0.1686275
vn -0.5282275 -0.7681667 -0.361795
vn -0.4672822 -0.6745452 -0.571521
vn -0.3610312 -0.5160831 -0.7767332
vn -0.2017088 -0.2849109 -0.9370909
vn 1.055297e-8 1.141065e-9 -1
vn 0.207782 0.2851723 -0.9356834
vn 0.6359127 0.771761 0
vn 0.6223584 0.7663307 -0.1593968
vn 0.5849206 0.7334639 -0.3462636
vn 0.5751543 0.7235265 -0.3817158
vn 0.5092714 0.6564316 -0.5565431
vn 0.3915358 0.520295 -0.7589419
vn 0.3838276 0.5115638 -0.7687515
vn 0.298096 0.405057 -0.8643307
vn 0.2620256 0.3582608 -0.896098
vn 0.2051469 0.2851939 -0.9362581
vn 8.262861e-9 8.934413e-10 -1
vn -0.06854158 -0.1016418 -0.992457
vn -0.1908133 -0.2850772 -0.9393196
vn -0.3340556 -0.5103914 -0.7924061
vn -0.33989 -0.5197957 -0.7837648
vn -0.359337 -0.5517222 -0.7526484
vn -0.4378629 -0.685402 -0.5818077
vn -0.49551 -0.785564 -0.3706196
vn -0.5017675 -0.7960939 -0.3383251
vn -0.5226734 -0.8347296 -0.1733176
vn -0.5310599 -0.8473343 0
vn 0.179585 0.9837424 0
vn -0.3770464 0.9261943 0
vn -0.8157499 0.5784047 0
vn -0.9941964 0.1075803 0
vn 0.1699929 0.9625967 -0.2109742
vn -0.3846029 0.8996319 -0.206744
vn -0.8192999 0.55648 -0.1381222
vn -0.9938582 0.103028 -0.04038734
vn 0.1462627 0.8878594 -0.4362487
vn -0.401421 0.81543 -0.4170552
vn -0.8270347 0.4930389 -0.2700484
vn -0.9928229 0.09225807 -0.07609867
vn 0.1409115 0.8683323 -0.4755449
vn -0.404318 0.7949096 -0.4523778
vn -0.8286213 0.4782918 -0.2909014
vn -0.992687 0.08944453 -0.08106884
vn 0.09446669 0.7480265 -0.6569113
vn -0.4394002 0.6625803 -0.6065598
vn -0.8444692 0.3808551 -0.3765916
vn -0.9919234 0.06821483 -0.1069331
vn 0.01600143 0.5507559 -0.8345129
vn -0.4929918 0.4607373 -0.7380245
vn -0.8672911 0.2417213 -0.4351746
vn -0.990849 0.03467057 -0.1304469
vn 0.01009495 0.5391209 -0.8421679
vn -0.4975972 0.448725 -0.7423227
vn -0.8689993 0.2335485 -0.4362284
vn -0.9907409 0.03263257 -0.1317865
vn -0.04269436 0.4079682 -0.9119974
vn -0.5282061 0.3242538 -0.7847661
vn -0.8812469 0.1531122 -0.4471695
vn -0.9900773 0.009163704 -0.1402251
vn -0.06736572 0.3540132 -0.932811
vn -0.5444273 0.2737826 -0.7928695
vn -0.8869173 0.1215396 -0.4456523
vn -0.9896381 1.582953e-7 -0.1435838
vn -0.1104057 0.2710408 -0.9562151
vn -0.5752046 0.1946827 -0.7945051
vn -0.8968874 0.07032733 -0.4366316
vn -0.9886864 -0.0192002 -0.1487631
vn -0.2463978 -0.02257964 -0.9689057
vn -0.6513318 -0.05922109 -0.7564786
vn -0.9175027 -0.08324885 -0.3889196
vn -0.9839109 -0.08947726 -0.154639
vn -0.2835722 -0.1195497 -0.9514698
vn -0.6630268 -0.1367633 -0.7359967
vn -0.9190298 -0.1275014 -0.3729979
vn -0.9818506 -0.1129614 -0.1523457
vn -0.3706157 -0.2929084 -0.8813902
vn -0.707836 -0.2728457 -0.6515545
vn -0.9248658 -0.2084109 -0.318101
vn -0.9745396 -0.1682703 -0.1481816
vn -0.462207 -0.4985085 -0.7333853
vn -0.7391266 -0.4236457 -0.5236564
vn -0.9219537 -0.2961781 -0.2495594
vn -0.9628398 -0.2358951 -0.1315025
vn -0.4669537 -0.506921 -0.7245587
vn -0.7414475 -0.4293738 -0.5156488
vn -0.9218944 -0.2997952 -0.2454256
vn -0.9620355 -0.2395598 -0.1307627
vn -0.4754095 -0.5367138 -0.6970825
vn -0.7396581 -0.4530255 -0.4976683
vn -0.9190041 -0.3148333 -0.2373004
vn -0.9598029 -0.2506219 -0.1263602
vn -0.5315114 -0.6574098 -0.5341422
vn -0.7576188 -0.5372174 -0.3706902
vn -0.9117762 -0.3707556 -0.1766478
vn -0.9458904 -0.306736 -0.1058502
vn -0.5702538 -0.7480321 -0.3394974
vn -0.7645695 -0.6006989 -0.2336546
vn -0.9022004 -0.4158842 -0.1143449
vn -0.9326039 -0.3530494 -0.07487383
vn -0.5716237 -0.7592974 -0.3109884
vn -0.7615229 -0.6112612 -0.2155056
vn -0.8998031 -0.4231969 -0.1061072
vn -0.9313488 -0.3575566 -0.06886623
vn -0.5882114 -0.7929481 -0.1588729
vn -0.7656401 -0.6337387 -0.1103199
vn -0.8947803 -0.442879 -0.0568012
vn -0.9233332 -0.3819356 -0.03976317
vn -0.5932531 -0.8050159 0
vn -0.7656692 -0.6432346 0
vn -0.8930337 -0.4499898 0
vn -0.9215665 -0.3882204 0
vn -0.9770466 -0.1108921 0.1818866
vn -0.9159055 -0.1044728 0.3875596
vn -0.7921606 -0.09107874 0.6034784
vn -0.5924797 -0.06885391 0.8026375
vn -0.3194079 -0.0376169 0.9468704
vn -3.887473e-10 1.696697e-9 1
vn 0.3191386 0.03885343 0.9469113
vn 0.5916199 0.07337879 0.8028708
vn 0.7907516 0.09989332 0.6039315
vn 0.9141359 0.1173644 0.3880478
vn 0.9750744 0.1266456 0.1821836
vn -0.9597973 -0.2113622 0.1847032
vn -0.8981364 -0.1976546 0.3927897
vn -0.7743056 -0.1702268 0.6094864
vn -0.5767801 -0.1266256 0.8070258
vn -0.3098881 -0.06791595 0.9483443
vn -2.023519e-9 4.719014e-9 1
vn 0.3099948 0.06765317 0.9483281
vn 0.5771223 0.1256578 0.8069324
vn 0.7748646 0.1683289 0.6093031
vn 0.8988313 0.1948713 0.3925906
vn 0.9605632 0.2079614 0.1845815
vn -0.9343693 -0.3033948 0.1868304
vn -0.8735411 -0.2821597 0.3966255
vn -0.7519158 -0.2408679 0.6136819
vn -0.559194 -0.1771571 0.8098873
vn -0.3002746 -0.09384403 0.9492251
vn -4.287351e-9 6.959468e-9 1
vn 0.3017906 0.09124378 0.9489979
vn 0.5640653 0.1674816 0.8085669
vn 0.7598932 0.2217045 0.6110725
vn 0.8834545 0.2538636 0.3937785
vn 0.9452668 0.2687254 0.1850874
vn -0.9020919 -0.388807 0.1872414
vn -0.8439284 -0.3605645 0.3972128
vn -0.7273406 -0.3064874 0.6140367
vn -0.5420998 -0.2242667 0.8098347
vn -0.2920539 -0.1181378 0.9490775
vn -6.050968e-9 7.481196e-9 1
vn 0.2957346 0.1133086 0.9485263
vn 0.5539438 0.2060965 0.8066415
vn 0.7467877 0.2700945 0.6077477
vn 0.868167 0.3064223 0.3903733
vn 0.9287884 0.3222419 0.1830638
vn -0.8636545 -0.4686718 0.1856009
vn -0.8098841 -0.4345927 0.3939758
vn -0.7009701 -0.3695712 0.6099656
vn -0.5256196 -0.2707123 0.8064979
vn -0.285156 -0.1427429 0.9477925
vn -6.369753e-9 6.177908e-9 1
vn 0.2914145 0.1362528 0.9468436
vn 0.5457113 0.2459653 0.801062
vn 0.7339668 0.3193922 0.5994009
vn 0.8511537 0.3593695 0.3826105
vn 0.9092773 0.3758726 0.1787028
vn -0.8196233 -0.5431892 0.1821076
vn -0.7714514 -0.5048569 0.3872754
vn -0.6721601 -0.4312526 0.6018488
vn -0.5086776 -0.3179234 0.8001074
vn -0.278719 -0.1687512 0.9454305
vn -4.692241e-9 3.547792e-9 1
vn 0.2876348 0.1614493 0.9440341
vn 0.5371142 0.2895339 0.7922617
vn 0.7187238 0.3727587 0.5869303
vn 0.8298268 0.4163861 0.3714971
vn 0.8843995 0.4336351 0.1726214
vn -0.7708157 -0.6118624 0.1773913
vn -0.7286689 -0.5709392 0.3782461
vn -0.6399063 -0.4912754 0.5909047
vn -0.4895984 -0.3658977 0.7914621
vn -0.2713992 -0.1963291 0.94223
vn -9.573268e-10 5.421419e-10 1
vn 0.2826539 0.1892625 0.940365
vn 0.5251372 0.3374699 0.7812457
vn 0.697765 0.4312032 0.5720032
vn 0.8012639 0.4788943 0.3586592
vn 0.8516179 0.4972684 0.1657441
vn -0.7184677 -0.6738501 0.172425
vn -0.6819221 -0.6316978 0.3687007
vn -0.6033447 -0.5481559 0.5792237
vn -0.4665273 -0.4131268 0.7820988
vn -0.2615286 -0.2245269 0.9387175
vn 4.270724e-9 -1.654906e-9 1
vn 0.2742654 0.2187979 0.9364325
vn 0.5062851 0.3884683 0.7699142
vn 0.6676258 0.4936512 0.5573009
vn 0.7625647 0.5463339 0.3464312
vn 0.8084387 0.5666077 0.1593194
vn -0.6641829 -0.7283512 0.1684214
vn -0.632075 -0.685685 0.360995
vn -0.5621042 -0.5995233 0.5697461
vn -0.4378504 -0.4566544 0.7744377
vn -0.2473554 -0.2510826 0.9358274
vn 9.609037e-9 -2.064164e-9 1
vn 0.2600486 0.2475426 0.933326
vn 0.4771103 0.4389362 0.7613809
vn 0.6252617 0.5568805 0.5467467
vn 0.7113354 0.6162621 0.3379691
vn 0.7528017 0.6397452 0.1549694
vn -0.6097189 -0.7748871 0.1667116
vn -0.5803787 -0.7315323 0.3578002
vn -0.5164635 -0.64258 0.5660004
vn -0.4026425 -0.4924363 0.7716122
vn -0.2275185 -0.2725225 0.9348619
vn 1.272696e-8 -6.168027e-10 1
vn 0.2380392 0.2713229 0.9325884
vn 0.4351464 0.4830361 0.7598182
vn 0.5688096 0.6156763 0.5453423
vn 0.6462596 0.6845812 0.3371901
vn 0.6835784 0.7132964 0.1546894
vn -0.5567229 -0.813403 0.1686275
vn -0.5282275 -0.7681667 0.361795
vn -0.4672822 -0.6745452 0.571521
vn -0.3610312 -0.5160831 0.7767332
vn -0.2017088 -0.2849109 0.9370909
vn 1.055297e-8 1.141065e-9 1
vn 0.207782 0.2851723 0.9356834
vn 0.6223584 0.7663307 0.1593968
vn 0.5849206 0.7334639 0.3462636
vn 0.5751543 0.7235265 0.3817158
vn 0.5092714 0.6564316 0.5565431
vn 0.3915358 0.520295 0.7589419
vn 0.3838276 0.5115638 0.7687515
vn 0.298096 0.405057 0.8643307
vn 0.2620256 0.3582608 0.896098
vn 0.2051469 0.2851939 0.9362581
vn 8.262861e-9 8.934413e-10 1
vn -0.06854158 -0.1016418 0.992457
vn -0.1908133 -0.2850772 0.9393196
vn -0.3340556 -0.5103914 0.7924061
vn -0.33989 -0.5197957 0.7837648
vn -0.359337 -0.5517222 0.7526484
vn -0.4378629 -0.685402 0.5818077
vn -0.49551 -0.785564 0.3706196
vn -0.5017675 -0.7960939 0.3383251
vn -0.5226734 -0.8347296 0.1733176
vn 0.1699929 0.9625967 0.2109742
vn -0.3846029 0.8996319 0.206744
vn -0.8192999 0.55648 0.1381222
vn -0.9938582 0.103028 0.04038734
vn 0.1462627 0.8878594 0.4362487
vn -0.401421 0.81543 0.4170552
vn -0.8270347 0.4930389 0.2700484
vn -0.9928229 0.09225807 0.07609867
vn 0.1409115 0.8683323 0.4755449
vn -0.404318 0.7949096 0.4523778
vn -0.8286213 0.4782918 0.2909014
vn -0.992687 0.08944453 0.08106884
vn 0.09446669 0.7480265 0.6569113
vn -0.4394002 0.6625803 0.6065598
vn -0.8444692 0.3808551 0.3765916
vn -0.9919234 0.06821483 0.1069331
vn 0.01600143 0.5507559 0.8345129
vn -0.4929918 0.4607373 0.7380245
vn -0.8672911 0.2417213 0.4351746
vn -0.990849 0.03467057 0.1304469
vn 0.01009495 0.5391209 0.8421679
vn -0.4975972 0.448725 0.7423227
vn -0.8689993 0.2335485 0.4362284
vn -0.9907409 0.03263257 0.1317865
vn -0.04269436 0.4079682 0.9119974
vn -0.5282061 0.3242538 0.7847661
vn -0.8812469 0.1531122 0.4471695
vn -0.9900773 0.009163704 0.1402251
vn -0.06736572 0.3540132 0.932811
vn -0.5444273 0.2737826 0.7928695
vn -0.8869173 0.1215396 0.4456523
vn -0.9896381 1.582953e-7 0.1435838
vn -0.1104057 0.2710408 0.9562151
vn -0.5752046 0.1946827 0.7945051
vn -0.8968874 0.07032733 0.4366316
vn -0.9886864 -0.0192002 0.1487631
vn -0.2463978 -0.02257964 0.9689057
vn -0.6513318 -0.05922109 0.7564786
vn -0.9175027 -0.08324885 0.3889196
vn -0.9839109 -0.08947726 0.154639
vn -0.2835722 -0.1195497 0.9514698
vn -0.6630268 -0.1367633 0.7359967
vn -0.9190298 -0.1275014 0.3729979
vn -0.9818506 -0.1129614 0.1523457
vn -0.3706157 -0.2929084 0.8813902
vn -0.707836 -0.2728457 0.6515545
vn -0.9248658 -0.2084109 0.318101
vn -0.9745396 -0.1682703 0.1481816
vn -0.462207 -0.4985085 0.7333853
vn -0.7391266 -0.4236457 0.5236564
vn -0.9219537 -0.2961781 0.2495594
vn -0.9628398 -0.2358951 0.1315025
vn -0.4669537 -0.506921 0.7245587
vn -0.7414475 -0.4293738 0.5156488
vn -0.9218944 -0.2997952 0.2454256
vn -0.9620355 -0.2395598 0.1307627
vn -0.4754095 -0.5367138 0.6970825
vn -0.7396581 -0.4530255 0.4976683
vn -0.9190041 -0.3148333 0.2373004
vn -0.9598029 -0.2506219 0.1263602
vn -0.5315114 -0.6574098 0.5341422
vn -0.7576188 -0.5372174 0.3706902
vn -0.9117762 -0.3707556 0.1766478
vn -0.9458904 -0.306736 0.1058502
vn -0.5702538 -0.7480321 0.3394974
vn -0.7645695 -0.6006989 0.2336546
vn -0.9022004 -0.4158842 0.1143449
vn -0.9326039 -0.3530494 0.07487383
vn -0.5716237 -0.7592974 0.3109884
vn -0.7615229 -0.6112612 0.2155056
vn -0.8998031 -0.4231969 0.1061072
vn -0.9313488 -0.3575566 0.06886623
vn -0.5882114 -0.7929481 0.1588729
vn -0.7656401 -0.6337387 0.1103199
vn -0.8947803 -0.442879 0.0568012
vn -0.9233332 -0.3819356 0.03976317
vn 0.7071068 -0.7071068 0
vn 0.662504 -0.6754134 0.3238909
vn 0.5437252 -0.5825621 0.6041392
vn 0.3980665 -0.4557578 0.7961332
vn 0.2568863 -0.3158439 0.9133739
vn 0.1257615 -0.1655788 0.978145
vn 0 0 1
vn -0.1253225 0.1849157 0.974731
vn -0.249881 0.3849518 0.8884658
vn -0.3642042 0.5803244 0.7284085
vn -0.4517087 0.7376022 0.5018987
vn -0.5007805 0.8302283 0.244826
vn -0.5144946 0.8574936 0
vn 0.776129 -0.630574 0
vn 0.7186762 -0.5875828 0.3718213
vn 0.57177 -0.470312 0.6722245
vn 0.4040001 -0.3241388 0.8554052
vn 0.2521349 -0.1753607 0.9516705
vn 0.1187613 -0.02552247 0.9925948
vn -0.003289492 0.1311594 0.9913558
vn -0.1201573 0.2986961 0.9467538
vn -0.2329445 0.4739437 0.8491845
vn -0.3352796 0.6417982 0.6896976
vn -0.4146031 0.7766045 0.4743309
vn -0.4606277 0.8567494 0.2319541
vn -0.4740279 0.8805099 0
vn 0.8689846 -0.494839 0
vn 0.7915361 -0.4354783 0.4287532
vn 0.6030115 -0.2861134 0.7446585
vn 0.4048966 -0.1169861 0.9068478
vn 0.239169 0.04101672 0.9701113
vn 0.1032865 0.1880315 0.9767169
vn -0.01326105 0.3302404 0.9438037
vn -0.1181068 0.471423 0.8739629
vn -0.2139169 0.6098553 0.7630963
vn -0.2977453 0.7362427 0.607696
vn -0.3622323 0.8352049 0.413788
vn -0.4005328 0.8937436 0.2019796
vn -0.4121459 0.9111179 0
vn 0.9753306 -0.2207495 0
vn 0.8625815 -0.1438093 0.4850484
vn 0.6120633 0.02843861 0.7902973
vn 0.3795745 0.2023008 0.9027721
vn 0.2048381 0.3504572 0.9139043
vn 0.07429224 0.4760291 0.8762859
vn -0.02813398 0.5854551 0.8102166
vn -0.1128331 0.6831633 0.7214961
vn -0.1849861 0.7705218 0.6099806
vn -0.2453702 0.8451839 0.4748238
vn -0.291363 0.9016633 0.3195481
vn -0.3193488 0.9347814 0.1555631
vn -0.3282018 0.9446077 0
vn 0.9421459 0.3352029 0
vn 0.7949921 0.3908735 0.4639024
vn 0.5129268 0.5015772 0.6966537
vn 0.2863192 0.6097941 0.7390348
vn 0.1336343 0.7007166 0.7008125
vn 0.03050733 0.7738205 0.6326699
vn -0.04229522 0.8318061 0.5534525
vn -0.09644804 0.8777543 0.469303
vn -0.1385287 0.9140893 0.3811176
vn -0.1716083 0.9420974 0.2881026
vn -0.1961716 0.9618796 0.190537
vn -0.2112196 0.9730919 0.09207845
vn -0.216077 0.9763764 0
vn 0.4734784 0.8808055 0
vn 0.395956 0.8840928 0.248191
vn 0.2451318 0.8954771 0.3715257
vn 0.1188706 0.9173049 0.3800283
vn 0.03452685 0.9416778 0.3347401
vn -0.01794262 0.9624406 0.270899
vn -0.04890657 0.9777142 0.2041641
vn -0.06518677 0.9877873 0.1415168
vn -0.07088523 0.9936963 0.08684872
vn -0.06871311 0.9966878 0.04349701
vn -0.06143912 0.9980018 0.01475948
vn -0.05323843 0.9985802 0.001853979
vn -0.0494882 0.9987747 0
vn 0.01449181 0.9998949 0
vn 0.001508877 0.9996448 0.02660631
vn -0.02522457 0.9993209 0.02685906
vn -0.04795381 0.9988447 -0.003111067
vn -0.05931436 0.9969062 -0.05157316
vn -0.05854743 0.9924358 -0.1079043
vn -0.04593896 0.9851348 -0.1655267
vn -0.02051961 0.9753795 -0.2195765
vn 0.02060341 0.9643937 -0.2636667
vn 0.08175596 0.9548505 -0.285616
vn 0.1643406 0.9509134 -0.2622134
vn 0.2514715 0.9539337 -0.1636233
vn 0.2923789 0.9563026 0
vn -0.2449539 0.9695347 0
vn -0.2347815 0.9663799 -0.1048221
vn -0.2076596 0.9563583 -0.2055633
vn -0.1718027 0.9407088 -0.2924905
vn -0.1321478 0.9203641 -0.3680583
vn -0.08824725 0.8944266 -0.4384217
vn -0.03563076 0.8602676 -0.5085963
vn 0.03417589 0.8131675 -0.5810255
vn 0.1360651 0.7447312 -0.6533464
vn 0.2957256 0.6396846 -0.7094716
vn 0.5451639 0.4747925 -0.6909184
vn 0.848586 0.2569738 -0.462457
vn 0.9905092 0.1374465 0
vn -0.4022185 0.9155437 0
vn -0.3821355 0.9058653 -0.1827034
vn -0.3286685 0.8759406 -0.3531359
vn -0.2591551 0.8318955 -0.490702
vn -0.1853925 0.7783512 -0.5998325
vn -0.1084716 0.7123442 -0.6933972
vn -0.02174803 0.6234428 -0.7815664
vn 0.0872813 0.492183 -0.866105
vn 0.2349874 0.2869095 -0.9286894
vn 0.4251318 -0.02158337 -0.904874
vn 0.6043533 -0.3801132 -0.7001936
vn 0.6945855 -0.6281937 -0.3506046
vn 0.7117049 -0.7024785 0
vn -0.5107182 0.8597482 0
vn -0.4848821 0.8432121 -0.2321264
vn -0.414551 0.7916445 -0.448828
vn -0.3217359 0.7144001 -0.6213843
vn -0.2228987 0.6192471 -0.752894
vn -0.1208345 0.5018407 -0.8564782
vn -0.009491168 0.3469543 -0.9378341
vn 0.1193886 0.133314 -0.9838566
vn 0.2647106 -0.1486979 -0.9527944
vn 0.3993146 -0.4558615 -0.7954485
vn 0.4846022 -0.6944454 -0.5318894
vn 0.5176535 -0.818575 -0.2489372
vn 0.5235021 -0.8520244 0
vn -0.5922713 0.8057386 0
vn -0.5620933 0.783726 -0.2642437
vn -0.4784589 0.714681 -0.510204
vn -0.367019 0.610162 -0.7021391
vn -0.2485185 0.4811374 -0.8406814
vn -0.1281377 0.3251873 -0.9369279
vn -0.002493524 0.1311115 -0.9913645
vn 0.130341 -0.1085526 -0.9855088
vn 0.2603213 -0.3764069 -0.8891292
vn 0.3640045 -0.6191097 -0.6958476
vn 0.425225 -0.7851154 -0.4503082
vn 0.4503814 -0.8679035 -0.2095235
vn 0.4556561 -0.8901559 0
vn -0.6562806 0.754517 0
vn -0.6221769 0.7294829 -0.2841664
vn -0.5268531 0.6509391 -0.5465384
vn -0.3999244 0.5324303 -0.7460418
vn -0.2663767 0.388089 -0.882287
vn -0.1336474 0.218834 -0.9665661
vn -0.0001859151 0.01872709 -0.9998246
vn 0.1337839 -0.2120001 -0.9680691
vn 0.2584546 -0.4524535 -0.8535145
vn 0.3561108 -0.6606956 -0.6608074
vn 0.4158567 -0.8022141 -0.4283876
vn 0.4425746 -0.8740277 -0.2005076
vn 0.448844 -0.8936101 0
vn -0.7071068 0.7071068 0
vn -0.6691789 0.6822796 -0.2944387
vn -0.5633684 0.6043444 -0.5633684
vn -0.4239661 0.487721 -0.7631389
vn -0.2796589 0.3477499 -0.8949084
vn -0.1389347 0.1867042 -0.9725423
vn 0 0 -1
vn 0.1381834 -0.2127589 -0.9672843
vn 0.2684081 -0.4361634 -0.8589055
vn 0.3747911 -0.6359358 -0.6746238
vn 0.4441551 -0.7781084 -0.4441551
vn 0.4773691 -0.8532297 -0.2100423
vn 0.4856419 -0.8741579 0
vn 0.662504 -0.6754134 -0.3238909
vn 0.5437252 -0.5825621 -0.6041392
vn 0.3980665 -0.4557578 -0.7961332
vn 0.2568863 -0.3158439 -0.9133739
vn 0.1257615 -0.1655788 -0.978145
vn 0 0 -1
vn -0.1253225 0.1849157 -0.974731
vn -0.249881 0.3849518 -0.8884658
vn -0.3642042 0.5803244 -0.7284085
vn -0.4517087 0.7376022 -0.5018987
vn -0.5007805 0.8302283 -0.244826
vn 0.7186762 -0.5875828 -0.3718213
vn 0.57177 -0.470312 -0.6722245
vn 0.4040001 -0.3241388 -0.8554052
vn 0.2521349 -0.1753607 -0.9516705
vn 0.1187613 -0.02552247 -0.9925948
vn -0.003289492 0.1311594 -0.9913558
vn -0.1201573 0.2986961 -0.9467538
vn -0.2329445 0.4739437 -0.8491845
vn -0.3352796 0.6417982 -0.6896976
vn -0.4146031 0.7766045 -0.4743309
vn -0.4606277 0.8567494 -0.2319541
vn 0.7915361 -0.4354783 -0.4287532
vn 0.6030115 -0.2861134 -0.7446585
vn 0.4048966 -0.1169861 -0.9068478
vn 0.239169 0.04101672 -0.9701113
vn 0.1032865 0.1880315 -0.9767169
vn -0.01326105 0.3302404 -0.9438037
vn -0.1181068 0.471423 -0.8739629
vn -0.2139169 0.6098553 -0.7630963
vn -0.2977453 0.7362427 -0.607696
vn -0.3622323 0.8352049 -0.413788
vn -0.4005328 0.8937436 -0.2019796
vn 0.8625815 -0.1438093 -0.4850484
vn 0.6120633 0.02843861 -0.7902973
vn 0.3795745 0.2023008 -0.9027721
vn 0.2048381 0.3504572 -0.9139043
vn 0.07429224 0.4760291 -0.8762859
vn -0.02813398 0.5854551 -0.8102166
vn -0.1128331 0.6831633 -0.7214961
vn -0.1849861 0.7705218 -0.6099806
vn -0.2453702 0.8451839 -0.4748238
vn -0.291363 0.9016633 -0.3195481
vn -0.3193488 0.9347814 -0.1555631
vn 0.7949921 0.3908735 -0.4639024
vn 0.5129268 0.5015772 -0.6966537
vn 0.2863192 0.6097941 -0.7390348
vn 0.1336343 0.7007166 -0.7008125
vn 0.03050733 0.7738205 -0.6326699
vn -0.04229522 0.8318061 -0.5534525
vn -0.09644804 0.8777543 -0.469303
vn -0.1385287 0.9140893 -0.3811176
vn -0.1716083 0.9420974 -0.2881026
vn -0.1961716 0.9618796 -0.190537
vn -0.2112196 0.9730919 -0.09207845
vn 0.395956 0.8840928 -0.248191
vn 0.2451318 0.8954771 -0.3715257
vn 0.1188706 0.9173049 -0.3800283
vn 0.03452685 0.9416778 -0.3347401
vn -0.01794262 0.9624406 -0.270899
vn -0.04890657 0.9777142 -0.2041641
vn -0.06518677 0.9877873 -0.1415168
vn -0.07088523 0.9936963 -0.08684872
vn -0.06871311 0.9966878 -0.04349701
vn -0.06143912 0.9980018 -0.01475948
vn -0.05323843 0.9985802 -0.001853979
vn 0.001508877 0.9996448 -0.02660631
vn -0.02522457 0.9993209 -0.02685906
vn -0.04795381 0.9988447 0.003111067
vn -0.05931436 0.9969062 0.05157316
vn -0.05854743 0.9924358 0.1079043
vn -0.04593896 0.9851348 0.1655267
vn -0.02051961 0.9753795 0.2195765
vn 0.02060341 0.9643937 0.2636667
vn 0.08175596 0.9548505 0.285616
vn 0.1643406 0.9509134 0.2622134
vn 0.2514715 0.9539337 0.1636233
vn -0.2347815 0.9663799 0.1048221
vn -0.2076596 0.9563583 0.2055633
vn -0.1718027 0.9407088 0.2924905
vn -0.1321478 0.9203641 0.3680583
vn -0.08824725 0.8944266 0.4384217
vn -0.03563076 0.8602676 0.5085963
vn 0.03417589 0.8131675 0.5810255
vn 0.1360651 0.7447312 0.6533464
vn 0.2957256 0.6396846 0.7094716
vn 0.5451639 0.4747925 0.6909184
vn 0.848586 0.2569738 0.462457
vn -0.3821355 0.9058653 0.1827034
vn -0.3286685 0.8759406 0.3531359
vn -0.2591551 0.8318955 0.490702
vn -0.1853925 0.7783512 0.5998325
vn -0.1084716 0.7123442 0.6933972
vn -0.02174803 0.6234428 0.7815664
vn 0.0872813 0.492183 0.866105
vn 0.2349874 0.2869095 0.9286894
vn 0.4251318 -0.02158337 0.904874
vn 0.6043533 -0.3801132 0.7001936
vn 0.6945855 -0.6281937 0.3506046
vn -0.4848821 0.8432121 0.2321264
vn -0.414551 0.7916445 0.448828
vn -0.3217359 0.7144001 0.6213843
vn -0.2228987 0.6192471 0.752894
vn -0.1208345 0.5018407 0.8564782
vn -0.009491168 0.3469543 0.9378341
vn 0.1193886 0.133314 0.9838566
vn 0.2647106 -0.1486979 0.9527944
vn 0.3993146 -0.4558615 0.7954485
vn 0.4846022 -0.6944454 0.5318894
vn 0.5176535 -0.818575 0.2489372
vn -0.5620933 0.783726 0.2642437
vn -0.4784589 0.714681 0.510204
vn -0.367019 0.610162 0.7021391
vn -0.2485185 0.4811374 0.8406814
vn -0.1281377 0.3251873 0.9369279
vn -0.002493524 0.1311115 0.9913645
vn 0.130341 -0.1085526 0.9855088
vn 0.2603213 -0.3764069 0.8891292
vn 0.3640045 -0.6191097 0.6958476
vn 0.425225 -0.7851154 0.4503082
vn 0.4503814 -0.8679035 0.2095235
vn -0.6221769 0.7294829 0.2841664
vn -0.5268531 0.6509391 0.5465384
vn -0.3999244 0.5324303 0.7460418
vn -0.2663767 0.388089 0.882287
vn -0.1336474 0.218834 0.9665661
vn -0.0001859151 0.01872709 0.9998246
vn 0.1337839 -0.2120001 0.9680691
vn 0.2584546 -0.4524535 0.8535145
vn 0.3561108 -0.6606956 0.6608074
vn 0.4158567 -0.8022141 0.4283876
vn 0.4425746 -0.8740277 0.2005076
vn -0.6691789 0.6822796 0.2944387
vn -0.5633684 0.6043444 0.5633684
vn -0.4239661 0.487721 0.7631389
vn -0.2796589 0.3477499 0.8949084
vn -0.1389347 0.1867042 0.9725423
vn 0 0 1
vn 0.1381834 -0.2127589 0.9672843
vn 0.2684081 -0.4361634 0.8589055
vn 0.3747911 -0.6359358 0.6746238
vn 0.4441551 -0.7781084 0.4441551
vn 0.4773691 -0.8532297 0.2100423
vn -0.8492809 0.5279413 0
vn -0.8042361 0.5159063 -0.2950342
vn -0.6760312 0.4719253 -0.5659224
vn -0.504849 0.3985898 -0.765672
vn -0.3283725 0.3047226 -0.8940445
vn -0.159369 0.1932859 -0.9681126
vn 0.004638139 0.0618952 -0.9980718
vn 0.1692775 -0.09246984 -0.9812209
vn 0.3349325 -0.2671517 -0.9035763
vn 0.4898773 -0.4456412 -0.7492825
vn 0.6108129 -0.5958366 -0.5214272
vn 0.6793489 -0.6877768 -0.2558286
vn 0.698451 -0.7156578 0
vn -0.9247511 0.3805726 0
vn -0.8857038 0.3811287 -0.2650844
vn -0.7649435 0.3713137 -0.5262961
vn -0.5842438 0.3385861 -0.7375761
vn -0.3804509 0.2806954 -0.8811738
vn -0.1764789 0.2003252 -0.9637038
vn 0.0227445 0.0993692 -0.9947906
vn 0.2201144 -0.02131309 -0.9752412
vn 0.4157609 -0.1582408 -0.8956019
vn 0.5983058 -0.299365 -0.7432435
vn 0.7431923 -0.4211614 -0.5198925
vn 0.8278873 -0.4987239 -0.2566653
vn 0.8522161 -0.52319 0
vn -0.9585779 0.2848304 0
vn -0.9290543 0.2916794 -0.2275553
vn -0.8288025 0.3021711 -0.4709341
vn -0.6549813 0.2982417 -0.6942992
vn -0.4299197 0.2673086 -0.8623891
vn -0.1852081 0.2077515 -0.960488
vn 0.05845144 0.1243422 -0.9905162
vn 0.2924846 0.02327499 -0.9559869
vn 0.5100688 -0.0875907 -0.8556622
vn 0.6974429 -0.1958668 -0.6893545
vn 0.8353667 -0.2848045 -0.4701582
vn 0.9121053 -0.3401666 -0.2288026
vn 0.9337987 -0.3577987 0
vn -0.9704286 0.2413885 0
vn -0.9481589 0.2498207 -0.1964289
vn -0.8669156 0.2679234 -0.4203265
vn -0.7066097 0.2790406 -0.6502606
vn -0.4672924 0.264827 -0.8435072
vn -0.1804649 0.2169123 -0.9593651
vn 0.1110953 0.1408251 -0.9837816
vn 0.3774193 0.04882684 -0.9247544
vn 0.6023738 -0.04621039 -0.7968754
vn 0.7755888 -0.1320185 -0.6172789
vn 0.8911412 -0.1979712 -0.4082583
vn 0.9514949 -0.2376816 -0.1953585
vn 0.968155 -0.2503514 0
vn -0.9688171 0.2477772 0
vn -0.9503774 0.2555163 -0.177466
vn -0.8803997 0.2734401 -0.387462
vn -0.7304206 0.2873529 -0.619608
vn -0.4815916 0.2768416 -0.8315216
vn -0.1589598 0.228083 -0.960578
vn 0.1717863 0.1475022 -0.974029
vn 0.4559804 0.05437185 -0.8883274
vn 0.6737086 -0.0344011 -0.738196
vn 0.8256037 -0.108405 -0.5537392
vn 0.91948 -0.1620737 -0.358174
vn 0.9663604 -0.1934685 -0.1694626
vn 0.9790867 -0.2034435 0
vn -0.9524389 0.3047296 0
vn -0.9347755 0.3105805 -0.1724374
vn -0.8672103 0.3231747 -0.3788197
vn -0.718742 0.3286153 -0.6127169
vn -0.4629379 0.3054228 -0.832109
vn -0.1224189 0.2390385 -0.9632623
vn 0.2229391 0.1408037 -0.96461
vn 0.5062942 0.03680548 -0.8615751
vn 0.7109067 -0.0547299 -0.7011536
vn 0.8463352 -0.1263526 -0.5174474
vn 0.9269664 -0.1760812 -0.3312533
vn 0.9663795 -0.204433 -0.1559419
vn 0.9769802 -0.2133301 0
vn -0.9096739 0.4153232 0
vn -0.8902485 0.4176988 -0.1816189
vn -0.8173781 0.4184711 -0.3959482
vn -0.6626206 0.4015647 -0.6322024
vn -0.4070839 0.346334 -0.8451837
vn -0.07974602 0.2456383 -0.9660758
vn 0.2454324 0.1193644 -0.9620369
vn 0.5117419 -0.00405395 -0.8591297
vn 0.7054775 -0.1080037 -0.7004547
vn 0.8347446 -0.1869991 -0.517912
vn 0.9120944 -0.2405715 -0.3319777
vn 0.9499458 -0.2704586 -0.1563814
vn 0.9601017 -0.2796514 0
vn -0.8175167 0.5759048 0
vn -0.7950286 0.5714709 -0.2033486
vn -0.714167 0.5491171 -0.4340921
vn -0.5563295 0.4918461 -0.6697649
vn -0.321586 0.3878839 -0.8637872
vn -0.04338417 0.2448599 -0.9685873
vn 0.2296656 0.08703117 -0.9693705
vn 0.4642892 -0.06239984 -0.8834828
vn 0.6479933 -0.1897449 -0.7376323
vn 0.7793279 -0.2883393 -0.5563348
vn 0.861934 -0.3556943 -0.3613188
vn 0.9034806 -0.3929031 -0.1713181
vn 0.9147211 -0.4040855 0
vn -0.6526408 0.7576674 0
vn -0.6294915 0.7417201 -0.2314987
vn -0.5504102 0.6832398 -0.479825
vn -0.4110237 0.5727946 -0.7092009
vn -0.2259882 0.4173891 -0.8801793
vn -0.02132062 0.237176 -0.9712328
vn 0.1810841 0.05203565 -0.9820901
vn 0.3684947 -0.1248805 -0.9212039
vn 0.5323271 -0.2840347 -0.797466
vn 0.6635382 -0.4154591 -0.6221822
vn 0.7540944 -0.509669 -0.4142211
vn 0.8024331 -0.5625771 -0.1990181
vn 0.8158616 -0.5782472 0
vn -0.4259479 0.9047477 0
vn -0.4088935 0.8757206 -0.2567483
vn -0.3520087 0.7795885 -0.5180075
vn -0.2578656 0.6222197 -0.7391536
vn -0.1404866 0.4293292 -0.8921547
vn -0.01353388 0.2255608 -0.9741351
vn 0.1161184 0.02310698 -0.9929665
vn 0.2460616 -0.1744369 -0.9534283
vn 0.3729803 -0.3633676 -0.8537269
vn 0.4881215 -0.5327836 -0.6912879
vn 0.5774065 -0.6641014 -0.4749433
vn 0.6294026 -0.7414798 -0.2325081
vn 0.6445582 -0.7645553 0
vn 0.409078 -0.873971 -0.2623548
vn 0.4234763 -0.9059072 0
vn -0.319938 0.9474385 0
vn -0.294033 0.9173415 -0.2683827
vn -0.284367 0.8937065 -0.3470218
vn -0.2722296 0.8638725 -0.4238105
vn -0.2399713 0.8086756 -0.5370823
vn -0.1676956 0.6333775 -0.7554543
vn -0.162247 0.6185272 -0.7688303
vn -0.09274337 0.4267209 -0.8996155
vn -0.08882416 0.4163978 -0.9048333
vn -0.06860337 0.3625907 -0.92942
vn -0.01481043 0.2157965 -0.976326
vn 0.01922298 0.1299746 -0.9913309
vn 0.06454068 0.008908061 -0.9978754
vn 0.1077968 -0.09241065 -0.9898688
vn 0.147592 -0.1958759 -0.9694582
vn 0.2022707 -0.3184168 -0.9261194
vn 0.2071787 -0.3312664 -0.9205105
vn 0.2314698 -0.4006335 -0.8865182
vn 0.2886035 -0.5448622 -0.7872949
vn 0.3050336 -0.5996099 -0.7398801
vn 0.3647807 -0.7628737 -0.5338152
vn 0.3661485 -0.768468 -0.5247782
vn 0.387253 -0.8179175 -0.4254951
vn 0.3912763 -0.8333653 -0.3903911
vn 0.402647 -0.8766619 -0.2633236
vn 0.4174919 -0.9086807 0
vn -0.01159409 0.9999328 1.918248e-8
vn 0.4696483 0.8828536 3.209615e-8
vn 0.8381908 0.5453771 3.756493e-8
vn 0.967238 0.2538714 4.227867e-8
vn 0.005553546 0.95878 -0.2840953
vn 0.4807055 0.8392465 -0.2541408
vn 0.8400463 0.5174668 -0.1629423
vn 0.9639056 0.2520621 -0.08573697
vn 0.008425167 0.9312647 -0.364246
vn 0.4794012 0.8159029 -0.3232286
vn 0.8385603 0.5048804 -0.2047255
vn 0.9623455 0.2502216 -0.1062089
vn 0.01560983 0.897108 -0.4415355
vn 0.4831466 0.7846405 -0.3884697
vn 0.8387564 0.4869271 -0.2437002
vn 0.9605879 0.2475435 -0.1264641
vn 0.04247525 0.8328841 -0.5518152
vn 0.5043471 0.7206631 -0.4756877
vn 0.8439807 0.4485717 -0.2940746
vn 0.9568918 0.2438918 -0.1577176
vn 0.09693929 0.64772 -0.7556861
vn 0.5406556 0.5605038 -0.6273173
vn 0.8519937 0.3631356 -0.3771461
vn 0.9493098 0.2303882 -0.2138506
vn 0.1000769 0.6327393 -0.7678708
vn 0.541838 0.5488557 -0.6365288
vn 0.8521691 0.3574799 -0.3821204
vn 0.9489254 0.2290631 -0.2169581
vn 0.1563757 0.4421015 -0.8832287
vn 0.5796956 0.3954777 -0.7124256
vn 0.8630989 0.2785891 -0.4212463
vn 0.9454116 0.2063574 -0.2522171
vn 0.1587416 0.4320495 -0.8877693
vn 0.5806257 0.3879387 -0.7158053
vn 0.8634237 0.2749019 -0.4229993
vn 0.94542 0.2049585 -0.253324
vn 0.1721364 0.3798953 -0.9088721
vn 0.587065 0.3485826 -0.7306468
vn 0.8655799 0.2556215 -0.4306149
vn 0.9453644 0.1978665 -0.259104
vn 0.2176425 0.2377338 -0.9466332
vn 0.6178989 0.2370514 -0.7496716
vn 0.8765202 0.1956744 -0.4398
vn 0.9462076 0.1704924 -0.2749972
vn 0.2399769 0.1552906 -0.9582775
vn 0.6283243 0.1742377 -0.7581885
vn 0.8813249 0.1624744 -0.4436986
vn 0.9483646 0.15328 -0.2776866
vn 0.2766512 0.037871 -0.9602239
vn 0.6518458 0.07999605 -0.7541204
vn 0.89131 0.1062097 -0.4407788
vn 0.9519632 0.118314 -0.282432
vn 0.3024602 -0.06037043 -0.9512482
vn 0.6617255 0.00118992 -0.7497453
vn 0.8972234 0.05990374 -0.437495
vn 0.9563692 0.0893695 -0.2781565
vn 0.3311208 -0.1624063 -0.9295069
vn 0.6774922 -0.0858591 -0.7305015
vn 0.9046521 0.001236494 -0.4261491
vn 0.9604131 0.04623913 -0.2747155
vn 0.3575608 -0.2833623 -0.889863
vn 0.6811208 -0.1905645 -0.7069368
vn 0.9085695 -0.06688941 -0.4123439
vn 0.9655445 -1.499058e-7 -0.2602383
vn 0.3601796 -0.2963124 -0.8845732
vn 0.6817341 -0.2024443 -0.7030326
vn 0.908903 -0.07562805 -0.4100923
vn 0.9659038 -0.006798808 -0.2588121
vn 0.3748595 -0.3658342 -0.8518484
vn 0.6867993 -0.2657607 -0.676519
vn 0.9105469 -0.1230174 -0.3946784
vn 0.966903 -0.04499207 -0.2511461
vn 0.391517 -0.5120054 -0.7645685
vn 0.6729079 -0.4030679 -0.6202672
vn 0.9050846 -0.2207788 -0.3634263
vn 0.9683298 -0.1130122 -0.222633
vn 0.3976912 -0.5680013 -0.7205666
vn 0.6696449 -0.4567015 -0.5856615
vn 0.9014129 -0.2635025 -0.3435424
vn 0.9661274 -0.1482384 -0.2112421
vn 0.3993753 -0.7432428 -0.5367398
vn 0.6261705 -0.6339466 -0.4538968
vn 0.877115 -0.3970006 -0.2702959
vn 0.9590781 -0.2361685 -0.156185
vn 0.3993074 -0.7493479 -0.5282343
vn 0.6247663 -0.6401523 -0.4470706
vn 0.8759271 -0.4022082 -0.2664212
vn 0.9583828 -0.2403683 -0.1540305
vn 0.3896743 -0.8097502 -0.4387009
vn 0.5928062 -0.7090877 -0.3818055
vn 0.8606612 -0.4541877 -0.2301651
vn 0.9561768 -0.2643471 -0.1258832
vn 0.3833653 -0.8296613 -0.405824
vn 0.579197 -0.7329912 -0.3567275
vn 0.8536376 -0.4737387 -0.2165052
vn 0.9544899 -0.274487 -0.1166443
vn 0.3818301 -0.8810549 -0.2791918
vn 0.5651518 -0.7866203 -0.2486603
vn 0.8415722 -0.5180414 -0.1529364
vn 0.9479182 -0.3072857 -0.08382547
vn 0.3729369 -0.9278566 0
vn 0.5379702 -0.8429638 0
vn 0.8265069 -0.5629267 0
vn 0.9445538 -0.3283569 0
vn -0.8042361 0.5159063 0.2950342
vn -0.6760312 0.4719253 0.5659224
vn -0.504849 0.3985898 0.765672
vn -0.3283725 0.3047226 0.8940445
vn -0.159369 0.1932859 0.9681126
vn 0.004638139 0.0618952 0.9980718
vn 0.1692775 -0.09246984 0.9812209
vn 0.3349325 -0.2671517 0.9035763
vn 0.4898773 -0.4456412 0.7492825
vn 0.6108129 -0.5958366 0.5214272
vn 0.6793489 -0.6877768 0.2558286
vn -0.8857038 0.3811287 0.2650844
vn -0.7649435 0.3713137 0.5262961
vn -0.5842438 0.3385861 0.7375761
vn -0.3804509 0.2806954 0.8811738
vn -0.1764789 0.2003252 0.9637038
vn 0.0227445 0.0993692 0.9947906
vn 0.2201144 -0.02131309 0.9752412
vn 0.4157609 -0.1582408 0.8956019
vn 0.5983058 -0.299365 0.7432435
vn 0.7431923 -0.4211614 0.5198925
vn 0.8278873 -0.4987239 0.2566653
vn -0.9290543 0.2916794 0.2275553
vn -0.8288025 0.3021711 0.4709341
vn -0.6549813 0.2982417 0.6942992
vn -0.4299197 0.2673086 0.8623891
vn -0.1852081 0.2077515 0.960488
vn 0.05845144 0.1243422 0.9905162
vn 0.2924846 0.02327499 0.9559869
vn 0.5100688 -0.0875907 0.8556622
vn 0.6974429 -0.1958668 0.6893545
vn 0.8353667 -0.2848045 0.4701582
vn 0.9121053 -0.3401666 0.2288026
vn -0.9481589 0.2498207 0.1964289
vn -0.8669156 0.2679234 0.4203265
vn -0.7066097 0.2790406 0.6502606
vn -0.4672924 0.264827 0.8435072
vn -0.1804649 0.2169123 0.9593651
vn 0.1110953 0.1408251 0.9837816
vn 0.3774193 0.04882684 0.9247544
vn 0.6023738 -0.04621039 0.7968754
vn 0.7755888 -0.1320185 0.6172789
vn 0.8911412 -0.1979712 0.4082583
vn 0.9514949 -0.2376816 0.1953585
vn -0.9503774 0.2555163 0.177466
vn -0.8803997 0.2734401 0.387462
vn -0.7304206 0.2873529 0.619608
vn -0.4815916 0.2768416 0.8315216
vn -0.1589598 0.228083 0.960578
vn 0.1717863 0.1475022 0.974029
vn 0.4559804 0.05437185 0.8883274
vn 0.6737086 -0.0344011 0.738196
vn 0.8256037 -0.108405 0.5537392
vn 0.91948 -0.1620737 0.358174
vn 0.9663604 -0.1934685 0.1694626
vn -0.9347755 0.3105805 0.1724374
vn -0.8672103 0.3231747 0.3788197
vn -0.718742 0.3286153 0.6127169
vn -0.4629379 0.3054228 0.832109
vn -0.1224189 0.2390385 0.9632623
vn 0.2229391 0.1408037 0.96461
vn 0.5062942 0.03680548 0.8615751
vn 0.7109067 -0.0547299 0.7011536
vn 0.8463352 -0.1263526 0.5174474
vn 0.9269664 -0.1760812 0.3312533
vn 0.9663795 -0.204433 0.1559419
vn -0.8902485 0.4176988 0.1816189
vn -0.8173781 0.4184711 0.3959482
vn -0.6626206 0.4015647 0.6322024
vn -0.4070839 0.346334 0.8451837
vn -0.07974602 0.2456383 0.9660758
vn 0.2454324 0.1193644 0.9620369
vn 0.5117419 -0.00405395 0.8591297
vn 0.7054775 -0.1080037 0.7004547
vn 0.8347446 -0.1869991 0.517912
vn 0.9120944 -0.2405715 0.3319777
vn 0.9499458 -0.2704586 0.1563814
vn -0.7950286 0.5714709 0.2033486
vn -0.714167 0.5491171 0.4340921
vn -0.5563295 0.4918461 0.6697649
vn -0.321586 0.3878839 0.8637872
vn -0.04338417 0.2448599 0.9685873
vn 0.2296656 0.08703117 0.9693705
vn 0.4642892 -0.06239984 0.8834828
vn 0.6479933 -0.1897449 0.7376323
vn 0.7793279 -0.2883393 0.5563348
vn 0.861934 -0.3556943 0.3613188
vn 0.9034806 -0.3929031 0.1713181
vn -0.6294915 0.7417201 0.2314987
vn -0.5504102 0.6832398 0.479825
vn -0.4110237 0.5727946 0.7092009
vn -0.2259882 0.4173891 0.8801793
vn -0.02132062 0.237176 0.9712328
vn 0.1810841 0.05203565 0.9820901
vn 0.3684947 -0.1248805 0.9212039
vn 0.5323271 -0.2840347 0.797466
vn 0.6635382 -0.4154591 0.6221822
vn 0.7540944 -0.509669 0.4142211
vn 0.8024331 -0.5625771 0.1990181
vn -0.4088935 0.8757206 0.2567483
vn -0.3520087 0.7795885 0.5180075
vn -0.2578656 0.6222197 0.7391536
vn -0.1404866 0.4293292 0.8921547
vn -0.01353388 0.2255608 0.9741351
vn 0.1161184 0.02310698 0.9929665
vn 0.2460616 -0.1744369 0.9534283
vn 0.3729803 -0.3633676 0.8537269
vn 0.4881215 -0.5327836 0.6912879
vn 0.5774065 -0.6641014 0.4749433
vn 0.6294026 -0.7414798 0.2325081
vn 0.409078 -0.873971 0.2623548
vn -0.294033 0.9173415 0.2683827
vn -0.284367 0.8937065 0.3470218
vn -0.2722296 0.8638725 0.4238105
vn -0.2399713 0.8086756 0.5370823
vn -0.1676956 0.6333775 0.7554543
vn -0.162247 0.6185272 0.7688303
vn -0.09274337 0.4267209 0.8996155
vn -0.08882416 0.4163978 0.9048333
vn -0.06860337 0.3625907 0.92942
vn -0.01481043 0.2157965 0.976326
vn 0.01922298 0.1299746 0.9913309
vn 0.06454068 0.008908061 0.9978754
vn 0.1077968 -0.09241065 0.9898688
vn 0.147592 -0.1958759 0.9694582
vn 0.2022707 -0.3184168 0.9261194
vn 0.2071787 -0.3312664 0.9205105
vn 0.2314698 -0.4006335 0.8865182
vn 0.2886035 -0.5448622 0.7872949
vn 0.3050336 -0.5996099 0.7398801
vn 0.3647807 -0.7628737 0.5338152
vn 0.3661485 -0.768468 0.5247782
vn 0.387253 -0.8179175 0.4254951
vn 0.3912763 -0.8333653 0.3903911
vn 0.402647 -0.8766619 0.2633236
vn 0.005553546 0.95878 0.2840953
vn 0.4807055 0.8392465 0.2541408
vn 0.8400463 0.5174668 0.1629423
vn 0.9639056 0.2520621 0.08573697
vn 0.008425167 0.9312647 0.364246
vn 0.4794012 0.8159029 0.3232286
vn 0.8385603 0.5048804 0.2047255
vn 0.9623455 0.2502216 0.1062089
vn 0.01560983 0.897108 0.4415355
vn 0.4831466 0.7846405 0.3884697
vn 0.8387564 0.4869271 0.2437002
vn 0.9605879 0.2475435 0.1264641
vn 0.04247525 0.8328841 0.5518152
vn 0.5043471 0.7206631 0.4756877
vn 0.8439807 0.4485717 0.2940746
vn 0.9568918 0.2438918 0.1577176
vn 0.09693929 0.64772 0.7556861
vn 0.5406556 0.5605038 0.6273173
vn 0.8519937 0.3631356 0.3771461
vn 0.9493098 0.2303882 0.2138506
vn 0.1000769 0.6327393 0.7678708
vn 0.541838 0.5488557 0.6365288
vn 0.8521691 0.3574799 0.3821204
vn 0.9489254 0.2290631 0.2169581
vn 0.1563757 0.4421015 0.8832287
vn 0.5796956 0.3954777 0.7124256
vn 0.8630989 0.2785891 0.4212463
vn 0.9454116 0.2063574 0.2522171
vn 0.1587416 0.4320495 0.8877693
vn 0.5806257 0.3879387 0.7158053
vn 0.8634237 0.2749019 0.4229993
vn 0.94542 0.2049585 0.253324
vn 0.1721364 0.3798953 0.9088721
vn 0.587065 0.3485826 0.7306468
vn 0.8655799 0.2556215 0.4306149
vn 0.9453644 0.1978665 0.259104
vn 0.2176425 0.2377338 0.9466332
vn 0.6178989 0.2370514 0.7496716
vn 0.8765202 0.1956744 0.4398
vn 0.9462076 0.1704924 0.2749972
vn 0.2399769 0.1552906 0.9582775
vn 0.6283243 0.1742377 0.7581885
vn 0.8813249 0.1624744 0.4436986
vn 0.9483646 0.15328 0.2776866
vn 0.2766512 0.037871 0.9602239
vn 0.6518458 0.07999605 0.7541204
vn 0.89131 0.1062097 0.4407788
vn 0.9519632 0.118314 0.282432
vn 0.3024602 -0.06037043 0.9512482
vn 0.6617255 0.00118992 0.7497453
vn 0.8972234 0.05990374 0.437495
vn 0.9563692 0.0893695 0.2781565
vn 0.3311208 -0.1624063 0.9295069
vn 0.6774922 -0.0858591 0.7305015
vn 0.9046521 0.001236494 0.4261491
vn 0.9604131 0.04623913 0.2747155
vn 0.3575608 -0.2833623 0.889863
vn 0.6811208 -0.1905645 0.7069368
vn 0.9085695 -0.06688941 0.4123439
vn 0.9655445 -1.499058e-7 0.2602383
vn 0.3601796 -0.2963124 0.8845732
vn 0.6817341 -0.2024443 0.7030326
vn 0.908903 -0.07562805 0.4100923
vn 0.9659038 -0.006798808 0.2588121
vn 0.3748595 -0.3658342 0.8518484
vn 0.6867993 -0.2657607 0.676519
vn 0.9105469 -0.1230174 0.3946784
vn 0.966903 -0.04499207 0.2511461
vn 0.391517 -0.5120054 0.7645685
vn 0.6729079 -0.4030679 0.6202672
vn 0.9050846 -0.2207788 0.3634263
vn 0.9683298 -0.1130122 0.222633
vn 0.3976912 -0.5680013 0.7205666
vn 0.6696449 -0.4567015 0.5856615
vn 0.9014129 -0.2635025 0.3435424
vn 0.9661274 -0.1482384 0.2112421
vn 0.3993753 -0.7432428 0.5367398
vn 0.6261705 -0.6339466 0.4538968
vn 0.877115 -0.3970006 0.2702959
vn 0.9590781 -0.2361685 0.156185
vn 0.3993074 -0.7493479 0.5282343
vn 0.6247663 -0.6401523 0.4470706
vn 0.8759271 -0.4022082 0.2664212
vn 0.9583828 -0.2403683 0.1540305
vn 0.3896743 -0.8097502 0.4387009
vn 0.5928062 -0.7090877 0.3818055
vn 0.8606612 -0.4541877 0.2301651
vn 0.9561768 -0.2643471 0.1258832
vn 0.3833653 -0.8296613 0.405824
vn 0.579197 -0.7329912 0.3567275
vn 0.8536376 -0.4737387 0.2165052
vn 0.9544899 -0.274487 0.1166443
vn 0.3818301 -0.8810549 0.2791918
vn 0.5651518 -0.7866203 0.2486603
vn 0.8415722 -0.5180414 0.1529364
vn 0.9479182 -0.3072857 0.08382547
vn 0 1 0
vn -0.1150764 0.9933567 0
vn -0.1140919 0.9933567 -0.01502049
vn -0.1111553 0.9933567 -0.02978396
vn -0.1063167 0.9933567 -0.04403784
vn -0.09965909 0.9933567 -0.0575382
vn -0.09129625 0.9933567 -0.07005408
vn -0.08137129 0.9933566 -0.08137129
vn -0.07005408 0.9933567 -0.09129625
vn -0.05753818 0.9933566 -0.09965908
vn -0.04403784 0.9933567 -0.1063167
vn -0.02978397 0.9933567 -0.1111553
vn -0.01502048 0.9933567 -0.1140919
vn 5.030149e-9 0.9933567 -0.1150764
vn -0.3381783 0.9410821 0
vn -0.3352852 0.9410821 -0.04414113
vn -0.3266552 0.9410821 -0.087527
vn -0.3124361 0.9410821 -0.1294153
vn -0.2928711 0.9410821 -0.1690892
vn -0.2682949 0.9410819 -0.20587
vn -0.2391282 0.941082 -0.2391282
vn -0.20587 0.9410819 -0.2682949
vn -0.1690892 0.9410821 -0.2928711
vn -0.1294153 0.9410821 -0.3124361
vn -0.08752701 0.9410821 -0.3266552
vn -0.04414111 0.9410821 -0.3352852
vn 1.478224e-8 0.9410821 -0.3381783
vn -0.7333528 0.6798483 0
vn -0.7270789 0.6798482 -0.09572177
vn -0.7083644 0.6798483 -0.1898057
vn -0.6775296 0.6798483 -0.2806419
vn -0.6351022 0.6798483 -0.3666764
vn -0.5818079 0.6798483 -0.4464369
vn -0.5185587 0.6798483 -0.5185587
vn -0.4464369 0.6798483 -0.5818079
vn -0.3666763 0.6798483 -0.6351021
vn -0.2806419 0.6798483 -0.6775297
vn -0.1898057 0.6798483 -0.7083644
vn -0.09572171 0.6798482 -0.7270789
vn 3.205587e-8 0.6798483 -0.7333528
vn -0.9974588 0.07124683 0
vn -0.9889253 0.0712468 -0.1301945
vn -0.9634712 0.07124661 -0.2581613
vn -0.9215317 0.0712468 -0.3817109
vn -0.8638247 0.07124677 -0.4987293
vn -0.7913373 0.07124674 -0.6072143
vn -0.7053099 0.07124683 -0.7053099
vn -0.6072143 0.07124674 -0.7913373
vn -0.4987293 0.07124676 -0.8638247
vn -0.3817109 0.07124677 -0.9215317
vn -0.2581614 0.07124656 -0.9634712
vn -0.1301944 0.07124681 -0.9889253
vn 4.360031e-8 0.07124683 -0.9974588
vn -0.9358612 -0.3523689 0
vn -0.9278547 -0.352369 -0.1221544
vn -0.9039725 -0.352369 -0.2422187
vn -0.864623 -0.3523689 -0.3581386
vn -0.8104796 -0.3523689 -0.4679306
vn -0.7424686 -0.3523689 -0.5697162
vn -0.6617538 -0.3523689 -0.6617538
vn -0.5697162 -0.3523689 -0.7424686
vn -0.4679306 -0.3523689 -0.8104796
vn -0.3581386 -0.3523689 -0.864623
vn -0.2422187 -0.352369 -0.9039725
vn -0.1221543 -0.352369 -0.9278547
vn 4.09078e-8 -0.3523689 -0.9358612
vn -0.8547045 -0.519115 0
vn -0.8473923 -0.519115 -0.1115613
vn -0.825581 -0.519115 -0.2212138
vn -0.7896439 -0.519115 -0.3270812
vn -0.7401958 -0.519115 -0.4273523
vn -0.6780826 -0.519115 -0.5203111
vn -0.6043673 -0.519115 -0.6043673
vn -0.5203111 -0.519115 -0.6780826
vn -0.4273521 -0.519115 -0.7401958
vn -0.3270812 -0.519115 -0.7896439
vn -0.2212138 -0.519115 -0.825581
vn -0.1115612 -0.519115 -0.8473923
vn 3.736032e-8 -0.519115 -0.8547045
vn -0.8214817 -0.5702348 0
vn -0.8144538 -0.5702349 -0.1072249
vn -0.7934904 -0.5702348 -0.2126151
vn -0.7589501 -0.5702349 -0.3143675
vn -0.7114241 -0.5702349 -0.4107409
vn -0.6517253 -0.5702348 -0.5000864
vn -0.5808753 -0.5702348 -0.5808753
vn -0.5000864 -0.5702348 -0.6517253
vn -0.4107408 -0.5702348 -0.7114241
vn -0.3143674 -0.5702348 -0.7589501
vn -0.2126151 -0.5702348 -0.7934904
vn -0.1072248 -0.5702349 -0.8144538
vn 3.59081e-8 -0.5702348 -0.8214817
vn -0.8338528 -0.5519869 0
vn -0.826719 -0.5519869 -0.1088396
vn -0.8054399 -0.5519869 -0.215817
vn -0.7703795 -0.5519871 -0.3191017
vn -0.7221377 -0.551987 -0.4169264
vn -0.6615399 -0.5519869 -0.5076174
vn -0.5896229 -0.5519869 -0.5896229
vn -0.5076174 -0.5519869 -0.6615399
vn -0.4169264 -0.5519869 -0.7221377
vn -0.3191017 -0.5519869 -0.7703795
vn -0.215817 -0.5519869 -0.8054399
vn -0.1088396 -0.5519869 -0.826719
vn 3.644887e-8 -0.5519869 -0.8338528
vn -0.8911908 -0.4536287 0
vn -0.8835666 -0.4536287 -0.1163238
vn -0.8608242 -0.4536286 -0.2306571
vn -0.8233529 -0.4536287 -0.3410439
vn -0.7717938 -0.4536287 -0.4455954
vn -0.7070292 -0.4536287 -0.5425226
vn -0.630167 -0.4536288 -0.630167
vn -0.5425226 -0.4536287 -0.7070292
vn -0.4455953 -0.4536287 -0.7717939
vn -0.3410439 -0.4536287 -0.823353
vn -0.2306571 -0.4536286 -0.8608242
vn -0.1163237 -0.4536287 -0.8835666
vn 3.895519e-8 -0.4536287 -0.8911908
vn -0.9781498 -0.2079011 0
vn -0.9697816 -0.2079011 -0.1276742
vn -0.9448202 -0.2079011 -0.2531638
vn -0.9036925 -0.2079012 -0.3743218
vn -0.8471026 -0.2079011 -0.489075
vn -0.7760184 -0.2079011 -0.5954599
vn -0.6916564 -0.2079011 -0.6916564
vn -0.5954599 -0.2079011 -0.7760184
vn -0.4890749 -0.2079012 -0.8471027
vn -0.3743218 -0.2079011 -0.9036927
vn -0.2531638 -0.207901 -0.9448203
vn -0.1276741 -0.2079011 -0.9697816
vn 4.275629e-8 -0.2079011 -0.9781498
vn -0.9653473 0.2609687 0
vn -0.9570886 0.2609687 -0.1260031
vn -0.9324538 0.2609688 -0.2498502
vn -0.8918646 0.2609687 -0.3694225
vn -0.8360153 0.2609686 -0.4826736
vn -0.7658615 0.2609687 -0.5876662
vn -0.6826036 0.2609687 -0.6826036
vn -0.5876662 0.2609687 -0.7658615
vn -0.4826736 0.2609687 -0.8360153
vn -0.3694224 0.2609687 -0.8918646
vn -0.2498503 0.2609688 -0.9324538
vn -0.126003 0.2609687 -0.9570886
vn 4.219667e-8 0.2609687 -0.9653473
vn -0.7071064 0.7071071 0
vn -0.701057 0.7071071 -0.09229591
vn -0.6830124 0.7071071 -0.1830126
vn -0.6532812 0.7071071 -0.2705979
vn -0.6123722 0.7071071 -0.3535532
vn -0.5609853 0.7071071 -0.4304592
vn -0.4999998 0.7071071 -0.4999998
vn -0.4304592 0.7071071 -0.5609853
vn -0.3535532 0.7071071 -0.6123722
vn -0.2705979 0.7071071 -0.6532812
vn -0.1830126 0.7071071 -0.6830124
vn -0.09229586 0.7071071 -0.701057
vn 3.090861e-8 0.7071071 -0.7071064
vn 0.01502049 0.9933567 -0.1140919
vn 0.02978396 0.9933567 -0.1111553
vn 0.04403784 0.9933567 -0.1063167
vn 0.0575382 0.9933567 -0.09965909
vn 0.07005408 0.9933567 -0.09129625
vn 0.08137129 0.9933566 -0.08137129
vn 0.09129625 0.9933567 -0.07005408
vn 0.09965908 0.9933566 -0.05753818
vn 0.1063167 0.9933567 -0.04403784
vn 0.1111553 0.9933567 -0.02978397
vn 0.1140919 0.9933567 -0.01502048
vn 0.1150764 0.9933567 5.030149e-9
vn 0.04414113 0.9410821 -0.3352852
vn 0.087527 0.9410821 -0.3266552
vn 0.1294153 0.9410821 -0.3124361
vn 0.1690892 0.9410821 -0.2928711
vn 0.20587 0.9410819 -0.2682949
vn 0.2391282 0.941082 -0.2391282
vn 0.2682949 0.9410819 -0.20587
vn 0.2928711 0.9410821 -0.1690892
vn 0.3124361 0.9410821 -0.1294153
vn 0.3266552 0.9410821 -0.08752701
vn 0.3352852 0.9410821 -0.04414111
vn 0.3381783 0.9410821 1.478224e-8
vn 0.09572177 0.6798482 -0.7270789
vn 0.1898057 0.6798483 -0.7083644
vn 0.2806419 0.6798483 -0.6775296
vn 0.3666764 0.6798483 -0.6351022
vn 0.4464369 0.6798483 -0.5818079
vn 0.5185587 0.6798483 -0.5185587
vn 0.5818079 0.6798483 -0.4464369
vn 0.6351021 0.6798483 -0.3666763
vn 0.6775297 0.6798483 -0.2806419
vn 0.7083644 0.6798483 -0.1898057
vn 0.7270789 0.6798482 -0.09572171
vn 0.7333528 0.6798483 3.205587e-8
vn 0.1301945 0.0712468 -0.9889253
vn 0.2581613 0.07124661 -0.9634712
vn 0.3817109 0.0712468 -0.9215317
vn 0.4987293 0.07124677 -0.8638247
vn 0.6072143 0.07124674 -0.7913373
vn 0.7053099 0.07124683 -0.7053099
vn 0.7913373 0.07124674 -0.6072143
vn 0.8638247 0.07124676 -0.4987293
vn 0.9215317 0.07124677 -0.3817109
vn 0.9634712 0.07124656 -0.2581614
vn 0.9889253 0.07124681 -0.1301944
vn 0.9974588 0.07124683 4.360031e-8
vn 0.1221544 -0.352369 -0.9278547
vn 0.2422187 -0.352369 -0.9039725
vn 0.3581386 -0.3523689 -0.864623
vn 0.4679306 -0.3523689 -0.8104796
vn 0.5697162 -0.3523689 -0.7424686
vn 0.6617538 -0.3523689 -0.6617538
vn 0.7424686 -0.3523689 -0.5697162
vn 0.8104796 -0.3523689 -0.4679306
vn 0.864623 -0.3523689 -0.3581386
vn 0.9039725 -0.352369 -0.2422187
vn 0.9278547 -0.352369 -0.1221543
vn 0.9358612 -0.3523689 4.09078e-8
vn 0.1115613 -0.519115 -0.8473923
vn 0.2212138 -0.519115 -0.825581
vn 0.3270812 -0.519115 -0.7896439
vn 0.4273523 -0.519115 -0.7401958
vn 0.5203111 -0.519115 -0.6780826
vn 0.6043673 -0.519115 -0.6043673
vn 0.6780826 -0.519115 -0.5203111
vn 0.7401958 -0.519115 -0.4273521
vn 0.7896439 -0.519115 -0.3270812
vn 0.825581 -0.519115 -0.2212138
vn 0.8473923 -0.519115 -0.1115612
vn 0.8547045 -0.519115 3.736032e-8
vn 0.1072249 -0.5702349 -0.8144538
vn 0.2126151 -0.5702348 -0.7934904
vn 0.3143675 -0.5702349 -0.7589501
vn 0.4107409 -0.5702349 -0.7114241
vn 0.5000864 -0.5702348 -0.6517253
vn 0.5808753 -0.5702348 -0.5808753
vn 0.6517253 -0.5702348 -0.5000864
vn 0.7114241 -0.5702348 -0.4107408
vn 0.7589501 -0.5702348 -0.3143674
vn 0.7934904 -0.5702348 -0.2126151
vn 0.8144538 -0.5702349 -0.1072248
vn 0.8214817 -0.5702348 3.59081e-8
vn 0.1088396 -0.5519869 -0.826719
vn 0.215817 -0.5519869 -0.8054399
vn 0.3191017 -0.5519871 -0.7703795
vn 0.4169264 -0.551987 -0.7221377
vn 0.5076174 -0.5519869 -0.6615399
vn 0.5896229 -0.5519869 -0.5896229
vn 0.6615399 -0.5519869 -0.5076174
vn 0.7221377 -0.5519869 -0.4169264
vn 0.7703795 -0.5519869 -0.3191017
vn 0.8054399 -0.5519869 -0.215817
vn 0.826719 -0.5519869 -0.1088396
vn 0.8338528 -0.5519869 3.644887e-8
vn 0.1163238 -0.4536287 -0.8835666
vn 0.2306571 -0.4536286 -0.8608242
vn 0.3410439 -0.4536287 -0.8233529
vn 0.4455954 -0.4536287 -0.7717938
vn 0.5425226 -0.4536287 -0.7070292
vn 0.630167 -0.4536288 -0.630167
vn 0.7070292 -0.4536287 -0.5425226
vn 0.7717939 -0.4536287 -0.4455953
vn 0.823353 -0.4536287 -0.3410439
vn 0.8608242 -0.4536286 -0.2306571
vn 0.8835666 -0.4536287 -0.1163237
vn 0.8911908 -0.4536287 3.895519e-8
vn 0.1276742 -0.2079011 -0.9697816
vn 0.2531638 -0.2079011 -0.9448202
vn 0.3743218 -0.2079012 -0.9036925
vn 0.489075 -0.2079011 -0.8471026
vn 0.5954599 -0.2079011 -0.7760184
vn 0.6916564 -0.2079011 -0.6916564
vn 0.7760184 -0.2079011 -0.5954599
vn 0.8471027 -0.2079012 -0.4890749
vn 0.9036927 -0.2079011 -0.3743218
vn 0.9448203 -0.207901 -0.2531638
vn 0.9697816 -0.2079011 -0.1276741
vn 0.9781498 -0.2079011 4.275629e-8
vn 0.1260031 0.2609687 -0.9570886
vn 0.2498502 0.2609688 -0.9324538
vn 0.3694225 0.2609687 -0.8918646
vn 0.4826736 0.2609686 -0.8360153
vn 0.5876662 0.2609687 -0.7658615
vn 0.6826036 0.2609687 -0.6826036
vn 0.7658615 0.2609687 -0.5876662
vn 0.8360153 0.2609687 -0.4826736
vn 0.8918646 0.2609687 -0.3694224
vn 0.9324538 0.2609688 -0.2498503
vn 0.9570886 0.2609687 -0.126003
vn 0.9653473 0.2609687 4.219667e-8
vn 0.09229591 0.7071071 -0.701057
vn 0.1830126 0.7071071 -0.6830124
vn 0.2705979 0.7071071 -0.6532812
vn 0.3535532 0.7071071 -0.6123722
vn 0.4304592 0.7071071 -0.5609853
vn 0.4999998 0.7071071 -0.4999998
vn 0.5609853 0.7071071 -0.4304592
vn 0.6123722 0.7071071 -0.3535532
vn 0.6532812 0.7071071 -0.2705979
vn 0.6830124 0.7071071 -0.1830126
vn 0.701057 0.7071071 -0.09229586
vn 0.7071064 0.7071071 3.090861e-8
vn 0 0.9933567 0.1150764
vn 0.01502049 0.9933567 0.1140919
vn 0.02978396 0.9933567 0.1111553
vn 0.04403784 0.9933567 0.1063167
vn 0.0575382 0.9933567 0.09965909
vn 0.07005408 0.9933567 0.09129625
vn 0.08137129 0.9933566 0.08137129
vn 0.09129625 0.9933567 0.07005408
vn 0.09965908 0.9933566 0.05753818
vn 0.1063167 0.9933567 0.04403784
vn 0.1111553 0.9933567 0.02978397
vn 0.1140919 0.9933567 0.01502048
vn 0 0.9410821 0.3381783
vn 0.04414113 0.9410821 0.3352852
vn 0.087527 0.9410821 0.3266552
vn 0.1294153 0.9410821 0.3124361
vn 0.1690892 0.9410821 0.2928711
vn 0.20587 0.9410819 0.2682949
vn 0.2391282 0.941082 0.2391282
vn 0.2682949 0.9410819 0.20587
vn 0.2928711 0.9410821 0.1690892
vn 0.3124361 0.9410821 0.1294153
vn 0.3266552 0.9410821 0.08752701
vn 0.3352852 0.9410821 0.04414111
vn 0 0.6798483 0.7333528
vn 0.09572177 0.6798482 0.7270789
vn 0.1898057 0.6798483 0.7083644
vn 0.2806419 0.6798483 0.6775296
vn 0.3666764 0.6798483 0.6351022
vn 0.4464369 0.6798483 0.5818079
vn 0.5185587 0.6798483 0.5185587
vn 0.5818079 0.6798483 0.4464369
vn 0.6351021 0.6798483 0.3666763
vn 0.6775297 0.6798483 0.2806419
vn 0.7083644 0.6798483 0.1898057
vn 0.7270789 0.6798482 0.09572171
vn 0 0.07124683 0.9974588
vn 0.1301945 0.0712468 0.9889253
vn 0.2581613 0.07124661 0.9634712
vn 0.3817109 0.0712468 0.9215317
vn 0.4987293 0.07124677 0.8638247
vn 0.6072143 0.07124674 0.7913373
vn 0.7053099 0.07124683 0.7053099
vn 0.7913373 0.07124674 0.6072143
vn 0.8638247 0.07124676 0.4987293
vn 0.9215317 0.07124677 0.3817109
vn 0.9634712 0.07124656 0.2581614
vn 0.9889253 0.07124681 0.1301944
vn 0 -0.3523689 0.9358612
vn 0.1221544 -0.352369 0.9278547
vn 0.2422187 -0.352369 0.9039725
vn 0.3581386 -0.3523689 0.864623
vn 0.4679306 -0.3523689 0.8104796
vn 0.5697162 -0.3523689 0.7424686
vn 0.6617538 -0.3523689 0.6617538
vn 0.7424686 -0.3523689 0.5697162
vn 0.8104796 -0.3523689 0.4679306
vn 0.864623 -0.3523689 0.3581386
vn 0.9039725 -0.352369 0.2422187
vn 0.9278547 -0.352369 0.1221543
vn 0 -0.519115 0.8547045
vn 0.1115613 -0.519115 0.8473923
vn 0.2212138 -0.519115 0.825581
vn 0.3270812 -0.519115 0.7896439
vn 0.4273523 -0.519115 0.7401958
vn 0.5203111 -0.519115 0.6780826
vn 0.6043673 -0.519115 0.6043673
vn 0.6780826 -0.519115 0.5203111
vn 0.7401958 -0.519115 0.4273521
vn 0.7896439 -0.519115 0.3270812
vn 0.825581 -0.519115 0.2212138
vn 0.8473923 -0.519115 0.1115612
vn 0 -0.5702348 0.8214817
vn 0.1072249 -0.5702349 0.8144538
vn 0.2126151 -0.5702348 0.7934904
vn 0.3143675 -0.5702349 0.7589501
vn 0.4107409 -0.5702349 0.7114241
vn 0.5000864 -0.5702348 0.6517253
vn 0.5808753 -0.5702348 0.5808753
vn 0.6517253 -0.5702348 0.5000864
vn 0.7114241 -0.5702348 0.4107408
vn 0.7589501 -0.5702348 0.3143674
vn 0.7934904 -0.5702348 0.2126151
vn 0.8144538 -0.5702349 0.1072248
vn 0 -0.5519869 0.8338528
vn 0.1088396 -0.5519869 0.826719
vn 0.215817 -0.5519869 0.8054399
vn 0.3191017 -0.5519871 0.7703795
vn 0.4169264 -0.551987 0.7221377
vn 0.5076174 -0.5519869 0.6615399
vn 0.5896229 -0.5519869 0.5896229
vn 0.6615399 -0.5519869 0.5076174
vn 0.7221377 -0.5519869 0.4169264
vn 0.7703795 -0.5519869 0.3191017
vn 0.8054399 -0.5519869 0.215817
vn 0.826719 -0.5519869 0.1088396
vn 0 -0.4536287 0.8911908
vn 0.1163238 -0.4536287 0.8835666
vn 0.2306571 -0.4536286 0.8608242
vn 0.3410439 -0.4536287 0.8233529
vn 0.4455954 -0.4536287 0.7717938
vn 0.5425226 -0.4536287 0.7070292
vn 0.630167 -0.4536288 0.630167
vn 0.7070292 -0.4536287 0.5425226
vn 0.7717939 -0.4536287 0.4455953
vn 0.823353 -0.4536287 0.3410439
vn 0.8608242 -0.4536286 0.2306571
vn 0.8835666 -0.4536287 0.1163237
vn 0 -0.2079011 0.9781498
vn 0.1276742 -0.2079011 0.9697816
vn 0.2531638 -0.2079011 0.9448202
vn 0.3743218 -0.2079012 0.9036925
vn 0.489075 -0.2079011 0.8471026
vn 0.5954599 -0.2079011 0.7760184
vn 0.6916564 -0.2079011 0.6916564
vn 0.7760184 -0.2079011 0.5954599
vn 0.8471027 -0.2079012 0.4890749
vn 0.9036927 -0.2079011 0.3743218
vn 0.9448203 -0.207901 0.2531638
vn 0.9697816 -0.2079011 0.1276741
vn 0 0.2609687 0.9653473
vn 0.1260031 0.2609687 0.9570886
vn 0.2498502 0.2609688 0.9324538
vn 0.3694225 0.2609687 0.8918646
vn 0.4826736 0.2609686 0.8360153
vn 0.5876662 0.2609687 0.7658615
vn 0.6826036 0.2609687 0.6826036
vn 0.7658615 0.2609687 0.5876662
vn 0.8360153 0.2609687 0.4826736
vn 0.8918646 0.2609687 0.3694224
vn 0.9324538 0.2609688 0.2498503
vn 0.9570886 0.2609687 0.126003
vn 0 0.7071071 0.7071064
vn 0.09229591 0.7071071 0.701057
vn 0.1830126 0.7071071 0.6830124
vn 0.2705979 0.7071071 0.6532812
vn 0.3535532 0.7071071 0.6123722
vn 0.4304592 0.7071071 0.5609853
vn 0.4999998 0.7071071 0.4999998
vn 0.5609853 0.7071071 0.4304592
vn 0.6123722 0.7071071 0.3535532
vn 0.6532812 0.7071071 0.2705979
vn 0.6830124 0.7071071 0.1830126
vn 0.701057 0.7071071 0.09229586
vn -0.1140919 0.9933567 0.01502049
vn -0.1111553 0.9933567 0.02978396
vn -0.1063167 0.9933567 0.04403784
vn -0.09965909 0.9933567 0.0575382
vn -0.09129625 0.9933567 0.07005408
vn -0.08137129 0.9933566 0.08137129
vn -0.07005408 0.9933567 0.09129625
vn -0.05753818 0.9933566 0.09965908
vn -0.04403784 0.9933567 0.1063167
vn -0.02978397 0.9933567 0.1111553
vn -0.01502048 0.9933567 0.1140919
vn -0.3352852 0.9410821 0.04414113
vn -0.3266552 0.9410821 0.087527
vn -0.3124361 0.9410821 0.1294153
vn -0.2928711 0.9410821 0.1690892
vn -0.2682949 0.9410819 0.20587
vn -0.2391282 0.941082 0.2391282
vn -0.20587 0.9410819 0.2682949
vn -0.1690892 0.9410821 0.2928711
vn -0.1294153 0.9410821 0.3124361
vn -0.08752701 0.9410821 0.3266552
vn -0.04414111 0.9410821 0.3352852
vn -0.7270789 0.6798482 0.09572177
vn -0.7083644 0.6798483 0.1898057
vn -0.6775296 0.6798483 0.2806419
vn -0.6351022 0.6798483 0.3666764
vn -0.5818079 0.6798483 0.4464369
vn -0.5185587 0.6798483 0.5185587
vn -0.4464369 0.6798483 0.5818079
vn -0.3666763 0.6798483 0.6351021
vn -0.2806419 0.6798483 0.6775297
vn -0.1898057 0.6798483 0.7083644
vn -0.09572171 0.6798482 0.7270789
vn -0.9889253 0.0712468 0.1301945
vn -0.9634712 0.07124661 0.2581613
vn -0.9215317 0.0712468 0.3817109
vn -0.8638247 0.07124677 0.4987293
vn -0.7913373 0.07124674 0.6072143
vn -0.7053099 0.07124683 0.7053099
vn -0.6072143 0.07124674 0.7913373
vn -0.4987293 0.07124676 0.8638247
vn -0.3817109 0.07124677 0.9215317
vn -0.2581614 0.07124656 0.9634712
vn -0.1301944 0.07124681 0.9889253
vn -0.9278547 -0.352369 0.1221544
vn -0.9039725 -0.352369 0.2422187
vn -0.864623 -0.3523689 0.3581386
vn -0.8104796 -0.3523689 0.4679306
vn -0.7424686 -0.3523689 0.5697162
vn -0.6617538 -0.3523689 0.6617538
vn -0.5697162 -0.3523689 0.7424686
vn -0.4679306 -0.3523689 0.8104796
vn -0.3581386 -0.3523689 0.864623
vn -0.2422187 -0.352369 0.9039725
vn -0.1221543 -0.352369 0.9278547
vn -0.8473923 -0.519115 0.1115613
vn -0.825581 -0.519115 0.2212138
vn -0.7896439 -0.519115 0.3270812
vn -0.7401958 -0.519115 0.4273523
vn -0.6780826 -0.519115 0.5203111
vn -0.6043673 -0.519115 0.6043673
vn -0.5203111 -0.519115 0.6780826
vn -0.4273521 -0.519115 0.7401958
vn -0.3270812 -0.519115 0.7896439
vn -0.2212138 -0.519115 0.825581
vn -0.1115612 -0.519115 0.8473923
vn -0.8144538 -0.5702349 0.1072249
vn -0.7934904 -0.5702348 0.2126151
vn -0.7589501 -0.5702349 0.3143675
vn -0.7114241 -0.5702349 0.4107409
vn -0.6517253 -0.5702348 0.5000864
vn -0.5808753 -0.5702348 0.5808753
vn -0.5000864 -0.5702348 0.6517253
vn -0.4107408 -0.5702348 0.7114241
vn -0.3143674 -0.5702348 0.7589501
vn -0.2126151 -0.5702348 0.7934904
vn -0.1072248 -0.5702349 0.8144538
vn -0.826719 -0.5519869 0.1088396
vn -0.8054399 -0.5519869 0.215817
vn -0.7703795 -0.5519871 0.3191017
vn -0.7221377 -0.551987 0.4169264
vn -0.6615399 -0.5519869 0.5076174
vn -0.5896229 -0.5519869 0.5896229
vn -0.5076174 -0.5519869 0.6615399
vn -0.4169264 -0.5519869 0.7221377
vn -0.3191017 -0.5519869 0.7703795
vn -0.215817 -0.5519869 0.8054399
vn -0.1088396 -0.5519869 0.826719
vn -0.8835666 -0.4536287 0.1163238
vn -0.8608242 -0.4536286 0.2306571
vn -0.8233529 -0.4536287 0.3410439
vn -0.7717938 -0.4536287 0.4455954
vn -0.7070292 -0.4536287 0.5425226
vn -0.630167 -0.4536288 0.630167
vn -0.5425226 -0.4536287 0.7070292
vn -0.4455953 -0.4536287 0.7717939
vn -0.3410439 -0.4536287 0.823353
vn -0.2306571 -0.4536286 0.8608242
vn -0.1163237 -0.4536287 0.8835666
vn -0.9697816 -0.2079011 0.1276742
vn -0.9448202 -0.2079011 0.2531638
vn -0.9036925 -0.2079012 0.3743218
vn -0.8471026 -0.2079011 0.489075
vn -0.7760184 -0.2079011 0.5954599
vn -0.6916564 -0.2079011 0.6916564
vn -0.5954599 -0.2079011 0.7760184
vn -0.4890749 -0.2079012 0.8471027
vn -0.3743218 -0.2079011 0.9036927
vn -0.2531638 -0.207901 0.9448203
vn -0.1276741 -0.2079011 0.9697816
vn -0.9570886 0.2609687 0.1260031
vn -0.9324538 0.2609688 0.2498502
vn -0.8918646 0.2609687 0.3694225
vn -0.8360153 0.2609686 0.4826736
vn -0.7658615 0.2609687 0.5876662
vn -0.6826036 0.2609687 0.6826036
vn -0.5876662 0.2609687 0.7658615
vn -0.4826736 0.2609687 0.8360153
vn -0.3694224 0.2609687 0.8918646
vn -0.2498503 0.2609688 0.9324538
vn -0.126003 0.2609687 0.9570886
vn -0.701057 0.7071071 0.09229591
vn -0.6830124 0.7071071 0.1830126
vn -0.6532812 0.7071071 0.2705979
vn -0.6123722 0.7071071 0.3535532
vn -0.5609853 0.7071071 0.4304592
vn -0.4999998 0.7071071 0.4999998
vn -0.4304592 0.7071071 0.5609853
vn -0.3535532 0.7071071 0.6123722
vn -0.2705979 0.7071071 0.6532812
vn -0.1830126 0.7071071 0.6830124
vn -0.09229586 0.7071071 0.701057
vn -0.4566972 0.8896223 0
vn -0.4527901 0.8896222 -0.05961095
vn -0.4411357 0.8896222 -0.1182019
vn -0.4219332 0.8896222 -0.1747705
vn -0.3955114 0.8896222 -0.2283487
vn -0.3623223 0.8896222 -0.2780197
vn -0.3229337 0.8896222 -0.3229337
vn -0.2780197 0.8896222 -0.3623223
vn -0.2283486 0.8896222 -0.3955114
vn -0.1747705 0.8896222 -0.4219333
vn -0.1182019 0.8896222 -0.4411357
vn -0.05961092 0.8896222 -0.4527901
vn 1.996287e-8 0.8896223 -0.4566972
vn -0.31903 0.9477446 0
vn -0.3163006 0.9477447 -0.04164176
vn -0.3081593 0.9477446 -0.08257104
vn -0.2947453 0.9477447 -0.1220875
vn -0.2762881 0.9477446 -0.159515
vn -0.2531035 0.9477446 -0.1942132
vn -0.2255882 0.9477446 -0.2255882
vn -0.1942132 0.9477446 -0.2531035
vn -0.1595149 0.9477447 -0.2762881
vn -0.1220875 0.9477446 -0.2947453
vn -0.08257105 0.9477446 -0.3081593
vn -0.04164174 0.9477447 -0.3163006
vn 1.394524e-8 0.9477446 -0.31903
vn -0.2477336 0.9688282 0
vn -0.2456142 0.9688282 -0.03233572
vn -0.2392923 0.9688282 -0.06411818
vn -0.228876 0.9688283 -0.09480356
vn -0.2145436 0.9688281 -0.1238668
vn -0.1965403 0.9688283 -0.1508107
vn -0.1751741 0.9688282 -0.1751741
vn -0.1508107 0.9688283 -0.1965403
vn -0.1238668 0.9688282 -0.2145436
vn -0.09480356 0.9688282 -0.228876
vn -0.06411818 0.9688282 -0.2392923
vn -0.03233571 0.9688282 -0.2456143
vn 1.082878e-8 0.9688282 -0.2477336
vn -0.2130392 0.9770437 0
vn -0.2112167 0.9770437 -0.0278072
vn -0.2057801 0.9770436 -0.0551386
vn -0.1968226 0.9770437 -0.08152659
vn -0.1844974 0.9770436 -0.1065196
vn -0.1690154 0.9770437 -0.1296901
vn -0.1506415 0.9770437 -0.1506415
vn -0.1296901 0.9770437 -0.1690154
vn -0.1065196 0.9770437 -0.1844974
vn -0.08152659 0.9770437 -0.1968226
vn -0.0551386 0.9770436 -0.2057801
vn -0.02780718 0.9770437 -0.2112167
vn 9.312241e-9 0.9770437 -0.2130392
vn -0.2012084 0.9795485 0
vn -0.1994869 0.9795485 -0.02626295
vn -0.1943523 0.9795485 -0.05207654
vn -0.1858922 0.9795485 -0.07699908
vn -0.1742515 0.9795485 -0.1006042
vn -0.1596293 0.9795485 -0.1224879
vn -0.1422758 0.9795485 -0.1422758
vn -0.1224879 0.9795485 -0.1596293
vn -0.1006041 0.9795485 -0.1742515
vn -0.07699908 0.9795485 -0.1858922
vn -0.05207654 0.9795485 -0.1943523
vn -0.02626294 0.9795485 -0.1994869
vn 8.795096e-9 0.9795485 -0.2012084
vn -0.206788 0.9783858 0
vn -0.2050188 0.9783858 -0.02699124
vn -0.1997418 0.9783858 -0.05352065
vn -0.1910472 0.9783858 -0.07913433
vn -0.1790836 0.9783858 -0.103394
vn -0.1640559 0.9783858 -0.1258845
vn -0.1462212 0.9783858 -0.1462212
vn -0.1258845 0.9783858 -0.1640559
vn -0.103394 0.9783858 -0.1790836
vn -0.07913433 0.9783858 -0.1910472
vn -0.05352065 0.9783858 -0.1997418
vn -0.02699123 0.9783858 -0.2050188
vn 9.038988e-9 0.9783858 -0.206788
vn -0.2295693 0.9732923 0
vn -0.2276053 0.9732923 -0.0299648
vn -0.2217469 0.9732923 -0.0594169
vn -0.2120944 0.9732923 -0.08785238
vn -0.1988129 0.9732923 -0.1147847
vn -0.1821296 0.9732923 -0.1397529
vn -0.16233 0.9732923 -0.16233
vn -0.1397529 0.9732923 -0.1821296
vn -0.1147846 0.9732923 -0.1988129
vn -0.08785237 0.9732923 -0.2120944
vn -0.05941691 0.9732923 -0.2217469
vn -0.02996479 0.9732923 -0.2276053
vn 1.003479e-8 0.9732923 -0.2295693
vn -0.2747212 0.9615239 0
vn -0.2723709 0.9615239 -0.03585831
vn -0.2653603 0.961524 -0.07110306
vn -0.2538093 0.9615239 -0.1051313
vn -0.2379155 0.9615239 -0.1373606
vn -0.217951 0.9615239 -0.1672397
vn -0.1942572 0.9615239 -0.1942572
vn -0.1672397 0.9615239 -0.217951
vn -0.1373606 0.9615239 -0.2379156
vn -0.1051313 0.9615239 -0.2538093
vn -0.07110307 0.961524 -0.2653603
vn -0.03585829 0.9615239 -0.2723709
vn 1.200844e-8 0.9615239 -0.2747212
vn -0.3563818 0.9343404 0
vn -0.3533329 0.9343404 -0.04651716
vn -0.3442384 0.9343404 -0.09223838
vn -0.3292538 0.9343404 -0.1363814
vn -0.3086357 0.9343404 -0.1781909
vn -0.2827367 0.9343404 -0.2169515
vn -0.252 0.9343404 -0.252
vn -0.2169515 0.9343404 -0.2827367
vn -0.1781909 0.9343404 -0.3086357
vn -0.1363814 0.9343404 -0.3292538
vn -0.09223839 0.9343404 -0.3442384
vn -0.04651713 0.9343404 -0.3533329
vn 1.557794e-8 0.9343404 -0.3563818
vn -0.5072542 0.8617964 0
vn -0.5029146 0.8617964 -0.06620997
vn -0.48997 0.8617964 -0.131287
vn -0.4686418 0.8617965 -0.1941178
vn -0.4392951 0.8617964 -0.2536272
vn -0.4024318 0.8617965 -0.3087968
vn -0.358683 0.8617964 -0.358683
vn -0.3087968 0.8617965 -0.4024318
vn -0.2536271 0.8617964 -0.4392951
vn -0.1941178 0.8617965 -0.4686418
vn -0.1312871 0.8617964 -0.48997
vn -0.06620993 0.8617964 -0.5029146
vn 2.217279e-8 0.8617964 -0.5072542
vn -0.7783865 0.6277854 0
vn -0.7717276 0.627785 -0.1015998
vn -0.7518638 0.627785 -0.2014613
vn -0.7191354 0.6277853 -0.2978756
vn -0.6741027 0.6277851 -0.3891934
vn -0.6175356 0.6277853 -0.4738517
vn -0.5504025 0.6277851 -0.5504025
vn -0.4738517 0.6277853 -0.6175356
vn -0.3891932 0.6277853 -0.6741025
vn -0.2978756 0.6277853 -0.7191354
vn -0.2014613 0.627785 -0.7518638
vn -0.1015998 0.627785 -0.7717276
vn 3.402435e-8 0.6277854 -0.7783865
vn -1 0 0
vn -0.9914448 -9.849109e-7 -0.1305262
vn -0.9659258 -0.000001023838 -0.258819
vn -0.9238795 -9.504036e-8 -0.3826835
vn -0.8660254 -8.60318e-7 -0.5000001
vn -0.7933533 0 -0.6087614
vn -0.7071068 -7.024468e-7 -0.7071068
vn -0.6087614 0 -0.7933533
vn -0.4999999 0 -0.8660254
vn -0.3826835 -9.504036e-8 -0.9238795
vn -0.258819 -0.000001023838 -0.9659258
vn -0.1305261 -9.84911e-7 -0.9914449
vn 4.371139e-8 0 -1
vn 0.05961095 0.8896222 -0.4527901
vn 0.1182019 0.8896222 -0.4411357
vn 0.1747705 0.8896222 -0.4219332
vn 0.2283487 0.8896222 -0.3955114
vn 0.2780197 0.8896222 -0.3623223
vn 0.3229337 0.8896222 -0.3229337
vn 0.3623223 0.8896222 -0.2780197
vn 0.3955114 0.8896222 -0.2283486
vn 0.4219333 0.8896222 -0.1747705
vn 0.4411357 0.8896222 -0.1182019
vn 0.4527901 0.8896222 -0.05961092
vn 0.4566972 0.8896223 1.996287e-8
vn 0.04164176 0.9477447 -0.3163006
vn 0.08257104 0.9477446 -0.3081593
vn 0.1220875 0.9477447 -0.2947453
vn 0.159515 0.9477446 -0.2762881
vn 0.1942132 0.9477446 -0.2531035
vn 0.2255882 0.9477446 -0.2255882
vn 0.2531035 0.9477446 -0.1942132
vn 0.2762881 0.9477447 -0.1595149
vn 0.2947453 0.9477446 -0.1220875
vn 0.3081593 0.9477446 -0.08257105
vn 0.3163006 0.9477447 -0.04164174
vn 0.31903 0.9477446 1.394524e-8
vn 0.03233572 0.9688282 -0.2456142
vn 0.06411818 0.9688282 -0.2392923
vn 0.09480356 0.9688283 -0.228876
vn 0.1238668 0.9688281 -0.2145436
vn 0.1508107 0.9688283 -0.1965403
vn 0.1751741 0.9688282 -0.1751741
vn 0.1965403 0.9688283 -0.1508107
vn 0.2145436 0.9688282 -0.1238668
vn 0.228876 0.9688282 -0.09480356
vn 0.2392923 0.9688282 -0.06411818
vn 0.2456143 0.9688282 -0.03233571
vn 0.2477336 0.9688282 1.082878e-8
vn 0.0278072 0.9770437 -0.2112167
vn 0.0551386 0.9770436 -0.2057801
vn 0.08152659 0.9770437 -0.1968226
vn 0.1065196 0.9770436 -0.1844974
vn 0.1296901 0.9770437 -0.1690154
vn 0.1506415 0.9770437 -0.1506415
vn 0.1690154 0.9770437 -0.1296901
vn 0.1844974 0.9770437 -0.1065196
vn 0.1968226 0.9770437 -0.08152659
vn 0.2057801 0.9770436 -0.0551386
vn 0.2112167 0.9770437 -0.02780718
vn 0.2130392 0.9770437 9.312241e-9
vn 0.02626295 0.9795485 -0.1994869
vn 0.05207654 0.9795485 -0.1943523
vn 0.07699908 0.9795485 -0.1858922
vn 0.1006042 0.9795485 -0.1742515
vn 0.1224879 0.9795485 -0.1596293
vn 0.1422758 0.9795485 -0.1422758
vn 0.1596293 0.9795485 -0.1224879
vn 0.1742515 0.9795485 -0.1006041
vn 0.1858922 0.9795485 -0.07699908
vn 0.1943523 0.9795485 -0.05207654
vn 0.1994869 0.9795485 -0.02626294
vn 0.2012084 0.9795485 8.795096e-9
vn 0.02699124 0.9783858 -0.2050188
vn 0.05352065 0.9783858 -0.1997418
vn 0.07913433 0.9783858 -0.1910472
vn 0.103394 0.9783858 -0.1790836
vn 0.1258845 0.9783858 -0.1640559
vn 0.1462212 0.9783858 -0.1462212
vn 0.1640559 0.9783858 -0.1258845
vn 0.1790836 0.9783858 -0.103394
vn 0.1910472 0.9783858 -0.07913433
vn 0.1997418 0.9783858 -0.05352065
vn 0.2050188 0.9783858 -0.02699123
vn 0.206788 0.9783858 9.038988e-9
vn 0.0299648 0.9732923 -0.2276053
vn 0.0594169 0.9732923 -0.2217469
vn 0.08785238 0.9732923 -0.2120944
vn 0.1147847 0.9732923 -0.1988129
vn 0.1397529 0.9732923 -0.1821296
vn 0.16233 0.9732923 -0.16233
vn 0.1821296 0.9732923 -0.1397529
vn 0.1988129 0.9732923 -0.1147846
vn 0.2120944 0.9732923 -0.08785237
vn 0.2217469 0.9732923 -0.05941691
vn 0.2276053 0.9732923 -0.02996479
vn 0.2295693 0.9732923 1.003479e-8
vn 0.03585831 0.9615239 -0.2723709
vn 0.07110306 0.961524 -0.2653603
vn 0.1051313 0.9615239 -0.2538093
vn 0.1373606 0.9615239 -0.2379155
vn 0.1672397 0.9615239 -0.217951
vn 0.1942572 0.9615239 -0.1942572
vn 0.217951 0.9615239 -0.1672397
vn 0.2379156 0.9615239 -0.1373606
vn 0.2538093 0.9615239 -0.1051313
vn 0.2653603 0.961524 -0.07110307
vn 0.2723709 0.9615239 -0.03585829
vn 0.2747212 0.9615239 1.200844e-8
vn 0.04651716 0.9343404 -0.3533329
vn 0.09223838 0.9343404 -0.3442384
vn 0.1363814 0.9343404 -0.3292538
vn 0.1781909 0.9343404 -0.3086357
vn 0.2169515 0.9343404 -0.2827367
vn 0.252 0.9343404 -0.252
vn 0.2827367 0.9343404 -0.2169515
vn 0.3086357 0.9343404 -0.1781909
vn 0.3292538 0.9343404 -0.1363814
vn 0.3442384 0.9343404 -0.09223839
vn 0.3533329 0.9343404 -0.04651713
vn 0.3563818 0.9343404 1.557794e-8
vn 0.06620997 0.8617964 -0.5029146
vn 0.131287 0.8617964 -0.48997
vn 0.1941178 0.8617965 -0.4686418
vn 0.2536272 0.8617964 -0.4392951
vn 0.3087968 0.8617965 -0.4024318
vn 0.358683 0.8617964 -0.358683
vn 0.4024318 0.8617965 -0.3087968
vn 0.4392951 0.8617964 -0.2536271
vn 0.4686418 0.8617965 -0.1941178
vn 0.48997 0.8617964 -0.1312871
vn 0.5029146 0.8617964 -0.06620993
vn 0.5072542 0.8617964 2.217279e-8
vn 0.1015998 0.627785 -0.7717276
vn 0.2014613 0.627785 -0.7518638
vn 0.2978756 0.6277853 -0.7191354
vn 0.3891934 0.6277851 -0.6741027
vn 0.4738517 0.6277853 -0.6175356
vn 0.5504025 0.6277851 -0.5504025
vn 0.6175356 0.6277853 -0.4738517
vn 0.6741025 0.6277853 -0.3891932
vn 0.7191354 0.6277853 -0.2978756
vn 0.7518638 0.627785 -0.2014613
vn 0.7717276 0.627785 -0.1015998
vn 0.7783865 0.6277854 3.402435e-8
vn 0.1305262 -9.849109e-7 -0.9914448
vn 0.258819 -0.000001023838 -0.9659258
vn 0.3826835 -9.504036e-8 -0.9238795
vn 0.5000001 -8.60318e-7 -0.8660254
vn 0.6087614 0 -0.7933533
vn 0.7071068 -7.024468e-7 -0.7071068
vn 0.7933533 0 -0.6087614
vn 0.8660254 0 -0.4999999
vn 0.9238795 -9.504036e-8 -0.3826835
vn 0.9659258 -0.000001023838 -0.258819
vn 0.9914449 -9.84911e-7 -0.1305261
vn 1 0 4.371139e-8
vn 0 0.8896223 0.4566972
vn 0.05961095 0.8896222 0.4527901
vn 0.1182019 0.8896222 0.4411357
vn 0.1747705 0.8896222 0.4219332
vn 0.2283487 0.8896222 0.3955114
vn 0.2780197 0.8896222 0.3623223
vn 0.3229337 0.8896222 0.3229337
vn 0.3623223 0.8896222 0.2780197
vn 0.3955114 0.8896222 0.2283486
vn 0.4219333 0.8896222 0.1747705
vn 0.4411357 0.8896222 0.1182019
vn 0.4527901 0.8896222 0.05961092
vn 0 0.9477446 0.31903
vn 0.04164176 0.9477447 0.3163006
vn 0.08257104 0.9477446 0.3081593
vn 0.1220875 0.9477447 0.2947453
vn 0.159515 0.9477446 0.2762881
vn 0.1942132 0.9477446 0.2531035
vn 0.2255882 0.9477446 0.2255882
vn 0.2531035 0.9477446 0.1942132
vn 0.2762881 0.9477447 0.1595149
vn 0.2947453 0.9477446 0.1220875
vn 0.3081593 0.9477446 0.08257105
vn 0.3163006 0.9477447 0.04164174
vn 0 0.9688282 0.2477336
vn 0.03233572 0.9688282 0.2456142
vn 0.06411818 0.9688282 0.2392923
vn 0.09480356 0.9688283 0.228876
vn 0.1238668 0.9688281 0.2145436
vn 0.1508107 0.9688283 0.1965403
vn 0.1751741 0.9688282 0.1751741
vn 0.1965403 0.9688283 0.1508107
vn 0.2145436 0.9688282 0.1238668
vn 0.228876 0.9688282 0.09480356
vn 0.2392923 0.9688282 0.06411818
vn 0.2456143 0.9688282 0.03233571
vn 0 0.9770437 0.2130392
vn 0.0278072 0.9770437 0.2112167
vn 0.0551386 0.9770436 0.2057801
vn 0.08152659 0.9770437 0.1968226
vn 0.1065196 0.9770436 0.1844974
vn 0.1296901 0.9770437 0.1690154
vn 0.1506415 0.9770437 0.1506415
vn 0.1690154 0.9770437 0.1296901
vn 0.1844974 0.9770437 0.1065196
vn 0.1968226 0.9770437 0.08152659
vn 0.2057801 0.9770436 0.0551386
vn 0.2112167 0.9770437 0.02780718
vn 0 0.9795485 0.2012084
vn 0.02626295 0.9795485 0.1994869
vn 0.05207654 0.9795485 0.1943523
vn 0.07699908 0.9795485 0.1858922
vn 0.1006042 0.9795485 0.1742515
vn 0.1224879 0.9795485 0.1596293
vn 0.1422758 0.9795485 0.1422758
vn 0.1596293 0.9795485 0.1224879
vn 0.1742515 0.9795485 0.1006041
vn 0.1858922 0.9795485 0.07699908
vn 0.1943523 0.9795485 0.05207654
vn 0.1994869 0.9795485 0.02626294
vn 0 0.9783858 0.206788
vn 0.02699124 0.9783858 0.2050188
vn 0.05352065 0.9783858 0.1997418
vn 0.07913433 0.9783858 0.1910472
vn 0.103394 0.9783858 0.1790836
vn 0.1258845 0.9783858 0.1640559
vn 0.1462212 0.9783858 0.1462212
vn 0.1640559 0.9783858 0.1258845
vn 0.1790836 0.9783858 0.103394
vn 0.1910472 0.9783858 0.07913433
vn 0.1997418 0.9783858 0.05352065
vn 0.2050188 0.9783858 0.02699123
vn 0 0.9732923 0.2295693
vn 0.0299648 0.9732923 0.2276053
vn 0.0594169 0.9732923 0.2217469
vn 0.08785238 0.9732923 0.2120944
vn 0.1147847 0.9732923 0.1988129
vn 0.1397529 0.9732923 0.1821296
vn 0.16233 0.9732923 0.16233
vn 0.1821296 0.9732923 0.1397529
vn 0.1988129 0.9732923 0.1147846
vn 0.2120944 0.9732923 0.08785237
vn 0.2217469 0.9732923 0.05941691
vn 0.2276053 0.9732923 0.02996479
vn 0 0.9615239 0.2747212
vn 0.03585831 0.9615239 0.2723709
vn 0.07110306 0.961524 0.2653603
vn 0.1051313 0.9615239 0.2538093
vn 0.1373606 0.9615239 0.2379155
vn 0.1672397 0.9615239 0.217951
vn 0.1942572 0.9615239 0.1942572
vn 0.217951 0.9615239 0.1672397
vn 0.2379156 0.9615239 0.1373606
vn 0.2538093 0.9615239 0.1051313
vn 0.2653603 0.961524 0.07110307
vn 0.2723709 0.9615239 0.03585829
vn 0 0.9343404 0.3563818
vn 0.04651716 0.9343404 0.3533329
vn 0.09223838 0.9343404 0.3442384
vn 0.1363814 0.9343404 0.3292538
vn 0.1781909 0.9343404 0.3086357
vn 0.2169515 0.9343404 0.2827367
vn 0.252 0.9343404 0.252
vn 0.2827367 0.9343404 0.2169515
vn 0.3086357 0.9343404 0.1781909
vn 0.3292538 0.9343404 0.1363814
vn 0.3442384 0.9343404 0.09223839
vn 0.3533329 0.9343404 0.04651713
vn 0 0.8617964 0.5072542
vn 0.06620997 0.8617964 0.5029146
vn 0.131287 0.8617964 0.48997
vn 0.1941178 0.8617965 0.4686418
vn 0.2536272 0.8617964 0.4392951
vn 0.3087968 0.8617965 0.4024318
vn 0.358683 0.8617964 0.358683
vn 0.4024318 0.8617965 0.3087968
vn 0.4392951 0.8617964 0.2536271
vn 0.4686418 0.8617965 0.1941178
vn 0.48997 0.8617964 0.1312871
vn 0.5029146 0.8617964 0.06620993
vn 0 0.6277854 0.7783865
vn 0.1015998 0.627785 0.7717276
vn 0.2014613 0.627785 0.7518638
vn 0.2978756 0.6277853 0.7191354
vn 0.3891934 0.6277851 0.6741027
vn 0.4738517 0.6277853 0.6175356
vn 0.5504025 0.6277851 0.5504025
vn 0.6175356 0.6277853 0.4738517
vn 0.6741025 0.6277853 0.3891932
vn 0.7191354 0.6277853 0.2978756
vn 0.7518638 0.627785 0.2014613
vn 0.7717276 0.627785 0.1015998
vn 0 0 1
vn 0.1305262 -9.849109e-7 0.9914448
vn 0.258819 -0.000001023838 0.9659258
vn 0.3826835 -9.504036e-8 0.9238795
vn 0.5000001 -8.60318e-7 0.8660254
vn 0.6087614 0 0.7933533
vn 0.7071068 -7.024468e-7 0.7071068
vn 0.7933533 0 0.6087614
vn 0.8660254 0 0.4999999
vn 0.9238795 -9.504036e-8 0.3826835
vn 0.9659258 -0.000001023838 0.258819
vn 0.9914449 -9.84911e-7 0.1305261
vn -0.4527901 0.8896222 0.05961095
vn -0.4411357 0.8896222 0.1182019
vn -0.4219332 0.8896222 0.1747705
vn -0.3955114 0.8896222 0.2283487
vn -0.3623223 0.8896222 0.2780197
vn -0.3229337 0.8896222 0.3229337
vn -0.2780197 0.8896222 0.3623223
vn -0.2283486 0.8896222 0.3955114
vn -0.1747705 0.8896222 0.4219333
vn -0.1182019 0.8896222 0.4411357
vn -0.05961092 0.8896222 0.4527901
vn -0.3163006 0.9477447 0.04164176
vn -0.3081593 0.9477446 0.08257104
vn -0.2947453 0.9477447 0.1220875
vn -0.2762881 0.9477446 0.159515
vn -0.2531035 0.9477446 0.1942132
vn -0.2255882 0.9477446 0.2255882
vn -0.1942132 0.9477446 0.2531035
vn -0.1595149 0.9477447 0.2762881
vn -0.1220875 0.9477446 0.2947453
vn -0.08257105 0.9477446 0.3081593
vn -0.04164174 0.9477447 0.3163006
vn -0.2456142 0.9688282 0.03233572
vn -0.2392923 0.9688282 0.06411818
vn -0.228876 0.9688283 0.09480356
vn -0.2145436 0.9688281 0.1238668
vn -0.1965403 0.9688283 0.1508107
vn -0.1751741 0.9688282 0.1751741
vn -0.1508107 0.9688283 0.1965403
vn -0.1238668 0.9688282 0.2145436
vn -0.09480356 0.9688282 0.228876
vn -0.06411818 0.9688282 0.2392923
vn -0.03233571 0.9688282 0.2456143
vn -0.2112167 0.9770437 0.0278072
vn -0.2057801 0.9770436 0.0551386
vn -0.1968226 0.9770437 0.08152659
vn -0.1844974 0.9770436 0.1065196
vn -0.1690154 0.9770437 0.1296901
vn -0.1506415 0.9770437 0.1506415
vn -0.1296901 0.9770437 0.1690154
vn -0.1065196 0.9770437 0.1844974
vn -0.08152659 0.9770437 0.1968226
vn -0.0551386 0.9770436 0.2057801
vn -0.02780718 0.9770437 0.2112167
vn -0.1994869 0.9795485 0.02626295
vn -0.1943523 0.9795485 0.05207654
vn -0.1858922 0.9795485 0.07699908
vn -0.1742515 0.9795485 0.1006042
vn -0.1596293 0.9795485 0.1224879
vn -0.1422758 0.9795485 0.1422758
vn -0.1224879 0.9795485 0.1596293
vn -0.1006041 0.9795485 0.1742515
vn -0.07699908 0.9795485 0.1858922
vn -0.05207654 0.9795485 0.1943523
vn -0.02626294 0.9795485 0.1994869
vn -0.2050188 0.9783858 0.02699124
vn -0.1997418 0.9783858 0.05352065
vn -0.1910472 0.9783858 0.07913433
vn -0.1790836 0.9783858 0.103394
vn -0.1640559 0.9783858 0.1258845
vn -0.1462212 0.9783858 0.1462212
vn -0.1258845 0.9783858 0.1640559
vn -0.103394 0.9783858 0.1790836
vn -0.07913433 0.9783858 0.1910472
vn -0.05352065 0.9783858 0.1997418
vn -0.02699123 0.9783858 0.2050188
vn -0.2276053 0.9732923 0.0299648
vn -0.2217469 0.9732923 0.0594169
vn -0.2120944 0.9732923 0.08785238
vn -0.1988129 0.9732923 0.1147847
vn -0.1821296 0.9732923 0.1397529
vn -0.16233 0.9732923 0.16233
vn -0.1397529 0.9732923 0.1821296
vn -0.1147846 0.9732923 0.1988129
vn -0.08785237 0.9732923 0.2120944
vn -0.05941691 0.9732923 0.2217469
vn -0.02996479 0.9732923 0.2276053
vn -0.2723709 0.9615239 0.03585831
vn -0.2653603 0.961524 0.07110306
vn -0.2538093 0.9615239 0.1051313
vn -0.2379155 0.9615239 0.1373606
vn -0.217951 0.9615239 0.1672397
vn -0.1942572 0.9615239 0.1942572
vn -0.1672397 0.9615239 0.217951
vn -0.1373606 0.9615239 0.2379156
vn -0.1051313 0.9615239 0.2538093
vn -0.07110307 0.961524 0.2653603
vn -0.03585829 0.9615239 0.2723709
vn -0.3533329 0.9343404 0.04651716
vn -0.3442384 0.9343404 0.09223838
vn -0.3292538 0.9343404 0.1363814
vn -0.3086357 0.9343404 0.1781909
vn -0.2827367 0.9343404 0.2169515
vn -0.252 0.9343404 0.252
vn -0.2169515 0.9343404 0.2827367
vn -0.1781909 0.9343404 0.3086357
vn -0.1363814 0.9343404 0.3292538
vn -0.09223839 0.9343404 0.3442384
vn -0.04651713 0.9343404 0.3533329
vn -0.5029146 0.8617964 0.06620997
vn -0.48997 0.8617964 0.131287
vn -0.4686418 0.8617965 0.1941178
vn -0.4392951 0.8617964 0.2536272
vn -0.4024318 0.8617965 0.3087968
vn -0.358683 0.8617964 0.358683
vn -0.3087968 0.8617965 0.4024318
vn -0.2536271 0.8617964 0.4392951
vn -0.1941178 0.8617965 0.4686418
vn -0.1312871 0.8617964 0.48997
vn -0.06620993 0.8617964 0.5029146
vn -0.7717276 0.627785 0.1015998
vn -0.7518638 0.627785 0.2014613
vn -0.7191354 0.6277853 0.2978756
vn -0.6741027 0.6277851 0.3891934
vn -0.6175356 0.6277853 0.4738517
vn -0.5504025 0.6277851 0.5504025
vn -0.4738517 0.6277853 0.6175356
vn -0.3891932 0.6277853 0.6741025
vn -0.2978756 0.6277853 0.7191354
vn -0.2014613 0.627785 0.7518638
vn -0.1015998 0.627785 0.7717276
vn -0.9914448 -9.849109e-7 0.1305262
vn -0.9659258 -0.000001023838 0.258819
vn -0.9238795 -9.504036e-8 0.3826835
vn -0.8660254 -8.60318e-7 0.5000001
vn -0.7933533 0 0.6087614
vn -0.7071068 -7.024468e-7 0.7071068
vn -0.6087614 0 0.7933533
vn -0.4999999 0 0.8660254
vn -0.3826835 -9.504036e-8 0.9238795
vn -0.258819 -0.000001023838 0.9659258
vn -0.1305261 -9.84911e-7 0.9914449
vn 0.9417421 -0.3363358 0
vn 0.9336856 -0.3363351 0.122922
vn 0.9096531 -0.3363357 0.2437408
vn 0.8700563 -0.3363354 0.3603892
vn 0.8155726 -0.3363357 0.4708711
vn 0.7471344 -0.3363352 0.5732964
vn 0.6659124 -0.3363349 0.6659124
vn 0.5732964 -0.3363352 0.7471344
vn 0.4708711 -0.3363355 0.8155727
vn 0.3603892 -0.3363352 0.8700565
vn 0.2437408 -0.3363356 0.9096531
vn 0.122922 -0.3363351 0.9336856
vn -4.116485e-8 -0.3363358 0.9417421
vn 0.9719102 -0.235352 0
vn 0.9635954 -0.2353513 0.1268597
vn 0.9387932 -0.2353517 0.2515488
vn 0.8979281 -0.2353514 0.371934
vn 0.8416989 -0.2353518 0.4859551
vn 0.7710682 -0.2353516 0.5916615
vn 0.6872445 -0.2353513 0.6872445
vn 0.5916615 -0.2353516 0.7710682
vn 0.4859551 -0.2353518 0.8416991
vn 0.371934 -0.2353513 0.8979281
vn 0.2515489 -0.2353517 0.9387932
vn 0.1268597 -0.2353513 0.9635956
vn -4.248353e-8 -0.235352 0.9719102
vn 0.9966457 -0.08183593 0
vn 0.9881194 -0.08183555 0.1300884
vn 0.9626861 -0.08183564 0.2579509
vn 0.9207807 -0.08183531 0.3813998
vn 0.8631207 -0.08183564 0.4983229
vn 0.7906922 -0.08183596 0.6067195
vn 0.704735 -0.08183562 0.704735
vn 0.6067195 -0.08183596 0.7906922
vn 0.4983229 -0.08183613 0.8631206
vn 0.3813998 -0.08183525 0.9207807
vn 0.2579509 -0.08183562 0.9626859
vn 0.1300883 -0.08183554 0.9881194
vn -4.356477e-8 -0.08183593 0.9966457
vn 0.9895641 0.1440938 0
vn 0.9810981 0.1440938 0.129164
vn 0.9558454 0.1440943 0.256118
vn 0.9142379 0.1440943 0.3786897
vn 0.8569875 0.1440941 0.494782
vn 0.7850739 0.1440933 0.6024085
vn 0.6997274 0.1440936 0.6997274
vn 0.6024085 0.1440933 0.7850739
vn 0.494782 0.1440934 0.8569877
vn 0.3786897 0.1440943 0.9142379
vn 0.256118 0.1440943 0.9558454
vn 0.129164 0.1440938 0.9810981
vn -4.325522e-8 0.1440938 0.9895641
vn 0.8872711 0.4612482 0
vn 0.8796805 0.4612481 0.1158121
vn 0.8570376 0.4612492 0.2296425
vn 0.8197315 0.4612484 0.3395439
vn 0.7683992 0.4612485 0.4436355
vn 0.7039198 0.4612475 0.5401366
vn 0.6273957 0.4612475 0.6273957
vn 0.5401366 0.4612475 0.7039198
vn 0.4436356 0.461248 0.7683995
vn 0.3395439 0.4612485 0.8197315
vn 0.2296426 0.4612492 0.8570376
vn 0.1158121 0.461248 0.8796805
vn -3.878385e-8 0.4612482 0.8872711
vn 0.5707458 0.8211268 0
vn 0.565863 0.8211268 0.07449726
vn 0.5512966 0.8211278 0.1477195
vn 0.5273005 0.8211267 0.2184151
vn 0.4942803 0.8211268 0.2853729
vn 0.4528036 0.8211263 0.3474485
vn 0.4035788 0.8211262 0.4035788
vn 0.3474485 0.8211263 0.4528036
vn 0.2853728 0.8211269 0.4942802
vn 0.218415 0.8211267 0.5273005
vn 0.1477195 0.8211278 0.5512967
vn 0.07449722 0.8211268 0.565863
vn -2.494809e-8 0.8211268 0.5707458
vn 0.03372478 0.9994312 0
vn 0.03343543 0.9994312 0.004401857
vn 0.03257392 0.9994313 0.008728154
vn 0.03115766 0.9994312 0.01290593
vn 0.02920652 0.9994312 0.01686239
vn 0.0267557 0.9994312 0.02053037
vn 0.02384706 0.9994311 0.02384706
vn 0.02053037 0.9994312 0.0267557
vn 0.01686196 0.9994312 0.02920577
vn 0.01290592 0.9994312 0.03115766
vn 0.008728156 0.9994313 0.03257392
vn 0.004401855 0.9994312 0.03343543
vn -1.474157e-9 0.9994312 0.03372478
vn -0.4328245 0.9014783 0
vn -0.4291221 0.901478 -0.056495
vn -0.4180768 0.9014781 -0.1120233
vn -0.399878 0.901478 -0.1656349
vn -0.374837 0.9014782 -0.2164122
vn -0.343383 0.9014781 -0.263487
vn -0.3060535 0.9014781 -0.3060535
vn -0.263487 0.9014781 -0.343383
vn -0.2164124 0.9014781 -0.3748373
vn -0.1656349 0.901478 -0.3998779
vn -0.1120234 0.9014781 -0.4180768
vn -0.05649497 0.9014779 -0.4291221
vn 1.891936e-8 0.9014783 -0.4328245
vn -0.6991698 0.7149556 0
vn -0.6931883 0.7149557 -0.09125996
vn -0.6753458 0.7149559 -0.1809584
vn -0.6459491 0.7149553 -0.2675609
vn -0.6054989 0.7149557 -0.3495849
vn -0.5546888 0.7149554 -0.4256277
vn -0.4943879 0.7149553 -0.4943879
vn -0.4256277 0.7149554 -0.5546888
vn -0.3495848 0.7149559 -0.6054987
vn -0.2675609 0.7149553 -0.6459491
vn -0.1809584 0.7149559 -0.6753459
vn -0.09125991 0.7149557 -0.6931883
vn 3.056168e-8 0.7149556 -0.6991698
vn -0.8340962 0.5516191 0
vn -0.82696 0.5516196 -0.1088713
vn -0.8056746 0.5516198 -0.2158799
vn -0.7706047 0.5516186 -0.3191949
vn -0.7223486 0.551619 -0.4170482
vn -0.661733 0.551619 -0.5077657
vn -0.5897951 0.5516189 -0.5897951
vn -0.5077657 0.551619 -0.661733
vn -0.4170479 0.5516196 -0.7223482
vn -0.3191949 0.5516186 -0.7706047
vn -0.2158799 0.5516198 -0.8056746
vn -0.1088713 0.5516196 -0.82696
vn 3.64595e-8 0.5516191 -0.8340962
vn -0.9008203 0.4341921 0
vn -0.8931132 0.434193 -0.1175806
vn -0.8701252 0.434193 -0.2331493
vn -0.8322496 0.4341916 -0.3447291
vn -0.7801333 0.4341921 -0.4504102
vn -0.7146688 0.4341923 -0.5483846
vn -0.6369761 0.4341922 -0.6369761
vn -0.5483846 0.4341923 -0.7146688
vn -0.4504099 0.4341928 -0.7801329
vn -0.3447291 0.4341916 -0.8322496
vn -0.2331493 0.434193 -0.8701251
vn -0.1175805 0.434193 -0.8931132
vn 3.93761e-8 0.4341921 -0.9008203
vn -0.9317762 0.3630332 0
vn -0.9238043 0.3630343 -0.1216211
vn -0.9000264 0.363034 -0.2411613
vn -0.8608491 0.3630327 -0.3565754
vn -0.8069419 0.363033 -0.4658882
vn -0.7392277 0.3630334 -0.5672294
vn -0.6588652 0.3630333 -0.6588652
vn -0.5672294 0.3630334 -0.7392277
vn -0.4658879 0.363034 -0.8069416
vn -0.3565754 0.3630327 -0.8608491
vn -0.2411613 0.363034 -0.9000264
vn -0.1216211 0.3630343 -0.9238043
vn 4.072923e-8 0.3630332 -0.9317762
vn -0.9417424 0.3363349 0
vn -0.9336853 0.3363361 -0.122922
vn -0.9096531 0.3363356 -0.2437408
vn -0.8700567 0.3363344 -0.3603894
vn -0.815573 0.3363347 -0.4708713
vn -0.7471344 0.3363352 -0.5732964
vn -0.6659124 0.3363349 -0.6659124
vn -0.5732964 0.3363352 -0.7471344
vn -0.470871 0.3363357 -0.8155726
vn -0.3603894 0.3363344 -0.8700567
vn -0.2437408 0.3363356 -0.9096531
vn -0.1229219 0.3363361 -0.9336853
vn 4.116486e-8 0.3363349 -0.9417424
vn -0.122922 -0.3363351 0.9336856
vn -0.2437408 -0.3363357 0.9096531
vn -0.3603892 -0.3363354 0.8700563
vn -0.4708711 -0.3363357 0.8155726
vn -0.5732964 -0.3363352 0.7471344
vn -0.6659124 -0.3363349 0.6659124
vn -0.7471344 -0.3363352 0.5732964
vn -0.8155727 -0.3363355 0.4708711
vn -0.8700565 -0.3363352 0.3603892
vn -0.9096531 -0.3363356 0.2437408
vn -0.9336856 -0.3363351 0.122922
vn -0.9417421 -0.3363358 -4.116485e-8
vn -0.1268597 -0.2353513 0.9635954
vn -0.2515488 -0.2353517 0.9387932
vn -0.371934 -0.2353514 0.8979281
vn -0.4859551 -0.2353518 0.8416989
vn -0.5916615 -0.2353516 0.7710682
vn -0.6872445 -0.2353513 0.6872445
vn -0.7710682 -0.2353516 0.5916615
vn -0.8416991 -0.2353518 0.4859551
vn -0.8979281 -0.2353513 0.371934
vn -0.9387932 -0.2353517 0.2515489
vn -0.9635956 -0.2353513 0.1268597
vn -0.9719102 -0.235352 -4.248353e-8
vn -0.1300884 -0.08183555 0.9881194
vn -0.2579509 -0.08183564 0.9626861
vn -0.3813998 -0.08183531 0.9207807
vn -0.4983229 -0.08183564 0.8631207
vn -0.6067195 -0.08183596 0.7906922
vn -0.704735 -0.08183562 0.704735
vn -0.7906922 -0.08183596 0.6067195
vn -0.8631206 -0.08183613 0.4983229
vn -0.9207807 -0.08183525 0.3813998
vn -0.9626859 -0.08183562 0.2579509
vn -0.9881194 -0.08183554 0.1300883
vn -0.9966457 -0.08183593 -4.356477e-8
vn -0.129164 0.1440938 0.9810981
vn -0.256118 0.1440943 0.9558454
vn -0.3786897 0.1440943 0.9142379
vn -0.494782 0.1440941 0.8569875
vn -0.6024085 0.1440933 0.7850739
vn -0.6997274 0.1440936 0.6997274
vn -0.7850739 0.1440933 0.6024085
vn -0.8569877 0.1440934 0.494782
vn -0.9142379 0.1440943 0.3786897
vn -0.9558454 0.1440943 0.256118
vn -0.9810981 0.1440938 0.129164
vn -0.9895641 0.1440938 -4.325522e-8
vn -0.1158121 0.4612481 0.8796805
vn -0.2296425 0.4612492 0.8570376
vn -0.3395439 0.4612484 0.8197315
vn -0.4436355 0.4612485 0.7683992
vn -0.5401366 0.4612475 0.7039198
vn -0.6273957 0.4612475 0.6273957
vn -0.7039198 0.4612475 0.5401366
vn -0.7683995 0.461248 0.4436356
vn -0.8197315 0.4612485 0.3395439
vn -0.8570376 0.4612492 0.2296426
vn -0.8796805 0.461248 0.1158121
vn -0.8872711 0.4612482 -3.878385e-8
vn -0.07449726 0.8211268 0.565863
vn -0.1477195 0.8211278 0.5512966
vn -0.2184151 0.8211267 0.5273005
vn -0.2853729 0.8211268 0.4942803
vn -0.3474485 0.8211263 0.4528036
vn -0.4035788 0.8211262 0.4035788
vn -0.4528036 0.8211263 0.3474485
vn -0.4942802 0.8211269 0.2853728
vn -0.5273005 0.8211267 0.218415
vn -0.5512967 0.8211278 0.1477195
vn -0.565863 0.8211268 0.07449722
vn -0.5707458 0.8211268 -2.494809e-8
vn -0.004401857 0.9994312 0.03343543
vn -0.008728154 0.9994313 0.03257392
vn -0.01290593 0.9994312 0.03115766
vn -0.01686239 0.9994312 0.02920652
vn -0.02053037 0.9994312 0.0267557
vn -0.02384706 0.9994311 0.02384706
vn -0.0267557 0.9994312 0.02053037
vn -0.02920577 0.9994312 0.01686196
vn -0.03115766 0.9994312 0.01290592
vn -0.03257392 0.9994313 0.008728156
vn -0.03343543 0.9994312 0.004401855
vn -0.03372478 0.9994312 -1.474157e-9
vn 0.056495 0.901478 -0.4291221
vn 0.1120233 0.9014781 -0.4180768
vn 0.1656349 0.901478 -0.399878
vn 0.2164122 0.9014782 -0.374837
vn 0.263487 0.9014781 -0.343383
vn 0.3060535 0.9014781 -0.3060535
vn 0.343383 0.9014781 -0.263487
vn 0.3748373 0.9014781 -0.2164124
vn 0.3998779 0.901478 -0.1656349
vn 0.4180768 0.9014781 -0.1120234
vn 0.4291221 0.9014779 -0.05649497
vn 0.4328245 0.9014783 1.891936e-8
vn 0.09125996 0.7149557 -0.6931883
vn 0.1809584 0.7149559 -0.6753458
vn 0.2675609 0.7149553 -0.6459491
vn 0.3495849 0.7149557 -0.6054989
vn 0.4256277 0.7149554 -0.5546888
vn 0.4943879 0.7149553 -0.4943879
vn 0.5546888 0.7149554 -0.4256277
vn 0.6054987 0.7149559 -0.3495848
vn 0.6459491 0.7149553 -0.2675609
vn 0.6753459 0.7149559 -0.1809584
vn 0.6931883 0.7149557 -0.09125991
vn 0.6991698 0.7149556 3.056168e-8
vn 0.1088713 0.5516196 -0.82696
vn 0.2158799 0.5516198 -0.8056746
vn 0.3191949 0.5516186 -0.7706047
vn 0.4170482 0.551619 -0.7223486
vn 0.5077657 0.551619 -0.661733
vn 0.5897951 0.5516189 -0.5897951
vn 0.661733 0.551619 -0.5077657
vn 0.7223482 0.5516196 -0.4170479
vn 0.7706047 0.5516186 -0.3191949
vn 0.8056746 0.5516198 -0.2158799
vn 0.82696 0.5516196 -0.1088713
vn 0.8340962 0.5516191 3.64595e-8
vn 0.1175806 0.434193 -0.8931132
vn 0.2331493 0.434193 -0.8701252
vn 0.3447291 0.4341916 -0.8322496
vn 0.4504102 0.4341921 -0.7801333
vn 0.5483846 0.4341923 -0.7146688
vn 0.6369761 0.4341922 -0.6369761
vn 0.7146688 0.4341923 -0.5483846
vn 0.7801329 0.4341928 -0.4504099
vn 0.8322496 0.4341916 -0.3447291
vn 0.8701251 0.434193 -0.2331493
vn 0.8931132 0.434193 -0.1175805
vn 0.9008203 0.4341921 3.93761e-8
vn 0.1216211 0.3630343 -0.9238043
vn 0.2411613 0.363034 -0.9000264
vn 0.3565754 0.3630327 -0.8608491
vn 0.4658882 0.363033 -0.8069419
vn 0.5672294 0.3630334 -0.7392277
vn 0.6588652 0.3630333 -0.6588652
vn 0.7392277 0.3630334 -0.5672294
vn 0.8069416 0.363034 -0.4658879
vn 0.8608491 0.3630327 -0.3565754
vn 0.9000264 0.363034 -0.2411613
vn 0.9238043 0.3630343 -0.1216211
vn 0.9317762 0.3630332 4.072923e-8
vn 0.122922 0.3363361 -0.9336853
vn 0.2437408 0.3363356 -0.9096531
vn 0.3603894 0.3363344 -0.8700567
vn 0.4708713 0.3363347 -0.815573
vn 0.5732964 0.3363352 -0.7471344
vn 0.6659124 0.3363349 -0.6659124
vn 0.7471344 0.3363352 -0.5732964
vn 0.8155726 0.3363357 -0.470871
vn 0.8700567 0.3363344 -0.3603894
vn 0.9096531 0.3363356 -0.2437408
vn 0.9336853 0.3363361 -0.1229219
vn 0.9417424 0.3363349 4.116486e-8
vn 0 -0.3363358 -0.9417421
vn -0.122922 -0.3363351 -0.9336856
vn -0.2437408 -0.3363357 -0.9096531
vn -0.3603892 -0.3363354 -0.8700563
vn -0.4708711 -0.3363357 -0.8155726
vn -0.5732964 -0.3363352 -0.7471344
vn -0.6659124 -0.3363349 -0.6659124
vn -0.7471344 -0.3363352 -0.5732964
vn -0.8155727 -0.3363355 -0.4708711
vn -0.8700565 -0.3363352 -0.3603892
vn -0.9096531 -0.3363356 -0.2437408
vn -0.9336856 -0.3363351 -0.122922
vn 0 -0.235352 -0.9719102
vn -0.1268597 -0.2353513 -0.9635954
vn -0.2515488 -0.2353517 -0.9387932
vn -0.371934 -0.2353514 -0.8979281
vn -0.4859551 -0.2353518 -0.8416989
vn -0.5916615 -0.2353516 -0.7710682
vn -0.6872445 -0.2353513 -0.6872445
vn -0.7710682 -0.2353516 -0.5916615
vn -0.8416991 -0.2353518 -0.4859551
vn -0.8979281 -0.2353513 -0.371934
vn -0.9387932 -0.2353517 -0.2515489
vn -0.9635956 -0.2353513 -0.1268597
vn 0 -0.08183593 -0.9966457
vn -0.1300884 -0.08183555 -0.9881194
vn -0.2579509 -0.08183564 -0.9626861
vn -0.3813998 -0.08183531 -0.9207807
vn -0.4983229 -0.08183564 -0.8631207
vn -0.6067195 -0.08183596 -0.7906922
vn -0.704735 -0.08183562 -0.704735
vn -0.7906922 -0.08183596 -0.6067195
vn -0.8631206 -0.08183613 -0.4983229
vn -0.9207807 -0.08183525 -0.3813998
vn -0.9626859 -0.08183562 -0.2579509
vn -0.9881194 -0.08183554 -0.1300883
vn 0 0.1440938 -0.9895641
vn -0.129164 0.1440938 -0.9810981
vn -0.256118 0.1440943 -0.9558454
vn -0.3786897 0.1440943 -0.9142379
vn -0.494782 0.1440941 -0.8569875
vn -0.6024085 0.1440933 -0.7850739
vn -0.6997274 0.1440936 -0.6997274
vn -0.7850739 0.1440933 -0.6024085
vn -0.8569877 0.1440934 -0.494782
vn -0.9142379 0.1440943 -0.3786897
vn -0.9558454 0.1440943 -0.256118
vn -0.9810981 0.1440938 -0.129164
vn 0 0.4612482 -0.8872711
vn -0.1158121 0.4612481 -0.8796805
vn -0.2296425 0.4612492 -0.8570376
vn -0.3395439 0.4612484 -0.8197315
vn -0.4436355 0.4612485 -0.7683992
vn -0.5401366 0.4612475 -0.7039198
vn -0.6273957 0.4612475 -0.6273957
vn -0.7039198 0.4612475 -0.5401366
vn -0.7683995 0.461248 -0.4436356
vn -0.8197315 0.4612485 -0.3395439
vn -0.8570376 0.4612492 -0.2296426
vn -0.8796805 0.461248 -0.1158121
vn 0 0.8211268 -0.5707458
vn -0.07449726 0.8211268 -0.565863
vn -0.1477195 0.8211278 -0.5512966
vn -0.2184151 0.8211267 -0.5273005
vn -0.2853729 0.8211268 -0.4942803
vn -0.3474485 0.8211263 -0.4528036
vn -0.4035788 0.8211262 -0.4035788
vn -0.4528036 0.8211263 -0.3474485
vn -0.4942802 0.8211269 -0.2853728
vn -0.5273005 0.8211267 -0.218415
vn -0.5512967 0.8211278 -0.1477195
vn -0.565863 0.8211268 -0.07449722
vn 0 0.9994312 -0.03372478
vn -0.004401857 0.9994312 -0.03343543
vn -0.008728154 0.9994313 -0.03257392
vn -0.01290593 0.9994312 -0.03115766
vn -0.01686239 0.9994312 -0.02920652
vn -0.02053037 0.9994312 -0.0267557
vn -0.02384706 0.9994311 -0.02384706
vn -0.0267557 0.9994312 -0.02053037
vn -0.02920577 0.9994312 -0.01686196
vn -0.03115766 0.9994312 -0.01290592
vn -0.03257392 0.9994313 -0.008728156
vn -0.03343543 0.9994312 -0.004401855
vn 0 0.9014783 0.4328245
vn 0.056495 0.901478 0.4291221
vn 0.1120233 0.9014781 0.4180768
vn 0.1656349 0.901478 0.399878
vn 0.2164122 0.9014782 0.374837
vn 0.263487 0.9014781 0.343383
vn 0.3060535 0.9014781 0.3060535
vn 0.343383 0.9014781 0.263487
vn 0.3748373 0.9014781 0.2164124
vn 0.3998779 0.901478 0.1656349
vn 0.4180768 0.9014781 0.1120234
vn 0.4291221 0.9014779 0.05649497
vn 0 0.7149556 0.6991698
vn 0.09125996 0.7149557 0.6931883
vn 0.1809584 0.7149559 0.6753458
vn 0.2675609 0.7149553 0.6459491
vn 0.3495849 0.7149557 0.6054989
vn 0.4256277 0.7149554 0.5546888
vn 0.4943879 0.7149553 0.4943879
vn 0.5546888 0.7149554 0.4256277
vn 0.6054987 0.7149559 0.3495848
vn 0.6459491 0.7149553 0.2675609
vn 0.6753459 0.7149559 0.1809584
vn 0.6931883 0.7149557 0.09125991
vn 0 0.5516191 0.8340962
vn 0.1088713 0.5516196 0.82696
vn 0.2158799 0.5516198 0.8056746
vn 0.3191949 0.5516186 0.7706047
vn 0.4170482 0.551619 0.7223486
vn 0.5077657 0.551619 0.661733
vn 0.5897951 0.5516189 0.5897951
vn 0.661733 0.551619 0.5077657
vn 0.7223482 0.5516196 0.4170479
vn 0.7706047 0.5516186 0.3191949
vn 0.8056746 0.5516198 0.2158799
vn 0.82696 0.5516196 0.1088713
vn 0 0.4341921 0.9008203
vn 0.1175806 0.434193 0.8931132
vn 0.2331493 0.434193 0.8701252
vn 0.3447291 0.4341916 0.8322496
vn 0.4504102 0.4341921 0.7801333
vn 0.5483846 0.4341923 0.7146688
vn 0.6369761 0.4341922 0.6369761
vn 0.7146688 0.4341923 0.5483846
vn 0.7801329 0.4341928 0.4504099
vn 0.8322496 0.4341916 0.3447291
vn 0.8701251 0.434193 0.2331493
vn 0.8931132 0.434193 0.1175805
vn 0 0.3630332 0.9317762
vn 0.1216211 0.3630343 0.9238043
vn 0.2411613 0.363034 0.9000264
vn 0.3565754 0.3630327 0.8608491
vn 0.4658882 0.363033 0.8069419
vn 0.5672294 0.3630334 0.7392277
vn 0.6588652 0.3630333 0.6588652
vn 0.7392277 0.3630334 0.5672294
vn 0.8069416 0.363034 0.4658879
vn 0.8608491 0.3630327 0.3565754
vn 0.9000264 0.363034 0.2411613
vn 0.9238043 0.3630343 0.1216211
vn 0 0.3363349 0.9417424
vn 0.122922 0.3363361 0.9336853
vn 0.2437408 0.3363356 0.9096531
vn 0.3603894 0.3363344 0.8700567
vn 0.4708713 0.3363347 0.815573
vn 0.5732964 0.3363352 0.7471344
vn 0.6659124 0.3363349 0.6659124
vn 0.7471344 0.3363352 0.5732964
vn 0.8155726 0.3363357 0.470871
vn 0.8700567 0.3363344 0.3603894
vn 0.9096531 0.3363356 0.2437408
vn 0.9336853 0.3363361 0.1229219
vn 0.9336856 -0.3363351 -0.122922
vn 0.9096531 -0.3363357 -0.2437408
vn 0.8700563 -0.3363354 -0.3603892
vn 0.8155726 -0.3363357 -0.4708711
vn 0.7471344 -0.3363352 -0.5732964
vn 0.6659124 -0.3363349 -0.6659124
vn 0.5732964 -0.3363352 -0.7471344
vn 0.4708711 -0.3363355 -0.8155727
vn 0.3603892 -0.3363352 -0.8700565
vn 0.2437408 -0.3363356 -0.9096531
vn 0.122922 -0.3363351 -0.9336856
vn 0.9635954 -0.2353513 -0.1268597
vn 0.9387932 -0.2353517 -0.2515488
vn 0.8979281 -0.2353514 -0.371934
vn 0.8416989 -0.2353518 -0.4859551
vn 0.7710682 -0.2353516 -0.5916615
vn 0.6872445 -0.2353513 -0.6872445
vn 0.5916615 -0.2353516 -0.7710682
vn 0.4859551 -0.2353518 -0.8416991
vn 0.371934 -0.2353513 -0.8979281
vn 0.2515489 -0.2353517 -0.9387932
vn 0.1268597 -0.2353513 -0.9635956
vn 0.9881194 -0.08183555 -0.1300884
vn 0.9626861 -0.08183564 -0.2579509
vn 0.9207807 -0.08183531 -0.3813998
vn 0.8631207 -0.08183564 -0.4983229
vn 0.7906922 -0.08183596 -0.6067195
vn 0.704735 -0.08183562 -0.704735
vn 0.6067195 -0.08183596 -0.7906922
vn 0.4983229 -0.08183613 -0.8631206
vn 0.3813998 -0.08183525 -0.9207807
vn 0.2579509 -0.08183562 -0.9626859
vn 0.1300883 -0.08183554 -0.9881194
vn 0.9810981 0.1440938 -0.129164
vn 0.9558454 0.1440943 -0.256118
vn 0.9142379 0.1440943 -0.3786897
vn 0.8569875 0.1440941 -0.494782
vn 0.7850739 0.1440933 -0.6024085
vn 0.6997274 0.1440936 -0.6997274
vn 0.6024085 0.1440933 -0.7850739
vn 0.494782 0.1440934 -0.8569877
vn 0.3786897 0.1440943 -0.9142379
vn 0.256118 0.1440943 -0.9558454
vn 0.129164 0.1440938 -0.9810981
vn 0.8796805 0.4612481 -0.1158121
vn 0.8570376 0.4612492 -0.2296425
vn 0.8197315 0.4612484 -0.3395439
vn 0.7683992 0.4612485 -0.4436355
vn 0.7039198 0.4612475 -0.5401366
vn 0.6273957 0.4612475 -0.6273957
vn 0.5401366 0.4612475 -0.7039198
vn 0.4436356 0.461248 -0.7683995
vn 0.3395439 0.4612485 -0.8197315
vn 0.2296426 0.4612492 -0.8570376
vn 0.1158121 0.461248 -0.8796805
vn 0.565863 0.8211268 -0.07449726
vn 0.5512966 0.8211278 -0.1477195
vn 0.5273005 0.8211267 -0.2184151
vn 0.4942803 0.8211268 -0.2853729
vn 0.4528036 0.8211263 -0.3474485
vn 0.4035788 0.8211262 -0.4035788
vn 0.3474485 0.8211263 -0.4528036
vn 0.2853728 0.8211269 -0.4942802
vn 0.218415 0.8211267 -0.5273005
vn 0.1477195 0.8211278 -0.5512967
vn 0.07449722 0.8211268 -0.565863
vn 0.03343543 0.9994312 -0.004401857
vn 0.03257392 0.9994313 -0.008728154
vn 0.03115766 0.9994312 -0.01290593
vn 0.02920652 0.9994312 -0.01686239
vn 0.0267557 0.9994312 -0.02053037
vn 0.02384706 0.9994311 -0.02384706
vn 0.02053037 0.9994312 -0.0267557
vn 0.01686196 0.9994312 -0.02920577
vn 0.01290592 0.9994312 -0.03115766
vn 0.008728156 0.9994313 -0.03257392
vn 0.004401855 0.9994312 -0.03343543
vn -0.4291221 0.901478 0.056495
vn -0.4180768 0.9014781 0.1120233
vn -0.399878 0.901478 0.1656349
vn -0.374837 0.9014782 0.2164122
vn -0.343383 0.9014781 0.263487
vn -0.3060535 0.9014781 0.3060535
vn -0.263487 0.9014781 0.343383
vn -0.2164124 0.9014781 0.3748373
vn -0.1656349 0.901478 0.3998779
vn -0.1120234 0.9014781 0.4180768
vn -0.05649497 0.9014779 0.4291221
vn -0.6931883 0.7149557 0.09125996
vn -0.6753458 0.7149559 0.1809584
vn -0.6459491 0.7149553 0.2675609
vn -0.6054989 0.7149557 0.3495849
vn -0.5546888 0.7149554 0.4256277
vn -0.4943879 0.7149553 0.4943879
vn -0.4256277 0.7149554 0.5546888
vn -0.3495848 0.7149559 0.6054987
vn -0.2675609 0.7149553 0.6459491
vn -0.1809584 0.7149559 0.6753459
vn -0.09125991 0.7149557 0.6931883
vn -0.82696 0.5516196 0.1088713
vn -0.8056746 0.5516198 0.2158799
vn -0.7706047 0.5516186 0.3191949
vn -0.7223486 0.551619 0.4170482
vn -0.661733 0.551619 0.5077657
vn -0.5897951 0.5516189 0.5897951
vn -0.5077657 0.551619 0.661733
vn -0.4170479 0.5516196 0.7223482
vn -0.3191949 0.5516186 0.7706047
vn -0.2158799 0.5516198 0.8056746
vn -0.1088713 0.5516196 0.82696
vn -0.8931132 0.434193 0.1175806
vn -0.8701252 0.434193 0.2331493
vn -0.8322496 0.4341916 0.3447291
vn -0.7801333 0.4341921 0.4504102
vn -0.7146688 0.4341923 0.5483846
vn -0.6369761 0.4341922 0.6369761
vn -0.5483846 0.4341923 0.7146688
vn -0.4504099 0.4341928 0.7801329
vn -0.3447291 0.4341916 0.8322496
vn -0.2331493 0.434193 0.8701251
vn -0.1175805 0.434193 0.8931132
vn -0.9238043 0.3630343 0.1216211
vn -0.9000264 0.363034 0.2411613
vn -0.8608491 0.3630327 0.3565754
vn -0.8069419 0.363033 0.4658882
vn -0.7392277 0.3630334 0.5672294
vn -0.6588652 0.3630333 0.6588652
vn -0.5672294 0.3630334 0.7392277
vn -0.4658879 0.363034 0.8069416
vn -0.3565754 0.3630327 0.8608491
vn -0.2411613 0.363034 0.9000264
vn -0.1216211 0.3630343 0.9238043
vn -0.9336853 0.3363361 0.122922
vn -0.9096531 0.3363356 0.2437408
vn -0.8700567 0.3363344 0.3603894
vn -0.815573 0.3363347 0.4708713
vn -0.7471344 0.3363352 0.5732964
vn -0.6659124 0.3363349 0.6659124
vn -0.5732964 0.3363352 0.7471344
vn -0.470871 0.3363357 0.8155726
vn -0.3603894 0.3363344 0.8700567
vn -0.2437408 0.3363356 0.9096531
vn -0.1229219 0.3363361 0.9336853
vn -0.9152772 0.3195642 -0.2452478
vn -0.8754355 0.3195643 -0.3626173
vn -0.8206151 0.3195642 -0.4737823
vn -0.7517535 0.3195643 -0.5768408
vn -0.6700293 0.3195642 -0.6700293
vn -0.5768408 0.3195643 -0.7517535
vn -0.4737823 0.3195641 -0.8206151
vn -0.3626173 0.3195642 -0.8754356
vn -0.2452478 0.3195641 -0.9152771
vn -0.1236819 0.3195641 -0.9394582
vn 4.141936e-8 0.3195643 -0.9475646
vn -0.9195454 0.3061496 -0.2463914
vn -0.879518 0.3061497 -0.3643083
vn -0.8244419 0.3061496 -0.4759917
vn -0.7552592 0.3061497 -0.5795307
vn -0.6731539 0.3061496 -0.6731539
vn -0.5795307 0.3061497 -0.7552592
vn -0.4759917 0.3061497 -0.8244418
vn -0.3643083 0.3061496 -0.879518
vn -0.2463915 0.3061496 -0.9195454
vn -0.1242587 0.3061496 -0.9438391
vn 4.161252e-8 0.3061497 -0.9519834
vn -0.9228802 0.2951985 -0.247285
vn -0.8827077 0.2951985 -0.3656295
vn -0.8274318 0.2951984 -0.477718
vn -0.7579982 0.2951986 -0.5816326
vn -0.6755953 0.2951984 -0.6755953
vn -0.5816326 0.2951986 -0.7579982
vn -0.4777179 0.2951986 -0.8274319
vn -0.3656295 0.2951985 -0.8827077
vn -0.2472851 0.2951985 -0.9228802
vn -0.1247093 0.2951984 -0.947262
vn 4.176343e-8 0.2951986 -0.9554359
vn -0.958342 0.2856233 0
vn -0.9501432 0.2856233 -0.1250887
vn -0.9256873 0.2856233 -0.2480371
vn -0.8853925 0.2856233 -0.3667417
vn -0.8299485 0.2856233 -0.479171
vn -0.7603038 0.2856233 -0.5834017
vn -0.6776501 0.2856231 -0.6776501
vn -0.5834017 0.2856233 -0.7603038
vn -0.4791709 0.2856233 -0.8299485
vn -0.3667416 0.2856233 -0.8853925
vn -0.2480372 0.2856233 -0.9256873
vn -0.1250887 0.2856233 -0.9501433
vn 4.189045e-8 0.2856233 -0.958342
vn -0.9611359 0.2760756 0
vn -0.9529133 0.2760756 -0.1254534
vn -0.9283861 0.2760756 -0.2487603
vn -0.8879738 0.2760756 -0.3678108
vn -0.8323682 0.2760756 -0.480568
vn -0.7625204 0.2760755 -0.5851025
vn -0.6796257 0.2760755 -0.6796257
vn -0.5851025 0.2760755 -0.7625204
vn -0.480568 0.2760757 -0.8323681
vn -0.3678108 0.2760756 -0.8879738
vn -0.2487603 0.2760756 -0.9283861
vn -0.1254534 0.2760756 -0.9529133
vn 4.201258e-8 0.2760756 -0.9611359
vn -0.9642816 0.2648792 0
vn -0.956032 0.2648792 -0.125864
vn -0.9314245 0.2648792 -0.2495744
vn -0.89088 0.2648792 -0.3690146
vn -0.8350924 0.2648792 -0.4821408
vn -0.765016 0.2648791 -0.5870174
vn -0.6818501 0.2648792 -0.6818501
vn -0.5870174 0.2648791 -0.765016
vn -0.4821407 0.2648792 -0.8350924
vn -0.3690146 0.2648792 -0.89088
vn -0.2495744 0.2648792 -0.9314245
vn -0.1258639 0.2648792 -0.956032
vn 4.215009e-8 0.2648792 -0.9642816
vn -0.9682587 0.2499504 0
vn -0.9599751 0.2499505 -0.1263831
vn -0.935266 0.2499505 -0.2506038
vn -0.8945543 0.2499505 -0.3705365
vn -0.8385366 0.2499505 -0.4841293
vn -0.7681712 0.2499504 -0.5894386
vn -0.6846622 0.2499506 -0.6846622
vn -0.5894386 0.2499504 -0.7681712
vn -0.4841292 0.2499505 -0.8385366
vn -0.3705365 0.2499505 -0.8945543
vn -0.2506038 0.2499505 -0.935266
vn -0.1263831 0.2499505 -0.9599751
vn 4.232393e-8 0.2499504 -0.9682587
vn -0.9735002 0.2286861 0
vn -0.9651718 0.2286862 -0.1270673
vn -0.940329 0.2286862 -0.2519604
vn -0.8993968 0.2286862 -0.3725424
vn -0.8430759 0.2286862 -0.4867501
vn -0.7723296 0.2286861 -0.5926294
vn -0.6883686 0.2286864 -0.6883686
vn -0.5926294 0.2286861 -0.7723296
vn -0.48675 0.2286862 -0.8430759
vn -0.3725424 0.2286862 -0.8993969
vn -0.2519604 0.2286862 -0.940329
vn -0.1270672 0.2286862 -0.9651718
vn 4.255304e-8 0.2286861 -0.9735002
vn -0.9802428 0.1977984 0
vn -0.9718566 0.1977986 -0.1279473
vn -0.9468418 0.1977985 -0.2537055
vn -0.9056262 0.1977985 -0.3751227
vn -0.8489151 0.1977985 -0.4901213
vn -0.7776788 0.1977984 -0.596734
vn -0.6931362 0.1977988 -0.6931362
vn -0.596734 0.1977984 -0.7776788
vn -0.4901212 0.1977985 -0.8489152
vn -0.3751226 0.1977985 -0.9056262
vn -0.2537055 0.1977985 -0.9468418
vn -0.1279473 0.1977986 -0.9718566
vn 4.284777e-8 0.1977984 -0.9802428
vn -0.9882116 0.1530938 0
vn -0.9797574 0.153094 -0.1289875
vn -0.9545392 0.1530939 -0.255768
vn -0.9129885 0.1530939 -0.3781722
vn -0.8558164 0.153094 -0.4941058
vn -0.784001 0.1530939 -0.6015851
vn -0.6987712 0.1530941 -0.6987712
vn -0.6015851 0.1530939 -0.784001
vn -0.4941058 0.1530939 -0.8558164
vn -0.3781722 0.1530939 -0.9129885
vn -0.255768 0.1530939 -0.9545392
vn -0.1289874 0.153094 -0.9797574
vn 4.319611e-8 0.1530938 -0.9882116
vn -0.9874868 0.08926623 -0.1300051
vn -0.9620697 0.08926613 -0.2577858
vn -0.9201912 0.08926619 -0.3811557
vn -0.862568 0.08926619 -0.4980039
vn -0.7901861 0.08926619 -0.6063312
vn -0.7042839 0.08926616 -0.7042839
vn -0.6063312 0.08926619 -0.7901861
vn -0.4980039 0.08926613 -0.8625681
vn -0.3811557 0.08926617 -0.9201912
vn -0.2577858 0.08926613 -0.9620697
vn -0.1300051 0.08926623 -0.9874868
vn 4.353688e-8 0.08926611 -0.9960078
vn -0.9659258 0 -0.258819
vn -0.9238795 0 -0.3826835
vn -0.8660254 0 -0.5
vn -0.7933533 0 -0.6087614
vn -0.7071068 -4.682983e-7 -0.7071068
vn -0.6087614 0 -0.7933533
vn -0.4999999 0 -0.8660254
vn -0.3826835 -6.33603e-8 -0.9238795
vn -0.2588191 0 -0.9659258
vn -0.1305261 0 -0.9914449
vn 4.371139e-8 0 -1
vn 0.123682 0.3195641 -0.9394581
vn 0.2452478 0.3195642 -0.9152772
vn 0.3626173 0.3195643 -0.8754355
vn 0.4737823 0.3195642 -0.8206151
vn 0.5768408 0.3195643 -0.7517535
vn 0.6700293 0.3195642 -0.6700293
vn 0.7517535 0.3195643 -0.5768408
vn 0.8206151 0.3195641 -0.4737823
vn 0.8754356 0.3195642 -0.3626173
vn 0.9152771 0.3195641 -0.2452478
vn 0.9394582 0.3195641 -0.1236819
vn 0.9475646 0.3195643 4.141936e-8
vn 0.1242588 0.3061496 -0.9438391
vn 0.2463914 0.3061496 -0.9195454
vn 0.3643083 0.3061497 -0.879518
vn 0.4759917 0.3061496 -0.8244419
vn 0.5795307 0.3061497 -0.7552592
vn 0.6731539 0.3061496 -0.6731539
vn 0.7552592 0.3061497 -0.5795307
vn 0.8244418 0.3061497 -0.4759917
vn 0.879518 0.3061496 -0.3643083
vn 0.9195454 0.3061496 -0.2463915
vn 0.9438391 0.3061496 -0.1242587
vn 0.9519834 0.3061497 4.161252e-8
vn 0.1247094 0.2951984 -0.947262
vn 0.247285 0.2951985 -0.9228802
vn 0.3656295 0.2951985 -0.8827077
vn 0.477718 0.2951984 -0.8274318
vn 0.5816326 0.2951986 -0.7579982
vn 0.6755953 0.2951984 -0.6755953
vn 0.7579982 0.2951986 -0.5816326
vn 0.8274319 0.2951986 -0.4777179
vn 0.8827077 0.2951985 -0.3656295
vn 0.9228802 0.2951985 -0.2472851
vn 0.947262 0.2951984 -0.1247093
vn 0.9554359 0.2951986 4.176343e-8
vn 0.1250887 0.2856233 -0.9501432
vn 0.2480371 0.2856233 -0.9256873
vn 0.3667417 0.2856233 -0.8853925
vn 0.479171 0.2856233 -0.8299485
vn 0.5834017 0.2856233 -0.7603038
vn 0.6776501 0.2856231 -0.6776501
vn 0.7603038 0.2856233 -0.5834017
vn 0.8299485 0.2856233 -0.4791709
vn 0.8853925 0.2856233 -0.3667416
vn 0.9256873 0.2856233 -0.2480372
vn 0.9501433 0.2856233 -0.1250887
vn 0.958342 0.2856233 4.189045e-8
vn 0.1254534 0.2760756 -0.9529133
vn 0.2487603 0.2760756 -0.9283861
vn 0.3678108 0.2760756 -0.8879738
vn 0.480568 0.2760756 -0.8323682
vn 0.5851025 0.2760755 -0.7625204
vn 0.6796257 0.2760755 -0.6796257
vn 0.7625204 0.2760755 -0.5851025
vn 0.8323681 0.2760757 -0.480568
vn 0.8879738 0.2760756 -0.3678108
vn 0.9283861 0.2760756 -0.2487603
vn 0.9529133 0.2760756 -0.1254534
vn 0.9611359 0.2760756 4.201258e-8
vn 0.125864 0.2648792 -0.956032
vn 0.2495744 0.2648792 -0.9314245
vn 0.3690146 0.2648792 -0.89088
vn 0.4821408 0.2648792 -0.8350924
vn 0.5870174 0.2648791 -0.765016
vn 0.6818501 0.2648792 -0.6818501
vn 0.765016 0.2648791 -0.5870174
vn 0.8350924 0.2648792 -0.4821407
vn 0.89088 0.2648792 -0.3690146
vn 0.9314245 0.2648792 -0.2495744
vn 0.956032 0.2648792 -0.1258639
vn 0.9642816 0.2648792 4.215009e-8
vn 0.1263831 0.2499505 -0.9599751
vn 0.2506038 0.2499505 -0.935266
vn 0.3705365 0.2499505 -0.8945543
vn 0.4841293 0.2499505 -0.8385366
vn 0.5894386 0.2499504 -0.7681712
vn 0.6846622 0.2499506 -0.6846622
vn 0.7681712 0.2499504 -0.5894386
vn 0.8385366 0.2499505 -0.4841292
vn 0.8945543 0.2499505 -0.3705365
vn 0.935266 0.2499505 -0.2506038
vn 0.9599751 0.2499505 -0.1263831
vn 0.1270673 0.2286862 -0.9651718
vn 0.2519604 0.2286862 -0.940329
vn 0.3725424 0.2286862 -0.8993968
vn 0.4867501 0.2286862 -0.8430759
vn 0.5926294 0.2286861 -0.7723296
vn 0.6883686 0.2286864 -0.6883686
vn 0.7723296 0.2286861 -0.5926294
vn 0.8430759 0.2286862 -0.48675
vn 0.8993969 0.2286862 -0.3725424
vn 0.940329 0.2286862 -0.2519604
vn 0.1279473 0.1977986 -0.9718566
vn 0.2537055 0.1977985 -0.9468418
vn 0.3751227 0.1977985 -0.9056262
vn 0.4901213 0.1977985 -0.8489151
vn 0.596734 0.1977984 -0.7776788
vn 0.6931362 0.1977988 -0.6931362
vn 0.7776788 0.1977984 -0.596734
vn 0.8489152 0.1977985 -0.4901212
vn 0.9056262 0.1977985 -0.3751226
vn 0.1289875 0.153094 -0.9797574
vn 0.255768 0.1530939 -0.9545392
vn 0.3781722 0.1530939 -0.9129885
vn 0.4941058 0.153094 -0.8558164
vn 0.6015851 0.1530939 -0.784001
vn 0.6987712 0.1530941 -0.6987712
vn 0.784001 0.1530939 -0.6015851
vn 0.8558164 0.1530939 -0.4941058
vn 0.9129885 0.1530939 -0.3781722
vn 0.1300051 0.08926623 -0.9874868
vn 0.2577858 0.08926613 -0.9620697
vn 0.3811557 0.08926619 -0.9201912
vn 0.4980039 0.08926619 -0.862568
vn 0.6063312 0.08926619 -0.7901861
vn 0.7042839 0.08926616 -0.7042839
vn 0.7901861 0.08926619 -0.6063312
vn 0.8625681 0.08926613 -0.4980039
vn 0.9201912 0.08926617 -0.3811557
vn 0.1305262 0 -0.9914449
vn 0.258819 0 -0.9659258
vn 0.3826835 0 -0.9238795
vn 0.5 0 -0.8660254
vn 0.6087614 0 -0.7933533
vn 0.7071068 -4.682983e-7 -0.7071068
vn 0.7933533 0 -0.6087614
vn 0.8660254 0 -0.4999999
vn 0.9238795 -6.33603e-8 -0.3826835
vn 0 0.3195643 0.9475646
vn 0.123682 0.3195641 0.9394581
vn 0.2452478 0.3195642 0.9152772
vn 0.3626173 0.3195643 0.8754355
vn 0.4737823 0.3195642 0.8206151
vn 0.5768408 0.3195643 0.7517535
vn 0.6700293 0.3195642 0.6700293
vn 0.7517535 0.3195643 0.5768408
vn 0.8206151 0.3195641 0.4737823
vn 0.8754356 0.3195642 0.3626173
vn 0.9152771 0.3195641 0.2452478
vn 0.9394582 0.3195641 0.1236819
vn 0 0.3061497 0.9519834
vn 0.1242588 0.3061496 0.9438391
vn 0.2463914 0.3061496 0.9195454
vn 0.3643083 0.3061497 0.879518
vn 0.4759917 0.3061496 0.8244419
vn 0.5795307 0.3061497 0.7552592
vn 0.6731539 0.3061496 0.6731539
vn 0.7552592 0.3061497 0.5795307
vn 0.8244418 0.3061497 0.4759917
vn 0.879518 0.3061496 0.3643083
vn 0.9195454 0.3061496 0.2463915
vn 0.9438391 0.3061496 0.1242587
vn 0 0.2951986 0.9554359
vn 0.1247094 0.2951984 0.947262
vn 0.247285 0.2951985 0.9228802
vn 0.3656295 0.2951985 0.8827077
vn 0.477718 0.2951984 0.8274318
vn 0.5816326 0.2951986 0.7579982
vn 0.6755953 0.2951984 0.6755953
vn 0.7579982 0.2951986 0.5816326
vn 0.8274319 0.2951986 0.4777179
vn 0.8827077 0.2951985 0.3656295
vn 0.9228802 0.2951985 0.2472851
vn 0.947262 0.2951984 0.1247093
vn 0 0.2856233 0.958342
vn 0.1250887 0.2856233 0.9501432
vn 0.2480371 0.2856233 0.9256873
vn 0.3667417 0.2856233 0.8853925
vn 0.479171 0.2856233 0.8299485
vn 0.5834017 0.2856233 0.7603038
vn 0.6776501 0.2856231 0.6776501
vn 0.7603038 0.2856233 0.5834017
vn 0.8299485 0.2856233 0.4791709
vn 0.8853925 0.2856233 0.3667416
vn 0.9256873 0.2856233 0.2480372
vn 0.9501433 0.2856233 0.1250887
vn 0 0.2760756 0.9611359
vn 0.1254534 0.2760756 0.9529133
vn 0.2487603 0.2760756 0.9283861
vn 0.3678108 0.2760756 0.8879738
vn 0.480568 0.2760756 0.8323682
vn 0.5851025 0.2760755 0.7625204
vn 0.6796257 0.2760755 0.6796257
vn 0.7625204 0.2760755 0.5851025
vn 0.8323681 0.2760757 0.480568
vn 0.8879738 0.2760756 0.3678108
vn 0.9283861 0.2760756 0.2487603
vn 0.9529133 0.2760756 0.1254534
vn 0 0.2648792 0.9642816
vn 0.125864 0.2648792 0.956032
vn 0.2495744 0.2648792 0.9314245
vn 0.3690146 0.2648792 0.89088
vn 0.4821408 0.2648792 0.8350924
vn 0.5870174 0.2648791 0.765016
vn 0.6818501 0.2648792 0.6818501
vn 0.765016 0.2648791 0.5870174
vn 0.8350924 0.2648792 0.4821407
vn 0.89088 0.2648792 0.3690146
vn 0.9314245 0.2648792 0.2495744
vn 0.956032 0.2648792 0.1258639
vn 0 0.2499504 0.9682587
vn 0.1263831 0.2499505 0.9599751
vn 0.2506038 0.2499505 0.935266
vn 0.3705365 0.2499505 0.8945543
vn 0.4841293 0.2499505 0.8385366
vn 0.5894386 0.2499504 0.7681712
vn 0.6846622 0.2499506 0.6846622
vn 0.7681712 0.2499504 0.5894386
vn 0.8385366 0.2499505 0.4841292
vn 0.8945543 0.2499505 0.3705365
vn 0.935266 0.2499505 0.2506038
vn 0.9599751 0.2499505 0.1263831
vn 0 0.2286861 0.9735002
vn 0.1270673 0.2286862 0.9651718
vn 0.2519604 0.2286862 0.940329
vn 0.3725424 0.2286862 0.8993968
vn 0.4867501 0.2286862 0.8430759
vn 0.5926294 0.2286861 0.7723296
vn 0.6883686 0.2286864 0.6883686
vn 0.7723296 0.2286861 0.5926294
vn 0.8430759 0.2286862 0.48675
vn 0.8993969 0.2286862 0.3725424
vn 0.940329 0.2286862 0.2519604
vn 0 0.1977984 0.9802428
vn 0.1279473 0.1977986 0.9718566
vn 0.2537055 0.1977985 0.9468418
vn 0.3751227 0.1977985 0.9056262
vn 0.4901213 0.1977985 0.8489151
vn 0.596734 0.1977984 0.7776788
vn 0.6931362 0.1977988 0.6931362
vn 0.7776788 0.1977984 0.596734
vn 0.8489152 0.1977985 0.4901212
vn 0.9056262 0.1977985 0.3751226
vn 0 0.1530938 0.9882116
vn 0.1289875 0.153094 0.9797574
vn 0.255768 0.1530939 0.9545392
vn 0.3781722 0.1530939 0.9129885
vn 0.4941058 0.153094 0.8558164
vn 0.6015851 0.1530939 0.784001
vn 0.6987712 0.1530941 0.6987712
vn 0.784001 0.1530939 0.6015851
vn 0.8558164 0.1530939 0.4941058
vn 0.9129885 0.1530939 0.3781722
vn 0 0.08926611 0.9960078
vn 0.1300051 0.08926623 0.9874868
vn 0.2577858 0.08926613 0.9620697
vn 0.3811557 0.08926619 0.9201912
vn 0.4980039 0.08926619 0.862568
vn 0.6063312 0.08926619 0.7901861
vn 0.7042839 0.08926616 0.7042839
vn 0.7901861 0.08926619 0.6063312
vn 0.8625681 0.08926613 0.4980039
vn 0.9201912 0.08926617 0.3811557
vn 0 0 1
vn 0.1305262 0 0.9914449
vn 0.258819 0 0.9659258
vn 0.3826835 0 0.9238795
vn 0.5 0 0.8660254
vn 0.6087614 0 0.7933533
vn 0.7071068 -4.682983e-7 0.7071068
vn 0.7933533 0 0.6087614
vn 0.8660254 0 0.4999999
vn 0.9238795 -6.33603e-8 0.3826835
vn -0.9152772 0.3195642 0.2452478
vn -0.8754355 0.3195643 0.3626173
vn -0.8206151 0.3195642 0.4737823
vn -0.7517535 0.3195643 0.5768408
vn -0.6700293 0.3195642 0.6700293
vn -0.5768408 0.3195643 0.7517535
vn -0.4737823 0.3195641 0.8206151
vn -0.3626173 0.3195642 0.8754356
vn -0.2452478 0.3195641 0.9152771
vn -0.1236819 0.3195641 0.9394582
vn -0.9195454 0.3061496 0.2463914
vn -0.879518 0.3061497 0.3643083
vn -0.8244419 0.3061496 0.4759917
vn -0.7552592 0.3061497 0.5795307
vn -0.6731539 0.3061496 0.6731539
vn -0.5795307 0.3061497 0.7552592
vn -0.4759917 0.3061497 0.8244418
vn -0.3643083 0.3061496 0.879518
vn -0.2463915 0.3061496 0.9195454
vn -0.1242587 0.3061496 0.9438391
vn -0.9228802 0.2951985 0.247285
vn -0.8827077 0.2951985 0.3656295
vn -0.8274318 0.2951984 0.477718
vn -0.7579982 0.2951986 0.5816326
vn -0.6755953 0.2951984 0.6755953
vn -0.5816326 0.2951986 0.7579982
vn -0.4777179 0.2951986 0.8274319
vn -0.3656295 0.2951985 0.8827077
vn -0.2472851 0.2951985 0.9228802
vn -0.1247093 0.2951984 0.947262
vn -0.9501432 0.2856233 0.1250887
vn -0.9256873 0.2856233 0.2480371
vn -0.8853925 0.2856233 0.3667417
vn -0.8299485 0.2856233 0.479171
vn -0.7603038 0.2856233 0.5834017
vn -0.6776501 0.2856231 0.6776501
vn -0.5834017 0.2856233 0.7603038
vn -0.4791709 0.2856233 0.8299485
vn -0.3667416 0.2856233 0.8853925
vn -0.2480372 0.2856233 0.9256873
vn -0.1250887 0.2856233 0.9501433
vn -0.9529133 0.2760756 0.1254534
vn -0.9283861 0.2760756 0.2487603
vn -0.8879738 0.2760756 0.3678108
vn -0.8323682 0.2760756 0.480568
vn -0.7625204 0.2760755 0.5851025
vn -0.6796257 0.2760755 0.6796257
vn -0.5851025 0.2760755 0.7625204
vn -0.480568 0.2760757 0.8323681
vn -0.3678108 0.2760756 0.8879738
vn -0.2487603 0.2760756 0.9283861
vn -0.1254534 0.2760756 0.9529133
vn -0.956032 0.2648792 0.125864
vn -0.9314245 0.2648792 0.2495744
vn -0.89088 0.2648792 0.3690146
vn -0.8350924 0.2648792 0.4821408
vn -0.765016 0.2648791 0.5870174
vn -0.6818501 0.2648792 0.6818501
vn -0.5870174 0.2648791 0.765016
vn -0.4821407 0.2648792 0.8350924
vn -0.3690146 0.2648792 0.89088
vn -0.2495744 0.2648792 0.9314245
vn -0.1258639 0.2648792 0.956032
vn -0.9599751 0.2499505 0.1263831
vn -0.935266 0.2499505 0.2506038
vn -0.8945543 0.2499505 0.3705365
vn -0.8385366 0.2499505 0.4841293
vn -0.7681712 0.2499504 0.5894386
vn -0.6846622 0.2499506 0.6846622
vn -0.5894386 0.2499504 0.7681712
vn -0.4841292 0.2499505 0.8385366
vn -0.3705365 0.2499505 0.8945543
vn -0.2506038 0.2499505 0.935266
vn -0.1263831 0.2499505 0.9599751
vn -0.9651718 0.2286862 0.1270673
vn -0.940329 0.2286862 0.2519604
vn -0.8993968 0.2286862 0.3725424
vn -0.8430759 0.2286862 0.4867501
vn -0.7723296 0.2286861 0.5926294
vn -0.6883686 0.2286864 0.6883686
vn -0.5926294 0.2286861 0.7723296
vn -0.48675 0.2286862 0.8430759
vn -0.3725424 0.2286862 0.8993969
vn -0.2519604 0.2286862 0.940329
vn -0.1270672 0.2286862 0.9651718
vn -0.9718566 0.1977986 0.1279473
vn -0.9468418 0.1977985 0.2537055
vn -0.9056262 0.1977985 0.3751227
vn -0.8489151 0.1977985 0.4901213
vn -0.7776788 0.1977984 0.596734
vn -0.6931362 0.1977988 0.6931362
vn -0.596734 0.1977984 0.7776788
vn -0.4901212 0.1977985 0.8489152
vn -0.3751226 0.1977985 0.9056262
vn -0.2537055 0.1977985 0.9468418
vn -0.1279473 0.1977986 0.9718566
vn -0.9797574 0.153094 0.1289875
vn -0.9545392 0.1530939 0.255768
vn -0.9129885 0.1530939 0.3781722
vn -0.8558164 0.153094 0.4941058
vn -0.784001 0.1530939 0.6015851
vn -0.6987712 0.1530941 0.6987712
vn -0.6015851 0.1530939 0.784001
vn -0.4941058 0.1530939 0.8558164
vn -0.3781722 0.1530939 0.9129885
vn -0.255768 0.1530939 0.9545392
vn -0.1289874 0.153094 0.9797574
vn -0.9874868 0.08926623 0.1300051
vn -0.9620697 0.08926613 0.2577858
vn -0.9201912 0.08926619 0.3811557
vn -0.862568 0.08926619 0.4980039
vn -0.7901861 0.08926619 0.6063312
vn -0.7042839 0.08926616 0.7042839
vn -0.6063312 0.08926619 0.7901861
vn -0.4980039 0.08926613 0.8625681
vn -0.3811557 0.08926617 0.9201912
vn -0.2577858 0.08926613 0.9620697
vn -0.1300051 0.08926623 0.9874868
vn -0.9659258 0 0.258819
vn -0.9238795 0 0.3826835
vn -0.8660254 0 0.5
vn -0.7933533 0 0.6087614
vn -0.7071068 -4.682983e-7 0.7071068
vn -0.6087614 0 0.7933533
vn -0.4999999 0 0.8660254
vn -0.3826835 -6.33603e-8 0.9238795
vn -0.2588191 0 0.9659258
vn -0.1305261 0 0.9914449
vn -0.9597585 -0.1128227 -0.2571665
vn -0.9179807 -0.1128228 -0.3802401
vn -0.8604959 -0.1128228 -0.4968075
vn -0.7882879 -0.1128228 -0.6048746
vn -0.702592 -0.1128226 -0.702592
vn -0.6048746 -0.1128228 -0.7882879
vn -0.4968075 -0.1128227 -0.8604959
vn -0.3802401 -0.1128228 -0.9179807
vn -0.2571665 -0.1128227 -0.9597585
vn -0.1296927 -0.1128228 -0.9851146
vn 4.34323e-8 -0.1128227 -0.9936151
vn -0.9386819 -0.2358272 -0.2515191
vn -0.8978214 -0.2358273 -0.3718898
vn -0.8415992 -0.2358273 -0.4858975
vn -0.7709768 -0.2358273 -0.5915913
vn -0.6871629 -0.2358272 -0.6871629
vn -0.5915913 -0.2358273 -0.7709768
vn -0.4858975 -0.2358272 -0.8415992
vn -0.3718898 -0.2358273 -0.8978215
vn -0.2515191 -0.2358272 -0.9386819
vn -0.1268446 -0.2358274 -0.9634812
vn 4.247851e-8 -0.2358272 -0.971795
vn -0.9261503 -0.3569014 -0.12193
vn -0.902312 -0.3569013 -0.2417737
vn -0.8630347 -0.3569014 -0.3574806
vn -0.8089907 -0.3569013 -0.467071
vn -0.7411047 -0.3569014 -0.5686697
vn -0.6605382 -0.3569014 -0.6605382
vn -0.5686697 -0.3569014 -0.7411047
vn -0.467071 -0.3569013 -0.8089908
vn -0.3574806 -0.3569014 -0.8630347
vn -0.2417738 -0.3569013 -0.902312
vn -0.1219299 -0.3569014 -0.9261503
vn 4.083264e-8 -0.3569013 -0.9341421
vn -0.8852063 -0.4651985 0
vn -0.8776333 -0.4651986 -0.1155426
vn -0.8550436 -0.4651985 -0.2291083
vn -0.817824 -0.4651987 -0.3387538
vn -0.7666112 -0.4651985 -0.4426032
vn -0.7022814 -0.4651986 -0.5388796
vn -0.6259354 -0.4651987 -0.6259354
vn -0.5388796 -0.4651986 -0.7022814
vn -0.4426031 -0.4651985 -0.7666113
vn -0.3387538 -0.4651986 -0.817824
vn -0.2291083 -0.4651985 -0.8550436
vn -0.1155425 -0.4651986 -0.8776333
vn 3.869359e-8 -0.4651985 -0.8852063
vn -0.8324423 -0.5541118 0
vn -0.8253206 -0.5541118 -0.1086555
vn -0.8040776 -0.5541118 -0.2154519
vn -0.7690763 -0.5541119 -0.3185619
vn -0.7209162 -0.5541117 -0.4162211
vn -0.6604208 -0.5541118 -0.5067587
vn -0.5886255 -0.554112 -0.5886255
vn -0.5067587 -0.5541118 -0.6604208
vn -0.4162211 -0.5541118 -0.7209162
vn -0.3185619 -0.5541119 -0.7690763
vn -0.2154519 -0.5541118 -0.8040774
vn -0.1086555 -0.5541118 -0.8253206
vn 3.638721e-8 -0.5541118 -0.8324423
vn -0.7834345 -0.6214745 0
vn -0.7767321 -0.6214744 -0.1022587
vn -0.7567396 -0.6214744 -0.2027677
vn -0.723799 -0.6214746 -0.2998074
vn -0.6784742 -0.6214744 -0.3917173
vn -0.6215404 -0.6214744 -0.4769247
vn -0.5539717 -0.6214745 -0.5539717
vn -0.4769247 -0.6214744 -0.6215404
vn -0.3917172 -0.6214744 -0.6784741
vn -0.2998074 -0.6214746 -0.723799
vn -0.2027678 -0.6214744 -0.7567396
vn -0.1022587 -0.6214744 -0.7767321
vn 3.424501e-8 -0.6214745 -0.7834345
vn -0.7445509 -0.6675656 0
vn -0.7381814 -0.6675656 -0.09718343
vn -0.7191811 -0.6675656 -0.192704
vn -0.6878753 -0.6675657 -0.2849273
vn -0.6448001 -0.6675656 -0.3722755
vn -0.590692 -0.6675656 -0.453254
vn -0.526477 -0.6675657 -0.526477
vn -0.453254 -0.6675656 -0.590692
vn -0.3722754 -0.6675656 -0.6448
vn -0.2849273 -0.6675657 -0.6878753
vn -0.192704 -0.6675656 -0.7191809
vn -0.09718337 -0.6675656 -0.7381814
vn 3.254535e-8 -0.6675656 -0.7445509
vn -0.7215329 -0.6923802 0
vn -0.7153602 -0.6923801 -0.09417896
vn -0.6969473 -0.6923801 -0.1867464
vn -0.6666095 -0.6923801 -0.2761187
vn -0.6248659 -0.6923801 -0.3607665
vn -0.5724306 -0.69238 -0.4392415
vn -0.5102008 -0.6923802 -0.5102008
vn -0.4392415 -0.69238 -0.5724306
vn -0.3607664 -0.6923802 -0.6248658
vn -0.2761187 -0.6923801 -0.6666095
vn -0.1867465 -0.6923801 -0.6969473
vn -0.0941789 -0.6923801 -0.7153602
vn 3.15392e-8 -0.6923802 -0.7215329
vn -0.7218174 -0.6920835 0
vn -0.7156423 -0.6920834 -0.09421609
vn -0.6972222 -0.6920835 -0.1868201
vn -0.6668724 -0.6920835 -0.2762276
vn -0.6251122 -0.6920835 -0.3609087
vn -0.5726562 -0.6920835 -0.4394147
vn -0.510402 -0.6920835 -0.510402
vn -0.4394147 -0.6920835 -0.5726562
vn -0.3609087 -0.6920835 -0.6251123
vn -0.2762276 -0.6920835 -0.6668724
vn -0.1868201 -0.6920835 -0.6972222
vn -0.09421604 -0.6920834 -0.7156423
vn 3.155164e-8 -0.6920835 -0.7218174
vn -0.7594335 -0.6505848 0
vn -0.7529366 -0.6505847 -0.09912599
vn -0.7335564 -0.6505848 -0.1965559
vn -0.7016252 -0.6505848 -0.2906227
vn -0.6576887 -0.650585 -0.3797167
vn -0.6024992 -0.6505848 -0.4623139
vn -0.5370006 -0.6505848 -0.5370006
vn -0.4623139 -0.6505848 -0.6024992
vn -0.3797168 -0.6505849 -0.6576887
vn -0.2906227 -0.6505848 -0.7016252
vn -0.1965559 -0.6505848 -0.7335564
vn -0.09912594 -0.6505847 -0.7529366
vn 3.31959e-8 -0.6505848 -0.7594335
vn -0.8630449 -0.5051273 0
vn -0.8556614 -0.5051273 -0.11265
vn -0.8336373 -0.5051273 -0.2233724
vn -0.7973495 -0.5051272 -0.330273
vn -0.7474185 -0.5051278 -0.4315223
vn -0.6846995 -0.5051274 -0.5253884
vn -0.6102648 -0.5051273 -0.6102648
vn -0.5253884 -0.5051274 -0.6846995
vn -0.4315223 -0.5051275 -0.7474187
vn -0.330273 -0.5051272 -0.7973495
vn -0.2233725 -0.5051273 -0.8336373
vn -0.1126499 -0.5051273 -0.8556614
vn 3.772489e-8 -0.5051273 -0.8630449
vn -1 0 0
vn -0.9914449 0 -0.1305262
vn -0.9659258 0 -0.258819
vn -0.9238796 0 -0.3826835
vn -0.8660254 -0.000001720638 -0.5
vn -0.7933533 -6.0475e-7 -0.6087614
vn -0.7071068 0 -0.7071068
vn -0.6087614 -6.0475e-7 -0.7933533
vn -0.4999999 -4.967052e-7 -0.8660254
vn -0.3826834 0 -0.9238796
vn -0.258819 0 -0.9659258
vn -0.1305261 0 -0.9914449
vn 4.371139e-8 0 -1
vn 0.1296928 -0.1128228 -0.9851146
vn 0.2571665 -0.1128227 -0.9597585
vn 0.3802401 -0.1128228 -0.9179807
vn 0.4968075 -0.1128228 -0.8604959
vn 0.6048746 -0.1128228 -0.7882879
vn 0.702592 -0.1128226 -0.702592
vn 0.7882879 -0.1128228 -0.6048746
vn 0.8604959 -0.1128227 -0.4968075
vn 0.9179807 -0.1128228 -0.3802401
vn 0.9597585 -0.1128227 -0.2571665
vn 0.1268447 -0.2358274 -0.9634811
vn 0.2515191 -0.2358272 -0.9386819
vn 0.3718898 -0.2358273 -0.8978214
vn 0.4858975 -0.2358273 -0.8415992
vn 0.5915913 -0.2358273 -0.7709768
vn 0.6871629 -0.2358272 -0.6871629
vn 0.7709768 -0.2358273 -0.5915913
vn 0.8415992 -0.2358272 -0.4858975
vn 0.8978215 -0.2358273 -0.3718898
vn 0.9386819 -0.2358272 -0.2515191
vn 0.12193 -0.3569014 -0.9261503
vn 0.2417737 -0.3569013 -0.902312
vn 0.3574806 -0.3569014 -0.8630347
vn 0.467071 -0.3569013 -0.8089907
vn 0.5686697 -0.3569014 -0.7411047
vn 0.6605382 -0.3569014 -0.6605382
vn 0.7411047 -0.3569014 -0.5686697
vn 0.8089908 -0.3569013 -0.467071
vn 0.8630347 -0.3569014 -0.3574806
vn 0.902312 -0.3569013 -0.2417738
vn 0.9261503 -0.3569014 -0.1219299
vn 0.9341421 -0.3569013 4.083264e-8
vn 0.1155426 -0.4651986 -0.8776333
vn 0.2291083 -0.4651985 -0.8550436
vn 0.3387538 -0.4651987 -0.817824
vn 0.4426032 -0.4651985 -0.7666112
vn 0.5388796 -0.4651986 -0.7022814
vn 0.6259354 -0.4651987 -0.6259354
vn 0.7022814 -0.4651986 -0.5388796
vn 0.7666113 -0.4651985 -0.4426031
vn 0.817824 -0.4651986 -0.3387538
vn 0.8550436 -0.4651985 -0.2291083
vn 0.8776333 -0.4651986 -0.1155425
vn 0.8852063 -0.4651985 3.869359e-8
vn 0.1086555 -0.5541118 -0.8253206
vn 0.2154519 -0.5541118 -0.8040776
vn 0.3185619 -0.5541119 -0.7690763
vn 0.4162211 -0.5541117 -0.7209162
vn 0.5067587 -0.5541118 -0.6604208
vn 0.5886255 -0.554112 -0.5886255
vn 0.6604208 -0.5541118 -0.5067587
vn 0.7209162 -0.5541118 -0.4162211
vn 0.7690763 -0.5541119 -0.3185619
vn 0.8040774 -0.5541118 -0.2154519
vn 0.8253206 -0.5541118 -0.1086555
vn 0.8324423 -0.5541118 3.638721e-8
vn 0.1022587 -0.6214744 -0.7767321
vn 0.2027677 -0.6214744 -0.7567396
vn 0.2998074 -0.6214746 -0.723799
vn 0.3917173 -0.6214744 -0.6784742
vn 0.4769247 -0.6214744 -0.6215404
vn 0.5539717 -0.6214745 -0.5539717
vn 0.6215404 -0.6214744 -0.4769247
vn 0.6784741 -0.6214744 -0.3917172
vn 0.723799 -0.6214746 -0.2998074
vn 0.7567396 -0.6214744 -0.2027678
vn 0.7767321 -0.6214744 -0.1022587
vn 0.7834345 -0.6214745 3.424501e-8
vn 0.09718343 -0.6675656 -0.7381814
vn 0.192704 -0.6675656 -0.7191811
vn 0.2849273 -0.6675657 -0.6878753
vn 0.3722755 -0.6675656 -0.6448001
vn 0.453254 -0.6675656 -0.590692
vn 0.526477 -0.6675657 -0.526477
vn 0.590692 -0.6675656 -0.453254
vn 0.6448 -0.6675656 -0.3722754
vn 0.6878753 -0.6675657 -0.2849273
vn 0.7191809 -0.6675656 -0.192704
vn 0.7381814 -0.6675656 -0.09718337
vn 0.7445509 -0.6675656 3.254535e-8
vn 0.09417896 -0.6923801 -0.7153602
vn 0.1867464 -0.6923801 -0.6969473
vn 0.2761187 -0.6923801 -0.6666095
vn 0.3607665 -0.6923801 -0.6248659
vn 0.4392415 -0.69238 -0.5724306
vn 0.5102008 -0.6923802 -0.5102008
vn 0.5724306 -0.69238 -0.4392415
vn 0.6248658 -0.6923802 -0.3607664
vn 0.6666095 -0.6923801 -0.2761187
vn 0.6969473 -0.6923801 -0.1867465
vn 0.7153602 -0.6923801 -0.0941789
vn 0.7215329 -0.6923802 3.15392e-8
vn 0.09421609 -0.6920834 -0.7156423
vn 0.1868201 -0.6920835 -0.6972222
vn 0.2762276 -0.6920835 -0.6668724
vn 0.3609087 -0.6920835 -0.6251122
vn 0.4394147 -0.6920835 -0.5726562
vn 0.510402 -0.6920835 -0.510402
vn 0.5726562 -0.6920835 -0.4394147
vn 0.6251123 -0.6920835 -0.3609087
vn 0.6668724 -0.6920835 -0.2762276
vn 0.6972222 -0.6920835 -0.1868201
vn 0.7156423 -0.6920834 -0.09421604
vn 0.7218174 -0.6920835 3.155164e-8
vn 0.09912599 -0.6505847 -0.7529366
vn 0.1965559 -0.6505848 -0.7335564
vn 0.2906227 -0.6505848 -0.7016252
vn 0.3797167 -0.650585 -0.6576887
vn 0.4623139 -0.6505848 -0.6024992
vn 0.5370006 -0.6505848 -0.5370006
vn 0.6024992 -0.6505848 -0.4623139
vn 0.6576887 -0.6505849 -0.3797168
vn 0.7016252 -0.6505848 -0.2906227
vn 0.7335564 -0.6505848 -0.1965559
vn 0.7529366 -0.6505847 -0.09912594
vn 0.7594335 -0.6505848 3.31959e-8
vn 0.11265 -0.5051273 -0.8556614
vn 0.2233724 -0.5051273 -0.8336373
vn 0.330273 -0.5051272 -0.7973495
vn 0.4315223 -0.5051278 -0.7474185
vn 0.5253884 -0.5051274 -0.6846995
vn 0.6102648 -0.5051273 -0.6102648
vn 0.6846995 -0.5051274 -0.5253884
vn 0.7474187 -0.5051275 -0.4315223
vn 0.7973495 -0.5051272 -0.330273
vn 0.8336373 -0.5051273 -0.2233725
vn 0.8556614 -0.5051273 -0.1126499
vn 0.8630449 -0.5051273 3.772489e-8
vn 0.1305262 0 -0.9914449
vn 0.258819 0 -0.9659258
vn 0.3826835 0 -0.9238796
vn 0.5 -0.000001720638 -0.8660254
vn 0.6087614 -6.0475e-7 -0.7933533
vn 0.7071068 0 -0.7071068
vn 0.7933533 -6.0475e-7 -0.6087614
vn 0.8660254 -4.967052e-7 -0.4999999
vn 0.9238796 0 -0.3826834
vn 0.9659258 0 -0.258819
vn 0.9914449 0 -0.1305261
vn 1 0 4.371139e-8
vn 0 -0.1128227 0.9936151
vn 0.1296928 -0.1128228 0.9851146
vn 0.2571665 -0.1128227 0.9597585
vn 0.3802401 -0.1128228 0.9179807
vn 0.4968075 -0.1128228 0.8604959
vn 0.6048746 -0.1128228 0.7882879
vn 0.702592 -0.1128226 0.702592
vn 0.7882879 -0.1128228 0.6048746
vn 0.8604959 -0.1128227 0.4968075
vn 0.9179807 -0.1128228 0.3802401
vn 0.9597585 -0.1128227 0.2571665
vn 0 -0.2358272 0.971795
vn 0.1268447 -0.2358274 0.9634811
vn 0.2515191 -0.2358272 0.9386819
vn 0.3718898 -0.2358273 0.8978214
vn 0.4858975 -0.2358273 0.8415992
vn 0.5915913 -0.2358273 0.7709768
vn 0.6871629 -0.2358272 0.6871629
vn 0.7709768 -0.2358273 0.5915913
vn 0.8415992 -0.2358272 0.4858975
vn 0.8978215 -0.2358273 0.3718898
vn 0.9386819 -0.2358272 0.2515191
vn 0 -0.3569013 0.9341421
vn 0.12193 -0.3569014 0.9261503
vn 0.2417737 -0.3569013 0.902312
vn 0.3574806 -0.3569014 0.8630347
vn 0.467071 -0.3569013 0.8089907
vn 0.5686697 -0.3569014 0.7411047
vn 0.6605382 -0.3569014 0.6605382
vn 0.7411047 -0.3569014 0.5686697
vn 0.8089908 -0.3569013 0.467071
vn 0.8630347 -0.3569014 0.3574806
vn 0.902312 -0.3569013 0.2417738
vn 0.9261503 -0.3569014 0.1219299
vn 0 -0.4651985 0.8852063
vn 0.1155426 -0.4651986 0.8776333
vn 0.2291083 -0.4651985 0.8550436
vn 0.3387538 -0.4651987 0.817824
vn 0.4426032 -0.4651985 0.7666112
vn 0.5388796 -0.4651986 0.7022814
vn 0.6259354 -0.4651987 0.6259354
vn 0.7022814 -0.4651986 0.5388796
vn 0.7666113 -0.4651985 0.4426031
vn 0.817824 -0.4651986 0.3387538
vn 0.8550436 -0.4651985 0.2291083
vn 0.8776333 -0.4651986 0.1155425
vn 0 -0.5541118 0.8324423
vn 0.1086555 -0.5541118 0.8253206
vn 0.2154519 -0.5541118 0.8040776
vn 0.3185619 -0.5541119 0.7690763
vn 0.4162211 -0.5541117 0.7209162
vn 0.5067587 -0.5541118 0.6604208
vn 0.5886255 -0.554112 0.5886255
vn 0.6604208 -0.5541118 0.5067587
vn 0.7209162 -0.5541118 0.4162211
vn 0.7690763 -0.5541119 0.3185619
vn 0.8040774 -0.5541118 0.2154519
vn 0.8253206 -0.5541118 0.1086555
vn 0 -0.6214745 0.7834345
vn 0.1022587 -0.6214744 0.7767321
vn 0.2027677 -0.6214744 0.7567396
vn 0.2998074 -0.6214746 0.723799
vn 0.3917173 -0.6214744 0.6784742
vn 0.4769247 -0.6214744 0.6215404
vn 0.5539717 -0.6214745 0.5539717
vn 0.6215404 -0.6214744 0.4769247
vn 0.6784741 -0.6214744 0.3917172
vn 0.723799 -0.6214746 0.2998074
vn 0.7567396 -0.6214744 0.2027678
vn 0.7767321 -0.6214744 0.1022587
vn 0 -0.6675656 0.7445509
vn 0.09718343 -0.6675656 0.7381814
vn 0.192704 -0.6675656 0.7191811
vn 0.2849273 -0.6675657 0.6878753
vn 0.3722755 -0.6675656 0.6448001
vn 0.453254 -0.6675656 0.590692
vn 0.526477 -0.6675657 0.526477
vn 0.590692 -0.6675656 0.453254
vn 0.6448 -0.6675656 0.3722754
vn 0.6878753 -0.6675657 0.2849273
vn 0.7191809 -0.6675656 0.192704
vn 0.7381814 -0.6675656 0.09718337
vn 0 -0.6923802 0.7215329
vn 0.09417896 -0.6923801 0.7153602
vn 0.1867464 -0.6923801 0.6969473
vn 0.2761187 -0.6923801 0.6666095
vn 0.3607665 -0.6923801 0.6248659
vn 0.4392415 -0.69238 0.5724306
vn 0.5102008 -0.6923802 0.5102008
vn 0.5724306 -0.69238 0.4392415
vn 0.6248658 -0.6923802 0.3607664
vn 0.6666095 -0.6923801 0.2761187
vn 0.6969473 -0.6923801 0.1867465
vn 0.7153602 -0.6923801 0.0941789
vn 0 -0.6920835 0.7218174
vn 0.09421609 -0.6920834 0.7156423
vn 0.1868201 -0.6920835 0.6972222
vn 0.2762276 -0.6920835 0.6668724
vn 0.3609087 -0.6920835 0.6251122
vn 0.4394147 -0.6920835 0.5726562
vn 0.510402 -0.6920835 0.510402
vn 0.5726562 -0.6920835 0.4394147
vn 0.6251123 -0.6920835 0.3609087
vn 0.6668724 -0.6920835 0.2762276
vn 0.6972222 -0.6920835 0.1868201
vn 0.7156423 -0.6920834 0.09421604
vn 0 -0.6505848 0.7594335
vn 0.09912599 -0.6505847 0.7529366
vn 0.1965559 -0.6505848 0.7335564
vn 0.2906227 -0.6505848 0.7016252
vn 0.3797167 -0.650585 0.6576887
vn 0.4623139 -0.6505848 0.6024992
vn 0.5370006 -0.6505848 0.5370006
vn 0.6024992 -0.6505848 0.4623139
vn 0.6576887 -0.6505849 0.3797168
vn 0.7016252 -0.6505848 0.2906227
vn 0.7335564 -0.6505848 0.1965559
vn 0.7529366 -0.6505847 0.09912594
vn 0 -0.5051273 0.8630449
vn 0.11265 -0.5051273 0.8556614
vn 0.2233724 -0.5051273 0.8336373
vn 0.330273 -0.5051272 0.7973495
vn 0.4315223 -0.5051278 0.7474185
vn 0.5253884 -0.5051274 0.6846995
vn 0.6102648 -0.5051273 0.6102648
vn 0.6846995 -0.5051274 0.5253884
vn 0.7474187 -0.5051275 0.4315223
vn 0.7973495 -0.5051272 0.330273
vn 0.8336373 -0.5051273 0.2233725
vn 0.8556614 -0.5051273 0.1126499
vn 0 0 1
vn 0.1305262 0 0.9914449
vn 0.258819 0 0.9659258
vn 0.3826835 0 0.9238796
vn 0.5 -0.000001720638 0.8660254
vn 0.6087614 -6.0475e-7 0.7933533
vn 0.7071068 0 0.7071068
vn 0.7933533 -6.0475e-7 0.6087614
vn 0.8660254 -4.967052e-7 0.4999999
vn 0.9238796 0 0.3826834
vn 0.9659258 0 0.258819
vn 0.9914449 0 0.1305261
vn -0.9597585 -0.1128227 0.2571665
vn -0.9179807 -0.1128228 0.3802401
vn -0.8604959 -0.1128228 0.4968075
vn -0.7882879 -0.1128228 0.6048746
vn -0.702592 -0.1128226 0.702592
vn -0.6048746 -0.1128228 0.7882879
vn -0.4968075 -0.1128227 0.8604959
vn -0.3802401 -0.1128228 0.9179807
vn -0.2571665 -0.1128227 0.9597585
vn -0.1296927 -0.1128228 0.9851146
vn -0.9386819 -0.2358272 0.2515191
vn -0.8978214 -0.2358273 0.3718898
vn -0.8415992 -0.2358273 0.4858975
vn -0.7709768 -0.2358273 0.5915913
vn -0.6871629 -0.2358272 0.6871629
vn -0.5915913 -0.2358273 0.7709768
vn -0.4858975 -0.2358272 0.8415992
vn -0.3718898 -0.2358273 0.8978215
vn -0.2515191 -0.2358272 0.9386819
vn -0.1268446 -0.2358274 0.9634812
vn -0.9261503 -0.3569014 0.12193
vn -0.902312 -0.3569013 0.2417737
vn -0.8630347 -0.3569014 0.3574806
vn -0.8089907 -0.3569013 0.467071
vn -0.7411047 -0.3569014 0.5686697
vn -0.6605382 -0.3569014 0.6605382
vn -0.5686697 -0.3569014 0.7411047
vn -0.467071 -0.3569013 0.8089908
vn -0.3574806 -0.3569014 0.8630347
vn -0.2417738 -0.3569013 0.902312
vn -0.1219299 -0.3569014 0.9261503
vn -0.8776333 -0.4651986 0.1155426
vn -0.8550436 -0.4651985 0.2291083
vn -0.817824 -0.4651987 0.3387538
vn -0.7666112 -0.4651985 0.4426032
vn -0.7022814 -0.4651986 0.5388796
vn -0.6259354 -0.4651987 0.6259354
vn -0.5388796 -0.4651986 0.7022814
vn -0.4426031 -0.4651985 0.7666113
vn -0.3387538 -0.4651986 0.817824
vn -0.2291083 -0.4651985 0.8550436
vn -0.1155425 -0.4651986 0.8776333
vn -0.8253206 -0.5541118 0.1086555
vn -0.8040776 -0.5541118 0.2154519
vn -0.7690763 -0.5541119 0.3185619
vn -0.7209162 -0.5541117 0.4162211
vn -0.6604208 -0.5541118 0.5067587
vn -0.5886255 -0.554112 0.5886255
vn -0.5067587 -0.5541118 0.6604208
vn -0.4162211 -0.5541118 0.7209162
vn -0.3185619 -0.5541119 0.7690763
vn -0.2154519 -0.5541118 0.8040774
vn -0.1086555 -0.5541118 0.8253206
vn -0.7767321 -0.6214744 0.1022587
vn -0.7567396 -0.6214744 0.2027677
vn -0.723799 -0.6214746 0.2998074
vn -0.6784742 -0.6214744 0.3917173
vn -0.6215404 -0.6214744 0.4769247
vn -0.5539717 -0.6214745 0.5539717
vn -0.4769247 -0.6214744 0.6215404
vn -0.3917172 -0.6214744 0.6784741
vn -0.2998074 -0.6214746 0.723799
vn -0.2027678 -0.6214744 0.7567396
vn -0.1022587 -0.6214744 0.7767321
vn -0.7381814 -0.6675656 0.09718343
vn -0.7191811 -0.6675656 0.192704
vn -0.6878753 -0.6675657 0.2849273
vn -0.6448001 -0.6675656 0.3722755
vn -0.590692 -0.6675656 0.453254
vn -0.526477 -0.6675657 0.526477
vn -0.453254 -0.6675656 0.590692
vn -0.3722754 -0.6675656 0.6448
vn -0.2849273 -0.6675657 0.6878753
vn -0.192704 -0.6675656 0.7191809
vn -0.09718337 -0.6675656 0.7381814
vn -0.7153602 -0.6923801 0.09417896
vn -0.6969473 -0.6923801 0.1867464
vn -0.6666095 -0.6923801 0.2761187
vn -0.6248659 -0.6923801 0.3607665
vn -0.5724306 -0.69238 0.4392415
vn -0.5102008 -0.6923802 0.5102008
vn -0.4392415 -0.69238 0.5724306
vn -0.3607664 -0.6923802 0.6248658
vn -0.2761187 -0.6923801 0.6666095
vn -0.1867465 -0.6923801 0.6969473
vn -0.0941789 -0.6923801 0.7153602
vn -0.7156423 -0.6920834 0.09421609
vn -0.6972222 -0.6920835 0.1868201
vn -0.6668724 -0.6920835 0.2762276
vn -0.6251122 -0.6920835 0.3609087
vn -0.5726562 -0.6920835 0.4394147
vn -0.510402 -0.6920835 0.510402
vn -0.4394147 -0.6920835 0.5726562
vn -0.3609087 -0.6920835 0.6251123
vn -0.2762276 -0.6920835 0.6668724
vn -0.1868201 -0.6920835 0.6972222
vn -0.09421604 -0.6920834 0.7156423
vn -0.7529366 -0.6505847 0.09912599
vn -0.7335564 -0.6505848 0.1965559
vn -0.7016252 -0.6505848 0.2906227
vn -0.6576887 -0.650585 0.3797167
vn -0.6024992 -0.6505848 0.4623139
vn -0.5370006 -0.6505848 0.5370006
vn -0.4623139 -0.6505848 0.6024992
vn -0.3797168 -0.6505849 0.6576887
vn -0.2906227 -0.6505848 0.7016252
vn -0.1965559 -0.6505848 0.7335564
vn -0.09912594 -0.6505847 0.7529366
vn -0.8556614 -0.5051273 0.11265
vn -0.8336373 -0.5051273 0.2233724
vn -0.7973495 -0.5051272 0.330273
vn -0.7474185 -0.5051278 0.4315223
vn -0.6846995 -0.5051274 0.5253884
vn -0.6102648 -0.5051273 0.6102648
vn -0.5253884 -0.5051274 0.6846995
vn -0.4315223 -0.5051275 0.7474187
vn -0.330273 -0.5051272 0.7973495
vn -0.2233725 -0.5051273 0.8336373
vn -0.1126499 -0.5051273 0.8556614
vn -0.9914449 0 0.1305262
vn -0.9659258 0 0.258819
vn -0.9238796 0 0.3826835
vn -0.8660254 -0.000001720638 0.5
vn -0.7933533 -6.0475e-7 0.6087614
vn -0.7071068 0 0.7071068
vn -0.6087614 -6.0475e-7 0.7933533
vn -0.4999999 -4.967052e-7 0.8660254
vn -0.3826834 0 0.9238796
vn -0.258819 0 0.9659258
vn -0.1305261 0 0.9914449
vn -0.9776521 -0.2102294 0
vn -0.9692881 -0.2102295 -0.1276092
vn -0.9443394 -0.2102295 -0.253035
vn -0.9032328 -0.2102294 -0.3741313
vn -0.8466716 -0.2102294 -0.4888261
vn -0.7756235 -0.2102294 -0.5951568
vn -0.6913044 -0.2102293 -0.6913044
vn -0.5951568 -0.2102294 -0.7756235
vn -0.488826 -0.2102294 -0.8466715
vn -0.3741313 -0.2102294 -0.9032328
vn -0.253035 -0.2102295 -0.9443394
vn -0.1276091 -0.2102295 -0.9692881
vn 4.273452e-8 -0.2102294 -0.9776521
vn -0.8493589 -0.5278159 0
vn -0.8420924 -0.5278161 -0.1108636
vn -0.8204175 -0.5278161 -0.2198302
vn -0.7847053 -0.5278159 -0.3250356
vn -0.7355663 -0.5278158 -0.4246794
vn -0.6738417 -0.5278159 -0.5170569
vn -0.6005874 -0.5278158 -0.6005874
vn -0.5170569 -0.5278159 -0.6738417
vn -0.4246793 -0.5278159 -0.7355664
vn -0.3250355 -0.5278159 -0.7847052
vn -0.2198302 -0.5278161 -0.8204175
vn -0.1108635 -0.5278161 -0.8420924
vn 3.712665e-8 -0.5278159 -0.8493589
vn -0.624695 -0.7808688 0
vn -0.6193506 -0.7808689 -0.08153906
vn -0.603409 -0.7808689 -0.161683
vn -0.577143 -0.7808688 -0.2390605
vn -0.5410018 -0.7808688 -0.3123475
vn -0.4956039 -0.7808688 -0.3802902
vn -0.4417261 -0.7808688 -0.4417261
vn -0.3802902 -0.7808688 -0.4956039
vn -0.3123474 -0.7808688 -0.5410017
vn -0.2390605 -0.7808688 -0.577143
vn -0.161683 -0.7808689 -0.603409
vn -0.08153901 -0.7808689 -0.6193506
vn 2.730628e-8 -0.7808688 -0.624695
vn -0.4207249 -0.9071883 0
vn -0.4171255 -0.9071883 -0.05491562
vn -0.406389 -0.9071882 -0.1088916
vn -0.3886991 -0.9071883 -0.1610045
vn -0.3643585 -0.9071883 -0.2103625
vn -0.3337835 -0.9071883 -0.2561211
vn -0.2974975 -0.9071882 -0.2974975
vn -0.2561211 -0.9071883 -0.3337835
vn -0.2103625 -0.9071883 -0.3643585
vn -0.1610045 -0.9071883 -0.3886991
vn -0.1088916 -0.9071882 -0.406389
vn -0.05491558 -0.9071882 -0.4171255
vn 1.839047e-8 -0.9071883 -0.4207249
vn -0.2795264 -0.960138 0
vn -0.277135 -0.960138 -0.03648552
vn -0.2700018 -0.960138 -0.07234676
vn -0.2582488 -0.960138 -0.1069701
vn -0.242077 -0.960138 -0.1397632
vn -0.2217632 -0.960138 -0.1701649
vn -0.197655 -0.960138 -0.197655
vn -0.1701649 -0.960138 -0.2217632
vn -0.1397632 -0.960138 -0.242077
vn -0.1069701 -0.960138 -0.2582488
vn -0.07234677 -0.960138 -0.2700018
vn -0.0364855 -0.960138 -0.277135
vn 1.221849e-8 -0.960138 -0.2795264
vn -0.1871121 -0.9823386 0
vn -0.1855113 -0.9823386 -0.02442303
vn -0.1807364 -0.9823386 -0.04842817
vn -0.1728691 -0.9823386 -0.07160471
vn -0.1620439 -0.9823386 -0.09355606
vn -0.148446 -0.9823386 -0.1139066
vn -0.1323082 -0.9823386 -0.1323082
vn -0.1139066 -0.9823386 -0.148446
vn -0.09355604 -0.9823385 -0.1620438
vn -0.07160471 -0.9823386 -0.1728691
vn -0.04842817 -0.9823386 -0.1807364
vn -0.02442302 -0.9823386 -0.1855113
vn 8.17893e-9 -0.9823386 -0.1871121
vn -0.125539 -0.9920887 0
vn -0.124465 -0.9920887 -0.01638613
vn -0.1212614 -0.9920887 -0.03249189
vn -0.1159829 -0.9920887 -0.04804172
vn -0.10872 -0.9920887 -0.06276952
vn -0.09959683 -0.9920887 -0.07642332
vn -0.08876953 -0.9920887 -0.08876953
vn -0.07642332 -0.9920887 -0.09959683
vn -0.06276952 -0.9920887 -0.10872
vn -0.04804172 -0.9920887 -0.1159829
vn -0.03249189 -0.9920887 -0.1212614
vn -0.01638612 -0.9920887 -0.124465
vn 5.487486e-9 -0.9920887 -0.125539
vn -0.08304548 -0.9965458 0
vn -0.082335 -0.9965458 -0.01083961
vn -0.08021577 -0.9965458 -0.02149375
vn -0.07672402 -0.9965458 -0.03178013
vn -0.07191949 -0.9965458 -0.04152274
vn -0.0658844 -0.9965458 -0.05055488
vn -0.05872202 -0.9965458 -0.05872202
vn -0.05055488 -0.9965458 -0.0658844
vn -0.04152273 -0.9965458 -0.07191949
vn -0.03178013 -0.9965458 -0.07672402
vn -0.02149375 -0.9965458 -0.08021577
vn -0.0108396 -0.9965458 -0.082335
vn 3.630033e-9 -0.9965458 -0.08304548
vn -0.05265754 -0.9986126 0
vn -0.05220705 -0.9986126 -0.006873188
vn -0.05086328 -0.9986126 -0.01362877
vn -0.04864923 -0.9986126 -0.02015118
vn -0.04560276 -0.9986126 -0.02632877
vn -0.04177604 -0.9986126 -0.03205588
vn -0.03723451 -0.9986126 -0.03723451
vn -0.03205588 -0.9986126 -0.04177604
vn -0.02632877 -0.9986126 -0.04560277
vn -0.02015118 -0.9986126 -0.04864923
vn -0.01362877 -0.9986126 -0.05086328
vn -0.006873184 -0.9986126 -0.05220705
vn 2.301734e-9 -0.9986126 -0.05265754
vn -0.03022674 -0.9995431 0
vn -0.02996814 -0.9995431 -0.003945381
vn -0.02919679 -0.9995431 -0.007823255
vn -0.02792586 -0.9995431 -0.01156727
vn -0.02617713 -0.9995431 -0.01511337
vn -0.02398048 -0.9995431 -0.01840087
vn -0.02137353 -0.9995431 -0.02137353
vn -0.01840087 -0.9995431 -0.02398048
vn -0.01511336 -0.9995431 -0.02617712
vn -0.01156727 -0.9995431 -0.02792586
vn -0.007823255 -0.9995431 -0.02919679
vn -0.003945379 -0.9995431 -0.02996814
vn 1.321253e-9 -0.9995431 -0.03022674
vn -0.01321154 -0.9999127 0
vn -0.01309851 -0.9999127 -0.001724452
vn -0.01276137 -0.9999128 -0.003419398
vn -0.01220587 -0.9999127 -0.005055838
vn -0.01144153 -0.9999127 -0.006605771
vn -0.01048142 -0.9999128 -0.008042676
vn -0.00934197 -0.9999127 -0.00934197
vn -0.008042676 -0.9999128 -0.01048142
vn -0.00660577 -0.9999127 -0.01144153
vn -0.005055838 -0.9999127 -0.01220587
vn -0.003419398 -0.9999128 -0.01276137
vn -0.001724451 -0.9999127 -0.01309851
vn 5.774947e-10 -0.9999127 -0.01321154
vn 0 -1 0
vn 0.1276092 -0.2102295 -0.9692881
vn 0.253035 -0.2102295 -0.9443394
vn 0.3741313 -0.2102294 -0.9032328
vn 0.4888261 -0.2102294 -0.8466716
vn 0.5951568 -0.2102294 -0.7756235
vn 0.6913044 -0.2102293 -0.6913044
vn 0.7756235 -0.2102294 -0.5951568
vn 0.8466715 -0.2102294 -0.488826
vn 0.9032328 -0.2102294 -0.3741313
vn 0.9443394 -0.2102295 -0.253035
vn 0.9692881 -0.2102295 -0.1276091
vn 0.9776521 -0.2102294 4.273452e-8
vn 0.1108636 -0.5278161 -0.8420924
vn 0.2198302 -0.5278161 -0.8204175
vn 0.3250356 -0.5278159 -0.7847053
vn 0.4246794 -0.5278158 -0.7355663
vn 0.5170569 -0.5278159 -0.6738417
vn 0.6005874 -0.5278158 -0.6005874
vn 0.6738417 -0.5278159 -0.5170569
vn 0.7355664 -0.5278159 -0.4246793
vn 0.7847052 -0.5278159 -0.3250355
vn 0.8204175 -0.5278161 -0.2198302
vn 0.8420924 -0.5278161 -0.1108635
vn 0.8493589 -0.5278159 3.712665e-8
vn 0.08153906 -0.7808689 -0.6193506
vn 0.161683 -0.7808689 -0.603409
vn 0.2390605 -0.7808688 -0.577143
vn 0.3123475 -0.7808688 -0.5410018
vn 0.3802902 -0.7808688 -0.4956039
vn 0.4417261 -0.7808688 -0.4417261
vn 0.4956039 -0.7808688 -0.3802902
vn 0.5410017 -0.7808688 -0.3123474
vn 0.577143 -0.7808688 -0.2390605
vn 0.603409 -0.7808689 -0.161683
vn 0.6193506 -0.7808689 -0.08153901
vn 0.624695 -0.7808688 2.730628e-8
vn 0.05491562 -0.9071883 -0.4171255
vn 0.1088916 -0.9071882 -0.406389
vn 0.1610045 -0.9071883 -0.3886991
vn 0.2103625 -0.9071883 -0.3643585
vn 0.2561211 -0.9071883 -0.3337835
vn 0.2974975 -0.9071882 -0.2974975
vn 0.3337835 -0.9071883 -0.2561211
vn 0.3643585 -0.9071883 -0.2103625
vn 0.3886991 -0.9071883 -0.1610045
vn 0.406389 -0.9071882 -0.1088916
vn 0.4171255 -0.9071882 -0.05491558
vn 0.4207249 -0.9071883 1.839047e-8
vn 0.03648552 -0.960138 -0.277135
vn 0.07234676 -0.960138 -0.2700018
vn 0.1069701 -0.960138 -0.2582488
vn 0.1397632 -0.960138 -0.242077
vn 0.1701649 -0.960138 -0.2217632
vn 0.197655 -0.960138 -0.197655
vn 0.2217632 -0.960138 -0.1701649
vn 0.242077 -0.960138 -0.1397632
vn 0.2582488 -0.960138 -0.1069701
vn 0.2700018 -0.960138 -0.07234677
vn 0.277135 -0.960138 -0.0364855
vn 0.2795264 -0.960138 1.221849e-8
vn 0.02442303 -0.9823386 -0.1855113
vn 0.04842817 -0.9823386 -0.1807364
vn 0.07160471 -0.9823386 -0.1728691
vn 0.09355606 -0.9823386 -0.1620439
vn 0.1139066 -0.9823386 -0.148446
vn 0.1323082 -0.9823386 -0.1323082
vn 0.148446 -0.9823386 -0.1139066
vn 0.1620438 -0.9823385 -0.09355604
vn 0.1728691 -0.9823386 -0.07160471
vn 0.1807364 -0.9823386 -0.04842817
vn 0.1855113 -0.9823386 -0.02442302
vn 0.1871121 -0.9823386 8.17893e-9
vn 0.01638613 -0.9920887 -0.124465
vn 0.03249189 -0.9920887 -0.1212614
vn 0.04804172 -0.9920887 -0.1159829
vn 0.06276952 -0.9920887 -0.10872
vn 0.07642332 -0.9920887 -0.09959683
vn 0.08876953 -0.9920887 -0.08876953
vn 0.09959683 -0.9920887 -0.07642332
vn 0.10872 -0.9920887 -0.06276952
vn 0.1159829 -0.9920887 -0.04804172
vn 0.1212614 -0.9920887 -0.03249189
vn 0.124465 -0.9920887 -0.01638612
vn 0.125539 -0.9920887 5.487486e-9
vn 0.01083961 -0.9965458 -0.082335
vn 0.02149375 -0.9965458 -0.08021577
vn 0.03178013 -0.9965458 -0.07672402
vn 0.04152274 -0.9965458 -0.07191949
vn 0.05055488 -0.9965458 -0.0658844
vn 0.05872202 -0.9965458 -0.05872202
vn 0.0658844 -0.9965458 -0.05055488
vn 0.07191949 -0.9965458 -0.04152273
vn 0.07672402 -0.9965458 -0.03178013
vn 0.08021577 -0.9965458 -0.02149375
vn 0.082335 -0.9965458 -0.0108396
vn 0.08304548 -0.9965458 3.630033e-9
vn 0.006873188 -0.9986126 -0.05220705
vn 0.01362877 -0.9986126 -0.05086328
vn 0.02015118 -0.9986126 -0.04864923
vn 0.02632877 -0.9986126 -0.04560276
vn 0.03205588 -0.9986126 -0.04177604
vn 0.03723451 -0.9986126 -0.03723451
vn 0.04177604 -0.9986126 -0.03205588
vn 0.04560277 -0.9986126 -0.02632877
vn 0.04864923 -0.9986126 -0.02015118
vn 0.05086328 -0.9986126 -0.01362877
vn 0.05220705 -0.9986126 -0.006873184
vn 0.05265754 -0.9986126 2.301734e-9
vn 0.003945381 -0.9995431 -0.02996814
vn 0.007823255 -0.9995431 -0.02919679
vn 0.01156727 -0.9995431 -0.02792586
vn 0.01511337 -0.9995431 -0.02617713
vn 0.01840087 -0.9995431 -0.02398048
vn 0.02137353 -0.9995431 -0.02137353
vn 0.02398048 -0.9995431 -0.01840087
vn 0.02617712 -0.9995431 -0.01511336
vn 0.02792586 -0.9995431 -0.01156727
vn 0.02919679 -0.9995431 -0.007823255
vn 0.02996814 -0.9995431 -0.003945379
vn 0.03022674 -0.9995431 1.321253e-9
vn 0.001724452 -0.9999127 -0.01309851
vn 0.003419398 -0.9999128 -0.01276137
vn 0.005055838 -0.9999127 -0.01220587
vn 0.006605771 -0.9999127 -0.01144153
vn 0.008042676 -0.9999128 -0.01048142
vn 0.00934197 -0.9999127 -0.00934197
vn 0.01048142 -0.9999128 -0.008042676
vn 0.01144153 -0.9999127 -0.00660577
vn 0.01220587 -0.9999127 -0.005055838
vn 0.01276137 -0.9999128 -0.003419398
vn 0.01309851 -0.9999127 -0.001724451
vn 0.01321154 -0.9999127 5.774947e-10
vn 0 -0.2102294 0.9776521
vn 0.1276092 -0.2102295 0.9692881
vn 0.253035 -0.2102295 0.9443394
vn 0.3741313 -0.2102294 0.9032328
vn 0.4888261 -0.2102294 0.8466716
vn 0.5951568 -0.2102294 0.7756235
vn 0.6913044 -0.2102293 0.6913044
vn 0.7756235 -0.2102294 0.5951568
vn 0.8466715 -0.2102294 0.488826
vn 0.9032328 -0.2102294 0.3741313
vn 0.9443394 -0.2102295 0.253035
vn 0.9692881 -0.2102295 0.1276091
vn 0 -0.5278159 0.8493589
vn 0.1108636 -0.5278161 0.8420924
vn 0.2198302 -0.5278161 0.8204175
vn 0.3250356 -0.5278159 0.7847053
vn 0.4246794 -0.5278158 0.7355663
vn 0.5170569 -0.5278159 0.6738417
vn 0.6005874 -0.5278158 0.6005874
vn 0.6738417 -0.5278159 0.5170569
vn 0.7355664 -0.5278159 0.4246793
vn 0.7847052 -0.5278159 0.3250355
vn 0.8204175 -0.5278161 0.2198302
vn 0.8420924 -0.5278161 0.1108635
vn 0 -0.7808688 0.624695
vn 0.08153906 -0.7808689 0.6193506
vn 0.161683 -0.7808689 0.603409
vn 0.2390605 -0.7808688 0.577143
vn 0.3123475 -0.7808688 0.5410018
vn 0.3802902 -0.7808688 0.4956039
vn 0.4417261 -0.7808688 0.4417261
vn 0.4956039 -0.7808688 0.3802902
vn 0.5410017 -0.7808688 0.3123474
vn 0.577143 -0.7808688 0.2390605
vn 0.603409 -0.7808689 0.161683
vn 0.6193506 -0.7808689 0.08153901
vn 0 -0.9071883 0.4207249
vn 0.05491562 -0.9071883 0.4171255
vn 0.1088916 -0.9071882 0.406389
vn 0.1610045 -0.9071883 0.3886991
vn 0.2103625 -0.9071883 0.3643585
vn 0.2561211 -0.9071883 0.3337835
vn 0.2974975 -0.9071882 0.2974975
vn 0.3337835 -0.9071883 0.2561211
vn 0.3643585 -0.9071883 0.2103625
vn 0.3886991 -0.9071883 0.1610045
vn 0.406389 -0.9071882 0.1088916
vn 0.4171255 -0.9071882 0.05491558
vn 0 -0.960138 0.2795264
vn 0.03648552 -0.960138 0.277135
vn 0.07234676 -0.960138 0.2700018
vn 0.1069701 -0.960138 0.2582488
vn 0.1397632 -0.960138 0.242077
vn 0.1701649 -0.960138 0.2217632
vn 0.197655 -0.960138 0.197655
vn 0.2217632 -0.960138 0.1701649
vn 0.242077 -0.960138 0.1397632
vn 0.2582488 -0.960138 0.1069701
vn 0.2700018 -0.960138 0.07234677
vn 0.277135 -0.960138 0.0364855
vn 0 -0.9823386 0.1871121
vn 0.02442303 -0.9823386 0.1855113
vn 0.04842817 -0.9823386 0.1807364
vn 0.07160471 -0.9823386 0.1728691
vn 0.09355606 -0.9823386 0.1620439
vn 0.1139066 -0.9823386 0.148446
vn 0.1323082 -0.9823386 0.1323082
vn 0.148446 -0.9823386 0.1139066
vn 0.1620438 -0.9823385 0.09355604
vn 0.1728691 -0.9823386 0.07160471
vn 0.1807364 -0.9823386 0.04842817
vn 0.1855113 -0.9823386 0.02442302
vn 0 -0.9920887 0.125539
vn 0.01638613 -0.9920887 0.124465
vn 0.03249189 -0.9920887 0.1212614
vn 0.04804172 -0.9920887 0.1159829
vn 0.06276952 -0.9920887 0.10872
vn 0.07642332 -0.9920887 0.09959683
vn 0.08876953 -0.9920887 0.08876953
vn 0.09959683 -0.9920887 0.07642332
vn 0.10872 -0.9920887 0.06276952
vn 0.1159829 -0.9920887 0.04804172
vn 0.1212614 -0.9920887 0.03249189
vn 0.124465 -0.9920887 0.01638612
vn 0 -0.9965458 0.08304548
vn 0.01083961 -0.9965458 0.082335
vn 0.02149375 -0.9965458 0.08021577
vn 0.03178013 -0.9965458 0.07672402
vn 0.04152274 -0.9965458 0.07191949
vn 0.05055488 -0.9965458 0.0658844
vn 0.05872202 -0.9965458 0.05872202
vn 0.0658844 -0.9965458 0.05055488
vn 0.07191949 -0.9965458 0.04152273
vn 0.07672402 -0.9965458 0.03178013
vn 0.08021577 -0.9965458 0.02149375
vn 0.082335 -0.9965458 0.0108396
vn 0 -0.9986126 0.05265754
vn 0.006873188 -0.9986126 0.05220705
vn 0.01362877 -0.9986126 0.05086328
vn 0.02015118 -0.9986126 0.04864923
vn 0.02632877 -0.9986126 0.04560276
vn 0.03205588 -0.9986126 0.04177604
vn 0.03723451 -0.9986126 0.03723451
vn 0.04177604 -0.9986126 0.03205588
vn 0.04560277 -0.9986126 0.02632877
vn 0.04864923 -0.9986126 0.02015118
vn 0.05086328 -0.9986126 0.01362877
vn 0.05220705 -0.9986126 0.006873184
vn 0 -0.9995431 0.03022674
vn 0.003945381 -0.9995431 0.02996814
vn 0.007823255 -0.9995431 0.02919679
vn 0.01156727 -0.9995431 0.02792586
vn 0.01511337 -0.9995431 0.02617713
vn 0.01840087 -0.9995431 0.02398048
vn 0.02137353 -0.9995431 0.02137353
vn 0.02398048 -0.9995431 0.01840087
vn 0.02617712 -0.9995431 0.01511336
vn 0.02792586 -0.9995431 0.01156727
vn 0.02919679 -0.9995431 0.007823255
vn 0.02996814 -0.9995431 0.003945379
vn 0 -0.9999127 0.01321154
vn 0.001724452 -0.9999127 0.01309851
vn 0.003419398 -0.9999128 0.01276137
vn 0.005055838 -0.9999127 0.01220587
vn 0.006605771 -0.9999127 0.01144153
vn 0.008042676 -0.9999128 0.01048142
vn 0.00934197 -0.9999127 0.00934197
vn 0.01048142 -0.9999128 0.008042676
vn 0.01144153 -0.9999127 0.00660577
vn 0.01220587 -0.9999127 0.005055838
vn 0.01276137 -0.9999128 0.003419398
vn 0.01309851 -0.9999127 0.001724451
vn -0.9692881 -0.2102295 0.1276092
vn -0.9443394 -0.2102295 0.253035
vn -0.9032328 -0.2102294 0.3741313
vn -0.8466716 -0.2102294 0.4888261
vn -0.7756235 -0.2102294 0.5951568
vn -0.6913044 -0.2102293 0.6913044
vn -0.5951568 -0.2102294 0.7756235
vn -0.488826 -0.2102294 0.8466715
vn -0.3741313 -0.2102294 0.9032328
vn -0.253035 -0.2102295 0.9443394
vn -0.1276091 -0.2102295 0.9692881
vn -0.8420924 -0.5278161 0.1108636
vn -0.8204175 -0.5278161 0.2198302
vn -0.7847053 -0.5278159 0.3250356
vn -0.7355663 -0.5278158 0.4246794
vn -0.6738417 -0.5278159 0.5170569
vn -0.6005874 -0.5278158 0.6005874
vn -0.5170569 -0.5278159 0.6738417
vn -0.4246793 -0.5278159 0.7355664
vn -0.3250355 -0.5278159 0.7847052
vn -0.2198302 -0.5278161 0.8204175
vn -0.1108635 -0.5278161 0.8420924
vn -0.6193506 -0.7808689 0.08153906
vn -0.603409 -0.7808689 0.161683
vn -0.577143 -0.7808688 0.2390605
vn -0.5410018 -0.7808688 0.3123475
vn -0.4956039 -0.7808688 0.3802902
vn -0.4417261 -0.7808688 0.4417261
vn -0.3802902 -0.7808688 0.4956039
vn -0.3123474 -0.7808688 0.5410017
vn -0.2390605 -0.7808688 0.577143
vn -0.161683 -0.7808689 0.603409
vn -0.08153901 -0.7808689 0.6193506
vn -0.4171255 -0.9071883 0.05491562
vn -0.406389 -0.9071882 0.1088916
vn -0.3886991 -0.9071883 0.1610045
vn -0.3643585 -0.9071883 0.2103625
vn -0.3337835 -0.9071883 0.2561211
vn -0.2974975 -0.9071882 0.2974975
vn -0.2561211 -0.9071883 0.3337835
vn -0.2103625 -0.9071883 0.3643585
vn -0.1610045 -0.9071883 0.3886991
vn -0.1088916 -0.9071882 0.406389
vn -0.05491558 -0.9071882 0.4171255
vn -0.277135 -0.960138 0.03648552
vn -0.2700018 -0.960138 0.07234676
vn -0.2582488 -0.960138 0.1069701
vn -0.242077 -0.960138 0.1397632
vn -0.2217632 -0.960138 0.1701649
vn -0.197655 -0.960138 0.197655
vn -0.1701649 -0.960138 0.2217632
vn -0.1397632 -0.960138 0.242077
vn -0.1069701 -0.960138 0.2582488
vn -0.07234677 -0.960138 0.2700018
vn -0.0364855 -0.960138 0.277135
vn -0.1855113 -0.9823386 0.02442303
vn -0.1807364 -0.9823386 0.04842817
vn -0.1728691 -0.9823386 0.07160471
vn -0.1620439 -0.9823386 0.09355606
vn -0.148446 -0.9823386 0.1139066
vn -0.1323082 -0.9823386 0.1323082
vn -0.1139066 -0.9823386 0.148446
vn -0.09355604 -0.9823385 0.1620438
vn -0.07160471 -0.9823386 0.1728691
vn -0.04842817 -0.9823386 0.1807364
vn -0.02442302 -0.9823386 0.1855113
vn -0.124465 -0.9920887 0.01638613
vn -0.1212614 -0.9920887 0.03249189
vn -0.1159829 -0.9920887 0.04804172
vn -0.10872 -0.9920887 0.06276952
vn -0.09959683 -0.9920887 0.07642332
vn -0.08876953 -0.9920887 0.08876953
vn -0.07642332 -0.9920887 0.09959683
vn -0.06276952 -0.9920887 0.10872
vn -0.04804172 -0.9920887 0.1159829
vn -0.03249189 -0.9920887 0.1212614
vn -0.01638612 -0.9920887 0.124465
vn -0.082335 -0.9965458 0.01083961
vn -0.08021577 -0.9965458 0.02149375
vn -0.07672402 -0.9965458 0.03178013
vn -0.07191949 -0.9965458 0.04152274
vn -0.0658844 -0.9965458 0.05055488
vn -0.05872202 -0.9965458 0.05872202
vn -0.05055488 -0.9965458 0.0658844
vn -0.04152273 -0.9965458 0.07191949
vn -0.03178013 -0.9965458 0.07672402
vn -0.02149375 -0.9965458 0.08021577
vn -0.0108396 -0.9965458 0.082335
vn -0.05220705 -0.9986126 0.006873188
vn -0.05086328 -0.9986126 0.01362877
vn -0.04864923 -0.9986126 0.02015118
vn -0.04560276 -0.9986126 0.02632877
vn -0.04177604 -0.9986126 0.03205588
vn -0.03723451 -0.9986126 0.03723451
vn -0.03205588 -0.9986126 0.04177604
vn -0.02632877 -0.9986126 0.04560277
vn -0.02015118 -0.9986126 0.04864923
vn -0.01362877 -0.9986126 0.05086328
vn -0.006873184 -0.9986126 0.05220705
vn -0.02996814 -0.9995431 0.003945381
vn -0.02919679 -0.9995431 0.007823255
vn -0.02792586 -0.9995431 0.01156727
vn -0.02617713 -0.9995431 0.01511337
vn -0.02398048 -0.9995431 0.01840087
vn -0.02137353 -0.9995431 0.02137353
vn -0.01840087 -0.9995431 0.02398048
vn -0.01511336 -0.9995431 0.02617712
vn -0.01156727 -0.9995431 0.02792586
vn -0.007823255 -0.9995431 0.02919679
vn -0.003945379 -0.9995431 0.02996814
vn -0.01309851 -0.9999127 0.001724452
vn -0.01276137 -0.9999128 0.003419398
vn -0.01220587 -0.9999127 0.005055838
vn -0.01144153 -0.9999127 0.006605771
vn -0.01048142 -0.9999128 0.008042676
vn -0.00934197 -0.9999127 0.00934197
vn -0.008042676 -0.9999128 0.01048142
vn -0.00660577 -0.9999127 0.01144153
vn -0.005055838 -0.9999127 0.01220587
vn -0.003419398 -0.9999128 0.01276137
vn -0.001724451 -0.9999127 0.01309851

vt 0.125 0.9714369
vt 0.1347656 0.9714158
vt 0.1445313 0.9713563
vt 0.1542969 0.971262
vt 0.1640625 0.9711357
vt 0.1738281 0.9709805
vt 0.1835938 0.9708003
vt 0.1933594 0.9706012
vt 0.203125 0.9703932
vt 0.125 0.9451058
vt 0.1347656 0.9450622
vt 0.1445313 0.9449384
vt 0.1542969 0.9447424
vt 0.1640625 0.9444802
vt 0.1738281 0.9441577
vt 0.1835938 0.9437831
vt 0.1933594 0.9433694
vt 0.203125 0.9429374
vt 0.2128906 0.9425178
vt 0.2226563 0.9421533
vt 0.2324219 0.9418956
vt 0.2421875 0.9417989
vt 0.125 0.920759
vt 0.1347656 0.9206926
vt 0.1445313 0.9205046
vt 0.1542969 0.920207
vt 0.1640625 0.9198087
vt 0.1738281 0.9193189
vt 0.1835938 0.91875
vt 0.1933594 0.9181218
vt 0.203125 0.9174656
vt 0.2128906 0.9168284
vt 0.2226563 0.9162747
vt 0.2324219 0.9158834
vt 0.2421875 0.9157366
vt 0.125 0.8981482
vt 0.1347656 0.8980608
vt 0.1445313 0.8978133
vt 0.1542969 0.8974214
vt 0.1640625 0.8968969
vt 0.1738281 0.8962519
vt 0.1835938 0.8955027
vt 0.1933594 0.8946754
vt 0.203125 0.8938112
vt 0.2128906 0.8929722
vt 0.2226563 0.892243
vt 0.2324219 0.8917277
vt 0.2421875 0.8915344
vt 0.125 0.8770254
vt 0.1347656 0.8769204
vt 0.1445313 0.8766226
vt 0.1542969 0.876151
vt 0.1640625 0.87552
vt 0.1738281 0.8747439
vt 0.1835938 0.8738426
vt 0.1933594 0.8728472
vt 0.203125 0.8718076
vt 0.2128906 0.8707981
vt 0.2226563 0.8699208
vt 0.2324219 0.8693008
vt 0.2421875 0.8690683
vt 0.125 0.8571429
vt 0.1347656 0.857025
vt 0.1445313 0.8566908
vt 0.1542969 0.8561617
vt 0.1640625 0.8554536
vt 0.1738281 0.8545828
vt 0.1835938 0.8535714
vt 0.1933594 0.8524545
vt 0.203125 0.851288
vt 0.2128906 0.8501553
vt 0.2226563 0.8491709
vt 0.2324219 0.8484753
vt 0.2421875 0.8482143
vt 0.125 0.8382523
vt 0.1347656 0.8381281
vt 0.1445313 0.8377762
vt 0.1542969 0.8372189
vt 0.1640625 0.8364732
vt 0.1738281 0.835556
vt 0.1835938 0.8344908
vt 0.1933594 0.8333144
vt 0.203125 0.8320857
vt 0.2128906 0.8308927
vt 0.2226563 0.8298559
vt 0.2324219 0.8291233
vt 0.2421875 0.8288484
vt 0.125 0.8201058
vt 0.1347656 0.8199836
vt 0.1445313 0.8196369
vt 0.1542969 0.8190883
vt 0.1640625 0.818354
vt 0.1738281 0.817451
vt 0.1835938 0.8164021
vt 0.1933594 0.8152439
vt 0.203125 0.8140341
vt 0.2128906 0.8128594
vt 0.2226563 0.8118386
vt 0.2324219 0.8111172
vt 0.2421875 0.8108466
vt 0.125 0.8024554
vt 0.1347656 0.8023448
vt 0.1445313 0.8020315
vt 0.1542969 0.8015355
vt 0.1640625 0.8008717
vt 0.1738281 0.8000553
vt 0.1835938 0.7991071
vt 0.1933594 0.7980601
vt 0.203125 0.7969664
vt 0.2128906 0.7959045
vt 0.2226563 0.7949817
vt 0.2324219 0.7943295
vt 0.2421875 0.7940848
vt 0.125 0.7850529
vt 0.1347656 0.7849656
vt 0.1445313 0.784718
vt 0.1542969 0.7843261
vt 0.1640625 0.7838017
vt 0.1738281 0.7831566
vt 0.1835938 0.7824074
vt 0.1933594 0.7815801
vt 0.203125 0.780716
vt 0.2128906 0.7798769
vt 0.2226563 0.7791477
vt 0.2324219 0.7786325
vt 0.2421875 0.7784392
vt 0.125 0.7676505
vt 0.1347656 0.7675995
vt 0.1445313 0.7674547
vt 0.1542969 0.7672257
vt 0.1640625 0.7669193
vt 0.1738281 0.7665423
vt 0.1835938 0.7661045
vt 0.1933594 0.7656211
vt 0.203125 0.7651161
vt 0.2128906 0.7646257
vt 0.2226563 0.7641996
vt 0.2324219 0.7638985
vt 0.2421875 0.7637855
vt 0.125 0.75
vt 0.1347656 0.75
vt 0.1445313 0.75
vt 0.1542969 0.75
vt 0.1640625 0.75
vt 0.1738281 0.75
vt 0.1835938 0.75
vt 0.1933594 0.75
vt 0.203125 0.75
vt 0.2128906 0.75
vt 0.2226563 0.75
vt 0.2324219 0.75
vt 0.2421875 0.75
vt 0.125 0.9842058
vt 0.1347656 0.9846835
vt 0.1445313 0.984646
vt 0.1523989 0.9841151
vt 0.1525195 0.9841181
vt 0.1542969 0.9841803
vt 0.1640625 0.9837463
vt 0.1738281 0.9822432
vt 0.1787462 0.9809198
vt 0.1835938 0.979644
vt 0.1933594 0.9762139
vt 0.2009379 0.973047
vt 0.203125 0.9721708
vt 0.2075111 0.9703026
vt 0.2119648 0.9683204
vt 0.2128906 0.9680326
vt 0.2226563 0.9652725
vt 0.2324219 0.9630839
vt 0.2421875 0.961605
vt 0.125 0.987185
vt 0.125 0.9901642
vt 0.125 0.9931433
vt 0.125 0.9961224
vt 0.1347656 0.9876626
vt 0.1347656 0.9906417
vt 0.1347656 0.9936209
vt 0.1347656 0.9966
vt 0.1445313 0.9876251
vt 0.1445313 0.9906043
vt 0.1445313 0.9935835
vt 0.1445313 0.9965626
vt 0.1523989 0.9870942
vt 0.1523989 0.9900733
vt 0.1523989 0.9930525
vt 0.1523989 0.9960316
vt 0.1525195 0.9870973
vt 0.1525195 0.9900764
vt 0.1525195 0.9930556
vt 0.1525195 0.9960347
vt 0.1542969 0.9871594
vt 0.1542969 0.9901385
vt 0.1542969 0.9931177
vt 0.1542969 0.9960968
vt 0.1640625 0.9867255
vt 0.1640625 0.9897046
vt 0.1640625 0.9926838
vt 0.1640625 0.9956629
vt 0.1738281 0.9852223
vt 0.1738281 0.9882015
vt 0.1738281 0.9911807
vt 0.1738281 0.9941598
vt 0.1787462 0.9838989
vt 0.1787462 0.986878
vt 0.1787462 0.9898572
vt 0.1787462 0.9928364
vt 0.1835938 0.9826231
vt 0.1835938 0.9856023
vt 0.1835938 0.9885815
vt 0.1835938 0.9915606
vt 0.1933594 0.979193
vt 0.1933594 0.9821721
vt 0.1933594 0.9851513
vt 0.1933594 0.9881305
vt 0.2009379 0.9760261
vt 0.2009379 0.9790052
vt 0.2009379 0.9819844
vt 0.2009379 0.9849635
vt 0.203125 0.9751499
vt 0.203125 0.978129
vt 0.203125 0.9811082
vt 0.203125 0.9840873
vt 0.2075111 0.9732817
vt 0.2075111 0.9762609
vt 0.2075111 0.97924
vt 0.2075111 0.9822192
vt 0.2119648 0.9712995
vt 0.2119648 0.9742787
vt 0.2119648 0.9772578
vt 0.2119648 0.9802369
vt 0.2128906 0.9710118
vt 0.2128906 0.9739909
vt 0.2128906 0.97697
vt 0.2128906 0.9799492
vt 0.2226563 0.9682516
vt 0.2226563 0.9712307
vt 0.2226563 0.9742099
vt 0.2226563 0.9771891
vt 0.2324219 0.966063
vt 0.2324219 0.9690422
vt 0.2324219 0.9720213
vt 0.2324219 0.9750004
vt 0.2421875 0.9645841
vt 0.2421875 0.9675633
vt 0.2421875 0.9705424
vt 0.2421875 0.9735216
vt 0.1152344 0.9714158
vt 0.1054688 0.9713563
vt 0.09570313 0.971262
vt 0.0859375 0.9711357
vt 0.07617188 0.9709805
vt 0.06640625 0.9708003
vt 0.05664063 0.9706012
vt 0.046875 0.9703932
vt 0.1152344 0.9450622
vt 0.1054688 0.9449384
vt 0.09570313 0.9447424
vt 0.0859375 0.9444802
vt 0.07617188 0.9441577
vt 0.06640625 0.9437831
vt 0.05664063 0.9433694
vt 0.046875 0.9429374
vt 0.03710938 0.9425178
vt 0.02734375 0.9421533
vt 0.01757813 0.9418956
vt 0.0078125 0.9417989
vt 0.1152344 0.9206926
vt 0.1054688 0.9205046
vt 0.09570313 0.920207
vt 0.0859375 0.9198087
vt 0.07617188 0.9193189
vt 0.06640625 0.91875
vt 0.05664063 0.9181218
vt 0.046875 0.9174656
vt 0.03710938 0.9168284
vt 0.02734375 0.9162747
vt 0.01757813 0.9158834
vt 0.0078125 0.9157366
vt 0.1152344 0.8980608
vt 0.1054688 0.8978133
vt 0.09570313 0.8974214
vt 0.0859375 0.8968969
vt 0.07617188 0.8962519
vt 0.06640625 0.8955027
vt 0.05664063 0.8946754
vt 0.046875 0.8938112
vt 0.03710938 0.8929722
vt 0.02734375 0.892243
vt 0.01757813 0.8917277
vt 0.0078125 0.8915344
vt 0.1152344 0.8769204
vt 0.1054688 0.8766226
vt 0.09570313 0.876151
vt 0.0859375 0.87552
vt 0.07617188 0.8747439
vt 0.06640625 0.8738426
vt 0.05664063 0.8728472
vt 0.046875 0.8718076
vt 0.03710938 0.8707981
vt 0.02734375 0.8699208
vt 0.01757813 0.8693008
vt 0.0078125 0.8690683
vt 0.1152344 0.857025
vt 0.1054688 0.8566908
vt 0.09570313 0.8561617
vt 0.0859375 0.8554536
vt 0.07617188 0.8545828
vt 0.06640625 0.8535714
vt 0.05664063 0.8524545
vt 0.046875 0.851288
vt 0.03710938 0.8501553
vt 0.02734375 0.8491709
vt 0.01757813 0.8484753
vt 0.0078125 0.8482143
vt 0.1152344 0.8381281
vt 0.1054688 0.8377762
vt 0.09570313 0.8372189
vt 0.0859375 0.8364732
vt 0.07617188 0.835556
vt 0.06640625 0.8344908
vt 0.05664063 0.8333144
vt 0.046875 0.8320857
vt 0.03710938 0.8308927
vt 0.02734375 0.8298559
vt 0.01757813 0.8291233
vt 0.0078125 0.8288484
vt 0.1152344 0.8199836
vt 0.1054688 0.8196369
vt 0.09570313 0.8190883
vt 0.0859375 0.818354
vt 0.07617188 0.817451
vt 0.06640625 0.8164021
vt 0.05664063 0.8152439
vt 0.046875 0.8140341
vt 0.03710938 0.8128594
vt 0.02734375 0.8118386
vt 0.01757813 0.8111172
vt 0.0078125 0.8108466
vt 0.1152344 0.8023448
vt 0.1054688 0.8020315
vt 0.09570313 0.8015355
vt 0.0859375 0.8008717
vt 0.07617188 0.8000553
vt 0.06640625 0.7991071
vt 0.05664063 0.7980601
vt 0.046875 0.7969664
vt 0.03710938 0.7959045
vt 0.02734375 0.7949817
vt 0.01757813 0.7943295
vt 0.0078125 0.7940848
vt 0.1152344 0.7849656
vt 0.1054688 0.784718
vt 0.09570313 0.7843261
vt 0.0859375 0.7838017
vt 0.07617188 0.7831566
vt 0.06640625 0.7824074
vt 0.05664063 0.7815801
vt 0.046875 0.780716
vt 0.03710938 0.7798769
vt 0.02734375 0.7791477
vt 0.01757813 0.7786325
vt 0.0078125 0.7784392
vt 0.1152344 0.7675995
vt 0.1054688 0.7674547
vt 0.09570313 0.7672257
vt 0.0859375 0.7669193
vt 0.07617188 0.7665423
vt 0.06640625 0.7661045
vt 0.05664063 0.7656211
vt 0.046875 0.7651161
vt 0.03710938 0.7646257
vt 0.02734375 0.7641996
vt 0.01757813 0.7638985
vt 0.0078125 0.7637855
vt 0.1152344 0.75
vt 0.1054688 0.75
vt 0.09570313 0.75
vt 0.0859375 0.75
vt 0.07617188 0.75
vt 0.06640625 0.75
vt 0.05664063 0.75
vt 0.046875 0.75
vt 0.03710938 0.75
vt 0.02734375 0.75
vt 0.01757813 0.75
vt 0.0078125 0.75
vt 0.1152344 0.9846835
vt 0.1054688 0.984646
vt 0.09760113 0.9841151
vt 0.09748052 0.9841181
vt 0.09570313 0.9841803
vt 0.0859375 0.9837463
vt 0.07617188 0.9822432
vt 0.07125382 0.9809198
vt 0.06640625 0.979644
vt 0.05664063 0.9762139
vt 0.04906215 0.973047
vt 0.046875 0.9721708
vt 0.04248887 0.9703026
vt 0.03803515 0.9683204
vt 0.03710938 0.9680326
vt 0.02734375 0.9652725
vt 0.01757813 0.9630839
vt 0.0078125 0.961605
vt 0.1152344 0.9876626
vt 0.1152344 0.9906417
vt 0.1152344 0.9936209
vt 0.1152344 0.9966
vt 0.1054688 0.9876251
vt 0.1054688 0.9906043
vt 0.1054688 0.9935835
vt 0.1054688 0.9965626
vt 0.09760113 0.9870942
vt 0.09760113 0.9900733
vt 0.09760113 0.9930525
vt 0.09760113 0.9960316
vt 0.09748052 0.9870973
vt 0.09748052 0.9900764
vt 0.09748052 0.9930556
vt 0.09748052 0.9960347
vt 0.09570313 0.9871594
vt 0.09570313 0.9901385
vt 0.09570313 0.9931177
vt 0.09570313 0.9960968
vt 0.0859375 0.9867255
vt 0.0859375 0.9897046
vt 0.0859375 0.9926838
vt 0.0859375 0.9956629
vt 0.07617188 0.9852223
vt 0.07617188 0.9882015
vt 0.07617188 0.9911807
vt 0.07617188 0.9941598
vt 0.07125382 0.9838989
vt 0.07125382 0.986878
vt 0.07125382 0.9898572
vt 0.07125382 0.9928364
vt 0.06640625 0.9826231
vt 0.06640625 0.9856023
vt 0.06640625 0.9885815
vt 0.06640625 0.9915606
vt 0.05664063 0.979193
vt 0.05664063 0.9821721
vt 0.05664063 0.9851513
vt 0.05664063 0.9881305
vt 0.04906215 0.9760261
vt 0.04906215 0.9790052
vt 0.04906215 0.9819844
vt 0.04906215 0.9849635
vt 0.046875 0.9751499
vt 0.046875 0.978129
vt 0.046875 0.9811082
vt 0.046875 0.9840873
vt 0.04248887 0.9732817
vt 0.04248887 0.9762609
vt 0.04248887 0.97924
vt 0.04248887 0.9822192
vt 0.03803515 0.9712995
vt 0.03803515 0.9742787
vt 0.03803515 0.9772578
vt 0.03803515 0.9802369
vt 0.03710938 0.9710118
vt 0.03710938 0.9739909
vt 0.03710938 0.97697
vt 0.03710938 0.9799492
vt 0.02734375 0.9682516
vt 0.02734375 0.9712307
vt 0.02734375 0.9742099
vt 0.02734375 0.9771891
vt 0.01757813 0.966063
vt 0.01757813 0.9690422
vt 0.01757813 0.9720213
vt 0.01757813 0.9750004
vt 0.0078125 0.9645841
vt 0.0078125 0.9675633
vt 0.0078125 0.9705424
vt 0.0078125 0.9735216
vt 0.125 0.7334712
vt 0.1347656 0.7335255
vt 0.1445313 0.7336794
vt 0.1542969 0.7339227
vt 0.1640625 0.7342479
vt 0.1738281 0.7346462
vt 0.1835938 0.7351061
vt 0.1933594 0.7356095
vt 0.203125 0.7361294
vt 0.2128906 0.7366278
vt 0.2226563 0.7370554
vt 0.2324219 0.7373543
vt 0.2421875 0.7374656
vt 0.125 0.7166411
vt 0.1347656 0.7167282
vt 0.1445313 0.7169747
vt 0.1542969 0.7173645
vt 0.1640625 0.7178848
vt 0.1738281 0.7185214
vt 0.1835938 0.7192554
vt 0.1933594 0.7200578
vt 0.203125 0.7208856
vt 0.2128906 0.7216784
vt 0.2226563 0.722358
vt 0.2324219 0.7228327
vt 0.2421875 0.7230096
vt 0.125 0.6994448
vt 0.1347656 0.6995466
vt 0.1445313 0.6998348
vt 0.1542969 0.7002899
vt 0.1640625 0.7008964
vt 0.1738281 0.7016375
vt 0.1835938 0.7024906
vt 0.1933594 0.7034215
vt 0.203125 0.7043805
vt 0.2128906 0.7052976
vt 0.2226563 0.7060829
vt 0.2324219 0.7066311
vt 0.2421875 0.7068352
vt 0.125 0.6818174
vt 0.1347656 0.6819194
vt 0.1445313 0.682208
vt 0.1542969 0.6826631
vt 0.1640625 0.6832684
vt 0.1738281 0.6840065
vt 0.1835938 0.684854
vt 0.1933594 0.6857769
vt 0.203125 0.6867255
vt 0.2128906 0.6876311
vt 0.2226563 0.6884052
vt 0.2324219 0.688945
vt 0.2421875 0.6891459
vt 0.125 0.6636941
vt 0.1347656 0.6637853
vt 0.1445313 0.664043
vt 0.1542969 0.6644486
vt 0.1640625 0.6649866
vt 0.1738281 0.6656404
vt 0.1835938 0.6663886
vt 0.1933594 0.6672006
vt 0.203125 0.6680325
vt 0.2128906 0.6688246
vt 0.2226563 0.6695
vt 0.2324219 0.6699702
vt 0.2421875 0.670145
vt 0.125 0.6450101
vt 0.1347656 0.645083
vt 0.1445313 0.6452885
vt 0.1542969 0.6456107
vt 0.1640625 0.6460364
vt 0.1738281 0.6465511
vt 0.1835938 0.6471369
vt 0.1933594 0.647769
vt 0.203125 0.6484133
vt 0.2128906 0.6490237
vt 0.2226563 0.6495423
vt 0.2324219 0.6499023
vt 0.2421875 0.6500361
vt 0.125 0.6257006
vt 0.1347656 0.625751
vt 0.1445313 0.6258928
vt 0.1542969 0.626114
vt 0.1640625 0.6264037
vt 0.1738281 0.6267506
vt 0.1835938 0.6271414
vt 0.1933594 0.6275586
vt 0.203125 0.6279794
vt 0.2128906 0.6283743
vt 0.2226563 0.6287073
vt 0.2324219 0.6289372
vt 0.2421875 0.6290222
vt 0.125 0.6057006
vt 0.1347656 0.6057281
vt 0.1445313 0.6058048
vt 0.1542969 0.6059227
vt 0.1640625 0.606074
vt 0.1738281 0.606251
vt 0.1835938 0.6064448
vt 0.1933594 0.6066458
vt 0.203125 0.6068425
vt 0.2128906 0.6070222
vt 0.2226563 0.60717
vt 0.2324219 0.6072704
vt 0.2421875 0.6073071
vt 0.125 0.5849454
vt 0.1347656 0.584953
vt 0.1445313 0.5849729
vt 0.1542969 0.5850012
vt 0.1640625 0.5850332
vt 0.1738281 0.5850642
vt 0.1835938 0.5850898
vt 0.1933594 0.585107
vt 0.203125 0.5851145
vt 0.2128906 0.5851129
vt 0.2226563 0.5851057
vt 0.2324219 0.5850975
vt 0.2421875 0.5850939
vt 0.125 0.5633702
vt 0.1347656 0.5633641
vt 0.1445313 0.5633458
vt 0.1542969 0.563314
vt 0.1640625 0.5632668
vt 0.1738281 0.563202
vt 0.1835938 0.5631189
vt 0.1933594 0.5630189
vt 0.203125 0.5629069
vt 0.2128906 0.5627924
vt 0.2226563 0.5626891
vt 0.2324219 0.5626144
vt 0.2421875 0.5625861
vt 0.125 0.5409099
vt 0.1347656 0.5409002
vt 0.1445313 0.5408719
vt 0.1542969 0.5408255
vt 0.1640625 0.5407605
vt 0.1738281 0.5406767
vt 0.1835938 0.5405748
vt 0.1933594 0.5404577
vt 0.2421875 0.5467142
vt 0.2324219 0.5456807
vt 0.2226563 0.5449443
vt 0.2210746 0.5448325
vt 0.2128906 0.543653
vt 0.2036475 0.5420343
vt 0.203125 0.5418637
vt 0.1982465 0.5403945
vt 0.1962894 0.5399255
vt 0.1933594 0.5387993
vt 0.1835938 0.5355673
vt 0.1801604 0.5348282
vt 0.1738281 0.5323911
vt 0.1644991 0.5303292
vt 0.1640625 0.5301775
vt 0.1623572 0.5298359
vt 0.1542969 0.5274227
vt 0.1445313 0.5258875
vt 0.1428845 0.5258164
vt 0.1347656 0.5249367
vt 0.125 0.5252091
vt 0.2421875 0.5436769
vt 0.2421875 0.5406396
vt 0.2421875 0.5376024
vt 0.2421875 0.5345652
vt 0.2324219 0.5426434
vt 0.2324219 0.5396062
vt 0.2324219 0.5365689
vt 0.2324219 0.5335317
vt 0.2226563 0.5419071
vt 0.2226563 0.5388699
vt 0.2226563 0.5358326
vt 0.2226563 0.5327953
vt 0.2210746 0.5417953
vt 0.2210746 0.538758
vt 0.2210746 0.5357208
vt 0.2210746 0.5326835
vt 0.2128906 0.5406157
vt 0.2128906 0.5375785
vt 0.2128906 0.5345412
vt 0.2128906 0.5315039
vt 0.2036475 0.538997
vt 0.2036475 0.5359597
vt 0.2036475 0.5329225
vt 0.2036475 0.5298852
vt 0.203125 0.5388265
vt 0.203125 0.5357893
vt 0.203125 0.532752
vt 0.203125 0.5297147
vt 0.1982465 0.5373573
vt 0.1982465 0.53432
vt 0.1982465 0.5312828
vt 0.1982465 0.5282455
vt 0.1962894 0.5368882
vt 0.1962894 0.5338509
vt 0.1962894 0.5308137
vt 0.1962894 0.5277764
vt 0.1933594 0.535762
vt 0.1933594 0.5327247
vt 0.1933594 0.5296875
vt 0.1933594 0.5266502
vt 0.1835938 0.53253
vt 0.1835938 0.5294927
vt 0.1835938 0.5264555
vt 0.1835938 0.5234182
vt 0.1801604 0.5317909
vt 0.1801604 0.5287536
vt 0.1801604 0.5257164
vt 0.1801604 0.5226792
vt 0.1738281 0.5293538
vt 0.1738281 0.5263165
vt 0.1738281 0.5232793
vt 0.1738281 0.520242
vt 0.1644991 0.5272919
vt 0.1644991 0.5242547
vt 0.1644991 0.5212174
vt 0.1644991 0.5181801
vt 0.1640625 0.5271403
vt 0.1640625 0.524103
vt 0.1640625 0.5210658
vt 0.1640625 0.5180285
vt 0.1623572 0.5267986
vt 0.1623572 0.5237614
vt 0.1623572 0.5207241
vt 0.1623572 0.5176868
vt 0.1542969 0.5243855
vt 0.1542969 0.5213482
vt 0.1542969 0.518311
vt 0.1542969 0.5152737
vt 0.1445313 0.5228502
vt 0.1445313 0.5198129
vt 0.1445313 0.5167757
vt 0.1445313 0.5137385
vt 0.1428845 0.5227791
vt 0.1428845 0.5197419
vt 0.1428845 0.5167046
vt 0.1428845 0.5136673
vt 0.1347656 0.5218995
vt 0.1347656 0.5188622
vt 0.1347656 0.515825
vt 0.1347656 0.5127877
vt 0.125 0.5221719
vt 0.125 0.5191346
vt 0.125 0.5160974
vt 0.125 0.5130601
vt 0.1152344 0.7335255
vt 0.1054688 0.7336794
vt 0.09570313 0.7339227
vt 0.0859375 0.7342479
vt 0.07617188 0.7346462
vt 0.06640625 0.7351061
vt 0.05664063 0.7356095
vt 0.046875 0.7361294
vt 0.03710938 0.7366278
vt 0.02734375 0.7370554
vt 0.01757813 0.7373543
vt 0.0078125 0.7374656
vt 0.1152344 0.7167282
vt 0.1054688 0.7169747
vt 0.09570313 0.7173645
vt 0.0859375 0.7178848
vt 0.07617188 0.7185214
vt 0.06640625 0.7192554
vt 0.05664063 0.7200578
vt 0.046875 0.7208856
vt 0.03710938 0.7216784
vt 0.02734375 0.722358
vt 0.01757813 0.7228327
vt 0.0078125 0.7230096
vt 0.1152344 0.6995466
vt 0.1054688 0.6998348
vt 0.09570313 0.7002899
vt 0.0859375 0.7008964
vt 0.07617188 0.7016375
vt 0.06640625 0.7024906
vt 0.05664063 0.7034215
vt 0.046875 0.7043805
vt 0.03710938 0.7052976
vt 0.02734375 0.7060829
vt 0.01757813 0.7066311
vt 0.0078125 0.7068352
vt 0.1152344 0.6819194
vt 0.1054688 0.682208
vt 0.09570313 0.6826631
vt 0.0859375 0.6832684
vt 0.07617188 0.6840065
vt 0.06640625 0.684854
vt 0.05664063 0.6857769
vt 0.046875 0.6867255
vt 0.03710938 0.6876311
vt 0.02734375 0.6884052
vt 0.01757813 0.688945
vt 0.0078125 0.6891459
vt 0.1152344 0.6637853
vt 0.1054688 0.664043
vt 0.09570313 0.6644486
vt 0.0859375 0.6649866
vt 0.07617188 0.6656404
vt 0.06640625 0.6663886
vt 0.05664063 0.6672006
vt 0.046875 0.6680325
vt 0.03710938 0.6688246
vt 0.02734375 0.6695
vt 0.01757813 0.6699702
vt 0.0078125 0.670145
vt 0.1152344 0.645083
vt 0.1054688 0.6452885
vt 0.09570313 0.6456107
vt 0.0859375 0.6460364
vt 0.07617188 0.6465511
vt 0.06640625 0.6471369
vt 0.05664063 0.647769
vt 0.046875 0.6484133
vt 0.03710938 0.6490237
vt 0.02734375 0.6495423
vt 0.01757813 0.6499023
vt 0.0078125 0.6500361
vt 0.1152344 0.625751
vt 0.1054688 0.6258928
vt 0.09570313 0.626114
vt 0.0859375 0.6264037
vt 0.07617188 0.6267506
vt 0.06640625 0.6271414
vt 0.05664063 0.6275586
vt 0.046875 0.6279794
vt 0.03710938 0.6283743
vt 0.02734375 0.6287073
vt 0.01757813 0.6289372
vt 0.0078125 0.6290222
vt 0.1152344 0.6057281
vt 0.1054688 0.6058048
vt 0.09570313 0.6059227
vt 0.0859375 0.606074
vt 0.07617188 0.606251
vt 0.06640625 0.6064448
vt 0.05664063 0.6066458
vt 0.046875 0.6068425
vt 0.03710938 0.6070222
vt 0.02734375 0.60717
vt 0.01757813 0.6072704
vt 0.0078125 0.6073071
vt 0.1152344 0.584953
vt 0.1054688 0.5849729
vt 0.09570313 0.5850012
vt 0.0859375 0.5850332
vt 0.07617188 0.5850642
vt 0.06640625 0.5850898
vt 0.05664063 0.585107
vt 0.046875 0.5851145
vt 0.03710938 0.5851129
vt 0.02734375 0.5851057
vt 0.01757813 0.5850975
vt 0.0078125 0.5850939
vt 0.1152344 0.5633641
vt 0.1054688 0.5633458
vt 0.09570313 0.563314
vt 0.0859375 0.5632668
vt 0.07617188 0.563202
vt 0.06640625 0.5631189
vt 0.05664063 0.5630189
vt 0.046875 0.5629069
vt 0.03710938 0.5627924
vt 0.02734375 0.5626891
vt 0.01757813 0.5626144
vt 0.0078125 0.5625861
vt 0.1152344 0.5409002
vt 0.1054688 0.5408719
vt 0.09570313 0.5408255
vt 0.0859375 0.5407605
vt 0.07617188 0.5406767
vt 0.06640625 0.5405748
vt 0.05664063 0.5404577
vt 0.0078125 0.5467142
vt 0.01757813 0.5456807
vt 0.02734375 0.5449443
vt 0.02892542 0.5448325
vt 0.03710938 0.543653
vt 0.04635246 0.5420343
vt 0.046875 0.5418637
vt 0.05175346 0.5403945
vt 0.05371064 0.5399255
vt 0.05664063 0.5387993
vt 0.06640625 0.5355673
vt 0.0698396 0.5348282
vt 0.07617188 0.5323911
vt 0.08550087 0.5303292
vt 0.0859375 0.5301775
vt 0.08764277 0.5298359
vt 0.09570313 0.5274227
vt 0.1054688 0.5258875
vt 0.1071155 0.5258164
vt 0.1152344 0.5249367
vt 0.0078125 0.5436769
vt 0.0078125 0.5406396
vt 0.0078125 0.5376024
vt 0.0078125 0.5345652
vt 0.01757813 0.5426434
vt 0.01757813 0.5396062
vt 0.01757813 0.5365689
vt 0.01757813 0.5335317
vt 0.02734375 0.5419071
vt 0.02734375 0.5388699
vt 0.02734375 0.5358326
vt 0.02734375 0.5327953
vt 0.02892542 0.5417953
vt 0.02892542 0.538758
vt 0.02892542 0.5357208
vt 0.02892542 0.5326835
vt 0.03710938 0.5406157
vt 0.03710938 0.5375785
vt 0.03710938 0.5345412
vt 0.03710938 0.5315039
vt 0.04635246 0.538997
vt 0.04635246 0.5359597
vt 0.04635246 0.5329225
vt 0.04635246 0.5298852
vt 0.046875 0.5388265
vt 0.046875 0.5357893
vt 0.046875 0.532752
vt 0.046875 0.5297147
vt 0.05175346 0.5373573
vt 0.05175346 0.53432
vt 0.05175346 0.5312828
vt 0.05175346 0.5282455
vt 0.05371064 0.5368882
vt 0.05371064 0.5338509
vt 0.05371064 0.5308137
vt 0.05371064 0.5277764
vt 0.05664063 0.535762
vt 0.05664063 0.5327247
vt 0.05664063 0.5296875
vt 0.05664063 0.5266502
vt 0.06640625 0.53253
vt 0.06640625 0.5294927
vt 0.06640625 0.5264555
vt 0.06640625 0.5234182
vt 0.0698396 0.5317909
vt 0.0698396 0.5287536
vt 0.0698396 0.5257164
vt 0.0698396 0.5226792
vt 0.07617188 0.5293538
vt 0.07617188 0.5263165
vt 0.07617188 0.5232793
vt 0.07617188 0.520242
vt 0.08550087 0.5272919
vt 0.08550087 0.5242547
vt 0.08550087 0.5212174
vt 0.08550087 0.5181801
vt 0.0859375 0.5271403
vt 0.0859375 0.524103
vt 0.0859375 0.5210658
vt 0.0859375 0.5180285
vt 0.08764277 0.5267986
vt 0.08764277 0.5237614
vt 0.08764277 0.5207241
vt 0.08764277 0.5176868
vt 0.09570313 0.5243855
vt 0.09570313 0.5213482
vt 0.09570313 0.518311
vt 0.09570313 0.5152737
vt 0.1054688 0.5228502
vt 0.1054688 0.5198129
vt 0.1054688 0.5167757
vt 0.1054688 0.5137385
vt 0.1071155 0.5227791
vt 0.1071155 0.5197419
vt 0.1071155 0.5167046
vt 0.1071155 0.5136673
vt 0.1152344 0.5218995
vt 0.1152344 0.5188622
vt 0.1152344 0.515825
vt 0.1152344 0.5127877
vt 0.75 1
vt 0.7604167 1
vt 0.7708333 1
vt 0.78125 1
vt 0.7916667 1
vt 0.8020833 1
vt 0.8125 1
vt 0.8229167 1
vt 0.8333333 1
vt 0.84375 1
vt 0.8541667 1
vt 0.8645833 1
vt 0.875 1
vt 0.75 0.9932334
vt 0.7604167 0.993184
vt 0.7708333 0.9930435
vt 0.78125 0.9928385
vt 0.7916667 0.9926047
vt 0.8020833 0.9923773
vt 0.8125 0.992184
vt 0.8229167 0.9920387
vt 0.8333333 0.9919404
vt 0.84375 0.9918778
vt 0.8541667 0.9918371
vt 0.8645833 0.9918094
vt 0.875 0.991797
vt 0.75 0.9867486
vt 0.7604167 0.9866711
vt 0.7708333 0.9864518
vt 0.78125 0.9861326
vt 0.7916667 0.9857686
vt 0.8020833 0.9854141
vt 0.8125 0.9851111
vt 0.8229167 0.9848812
vt 0.8333333 0.9847235
vt 0.84375 0.9846213
vt 0.8541667 0.9845542
vt 0.8645833 0.9845092
vt 0.875 0.9844893
vt 0.75 0.9804893
vt 0.7604167 0.9804013
vt 0.7708333 0.980154
vt 0.78125 0.9797953
vt 0.7916667 0.9793866
vt 0.8020833 0.9789873
vt 0.8125 0.9786437
vt 0.8229167 0.9783797
vt 0.8333333 0.9781952
vt 0.84375 0.978073
vt 0.8541667 0.9779918
vt 0.8645833 0.9779379
vt 0.875 0.9779148
vt 0.75 0.9743989
vt 0.7604167 0.9743144
vt 0.7708333 0.9740793
vt 0.78125 0.9737397
vt 0.7916667 0.9733532
vt 0.8020833 0.9729741
vt 0.8125 0.9726443
vt 0.8229167 0.9723864
vt 0.8333333 0.9722013
vt 0.84375 0.9720752
vt 0.8541667 0.9719901
vt 0.8645833 0.9719346
vt 0.875 0.9719115
vt 0.75 0.9684213
vt 0.7604167 0.9683505
vt 0.7708333 0.9681565
vt 0.78125 0.9678789
vt 0.7916667 0.9675632
vt 0.8020833 0.9672514
vt 0.8125 0.9669756
vt 0.8229167 0.9667536
vt 0.8333333 0.9665879
vt 0.84375 0.9664704
vt 0.8541667 0.9663894
vt 0.8645833 0.9663377
vt 0.875 0.9663174
vt 0.75 0.9625
vt 0.7604167 0.9624494
vt 0.7708333 0.962315
vt 0.78125 0.9621258
vt 0.7916667 0.9619111
vt 0.8020833 0.9616963
vt 0.8125 0.9614999
vt 0.8229167 0.9613334
vt 0.8333333 0.9612007
vt 0.84375 0.9611008
vt 0.8541667 0.9610301
vt 0.8645833 0.9609862
vt 0.875 0.9609703
vt 0.75 0.9565787
vt 0.7604167 0.9565511
vt 0.7708333 0.9564837
vt 0.78125 0.9563935
vt 0.7916667 0.9562919
vt 0.8020833 0.9561858
vt 0.8125 0.9560797
vt 0.8229167 0.955978
vt 0.8333333 0.9558858
vt 0.84375 0.955809
vt 0.8541667 0.9557524
vt 0.8645833 0.9557188
vt 0.875 0.9557081
vt 0.75 0.950601
vt 0.7604167 0.9505957
vt 0.7708333 0.9505919
vt 0.78125 0.950595
vt 0.7916667 0.9505999
vt 0.8020833 0.950597
vt 0.8125 0.9505777
vt 0.8229167 0.9505396
vt 0.8333333 0.9504889
vt 0.84375 0.9504374
vt 0.8541667 0.9503968
vt 0.8645833 0.9503742
vt 0.875 0.9503689
vt 0.75 0.9445107
vt 0.7604167 0.9445229
vt 0.7708333 0.9445685
vt 0.78125 0.9446434
vt 0.7916667 0.9447301
vt 0.8020833 0.944807
vt 0.8125 0.9448562
vt 0.8229167 0.9448704
vt 0.8333333 0.9448559
vt 0.84375 0.9448282
vt 0.8541667 0.9448034
vt 0.8645833 0.9447913
vt 0.875 0.9447906
vt 0.75 0.9382513
vt 0.7604167 0.9382727
vt 0.7708333 0.9383426
vt 0.78125 0.9384516
vt 0.7916667 0.9385771
vt 0.8020833 0.9386928
vt 0.8125 0.9387777
vt 0.8229167 0.9388226
vt 0.8333333 0.9388329
vt 0.84375 0.938824
vt 0.8541667 0.9388126
vt 0.8645833 0.9388088
vt 0.875 0.9388111
vt 0.75 0.9317665
vt 0.7604167 0.9317851
vt 0.7708333 0.9318434
vt 0.78125 0.9319328
vt 0.7916667 0.9320354
vt 0.8020833 0.9321315
vt 0.8125 0.9322048
vt 0.8229167 0.9322484
vt 0.8333333 0.9322656
vt 0.84375 0.9322671
vt 0.8541667 0.9322647
vt 0.8645833 0.9322655
vt 0.875 0.9322682
vt 0.75 0.925
vt 0.7604167 0.925
vt 0.7708333 0.925
vt 0.78125 0.925
vt 0.7916667 0.925
vt 0.8020833 0.925
vt 0.8125 0.925
vt 0.8229167 0.925
vt 0.8333333 0.925
vt 0.84375 0.925
vt 0.8541667 0.925
vt 0.8645833 0.925
vt 0.875 0.925
vt 1 1
vt 0.9895833 1
vt 0.9791667 1
vt 0.96875 1
vt 0.9583333 1
vt 0.9479167 1
vt 0.9375 1
vt 0.9270833 1
vt 0.9166667 1
vt 0.90625 1
vt 0.8958333 1
vt 0.8854167 1
vt 1 0.9932334
vt 0.9895833 0.993184
vt 0.9791667 0.9930435
vt 0.96875 0.9928385
vt 0.9583333 0.9926047
vt 0.9479167 0.9923773
vt 0.9375 0.992184
vt 0.9270833 0.9920387
vt 0.9166667 0.9919404
vt 0.90625 0.9918778
vt 0.8958333 0.9918371
vt 0.8854167 0.9918094
vt 1 0.9867486
vt 0.9895833 0.9866711
vt 0.9791667 0.9864518
vt 0.96875 0.9861326
vt 0.9583333 0.9857686
vt 0.9479167 0.9854141
vt 0.9375 0.9851111
vt 0.9270833 0.9848812
vt 0.9166667 0.9847235
vt 0.90625 0.9846213
vt 0.8958333 0.9845542
vt 0.8854167 0.9845092
vt 1 0.9804893
vt 0.9895833 0.9804013
vt 0.9791667 0.980154
vt 0.96875 0.9797953
vt 0.9583333 0.9793866
vt 0.9479167 0.9789873
vt 0.9375 0.9786437
vt 0.9270833 0.9783797
vt 0.9166667 0.9781952
vt 0.90625 0.978073
vt 0.8958333 0.9779918
vt 0.8854167 0.9779379
vt 1 0.9743989
vt 0.9895833 0.9743144
vt 0.9791667 0.9740793
vt 0.96875 0.9737397
vt 0.9583333 0.9733532
vt 0.9479167 0.9729741
vt 0.9375 0.9726443
vt 0.9270833 0.9723864
vt 0.9166667 0.9722013
vt 0.90625 0.9720752
vt 0.8958333 0.9719901
vt 0.8854167 0.9719346
vt 1 0.9684213
vt 0.9895833 0.9683505
vt 0.9791667 0.9681565
vt 0.96875 0.9678789
vt 0.9583333 0.9675632
vt 0.9479167 0.9672514
vt 0.9375 0.9669756
vt 0.9270833 0.9667536
vt 0.9166667 0.9665879
vt 0.90625 0.9664704
vt 0.8958333 0.9663894
vt 0.8854167 0.9663377
vt 1 0.9625
vt 0.9895833 0.9624494
vt 0.9791667 0.962315
vt 0.96875 0.9621258
vt 0.9583333 0.9619111
vt 0.9479167 0.9616963
vt 0.9375 0.9614999
vt 0.9270833 0.9613334
vt 0.9166667 0.9612007
vt 0.90625 0.9611008
vt 0.8958333 0.9610301
vt 0.8854167 0.9609862
vt 1 0.9565787
vt 0.9895833 0.9565511
vt 0.9791667 0.9564837
vt 0.96875 0.9563935
vt 0.9583333 0.9562919
vt 0.9479167 0.9561858
vt 0.9375 0.9560797
vt 0.9270833 0.955978
vt 0.9166667 0.9558858
vt 0.90625 0.955809
vt 0.8958333 0.9557524
vt 0.8854167 0.9557188
vt 1 0.950601
vt 0.9895833 0.9505957
vt 0.9791667 0.9505919
vt 0.96875 0.950595
vt 0.9583333 0.9505999
vt 0.9479167 0.950597
vt 0.9375 0.9505777
vt 0.9270833 0.9505396
vt 0.9166667 0.9504889
vt 0.90625 0.9504374
vt 0.8958333 0.9503968
vt 0.8854167 0.9503742
vt 1 0.9445107
vt 0.9895833 0.9445229
vt 0.9791667 0.9445685
vt 0.96875 0.9446434
vt 0.9583333 0.9447301
vt 0.9479167 0.944807
vt 0.9375 0.9448562
vt 0.9270833 0.9448704
vt 0.9166667 0.9448559
vt 0.90625 0.9448282
vt 0.8958333 0.9448034
vt 0.8854167 0.9447913
vt 1 0.9382513
vt 0.9895833 0.9382727
vt 0.9791667 0.9383426
vt 0.96875 0.9384516
vt 0.9583333 0.9385771
vt 0.9479167 0.9386928
vt 0.9375 0.9387777
vt 0.9270833 0.9388226
vt 0.9166667 0.9388329
vt 0.90625 0.938824
vt 0.8958333 0.9388126
vt 0.8854167 0.9388088
vt 1 0.9317665
vt 0.9895833 0.9317851
vt 0.9791667 0.9318434
vt 0.96875 0.9319328
vt 0.9583333 0.9320354
vt 0.9479167 0.9321315
vt 0.9375 0.9322048
vt 0.9270833 0.9322484
vt 0.9166667 0.9322656
vt 0.90625 0.9322671
vt 0.8958333 0.9322647
vt 0.8854167 0.9322655
vt 1 0.925
vt 0.9895833 0.925
vt 0.9791667 0.925
vt 0.96875 0.925
vt 0.9583333 0.925
vt 0.9479167 0.925
vt 0.9375 0.925
vt 0.9270833 0.925
vt 0.9166667 0.925
vt 0.90625 0.925
vt 0.8958333 0.925
vt 0.8854167 0.925
vt 0.75 0.8995655
vt 0.7604167 0.8995729
vt 0.7708333 0.8995681
vt 0.78125 0.89952
vt 0.7916667 0.8994198
vt 0.8020833 0.8992774
vt 0.8125 0.8991109
vt 0.8229167 0.8989383
vt 0.8333333 0.8987747
vt 0.84375 0.8986313
vt 0.8541667 0.8985171
vt 0.8645833 0.8984407
vt 0.875 0.8984121
vt 0.75 0.8716654
vt 0.7604167 0.8716493
vt 0.7708333 0.871574
vt 0.78125 0.8714124
vt 0.7916667 0.8711667
vt 0.8020833 0.8708616
vt 0.8125 0.8705297
vt 0.8229167 0.8702008
vt 0.8333333 0.8698981
vt 0.84375 0.8696386
vt 0.8541667 0.8694355
vt 0.8645833 0.8693014
vt 0.875 0.8692521
vt 0.75 0.8415551
vt 0.7604167 0.8414936
vt 0.7708333 0.8413021
vt 0.78125 0.8409839
vt 0.7916667 0.8405664
vt 0.8020833 0.8400922
vt 0.8125 0.8396048
vt 0.8229167 0.8391402
vt 0.8333333 0.8387245
vt 0.84375 0.8383757
vt 0.8541667 0.8381077
vt 0.8645833 0.8379335
vt 0.875 0.8378703
vt 0.75 0.8094902
vt 0.7604167 0.8093703
vt 0.7708333 0.8090367
vt 0.78125 0.8085411
vt 0.7916667 0.8079446
vt 0.8020833 0.8073087
vt 0.8125 0.8066845
vt 0.8229167 0.8061094
vt 0.8333333 0.8056084
vt 0.84375 0.805197
vt 0.8541667 0.8048866
vt 0.8645833 0.8046882
vt 0.875 0.8046172
vt 0.75 0.7757265
vt 0.7604167 0.7755437
vt 0.7708333 0.7750624
vt 0.78125 0.7743906
vt 0.7916667 0.773627
vt 0.8020833 0.7728506
vt 0.8125 0.772117
vt 0.8229167 0.7714614
vt 0.8333333 0.7709042
vt 0.84375 0.7704563
vt 0.8541667 0.7701247
vt 0.8645833 0.7699165
vt 0.875 0.7698433
vt 0.75 0.7405194
vt 0.7604167 0.7402784
vt 0.7708333 0.7396635
vt 0.78125 0.738839
vt 0.7916667 0.7379394
vt 0.8020833 0.7370576
vt 0.8125 0.7362506
vt 0.8229167 0.735549
vt 0.8333333 0.7349664
vt 0.84375 0.7345079
vt 0.8541667 0.7341749
vt 0.8645833 0.7339699
vt 0.875 0.7338991
vt 0.75 0.7041247
vt 0.7604167 0.7038387
vt 0.7708333 0.7031245
vt 0.78125 0.7021932
vt 0.7916667 0.7012073
vt 0.8020833 0.7002692
vt 0.8125 0.6994337
vt 0.8229167 0.6987249
vt 0.8333333 0.6981494
vt 0.84375 0.6977057
vt 0.8541667 0.6973899
vt 0.8645833 0.6971994
vt 0.875 0.697135
vt 0.75 0.6667978
vt 0.7604167 0.6664892
vt 0.7708333 0.6657297
vt 0.78125 0.6647596
vt 0.7916667 0.6637566
vt 0.8020833 0.662825
vt 0.8125 0.6620145
vt 0.8229167 0.6613421
vt 0.8333333 0.6608076
vt 0.84375 0.6604038
vt 0.8541667 0.6601223
vt 0.8645833 0.6599562
vt 0.875 0.6599013
vt 0.75 0.6287944
vt 0.7604167 0.6284943
vt 0.7708333 0.6277635
vt 0.78125 0.626845
vt 0.7916667 0.625913
vt 0.8020833 0.6250646
vt 0.8125 0.6243414
vt 0.8229167 0.6237535
vt 0.8333333 0.6232955
vt 0.84375 0.6229564
vt 0.8541667 0.622725
vt 0.8645833 0.6225916
vt 0.875 0.6225487
vt 0.75 0.5903701
vt 0.7604167 0.5901183
vt 0.7708333 0.5895105
vt 0.78125 0.588756
vt 0.7916667 0.5880021
vt 0.8020833 0.5873274
vt 0.8125 0.5867627
vt 0.8229167 0.586312
vt 0.8333333 0.5859675
vt 0.84375 0.5857174
vt 0.8541667 0.5855505
vt 0.8645833 0.5854568
vt 0.875 0.5854275
vt 0.8645833 0.5489029
vt 0.875 0.5488882
vt 0.75 0.5724342
vt 0.7604167 0.5698465
vt 0.763365 0.5694884
vt 0.7663153 0.569038
vt 0.7708333 0.5663131
vt 0.78125 0.5625515
vt 0.7820774 0.5624363
vt 0.7916667 0.560403
vt 0.7922064 0.5603757
vt 0.7949502 0.5599641
vt 0.8020833 0.558126
vt 0.8064528 0.5579391
vt 0.8125 0.5568079
vt 0.817641 0.5567797
vt 0.8229167 0.5557583
vt 0.8290823 0.5556973
vt 0.8297395 0.5555407
vt 0.8333333 0.5543035
vt 0.840731 0.5529061
vt 0.84375 0.5516012
vt 0.8537633 0.5496525
vt 0.8541667 0.5494954
vt 0.8582722 0.5493213
vt 0.8596702 0.5489259
vt 0.8645833 0.5477644
vt 0.875 0.5478417
vt 0.75 0.566489
vt 0.75 0.5605438
vt 0.75 0.5545986
vt 0.75 0.5486534
vt 0.7604167 0.5639013
vt 0.7604167 0.5579561
vt 0.7604167 0.5520109
vt 0.7604167 0.5460657
vt 0.763365 0.5635432
vt 0.763365 0.557598
vt 0.763365 0.5516528
vt 0.763365 0.5457076
vt 0.7663153 0.5630928
vt 0.7663153 0.5571476
vt 0.7663153 0.5512024
vt 0.7663153 0.5452572
vt 0.7708333 0.5603679
vt 0.7708333 0.5544227
vt 0.7708333 0.5484775
vt 0.7708333 0.5425323
vt 0.78125 0.5566063
vt 0.78125 0.5506611
vt 0.78125 0.5447159
vt 0.78125 0.5387707
vt 0.7820774 0.5564911
vt 0.7820774 0.5505459
vt 0.7820774 0.5446007
vt 0.7820774 0.5386555
vt 0.7916667 0.5544578
vt 0.7916667 0.5485126
vt 0.7916667 0.5425674
vt 0.7916667 0.5366222
vt 0.7922064 0.5544305
vt 0.7922064 0.5484853
vt 0.7922064 0.5425401
vt 0.7922064 0.5365949
vt 0.7949502 0.5540189
vt 0.7949502 0.5480736
vt 0.7949502 0.5421284
vt 0.7949502 0.5361832
vt 0.8020833 0.5521808
vt 0.8020833 0.5462356
vt 0.8020833 0.5402904
vt 0.8020833 0.5343451
vt 0.8064528 0.5519938
vt 0.8064528 0.5460486
vt 0.8064528 0.5401034
vt 0.8064528 0.5341582
vt 0.8125 0.5508627
vt 0.8125 0.5449175
vt 0.8125 0.5389723
vt 0.8125 0.5330271
vt 0.817641 0.5508345
vt 0.817641 0.5448893
vt 0.817641 0.5389441
vt 0.817641 0.5329989
vt 0.8229167 0.5498131
vt 0.8229167 0.5438679
vt 0.8229167 0.5379227
vt 0.8229167 0.5319775
vt 0.8290823 0.5497521
vt 0.8290823 0.5438069
vt 0.8290823 0.5378617
vt 0.8290823 0.5319165
vt 0.8297395 0.5495955
vt 0.8297395 0.5436503
vt 0.8297395 0.5377051
vt 0.8297395 0.5317599
vt 0.8333333 0.5483583
vt 0.8333333 0.5424131
vt 0.8333333 0.5364679
vt 0.8333333 0.5305226
vt 0.840731 0.5469609
vt 0.840731 0.5410157
vt 0.840731 0.5350705
vt 0.840731 0.5291253
vt 0.84375 0.545656
vt 0.84375 0.5397108
vt 0.84375 0.5337656
vt 0.84375 0.5278203
vt 0.8537633 0.5437073
vt 0.8537633 0.537762
vt 0.8537633 0.5318168
vt 0.8537633 0.5258716
vt 0.8541667 0.5435502
vt 0.8541667 0.537605
vt 0.8541667 0.5316598
vt 0.8541667 0.5257146
vt 0.8582722 0.5433761
vt 0.8582722 0.5374309
vt 0.8582722 0.5314857
vt 0.8582722 0.5255405
vt 0.8596702 0.5429807
vt 0.8596702 0.5370355
vt 0.8596702 0.5310903
vt 0.8596702 0.5251451
vt 0.8645833 0.5418192
vt 0.8645833 0.535874
vt 0.8645833 0.5299288
vt 0.8645833 0.5239836
vt 0.875 0.5418965
vt 0.875 0.5359513
vt 0.875 0.5300061
vt 0.875 0.5240609
vt 1 0.8995655
vt 0.9895833 0.8995729
vt 0.9791667 0.8995681
vt 0.96875 0.89952
vt 0.9583333 0.8994198
vt 0.9479167 0.8992774
vt 0.9375 0.8991109
vt 0.9270833 0.8989383
vt 0.9166667 0.8987747
vt 0.90625 0.8986313
vt 0.8958333 0.8985171
vt 0.8854167 0.8984407
vt 1 0.8716654
vt 0.9895833 0.8716493
vt 0.9791667 0.871574
vt 0.96875 0.8714124
vt 0.9583333 0.8711667
vt 0.9479167 0.8708616
vt 0.9375 0.8705297
vt 0.9270833 0.8702008
vt 0.9166667 0.8698981
vt 0.90625 0.8696386
vt 0.8958333 0.8694355
vt 0.8854167 0.8693014
vt 1 0.8415551
vt 0.9895833 0.8414936
vt 0.9791667 0.8413021
vt 0.96875 0.8409839
vt 0.9583333 0.8405664
vt 0.9479167 0.8400922
vt 0.9375 0.8396048
vt 0.9270833 0.8391402
vt 0.9166667 0.8387245
vt 0.90625 0.8383757
vt 0.8958333 0.8381077
vt 0.8854167 0.8379335
vt 1 0.8094902
vt 0.9895833 0.8093703
vt 0.9791667 0.8090367
vt 0.96875 0.8085411
vt 0.9583333 0.8079446
vt 0.9479167 0.8073087
vt 0.9375 0.8066845
vt 0.9270833 0.8061094
vt 0.9166667 0.8056084
vt 0.90625 0.805197
vt 0.8958333 0.8048866
vt 0.8854167 0.8046882
vt 1 0.7757265
vt 0.9895833 0.7755437
vt 0.9791667 0.7750624
vt 0.96875 0.7743906
vt 0.9583333 0.773627
vt 0.9479167 0.7728506
vt 0.9375 0.772117
vt 0.9270833 0.7714614
vt 0.9166667 0.7709042
vt 0.90625 0.7704563
vt 0.8958333 0.7701247
vt 0.8854167 0.7699165
vt 1 0.7405194
vt 0.9895833 0.7402784
vt 0.9791667 0.7396635
vt 0.96875 0.738839
vt 0.9583333 0.7379394
vt 0.9479167 0.7370576
vt 0.9375 0.7362506
vt 0.9270833 0.735549
vt 0.9166667 0.7349664
vt 0.90625 0.7345079
vt 0.8958333 0.7341749
vt 0.8854167 0.7339699
vt 1 0.7041247
vt 0.9895833 0.7038387
vt 0.9791667 0.7031245
vt 0.96875 0.7021932
vt 0.9583333 0.7012073
vt 0.9479167 0.7002692
vt 0.9375 0.6994337
vt 0.9270833 0.6987249
vt 0.9166667 0.6981494
vt 0.90625 0.6977057
vt 0.8958333 0.6973899
vt 0.8854167 0.6971994
vt 1 0.6667978
vt 0.9895833 0.6664892
vt 0.9791667 0.6657297
vt 0.96875 0.6647596
vt 0.9583333 0.6637566
vt 0.9479167 0.662825
vt 0.9375 0.6620145
vt 0.9270833 0.6613421
vt 0.9166667 0.6608076
vt 0.90625 0.6604038
vt 0.8958333 0.6601223
vt 0.8854167 0.6599562
vt 1 0.6287944
vt 0.9895833 0.6284943
vt 0.9791667 0.6277635
vt 0.96875 0.626845
vt 0.9583333 0.625913
vt 0.9479167 0.6250646
vt 0.9375 0.6243414
vt 0.9270833 0.6237535
vt 0.9166667 0.6232955
vt 0.90625 0.6229564
vt 0.8958333 0.622725
vt 0.8854167 0.6225916
vt 1 0.5903701
vt 0.9895833 0.5901183
vt 0.9791667 0.5895105
vt 0.96875 0.588756
vt 0.9583333 0.5880021
vt 0.9479167 0.5873274
vt 0.9375 0.5867627
vt 0.9270833 0.586312
vt 0.9166667 0.5859675
vt 0.90625 0.5857174
vt 0.8958333 0.5855505
vt 0.8854167 0.5854568
vt 0.8854167 0.5489029
vt 1 0.5724342
vt 0.9895833 0.5698465
vt 0.986635 0.5694884
vt 0.9836847 0.569038
vt 0.9791667 0.5663131
vt 0.96875 0.5625515
vt 0.9679226 0.5624363
vt 0.9583333 0.560403
vt 0.9577936 0.5603757
vt 0.9550498 0.5599641
vt 0.9479167 0.558126
vt 0.9435472 0.5579391
vt 0.9375 0.5568079
vt 0.932359 0.5567797
vt 0.9270833 0.5557583
vt 0.9209177 0.5556973
vt 0.9202605 0.5555407
vt 0.9166667 0.5543035
vt 0.909269 0.5529061
vt 0.90625 0.5516012
vt 0.8962367 0.5496525
vt 0.8958333 0.5494954
vt 0.8917278 0.5493213
vt 0.8903298 0.5489259
vt 0.8854167 0.5477644
vt 1 0.566489
vt 1 0.5605438
vt 1 0.5545986
vt 1 0.5486534
vt 0.9895833 0.5639013
vt 0.9895833 0.5579561
vt 0.9895833 0.5520109
vt 0.9895833 0.5460657
vt 0.986635 0.5635432
vt 0.986635 0.557598
vt 0.986635 0.5516528
vt 0.986635 0.5457076
vt 0.9836847 0.5630928
vt 0.9836847 0.5571476
vt 0.9836847 0.5512024
vt 0.9836847 0.5452572
vt 0.9791667 0.5603679
vt 0.9791667 0.5544227
vt 0.9791667 0.5484775
vt 0.9791667 0.5425323
vt 0.96875 0.5566063
vt 0.96875 0.5506611
vt 0.96875 0.5447159
vt 0.96875 0.5387707
vt 0.9679226 0.5564911
vt 0.9679226 0.5505459
vt 0.9679226 0.5446007
vt 0.9679226 0.5386555
vt 0.9583333 0.5544578
vt 0.9583333 0.5485126
vt 0.9583333 0.5425674
vt 0.9583333 0.5366222
vt 0.9577936 0.5544305
vt 0.9577936 0.5484853
vt 0.9577936 0.5425401
vt 0.9577936 0.5365949
vt 0.9550498 0.5540189
vt 0.9550498 0.5480736
vt 0.9550498 0.5421284
vt 0.9550498 0.5361832
vt 0.9479167 0.5521808
vt 0.9479167 0.5462356
vt 0.9479167 0.5402904
vt 0.9479167 0.5343451
vt 0.9435472 0.5519938
vt 0.9435472 0.5460486
vt 0.9435472 0.5401034
vt 0.9435472 0.5341582
vt 0.9375 0.5508627
vt 0.9375 0.5449175
vt 0.9375 0.5389723
vt 0.9375 0.5330271
vt 0.932359 0.5508345
vt 0.932359 0.5448893
vt 0.932359 0.5389441
vt 0.932359 0.5329989
vt 0.9270833 0.5498131
vt 0.9270833 0.5438679
vt 0.9270833 0.5379227
vt 0.9270833 0.5319775
vt 0.9209177 0.5497521
vt 0.9209177 0.5438069
vt 0.9209177 0.5378617
vt 0.9209177 0.5319165
vt 0.9202605 0.5495955
vt 0.9202605 0.5436503
vt 0.9202605 0.5377051
vt 0.9202605 0.5317599
vt 0.9166667 0.5483583
vt 0.9166667 0.5424131
vt 0.9166667 0.5364679
vt 0.9166667 0.5305226
vt 0.909269 0.5469609
vt 0.909269 0.5410157
vt 0.909269 0.5350705
vt 0.909269 0.5291253
vt 0.90625 0.545656
vt 0.90625 0.5397108
vt 0.90625 0.5337656
vt 0.90625 0.5278203
vt 0.8962367 0.5437073
vt 0.8962367 0.537762
vt 0.8962367 0.5318168
vt 0.8962367 0.5258716
vt 0.8958333 0.5435502
vt 0.8958333 0.537605
vt 0.8958333 0.5316598
vt 0.8958333 0.5257146
vt 0.8917278 0.5433761
vt 0.8917278 0.5374309
vt 0.8917278 0.5314857
vt 0.8917278 0.5255405
vt 0.8903298 0.5429807
vt 0.8903298 0.5370355
vt 0.8903298 0.5310903
vt 0.8903298 0.5251451
vt 0.8854167 0.5418192
vt 0.8854167 0.535874
vt 0.8854167 0.5299288
vt 0.8854167 0.5239836
vt 0.375 0.75
vt 0.375 0.7261083
vt 0.3765593 0.7263127
vt 0.3780918 0.7269224
vt 0.3795715 0.727927
vt 0.3809729 0.7293092
vt 0.3822722 0.7310455
vt 0.383447 0.733106
vt 0.3844773 0.7354556
vt 0.3853454 0.7380542
vt 0.3860365 0.7408571
vt 0.3865388 0.7438164
vt 0.3868437 0.7468815
vt 0.3869458 0.75
vt 0.375 0.7020409
vt 0.37813 0.7024511
vt 0.3812064 0.703675
vt 0.3841766 0.7056915
vt 0.3869898 0.7084662
vt 0.3895978 0.7119514
vt 0.3919561 0.7160878
vt 0.3940243 0.7208043
vt 0.3957669 0.7260205
vt 0.3971542 0.7316468
vt 0.3981625 0.7375872
vt 0.3987744 0.7437401
vt 0.3989796 0.75
vt 0.375 0.6780881
vt 0.3796932 0.6787034
vt 0.3843061 0.6805385
vt 0.3887597 0.6835621
vt 0.392978 0.6877225
vt 0.3968886 0.6929485
vt 0.4004247 0.6991507
vt 0.4035258 0.7062228
vt 0.4061387 0.7140441
vt 0.408219 0.7224805
vt 0.4097308 0.7313879
vt 0.4106483 0.7406136
vt 0.4109559 0.75
vt 0.375 0.6545408
vt 0.38123 0.6553575
vt 0.3873533 0.6577935
vt 0.3932653 0.6618072
vt 0.3988648 0.6673299
vt 0.4040559 0.6742672
vt 0.4087499 0.6825002
vt 0.4128664 0.6918882
vt 0.416335 0.7022704
vt 0.4190964 0.7134694
vt 0.4211032 0.7252933
vt 0.4223213 0.7375401
vt 0.4227296 0.75
vt 0.375 0.6316894
vt 0.3827213 0.6327016
vt 0.3903105 0.6357208
vt 0.3976378 0.6406953
vt 0.4045776 0.64754
vt 0.4110115 0.6561379
vt 0.4168291 0.6663418
vt 0.421931 0.6779771
vt 0.42623 0.6908448
vt 0.4296524 0.7047246
vt 0.4321396 0.7193789
vt 0.4336492 0.7345574
vt 0.4341553 0.75
vt 0.375 0.6098246
vt 0.3841483 0.6110238
vt 0.39314 0.614601
vt 0.4018214 0.6204948
vt 0.4100439 0.6286045
vt 0.4176667 0.6387914
vt 0.4245595 0.6508811
vt 0.4306043 0.6646667
vt 0.4356977 0.6799123
vt 0.4397526 0.6963573
vt 0.4426995 0.71372
vt 0.4444881 0.7317035
vt 0.4450877 0.75
vt 0.375 0.5892369
vt 0.3854919 0.5906122
vt 0.3958043 0.5947148
vt 0.4057607 0.6014742
vt 0.4151908 0.6107751
vt 0.4239332 0.622458
vt 0.4318384 0.6363233
vt 0.438771 0.6521336
vt 0.4446125 0.6696185
vt 0.4492629 0.6884786
vt 0.4526426 0.7083914
vt 0.4546939 0.7290162
vt 0.4553816 0.75
vt 0.375 0.5702168
vt 0.3867332 0.5717549
vt 0.3982657 0.5763428
vt 0.4094 0.583902
vt 0.4199458 0.5943032
vt 0.4297225 0.6073684
vt 0.438563 0.6228741
vt 0.4463158 0.6405549
vt 0.4528484 0.6601084
vt 0.458049 0.6812
vt 0.4618286 0.7034687
vt 0.4641226 0.7265336
vt 0.4648916 0.75
vt 0.375 0.553055
vt 0.3878533 0.5547399
vt 0.4004866 0.5597658
vt 0.4126838 0.5680466
vt 0.4242363 0.5794406
vt 0.4349463 0.593753
vt 0.4446306 0.6107389
vt 0.4531235 0.6301075
vt 0.4602797 0.6515275
vt 0.4659767 0.6746324
vt 0.4701171 0.6990269
vt 0.4726301 0.7242935
vt 0.4734725 0.75
vt 0.375 0.5380421
vt 0.388833 0.5398554
vt 0.4024294 0.5452644
vt 0.4155564 0.5541764
vt 0.4279895 0.566439
vt 0.4395159 0.5818425
vt 0.4499384 0.6001231
vt 0.4590788 0.6209682
vt 0.4667805 0.644021
vt 0.4729118 0.6688873
vt 0.4773678 0.6951412
vt 0.4800723 0.722334
vt 0.480979 0.75
vt 0.375 0.5254685
vt 0.3896536 0.5273894
vt 0.4040565 0.5331193
vt 0.4179623 0.54256
vt 0.4311329 0.55555
vt 0.443343 0.5718672
vt 0.4543839 0.5912323
vt 0.4640664 0.6133139
vt 0.472225 0.6377343
vt 0.47872 0.6640756
vt 0.4834404 0.691887
vt 0.4863053 0.7206928
vt 0.4872657 0.75
vt 0.375 0.515625
vt 0.390296 0.5176301
vt 0.4053304 0.5236111
vt 0.4198457 0.5334657
vt 0.4335938 0.5470253
vt 0.4463392 0.5640578
vt 0.4578641 0.5842718
vt 0.4679711 0.6073216
vt 0.4764874 0.6328126
vt 0.4832671 0.6603086
vt 0.4881944 0.6893393
vt 0.4911849 0.7194079
vt 0.4921875 0.75
vt 0.3868437 0.7531185
vt 0.3865388 0.7561836
vt 0.3860365 0.7591429
vt 0.3853454 0.7619458
vt 0.3844773 0.7645444
vt 0.383447 0.766894
vt 0.3822722 0.7689545
vt 0.3809729 0.7706908
vt 0.3795715 0.772073
vt 0.3780918 0.7730776
vt 0.3765592 0.7736873
vt 0.375 0.7738917
vt 0.3987744 0.7562599
vt 0.3981625 0.7624128
vt 0.3971542 0.7683532
vt 0.3957669 0.7739795
vt 0.3940243 0.7791957
vt 0.3919561 0.7839122
vt 0.3895978 0.7880486
vt 0.3869898 0.7915338
vt 0.3841766 0.7943085
vt 0.3812064 0.796325
vt 0.37813 0.7975489
vt 0.375 0.7979591
vt 0.4106483 0.7593864
vt 0.4097308 0.7686121
vt 0.408219 0.7775195
vt 0.4061387 0.7859559
vt 0.4035257 0.7937772
vt 0.4004247 0.8008494
vt 0.3968886 0.8070515
vt 0.392978 0.8122775
vt 0.3887597 0.8164379
vt 0.3843061 0.8194615
vt 0.3796932 0.8212966
vt 0.375 0.8219119
vt 0.4223213 0.7624599
vt 0.4211032 0.7747067
vt 0.4190964 0.7865306
vt 0.416335 0.7977296
vt 0.4128664 0.8081119
vt 0.4087499 0.8174999
vt 0.4040559 0.8257328
vt 0.3988648 0.8326701
vt 0.3932653 0.8381928
vt 0.3873533 0.8422065
vt 0.3812299 0.8446425
vt 0.375 0.8454592
vt 0.4336492 0.7654426
vt 0.4321396 0.7806211
vt 0.4296524 0.7952755
vt 0.42623 0.8091553
vt 0.421931 0.8220229
vt 0.4168291 0.8336582
vt 0.4110115 0.8438621
vt 0.4045776 0.85246
vt 0.3976377 0.8593047
vt 0.3903105 0.8642793
vt 0.3827213 0.8672984
vt 0.375 0.8683106
vt 0.4444881 0.7682966
vt 0.4426995 0.7862801
vt 0.4397526 0.8036428
vt 0.4356977 0.8200877
vt 0.4306043 0.8353334
vt 0.4245595 0.849119
vt 0.4176667 0.8612086
vt 0.4100438 0.8713955
vt 0.4018214 0.8795052
vt 0.39314 0.885399
vt 0.3841483 0.8889762
vt 0.375 0.8901754
vt 0.4546939 0.7709838
vt 0.4526426 0.7916086
vt 0.4492629 0.8115214
vt 0.4446125 0.8303816
vt 0.438771 0.8478664
vt 0.4318383 0.8636767
vt 0.4239332 0.877542
vt 0.4151908 0.8892249
vt 0.4057607 0.8985258
vt 0.3958043 0.9052852
vt 0.3854919 0.9093878
vt 0.375 0.9107631
vt 0.4641226 0.7734664
vt 0.4618286 0.7965314
vt 0.458049 0.8188001
vt 0.4528484 0.8398916
vt 0.4463158 0.8594451
vt 0.438563 0.877126
vt 0.4297225 0.8926316
vt 0.4199458 0.9056968
vt 0.4094 0.9160981
vt 0.3982657 0.9236572
vt 0.3867332 0.9282451
vt 0.375 0.9297832
vt 0.4726301 0.7757065
vt 0.4701171 0.8009732
vt 0.4659767 0.8253676
vt 0.4602797 0.8484725
vt 0.4531235 0.8698925
vt 0.4446306 0.8892612
vt 0.4349463 0.906247
vt 0.4242362 0.9205594
vt 0.4126838 0.9319535
vt 0.4004866 0.9402342
vt 0.3878532 0.9452601
vt 0.375 0.946945
vt 0.4800723 0.7776661
vt 0.4773678 0.8048588
vt 0.4729118 0.8311128
vt 0.4667805 0.855979
vt 0.4590788 0.8790318
vt 0.4499384 0.899877
vt 0.4395159 0.9181575
vt 0.4279895 0.933561
vt 0.4155564 0.9458236
vt 0.4024294 0.9547356
vt 0.388833 0.9601446
vt 0.375 0.9619579
vt 0.4863053 0.7793072
vt 0.4834404 0.8081131
vt 0.47872 0.8359245
vt 0.472225 0.8622657
vt 0.4640664 0.8866861
vt 0.4543839 0.9087678
vt 0.443343 0.9281328
vt 0.4311329 0.94445
vt 0.4179622 0.9574401
vt 0.4040565 0.9668807
vt 0.3896536 0.9726106
vt 0.375 0.9745315
vt 0.4911849 0.7805921
vt 0.4881944 0.8106608
vt 0.4832671 0.8396914
vt 0.4764873 0.8671875
vt 0.4679711 0.8926785
vt 0.457864 0.9157282
vt 0.4463392 0.9359422
vt 0.4335938 0.9529747
vt 0.4198457 0.9665343
vt 0.4053304 0.9763889
vt 0.390296 0.9823699
vt 0.375 0.984375
vt 0.3630542 0.75
vt 0.3631563 0.7531185
vt 0.3634612 0.7561836
vt 0.3639635 0.7591429
vt 0.3646546 0.7619458
vt 0.3655227 0.7645444
vt 0.366553 0.766894
vt 0.3677278 0.7689545
vt 0.3690271 0.7706908
vt 0.3704285 0.772073
vt 0.3719082 0.7730776
vt 0.3734408 0.7736873
vt 0.3510204 0.75
vt 0.3512256 0.7562599
vt 0.3518375 0.7624128
vt 0.3528458 0.7683532
vt 0.3542331 0.7739795
vt 0.3559757 0.7791957
vt 0.3580439 0.7839122
vt 0.3604022 0.7880486
vt 0.3630102 0.7915338
vt 0.3658234 0.7943085
vt 0.3687936 0.796325
vt 0.37187 0.7975489
vt 0.3390441 0.75
vt 0.3393517 0.7593864
vt 0.3402692 0.7686121
vt 0.341781 0.7775195
vt 0.3438613 0.7859559
vt 0.3464743 0.7937772
vt 0.3495753 0.8008494
vt 0.3531114 0.8070515
vt 0.357022 0.8122775
vt 0.3612403 0.8164379
vt 0.3656939 0.8194615
vt 0.3703068 0.8212966
vt 0.3272704 0.75
vt 0.3276787 0.7624599
vt 0.3288968 0.7747067
vt 0.3309036 0.7865306
vt 0.333665 0.7977296
vt 0.3371336 0.8081119
vt 0.3412501 0.8174999
vt 0.3459441 0.8257328
vt 0.3511352 0.8326701
vt 0.3567347 0.8381928
vt 0.3626467 0.8422065
vt 0.3687701 0.8446425
vt 0.3158447 0.75
vt 0.3163508 0.7654426
vt 0.3178604 0.7806211
vt 0.3203476 0.7952755
vt 0.32377 0.8091553
vt 0.328069 0.8220229
vt 0.3331709 0.8336582
vt 0.3389885 0.8438621
vt 0.3454224 0.85246
vt 0.3523623 0.8593047
vt 0.3596895 0.8642793
vt 0.3672787 0.8672984
vt 0.3049123 0.75
vt 0.3055119 0.7682966
vt 0.3073005 0.7862801
vt 0.3102474 0.8036428
vt 0.3143023 0.8200877
vt 0.3193957 0.8353334
vt 0.3254405 0.849119
vt 0.3323333 0.8612086
vt 0.3399562 0.8713955
vt 0.3481786 0.8795052
vt 0.35686 0.885399
vt 0.3658517 0.8889762
vt 0.2946184 0.75
vt 0.2953061 0.7709838
vt 0.2973574 0.7916086
vt 0.3007371 0.8115214
vt 0.3053875 0.8303816
vt 0.311229 0.8478664
vt 0.3181617 0.8636767
vt 0.3260668 0.877542
vt 0.3348092 0.8892249
vt 0.3442393 0.8985258
vt 0.3541957 0.9052852
vt 0.3645081 0.9093878
vt 0.2851084 0.75
vt 0.2858774 0.7734664
vt 0.2881714 0.7965314
vt 0.291951 0.8188001
vt 0.2971516 0.8398916
vt 0.3036842 0.8594451
vt 0.311437 0.877126
vt 0.3202775 0.8926316
vt 0.3300542 0.9056968
vt 0.3406 0.9160981
vt 0.3517343 0.9236572
vt 0.3632668 0.9282451
vt 0.2765275 0.75
vt 0.2773699 0.7757065
vt 0.2798829 0.8009732
vt 0.2840233 0.8253676
vt 0.2897203 0.8484725
vt 0.2968765 0.8698925
vt 0.3053694 0.8892612
vt 0.3150537 0.906247
vt 0.3257638 0.9205594
vt 0.3373162 0.9319535
vt 0.3495134 0.9402342
vt 0.3621468 0.9452601
vt 0.269021 0.75
vt 0.2699277 0.7776661
vt 0.2726322 0.8048588
vt 0.2770882 0.8311128
vt 0.2832195 0.855979
vt 0.2909212 0.8790318
vt 0.3000616 0.899877
vt 0.3104841 0.9181575
vt 0.3220105 0.933561
vt 0.3344436 0.9458236
vt 0.3475706 0.9547356
vt 0.361167 0.9601446
vt 0.2627343 0.75
vt 0.2636947 0.7793072
vt 0.2665596 0.8081131
vt 0.27128 0.8359245
vt 0.277775 0.8622657
vt 0.2859336 0.8866861
vt 0.2956161 0.9087678
vt 0.306657 0.9281328
vt 0.3188671 0.94445
vt 0.3320378 0.9574401
vt 0.3459435 0.9668807
vt 0.3603464 0.9726106
vt 0.2578125 0.75
vt 0.2588151 0.7805921
vt 0.2618056 0.8106608
vt 0.2667329 0.8396914
vt 0.2735127 0.8671875
vt 0.2820289 0.8926785
vt 0.292136 0.9157282
vt 0.3036608 0.9359422
vt 0.3164063 0.9529747
vt 0.3301543 0.9665343
vt 0.3446696 0.9763889
vt 0.359704 0.9823699
vt 0.3734407 0.7263127
vt 0.3719082 0.7269224
vt 0.3704285 0.727927
vt 0.3690271 0.7293092
vt 0.3677278 0.7310455
vt 0.366553 0.733106
vt 0.3655227 0.7354556
vt 0.3646546 0.7380542
vt 0.3639635 0.7408571
vt 0.3634612 0.7438164
vt 0.3631563 0.7468815
vt 0.37187 0.7024511
vt 0.3687936 0.703675
vt 0.3658234 0.7056915
vt 0.3630102 0.7084662
vt 0.3604022 0.7119514
vt 0.3580439 0.7160878
vt 0.3559757 0.7208043
vt 0.3542331 0.7260205
vt 0.3528458 0.7316468
vt 0.3518375 0.7375872
vt 0.3512256 0.7437401
vt 0.3703068 0.6787034
vt 0.3656939 0.6805385
vt 0.3612403 0.6835621
vt 0.357022 0.6877225
vt 0.3531114 0.6929485
vt 0.3495753 0.6991507
vt 0.3464742 0.7062228
vt 0.3438613 0.7140441
vt 0.341781 0.7224805
vt 0.3402692 0.7313879
vt 0.3393517 0.7406136
vt 0.36877 0.6553575
vt 0.3626467 0.6577935
vt 0.3567347 0.6618072
vt 0.3511352 0.6673299
vt 0.3459441 0.6742672
vt 0.3412501 0.6825002
vt 0.3371336 0.6918882
vt 0.333665 0.7022704
vt 0.3309036 0.7134694
vt 0.3288968 0.7252933
vt 0.3276787 0.7375401
vt 0.3672787 0.6327016
vt 0.3596895 0.6357208
vt 0.3523622 0.6406953
vt 0.3454224 0.64754
vt 0.3389885 0.6561379
vt 0.3331709 0.6663418
vt 0.328069 0.6779771
vt 0.32377 0.6908448
vt 0.3203476 0.7047246
vt 0.3178604 0.7193789
vt 0.3163508 0.7345574
vt 0.3658517 0.6110238
vt 0.35686 0.614601
vt 0.3481786 0.6204948
vt 0.3399561 0.6286045
vt 0.3323333 0.6387914
vt 0.3254405 0.6508811
vt 0.3193957 0.6646667
vt 0.3143023 0.6799123
vt 0.3102474 0.6963573
vt 0.3073005 0.71372
vt 0.3055119 0.7317035
vt 0.3645081 0.5906122
vt 0.3541957 0.5947148
vt 0.3442393 0.6014742
vt 0.3348092 0.6107751
vt 0.3260668 0.622458
vt 0.3181616 0.6363233
vt 0.311229 0.6521336
vt 0.3053875 0.6696185
vt 0.3007371 0.6884786
vt 0.2973574 0.7083914
vt 0.2953061 0.7290162
vt 0.3632668 0.5717549
vt 0.3517343 0.5763428
vt 0.3406 0.583902
vt 0.3300542 0.5943032
vt 0.3202775 0.6073684
vt 0.311437 0.6228741
vt 0.3036842 0.6405549
vt 0.2971516 0.6601084
vt 0.291951 0.6812
vt 0.2881714 0.7034687
vt 0.2858774 0.7265336
vt 0.3621467 0.5547399
vt 0.3495134 0.5597658
vt 0.3373162 0.5680466
vt 0.3257637 0.5794406
vt 0.3150537 0.593753
vt 0.3053694 0.6107389
vt 0.2968765 0.6301075
vt 0.2897203 0.6515275
vt 0.2840233 0.6746324
vt 0.2798829 0.6990269
vt 0.2773699 0.7242935
vt 0.361167 0.5398554
vt 0.3475706 0.5452644
vt 0.3344436 0.5541764
vt 0.3220105 0.566439
vt 0.3104841 0.5818425
vt 0.3000616 0.6001231
vt 0.2909212 0.6209682
vt 0.2832195 0.644021
vt 0.2770882 0.6688873
vt 0.2726322 0.6951412
vt 0.2699277 0.722334
vt 0.3603464 0.5273894
vt 0.3459435 0.5331193
vt 0.3320377 0.54256
vt 0.3188671 0.55555
vt 0.306657 0.5718672
vt 0.2956161 0.5912323
vt 0.2859336 0.6133139
vt 0.277775 0.6377343
vt 0.27128 0.6640756
vt 0.2665596 0.691887
vt 0.2636947 0.7206928
vt 0.359704 0.5176301
vt 0.3446696 0.5236111
vt 0.3301543 0.5334657
vt 0.3164063 0.5470253
vt 0.3036608 0.5640578
vt 0.2921359 0.5842718
vt 0.2820289 0.6073216
vt 0.2735126 0.6328126
vt 0.2667329 0.6603086
vt 0.2618056 0.6893393
vt 0.2588151 0.7194079
vt 0.625 0.7139423
vt 0.6273533 0.7142508
vt 0.6296662 0.715171
vt 0.6318994 0.716687
vt 0.6340144 0.7187731
vt 0.6359752 0.7213935
vt 0.6377483 0.7245034
vt 0.6393033 0.7280495
vt 0.6406134 0.7319711
vt 0.6416565 0.7362013
vt 0.6424145 0.7406676
vt 0.6428746 0.7452935
vt 0.6430289 0.75
vt 0.625 0.7020669
vt 0.6281283 0.702477
vt 0.631203 0.7037002
vt 0.6341716 0.7057156
vt 0.6369833 0.7084887
vt 0.6395899 0.7119721
vt 0.6419469 0.7161062
vt 0.6440139 0.7208202
vt 0.6457556 0.7260334
vt 0.6471422 0.7316568
vt 0.6481499 0.737594
vt 0.6487615 0.7437435
vt 0.6489666 0.75
vt 0.625 0.6871595
vt 0.6291012 0.6876972
vt 0.6331322 0.6893008
vt 0.637024 0.6919429
vt 0.6407101 0.6955786
vt 0.6441274 0.7001453
vt 0.6472175 0.7055651
vt 0.6499274 0.7117451
vt 0.6522107 0.7185798
vt 0.6540285 0.725952
vt 0.6553496 0.7337357
vt 0.6561514 0.7417977
vt 0.6564202 0.75
vt 0.625 0.6698761
vt 0.6302291 0.6705616
vt 0.6353688 0.6726062
vt 0.640331 0.6759751
vt 0.645031 0.6806107
vt 0.6493882 0.6864334
vt 0.6533281 0.6933439
vt 0.6567833 0.7012237
vt 0.6596947 0.709938
vt 0.6620124 0.7193379
vt 0.6636969 0.7292624
vt 0.6647192 0.7395418
vt 0.665062 0.75
vt 0.625 0.6508725
vt 0.6314694 0.6517205
vt 0.6378281 0.6542502
vt 0.6439672 0.6584181
vt 0.6497819 0.6641531
vt 0.6551725 0.6713569
vt 0.6600469 0.6799062
vt 0.6643215 0.689655
vt 0.6679235 0.7004362
vt 0.6707909 0.7120656
vt 0.6728749 0.7243439
vt 0.6741397 0.7370613
vt 0.6745638 0.75
vt 0.625 0.6308047
vt 0.6327791 0.6318244
vt 0.640425 0.6348661
vt 0.6478071 0.6398779
vt 0.6547989 0.6467738
vt 0.6612808 0.655436
vt 0.6671419 0.6657162
vt 0.672282 0.6774385
vt 0.6766131 0.6904023
vt 0.6800611 0.7043859
vt 0.6825669 0.7191499
vt 0.6840878 0.7344419
vt 0.6845977 0.75
vt 0.625 0.6103284
vt 0.6341154 0.6115233
vt 0.6430748 0.6150876
vt 0.651725 0.6209602
vt 0.6599179 0.6290408
vt 0.6675134 0.639191
vt 0.6743814 0.6512372
vt 0.6804045 0.6649733
vt 0.6854796 0.6801642
vt 0.6895199 0.69655
vt 0.6924562 0.7138503
vt 0.6942384 0.7317692
vt 0.6948358 0.75
vt 0.625 0.5900997
vt 0.6354356 0.5914676
vt 0.6456926 0.5955482
vt 0.6555956 0.6022714
vt 0.6649751 0.6115223
vt 0.6736706 0.6231425
vt 0.6815333 0.6369334
vt 0.6884288 0.6526588
vt 0.6942389 0.6700498
vt 0.6988643 0.6888088
vt 0.7022259 0.7086147
vt 0.7042662 0.7291288
vt 0.7049502 0.75
vt 0.625 0.5707743
vt 0.6366968 0.5723076
vt 0.6481935 0.5768813
vt 0.6592934 0.5844171
vt 0.6698064 0.594786
vt 0.6795529 0.6078107
vt 0.6883658 0.6232683
vt 0.6960946 0.6408944
vt 0.702607 0.6603872
vt 0.7077914 0.6814134
vt 0.7115594 0.703613
vt 0.7138462 0.7266064
vt 0.7146128 0.75
vt 0.625 0.5530083
vt 0.6378563 0.5546936
vt 0.6504926 0.5597206
vt 0.6626927 0.5680034
vt 0.6742479 0.5794002
vt 0.6849605 0.593716
vt 0.6946471 0.6107059
vt 0.703142 0.6300791
vt 0.7102999 0.6515042
vt 0.7159983 0.6746145
vt 0.7201397 0.6990148
vt 0.7226532 0.7242875
vt 0.7234958 0.75
vt 0.625 0.5374575
vt 0.6388712 0.5392759
vt 0.652505 0.5446997
vt 0.6656682 0.5536364
vt 0.6781356 0.5659328
vt 0.6896938 0.5813787
vt 0.7001451 0.5997097
vt 0.7093107 0.6206123
vt 0.7170336 0.6437288
vt 0.7231818 0.6686636
vt 0.7276501 0.6949899
vt 0.7303621 0.7222577
vt 0.7312713 0.75
vt 0.625 0.5247778
vt 0.6396987 0.5267045
vt 0.6541459 0.532452
vt 0.6680944 0.5419218
vt 0.6813056 0.5549518
vt 0.6935533 0.5713192
vt 0.7046281 0.5907438
vt 0.7143404 0.6128934
vt 0.7225241 0.6373889
vt 0.7290391 0.6638112
vt 0.733774 0.6917082
vt 0.7366477 0.7206026
vt 0.7376111 0.75
vt 0.625 0.515625
vt 0.640296 0.5176301
vt 0.6553304 0.5236111
vt 0.6698457 0.5334657
vt 0.6835938 0.5470253
vt 0.6963392 0.5640578
vt 0.707864 0.5842718
vt 0.7179711 0.6073216
vt 0.7264873 0.6328126
vt 0.7332671 0.6603086
vt 0.7381944 0.6893393
vt 0.7411849 0.7194079
vt 0.7421875 0.75
vt 0.6428746 0.7547065
vt 0.6424145 0.7593324
vt 0.6416565 0.7637987
vt 0.6406134 0.7680289
vt 0.6393033 0.7719505
vt 0.6377483 0.7754967
vt 0.6359752 0.7786065
vt 0.6340144 0.7812269
vt 0.6318994 0.783313
vt 0.6296662 0.784829
vt 0.6273533 0.7857492
vt 0.625 0.7860577
vt 0.6487615 0.7562565
vt 0.6481499 0.762406
vt 0.6471422 0.7683432
vt 0.6457556 0.7739666
vt 0.6440139 0.7791798
vt 0.6419469 0.7838938
vt 0.6395899 0.7880279
vt 0.6369833 0.7915113
vt 0.6341716 0.7942845
vt 0.631203 0.7962998
vt 0.6281282 0.797523
vt 0.625 0.7979331
vt 0.6561514 0.7582023
vt 0.6553496 0.7662643
vt 0.6540285 0.774048
vt 0.6522107 0.7814202
vt 0.6499273 0.7882549
vt 0.6472175 0.7944349
vt 0.6441274 0.7998547
vt 0.6407101 0.8044214
vt 0.637024 0.8080571
vt 0.6331322 0.8106992
vt 0.6291012 0.8123029
vt 0.625 0.8128405
vt 0.6647192 0.7604583
vt 0.6636969 0.7707376
vt 0.6620124 0.7806621
vt 0.6596947 0.790062
vt 0.6567833 0.7987764
vt 0.6533281 0.8066562
vt 0.6493882 0.8135666
vt 0.645031 0.8193893
vt 0.640331 0.8240249
vt 0.6353688 0.8273938
vt 0.6302291 0.8294384
vt 0.625 0.8301239
vt 0.6741397 0.7629387
vt 0.6728749 0.7756561
vt 0.6707909 0.7879344
vt 0.6679235 0.7995638
vt 0.6643215 0.8103451
vt 0.6600469 0.8200938
vt 0.6551725 0.8286431
vt 0.6497819 0.8358469
vt 0.6439672 0.8415819
vt 0.6378281 0.8457499
vt 0.6314694 0.8482795
vt 0.625 0.8491275
vt 0.6840878 0.7655581
vt 0.6825669 0.7808501
vt 0.6800611 0.7956141
vt 0.6766131 0.8095977
vt 0.672282 0.8225616
vt 0.6671419 0.8342838
vt 0.6612808 0.844564
vt 0.6547988 0.8532262
vt 0.647807 0.8601222
vt 0.640425 0.8651339
vt 0.6327791 0.8681756
vt 0.625 0.8691953
vt 0.6942384 0.7682308
vt 0.6924562 0.7861497
vt 0.6895199 0.80345
vt 0.6854796 0.8198358
vt 0.6804045 0.8350267
vt 0.6743814 0.8487628
vt 0.6675134 0.8608089
vt 0.6599179 0.8709592
vt 0.651725 0.8790398
vt 0.6430748 0.8849124
vt 0.6341154 0.8884767
vt 0.625 0.8896716
vt 0.7042662 0.7708712
vt 0.7022259 0.7913853
vt 0.6988643 0.8111912
vt 0.6942389 0.8299502
vt 0.6884287 0.8473412
vt 0.6815333 0.8630667
vt 0.6736706 0.8768575
vt 0.664975 0.8884777
vt 0.6555956 0.8977287
vt 0.6456926 0.9044518
vt 0.6354356 0.9085324
vt 0.625 0.9099003
vt 0.7138462 0.7733936
vt 0.7115594 0.7963871
vt 0.7077914 0.8185867
vt 0.702607 0.8396128
vt 0.6960946 0.8591057
vt 0.6883658 0.8767317
vt 0.6795529 0.8921893
vt 0.6698064 0.905214
vt 0.6592933 0.915583
vt 0.6481935 0.9231187
vt 0.6366968 0.9276924
vt 0.625 0.9292257
vt 0.7226532 0.7757126
vt 0.7201397 0.8009852
vt 0.7159983 0.8253855
vt 0.7102999 0.8484958
vt 0.703142 0.869921
vt 0.6946471 0.8892941
vt 0.6849605 0.906284
vt 0.6742479 0.9205998
vt 0.6626927 0.9319966
vt 0.6504926 0.9402794
vt 0.6378562 0.9453064
vt 0.625 0.9469917
vt 0.7303621 0.7777424
vt 0.7276501 0.8050101
vt 0.7231818 0.8313365
vt 0.7170336 0.8562713
vt 0.7093107 0.8793877
vt 0.7001451 0.9002903
vt 0.6896938 0.9186213
vt 0.6781356 0.9340672
vt 0.6656682 0.9463637
vt 0.652505 0.9553003
vt 0.6388711 0.9607242
vt 0.625 0.9625425
vt 0.7366477 0.7793974
vt 0.7337739 0.8082919
vt 0.7290391 0.8361888
vt 0.7225241 0.8626111
vt 0.7143404 0.8871067
vt 0.7046281 0.9092562
vt 0.6935533 0.9286808
vt 0.6813055 0.9450482
vt 0.6680944 0.9580783
vt 0.6541459 0.967548
vt 0.6396987 0.9732955
vt 0.625 0.9752222
vt 0.7411849 0.7805921
vt 0.7381944 0.8106608
vt 0.7332671 0.8396914
vt 0.7264873 0.8671875
vt 0.7179711 0.8926785
vt 0.707864 0.9157282
vt 0.6963392 0.9359422
vt 0.6835938 0.9529747
vt 0.6698457 0.9665343
vt 0.6553304 0.9763889
vt 0.640296 0.9823699
vt 0.625 0.984375
vt 0.6069711 0.75
vt 0.6071254 0.7547065
vt 0.6075855 0.7593324
vt 0.6083435 0.7637987
vt 0.6093866 0.7680289
vt 0.6106967 0.7719505
vt 0.6122517 0.7754967
vt 0.6140248 0.7786065
vt 0.6159856 0.7812269
vt 0.6181006 0.783313
vt 0.6203338 0.784829
vt 0.6226467 0.7857492
vt 0.6010334 0.75
vt 0.6012385 0.7562565
vt 0.6018501 0.762406
vt 0.6028578 0.7683432
vt 0.6042444 0.7739666
vt 0.6059861 0.7791798
vt 0.6080531 0.7838938
vt 0.6104101 0.7880279
vt 0.6130167 0.7915113
vt 0.6158284 0.7942845
vt 0.618797 0.7962998
vt 0.6218718 0.797523
vt 0.5935798 0.75
vt 0.5938486 0.7582023
vt 0.5946504 0.7662643
vt 0.5959715 0.774048
vt 0.5977893 0.7814202
vt 0.6000727 0.7882549
vt 0.6027825 0.7944349
vt 0.6058726 0.7998547
vt 0.6092899 0.8044214
vt 0.612976 0.8080571
vt 0.6168678 0.8106992
vt 0.6208988 0.8123029
vt 0.584938 0.75
vt 0.5852808 0.7604583
vt 0.5863031 0.7707376
vt 0.5879876 0.7806621
vt 0.5903053 0.790062
vt 0.5932167 0.7987764
vt 0.5966719 0.8066562
vt 0.6006118 0.8135666
vt 0.604969 0.8193893
vt 0.609669 0.8240249
vt 0.6146312 0.8273938
vt 0.6197709 0.8294384
vt 0.5754362 0.75
vt 0.5758603 0.7629387
vt 0.5771251 0.7756561
vt 0.5792091 0.7879344
vt 0.5820765 0.7995638
vt 0.5856785 0.8103451
vt 0.5899531 0.8200938
vt 0.5948275 0.8286431
vt 0.6002181 0.8358469
vt 0.6060328 0.8415819
vt 0.6121719 0.8457499
vt 0.6185306 0.8482795
vt 0.5654023 0.75
vt 0.5659122 0.7655581
vt 0.5674331 0.7808501
vt 0.5699389 0.7956141
vt 0.5733869 0.8095977
vt 0.577718 0.8225616
vt 0.5828581 0.8342838
vt 0.5887192 0.844564
vt 0.5952012 0.8532262
vt 0.602193 0.8601222
vt 0.609575 0.8651339
vt 0.6172209 0.8681756
vt 0.5551642 0.75
vt 0.5557616 0.7682308
vt 0.5575438 0.7861497
vt 0.5604801 0.80345
vt 0.5645204 0.8198358
vt 0.5695955 0.8350267
vt 0.5756186 0.8487628
vt 0.5824866 0.8608089
vt 0.5900821 0.8709592
vt 0.598275 0.8790398
vt 0.6069252 0.8849124
vt 0.6158846 0.8884767
vt 0.5450498 0.75
vt 0.5457338 0.7708712
vt 0.5477741 0.7913853
vt 0.5511357 0.8111912
vt 0.5557611 0.8299502
vt 0.5615713 0.8473412
vt 0.5684667 0.8630667
vt 0.5763294 0.8768575
vt 0.585025 0.8884777
vt 0.5944044 0.8977287
vt 0.6043074 0.9044518
vt 0.6145644 0.9085324
vt 0.5353872 0.75
vt 0.5361538 0.7733936
vt 0.5384406 0.7963871
vt 0.5422086 0.8185867
vt 0.547393 0.8396128
vt 0.5539054 0.8591057
vt 0.5616342 0.8767317
vt 0.5704471 0.8921893
vt 0.5801936 0.905214
vt 0.5907067 0.915583
vt 0.6018065 0.9231187
vt 0.6133032 0.9276924
vt 0.5265042 0.75
vt 0.5273468 0.7757126
vt 0.5298603 0.8009852
vt 0.5340017 0.8253855
vt 0.5397001 0.8484958
vt 0.546858 0.869921
vt 0.5553529 0.8892941
vt 0.5650395 0.906284
vt 0.5757521 0.9205998
vt 0.5873073 0.9319966
vt 0.5995074 0.9402794
vt 0.6121438 0.9453064
vt 0.5187287 0.75
vt 0.5196379 0.7777424
vt 0.5223499 0.8050101
vt 0.5268182 0.8313365
vt 0.5329664 0.8562713
vt 0.5406893 0.8793877
vt 0.5498549 0.9002903
vt 0.5603062 0.9186213
vt 0.5718644 0.9340672
vt 0.5843318 0.9463637
vt 0.597495 0.9553003
vt 0.6111289 0.9607242
vt 0.5123889 0.75
vt 0.5133523 0.7793974
vt 0.5162261 0.8082919
vt 0.5209609 0.8361888
vt 0.5274759 0.8626111
vt 0.5356596 0.8871067
vt 0.5453719 0.9092562
vt 0.5564467 0.9286808
vt 0.5686945 0.9450482
vt 0.5819056 0.9580783
vt 0.5958541 0.967548
vt 0.6103013 0.9732955
vt 0.5078125 0.75
vt 0.5088151 0.7805921
vt 0.5118056 0.8106608
vt 0.5167329 0.8396914
vt 0.5235127 0.8671875
vt 0.5320289 0.8926785
vt 0.542136 0.9157282
vt 0.5536608 0.9359422
vt 0.5664063 0.9529747
vt 0.5801543 0.9665343
vt 0.5946696 0.9763889
vt 0.609704 0.9823699
vt 0.6226467 0.7142508
vt 0.6203338 0.715171
vt 0.6181006 0.716687
vt 0.6159856 0.7187731
vt 0.6140248 0.7213935
vt 0.6122517 0.7245034
vt 0.6106967 0.7280495
vt 0.6093866 0.7319711
vt 0.6083435 0.7362013
vt 0.6075855 0.7406676
vt 0.6071254 0.7452935
vt 0.6218717 0.702477
vt 0.618797 0.7037002
vt 0.6158284 0.7057156
vt 0.6130167 0.7084887
vt 0.6104101 0.7119721
vt 0.6080531 0.7161062
vt 0.6059861 0.7208202
vt 0.6042444 0.7260334
vt 0.6028578 0.7316568
vt 0.6018501 0.737594
vt 0.6012385 0.7437435
vt 0.6208988 0.6876972
vt 0.6168678 0.6893008
vt 0.612976 0.6919429
vt 0.6092899 0.6955786
vt 0.6058726 0.7001453
vt 0.6027825 0.7055651
vt 0.6000726 0.7117451
vt 0.5977893 0.7185798
vt 0.5959715 0.725952
vt 0.5946504 0.7337357
vt 0.5938486 0.7417977
vt 0.6197709 0.6705616
vt 0.6146312 0.6726062
vt 0.609669 0.6759751
vt 0.604969 0.6806107
vt 0.6006118 0.6864334
vt 0.5966719 0.6933439
vt 0.5932167 0.7012237
vt 0.5903053 0.709938
vt 0.5879876 0.7193379
vt 0.5863031 0.7292624
vt 0.5852808 0.7395418
vt 0.6185306 0.6517205
vt 0.6121719 0.6542502
vt 0.6060328 0.6584181
vt 0.6002181 0.6641531
vt 0.5948275 0.6713569
vt 0.5899531 0.6799062
vt 0.5856785 0.689655
vt 0.5820765 0.7004362
vt 0.5792091 0.7120656
vt 0.5771251 0.7243439
vt 0.5758603 0.7370613
vt 0.6172209 0.6318244
vt 0.609575 0.6348661
vt 0.6021929 0.6398779
vt 0.5952011 0.6467738
vt 0.5887192 0.655436
vt 0.5828581 0.6657162
vt 0.577718 0.6774385
vt 0.5733869 0.6904023
vt 0.5699389 0.7043859
vt 0.5674331 0.7191499
vt 0.5659122 0.7344419
vt 0.6158846 0.6115233
vt 0.6069252 0.6150876
vt 0.598275 0.6209602
vt 0.5900821 0.6290408
vt 0.5824866 0.639191
vt 0.5756186 0.6512372
vt 0.5695955 0.6649733
vt 0.5645204 0.6801642
vt 0.5604801 0.69655
vt 0.5575438 0.7138503
vt 0.5557616 0.7317692
vt 0.6145644 0.5914676
vt 0.6043074 0.5955482
vt 0.5944044 0.6022714
vt 0.5850249 0.6115223
vt 0.5763294 0.6231425
vt 0.5684667 0.6369334
vt 0.5615712 0.6526588
vt 0.5557611 0.6700498
vt 0.5511357 0.6888088
vt 0.5477741 0.7086147
vt 0.5457338 0.7291288
vt 0.6133032 0.5723076
vt 0.6018065 0.5768813
vt 0.5907066 0.5844171
vt 0.5801936 0.594786
vt 0.5704471 0.6078107
vt 0.5616342 0.6232683
vt 0.5539054 0.6408944
vt 0.547393 0.6603872
vt 0.5422086 0.6814134
vt 0.5384406 0.703613
vt 0.5361538 0.7266064
vt 0.6121437 0.5546936
vt 0.5995074 0.5597206
vt 0.5873073 0.5680034
vt 0.5757521 0.5794002
vt 0.5650395 0.593716
vt 0.5553529 0.6107059
vt 0.546858 0.6300791
vt 0.5397001 0.6515042
vt 0.5340017 0.6746145
vt 0.5298603 0.6990148
vt 0.5273468 0.7242875
vt 0.6111288 0.5392759
vt 0.597495 0.5446997
vt 0.5843318 0.5536364
vt 0.5718644 0.5659328
vt 0.5603062 0.5813787
vt 0.5498549 0.5997097
vt 0.5406893 0.6206123
vt 0.5329664 0.6437288
vt 0.5268182 0.6686636
vt 0.5223499 0.6949899
vt 0.5196379 0.7222577
vt 0.6103013 0.5267045
vt 0.5958541 0.532452
vt 0.5819056 0.5419218
vt 0.5686944 0.5549518
vt 0.5564467 0.5713192
vt 0.5453719 0.5907438
vt 0.5356596 0.6128934
vt 0.5274759 0.6373889
vt 0.5209609 0.6638112
vt 0.516226 0.6917082
vt 0.5133523 0.7206026
vt 0.609704 0.5176301
vt 0.5946696 0.5236111
vt 0.5801543 0.5334657
vt 0.5664063 0.5470253
vt 0.5536608 0.5640578
vt 0.542136 0.5842718
vt 0.5320289 0.6073216
vt 0.5235127 0.6328126
vt 0.5167329 0.6603086
vt 0.5118056 0.6893393
vt 0.5088151 0.7194079
vt 0 0.5
vt 0.02083333 0.5
vt 0.04166667 0.5
vt 0.0625 0.5
vt 0.08333334 0.5
vt 0.1041667 0.5
vt 0.125 0.5
vt 0.1458333 0.5
vt 0.1666667 0.5
vt 0.1875 0.5
vt 0.2083333 0.5
vt 0.2291667 0.5
vt 0.25 0.5
vt 0 0.4960135
vt 0.02083333 0.4960135
vt 0.04166667 0.4960135
vt 0.0625 0.4960135
vt 0.08333334 0.4960135
vt 0.1041667 0.4960135
vt 0.125 0.4960135
vt 0.1458333 0.4960135
vt 0.1666667 0.4960135
vt 0.1875 0.4960135
vt 0.2083333 0.4960135
vt 0.2291667 0.4960135
vt 0.25 0.4960135
vt 0 0.4922923
vt 0.02083333 0.4922923
vt 0.04166667 0.4922923
vt 0.0625 0.4922923
vt 0.08333334 0.4922923
vt 0.1041667 0.4922923
vt 0.125 0.4922923
vt 0.1458333 0.4922923
vt 0.1666667 0.4922923
vt 0.1875 0.4922923
vt 0.2083333 0.4922923
vt 0.2291667 0.4922923
vt 0.25 0.4922923
vt 0 0.4887835
vt 0.02083333 0.4887835
vt 0.04166667 0.4887835
vt 0.0625 0.4887835
vt 0.08333334 0.4887835
vt 0.1041667 0.4887835
vt 0.125 0.4887835
vt 0.1458333 0.4887835
vt 0.1666667 0.4887835
vt 0.1875 0.4887835
vt 0.2083333 0.4887835
vt 0.2291667 0.4887835
vt 0.25 0.4887835
vt 0 0.4854339
vt 0.02083333 0.4854339
vt 0.04166667 0.4854339
vt 0.0625 0.4854339
vt 0.08333334 0.4854339
vt 0.1041667 0.4854339
vt 0.125 0.4854339
vt 0.1458333 0.4854339
vt 0.1666667 0.4854339
vt 0.1875 0.4854339
vt 0.2083333 0.4854339
vt 0.2291667 0.4854339
vt 0.25 0.4854339
vt 0 0.4821904
vt 0.02083333 0.4821904
vt 0.04166667 0.4821904
vt 0.0625 0.4821904
vt 0.08333334 0.4821904
vt 0.1041667 0.4821904
vt 0.125 0.4821904
vt 0.1458333 0.4821904
vt 0.1666667 0.4821904
vt 0.1875 0.4821904
vt 0.2083333 0.4821904
vt 0.2291667 0.4821904
vt 0.25 0.4821904
vt 0 0.479
vt 0.02083333 0.479
vt 0.04166667 0.479
vt 0.0625 0.479
vt 0.08333334 0.479
vt 0.1041667 0.479
vt 0.125 0.479
vt 0.1458333 0.479
vt 0.1666667 0.479
vt 0.1875 0.479
vt 0.2083333 0.479
vt 0.2291667 0.479
vt 0.25 0.479
vt 0 0.4758096
vt 0.02083333 0.4758096
vt 0.04166667 0.4758096
vt 0.0625 0.4758096
vt 0.08333334 0.4758096
vt 0.1041667 0.4758096
vt 0.125 0.4758096
vt 0.1458333 0.4758096
vt 0.1666667 0.4758096
vt 0.1875 0.4758096
vt 0.2083333 0.4758096
vt 0.2291667 0.4758096
vt 0.25 0.4758096
vt 0 0.4725661
vt 0.02083333 0.4725661
vt 0.04166667 0.4725661
vt 0.0625 0.4725661
vt 0.08333334 0.4725661
vt 0.1041667 0.4725661
vt 0.125 0.4725661
vt 0.1458333 0.4725661
vt 0.1666667 0.4725661
vt 0.1875 0.4725661
vt 0.2083333 0.4725661
vt 0.2291667 0.4725661
vt 0.25 0.4725661
vt 0 0.4692165
vt 0.02083333 0.4692165
vt 0.04166667 0.4692165
vt 0.0625 0.4692165
vt 0.08333334 0.4692165
vt 0.1041667 0.4692165
vt 0.125 0.4692165
vt 0.1458333 0.4692165
vt 0.1666667 0.4692165
vt 0.1875 0.4692165
vt 0.2083333 0.4692165
vt 0.2291667 0.4692165
vt 0.25 0.4692165
vt 0 0.4657077
vt 0.02083333 0.4657077
vt 0.04166667 0.4657077
vt 0.0625 0.4657077
vt 0.08333334 0.4657077
vt 0.1041667 0.4657077
vt 0.125 0.4657077
vt 0.1458333 0.4657077
vt 0.1666667 0.4657077
vt 0.1875 0.4657077
vt 0.2083333 0.4657077
vt 0.2291667 0.4657077
vt 0.25 0.4657077
vt 0 0.4619865
vt 0.02083333 0.4619865
vt 0.04166667 0.4619865
vt 0.0625 0.4619865
vt 0.08333334 0.4619865
vt 0.1041667 0.4619865
vt 0.125 0.4619865
vt 0.1458333 0.4619865
vt 0.1666667 0.4619865
vt 0.1875 0.4619865
vt 0.2083333 0.4619865
vt 0.2291667 0.4619865
vt 0.25 0.4619865
vt 0 0.458
vt 0.02083333 0.458
vt 0.04166667 0.458
vt 0.0625 0.458
vt 0.08333334 0.458
vt 0.1041667 0.458
vt 0.125 0.458
vt 0.1458333 0.458
vt 0.1666667 0.458
vt 0.1875 0.458
vt 0.2083333 0.458
vt 0.2291667 0.458
vt 0.25 0.458
vt 0.2708333 0.5
vt 0.2916667 0.5
vt 0.3125 0.5
vt 0.3333333 0.5
vt 0.3541667 0.5
vt 0.375 0.5
vt 0.3958333 0.5
vt 0.4166667 0.5
vt 0.4375 0.5
vt 0.4583333 0.5
vt 0.4791667 0.5
vt 0.5 0.5
vt 0.2708333 0.4960135
vt 0.2916667 0.4960135
vt 0.3125 0.4960135
vt 0.3333333 0.4960135
vt 0.3541667 0.4960135
vt 0.375 0.4960135
vt 0.3958333 0.4960135
vt 0.4166667 0.4960135
vt 0.4375 0.4960135
vt 0.4583333 0.4960135
vt 0.4791667 0.4960135
vt 0.5 0.4960135
vt 0.2708333 0.4922923
vt 0.2916667 0.4922923
vt 0.3125 0.4922923
vt 0.3333333 0.4922923
vt 0.3541667 0.4922923
vt 0.375 0.4922923
vt 0.3958333 0.4922923
vt 0.4166667 0.4922923
vt 0.4375 0.4922923
vt 0.4583333 0.4922923
vt 0.4791667 0.4922923
vt 0.5 0.4922923
vt 0.2708333 0.4887835
vt 0.2916667 0.4887835
vt 0.3125 0.4887835
vt 0.3333333 0.4887835
vt 0.3541667 0.4887835
vt 0.375 0.4887835
vt 0.3958333 0.4887835
vt 0.4166667 0.4887835
vt 0.4375 0.4887835
vt 0.4583333 0.4887835
vt 0.4791667 0.4887835
vt 0.5 0.4887835
vt 0.2708333 0.4854339
vt 0.2916667 0.4854339
vt 0.3125 0.4854339
vt 0.3333333 0.4854339
vt 0.3541667 0.4854339
vt 0.375 0.4854339
vt 0.3958333 0.4854339
vt 0.4166667 0.4854339
vt 0.4375 0.4854339
vt 0.4583333 0.4854339
vt 0.4791667 0.4854339
vt 0.5 0.4854339
vt 0.2708333 0.4821904
vt 0.2916667 0.4821904
vt 0.3125 0.4821904
vt 0.3333333 0.4821904
vt 0.3541667 0.4821904
vt 0.375 0.4821904
vt 0.3958333 0.4821904
vt 0.4166667 0.4821904
vt 0.4375 0.4821904
vt 0.4583333 0.4821904
vt 0.4791667 0.4821904
vt 0.5 0.4821904
vt 0.2708333 0.479
vt 0.2916667 0.479
vt 0.3125 0.479
vt 0.3333333 0.479
vt 0.3541667 0.479
vt 0.375 0.479
vt 0.3958333 0.479
vt 0.4166667 0.479
vt 0.4375 0.479
vt 0.4583333 0.479
vt 0.4791667 0.479
vt 0.5 0.479
vt 0.2708333 0.4758096
vt 0.2916667 0.4758096
vt 0.3125 0.4758096
vt 0.3333333 0.4758096
vt 0.3541667 0.4758096
vt 0.375 0.4758096
vt 0.3958333 0.4758096
vt 0.4166667 0.4758096
vt 0.4375 0.4758096
vt 0.4583333 0.4758096
vt 0.4791667 0.4758096
vt 0.5 0.4758096
vt 0.2708333 0.4725661
vt 0.2916667 0.4725661
vt 0.3125 0.4725661
vt 0.3333333 0.4725661
vt 0.3541667 0.4725661
vt 0.375 0.4725661
vt 0.3958333 0.4725661
vt 0.4166667 0.4725661
vt 0.4375 0.4725661
vt 0.4583333 0.4725661
vt 0.4791667 0.4725661
vt 0.5 0.4725661
vt 0.2708333 0.4692165
vt 0.2916667 0.4692165
vt 0.3125 0.4692165
vt 0.3333333 0.4692165
vt 0.3541667 0.4692165
vt 0.375 0.4692165
vt 0.3958333 0.4692165
vt 0.4166667 0.4692165
vt 0.4375 0.4692165
vt 0.4583333 0.4692165
vt 0.4791667 0.4692165
vt 0.5 0.4692165
vt 0.2708333 0.4657077
vt 0.2916667 0.4657077
vt 0.3125 0.4657077
vt 0.3333333 0.4657077
vt 0.3541667 0.4657077
vt 0.375 0.4657077
vt 0.3958333 0.4657077
vt 0.4166667 0.4657077
vt 0.4375 0.4657077
vt 0.4583333 0.4657077
vt 0.4791667 0.4657077
vt 0.5 0.4657077
vt 0.2708333 0.4619865
vt 0.2916667 0.4619865
vt 0.3125 0.4619865
vt 0.3333333 0.4619865
vt 0.3541667 0.4619865
vt 0.375 0.4619865
vt 0.3958333 0.4619865
vt 0.4166667 0.4619865
vt 0.4375 0.4619865
vt 0.4583333 0.4619865
vt 0.4791667 0.4619865
vt 0.5 0.4619865
vt 0.2708333 0.458
vt 0.2916667 0.458
vt 0.3125 0.458
vt 0.3333333 0.458
vt 0.3541667 0.458
vt 0.375 0.458
vt 0.3958333 0.458
vt 0.4166667 0.458
vt 0.4375 0.458
vt 0.4583333 0.458
vt 0.4791667 0.458
vt 0.5 0.458
vt 0.75 0.5
vt 0.7291666 0.5
vt 0.7083334 0.5
vt 0.6875 0.5
vt 0.6666666 0.5
vt 0.6458334 0.5
vt 0.625 0.5
vt 0.6041667 0.5
vt 0.5833333 0.5
vt 0.5625 0.5
vt 0.5416667 0.5
vt 0.5208333 0.5
vt 0.75 0.4960135
vt 0.7291666 0.4960135
vt 0.7083334 0.4960135
vt 0.6875 0.4960135
vt 0.6666666 0.4960135
vt 0.6458334 0.4960135
vt 0.625 0.4960135
vt 0.6041667 0.4960135
vt 0.5833333 0.4960135
vt 0.5625 0.4960135
vt 0.5416667 0.4960135
vt 0.5208333 0.4960135
vt 0.75 0.4922923
vt 0.7291666 0.4922923
vt 0.7083334 0.4922923
vt 0.6875 0.4922923
vt 0.6666666 0.4922923
vt 0.6458334 0.4922923
vt 0.625 0.4922923
vt 0.6041667 0.4922923
vt 0.5833333 0.4922923
vt 0.5625 0.4922923
vt 0.5416667 0.4922923
vt 0.5208333 0.4922923
vt 0.75 0.4887835
vt 0.7291666 0.4887835
vt 0.7083334 0.4887835
vt 0.6875 0.4887835
vt 0.6666666 0.4887835
vt 0.6458334 0.4887835
vt 0.625 0.4887835
vt 0.6041667 0.4887835
vt 0.5833333 0.4887835
vt 0.5625 0.4887835
vt 0.5416667 0.4887835
vt 0.5208333 0.4887835
vt 0.75 0.4854339
vt 0.7291666 0.4854339
vt 0.7083334 0.4854339
vt 0.6875 0.4854339
vt 0.6666666 0.4854339
vt 0.6458334 0.4854339
vt 0.625 0.4854339
vt 0.6041667 0.4854339
vt 0.5833333 0.4854339
vt 0.5625 0.4854339
vt 0.5416667 0.4854339
vt 0.5208333 0.4854339
vt 0.75 0.4821904
vt 0.7291666 0.4821904
vt 0.7083334 0.4821904
vt 0.6875 0.4821904
vt 0.6666666 0.4821904
vt 0.6458334 0.4821904
vt 0.625 0.4821904
vt 0.6041667 0.4821904
vt 0.5833333 0.4821904
vt 0.5625 0.4821904
vt 0.5416667 0.4821904
vt 0.5208333 0.4821904
vt 0.75 0.479
vt 0.7291666 0.479
vt 0.7083334 0.479
vt 0.6875 0.479
vt 0.6666666 0.479
vt 0.6458334 0.479
vt 0.625 0.479
vt 0.6041667 0.479
vt 0.5833333 0.479
vt 0.5625 0.479
vt 0.5416667 0.479
vt 0.5208333 0.479
vt 0.75 0.4758096
vt 0.7291666 0.4758096
vt 0.7083334 0.4758096
vt 0.6875 0.4758096
vt 0.6666666 0.4758096
vt 0.6458334 0.4758096
vt 0.625 0.4758096
vt 0.6041667 0.4758096
vt 0.5833333 0.4758096
vt 0.5625 0.4758096
vt 0.5416667 0.4758096
vt 0.5208333 0.4758096
vt 0.75 0.4725661
vt 0.7291666 0.4725661
vt 0.7083334 0.4725661
vt 0.6875 0.4725661
vt 0.6666666 0.4725661
vt 0.6458334 0.4725661
vt 0.625 0.4725661
vt 0.6041667 0.4725661
vt 0.5833333 0.4725661
vt 0.5625 0.4725661
vt 0.5416667 0.4725661
vt 0.5208333 0.4725661
vt 0.75 0.4692165
vt 0.7291666 0.4692165
vt 0.7083334 0.4692165
vt 0.6875 0.4692165
vt 0.6666666 0.4692165
vt 0.6458334 0.4692165
vt 0.625 0.4692165
vt 0.6041667 0.4692165
vt 0.5833333 0.4692165
vt 0.5625 0.4692165
vt 0.5416667 0.4692165
vt 0.5208333 0.4692165
vt 0.75 0.4657077
vt 0.7291666 0.4657077
vt 0.7083334 0.4657077
vt 0.6875 0.4657077
vt 0.6666666 0.4657077
vt 0.6458334 0.4657077
vt 0.625 0.4657077
vt 0.6041667 0.4657077
vt 0.5833333 0.4657077
vt 0.5625 0.4657077
vt 0.5416667 0.4657077
vt 0.5208333 0.4657077
vt 0.75 0.4619865
vt 0.7291666 0.4619865
vt 0.7083334 0.4619865
vt 0.6875 0.4619865
vt 0.6666666 0.4619865
vt 0.6458334 0.4619865
vt 0.625 0.4619865
vt 0.6041667 0.4619865
vt 0.5833333 0.4619865
vt 0.5625 0.4619865
vt 0.5416667 0.4619865
vt 0.5208333 0.4619865
vt 0.75 0.458
vt 0.7291666 0.458
vt 0.7083334 0.458
vt 0.6875 0.458
vt 0.6666666 0.458
vt 0.6458334 0.458
vt 0.625 0.458
vt 0.6041667 0.458
vt 0.5833333 0.458
vt 0.5625 0.458
vt 0.5416667 0.458
vt 0.5208333 0.458
vt 1 0.5
vt 0.9791667 0.5
vt 0.9583333 0.5
vt 0.9375 0.5
vt 0.9166667 0.5
vt 0.8958333 0.5
vt 0.875 0.5
vt 0.8541667 0.5
vt 0.8333333 0.5
vt 0.8125 0.5
vt 0.7916667 0.5
vt 0.7708333 0.5
vt 1 0.4960135
vt 0.9791667 0.4960135
vt 0.9583333 0.4960135
vt 0.9375 0.4960135
vt 0.9166667 0.4960135
vt 0.8958333 0.4960135
vt 0.875 0.4960135
vt 0.8541667 0.4960135
vt 0.8333333 0.4960135
vt 0.8125 0.4960135
vt 0.7916667 0.4960135
vt 0.7708333 0.4960135
vt 1 0.4922923
vt 0.9791667 0.4922923
vt 0.9583333 0.4922923
vt 0.9375 0.4922923
vt 0.9166667 0.4922923
vt 0.8958333 0.4922923
vt 0.875 0.4922923
vt 0.8541667 0.4922923
vt 0.8333333 0.4922923
vt 0.8125 0.4922923
vt 0.7916667 0.4922923
vt 0.7708333 0.4922923
vt 1 0.4887835
vt 0.9791667 0.4887835
vt 0.9583333 0.4887835
vt 0.9375 0.4887835
vt 0.9166667 0.4887835
vt 0.8958333 0.4887835
vt 0.875 0.4887835
vt 0.8541667 0.4887835
vt 0.8333333 0.4887835
vt 0.8125 0.4887835
vt 0.7916667 0.4887835
vt 0.7708333 0.4887835
vt 1 0.4854339
vt 0.9791667 0.4854339
vt 0.9583333 0.4854339
vt 0.9375 0.4854339
vt 0.9166667 0.4854339
vt 0.8958333 0.4854339
vt 0.875 0.4854339
vt 0.8541667 0.4854339
vt 0.8333333 0.4854339
vt 0.8125 0.4854339
vt 0.7916667 0.4854339
vt 0.7708333 0.4854339
vt 1 0.4821904
vt 0.9791667 0.4821904
vt 0.9583333 0.4821904
vt 0.9375 0.4821904
vt 0.9166667 0.4821904
vt 0.8958333 0.4821904
vt 0.875 0.4821904
vt 0.8541667 0.4821904
vt 0.8333333 0.4821904
vt 0.8125 0.4821904
vt 0.7916667 0.4821904
vt 0.7708333 0.4821904
vt 1 0.479
vt 0.9791667 0.479
vt 0.9583333 0.479
vt 0.9375 0.479
vt 0.9166667 0.479
vt 0.8958333 0.479
vt 0.875 0.479
vt 0.8541667 0.479
vt 0.8333333 0.479
vt 0.8125 0.479
vt 0.7916667 0.479
vt 0.7708333 0.479
vt 1 0.4758096
vt 0.9791667 0.4758096
vt 0.9583333 0.4758096
vt 0.9375 0.4758096
vt 0.9166667 0.4758096
vt 0.8958333 0.4758096
vt 0.875 0.4758096
vt 0.8541667 0.4758096
vt 0.8333333 0.4758096
vt 0.8125 0.4758096
vt 0.7916667 0.4758096
vt 0.7708333 0.4758096
vt 1 0.4725661
vt 0.9791667 0.4725661
vt 0.9583333 0.4725661
vt 0.9375 0.4725661
vt 0.9166667 0.4725661
vt 0.8958333 0.4725661
vt 0.875 0.4725661
vt 0.8541667 0.4725661
vt 0.8333333 0.4725661
vt 0.8125 0.4725661
vt 0.7916667 0.4725661
vt 0.7708333 0.4725661
vt 1 0.4692165
vt 0.9791667 0.4692165
vt 0.9583333 0.4692165
vt 0.9375 0.4692165
vt 0.9166667 0.4692165
vt 0.8958333 0.4692165
vt 0.875 0.4692165
vt 0.8541667 0.4692165
vt 0.8333333 0.4692165
vt 0.8125 0.4692165
vt 0.7916667 0.4692165
vt 0.7708333 0.4692165
vt 1 0.4657077
vt 0.9791667 0.4657077
vt 0.9583333 0.4657077
vt 0.9375 0.4657077
vt 0.9166667 0.4657077
vt 0.8958333 0.4657077
vt 0.875 0.4657077
vt 0.8541667 0.4657077
vt 0.8333333 0.4657077
vt 0.8125 0.4657077
vt 0.7916667 0.4657077
vt 0.7708333 0.4657077
vt 1 0.4619865
vt 0.9791667 0.4619865
vt 0.9583333 0.4619865
vt 0.9375 0.4619865
vt 0.9166667 0.4619865
vt 0.8958333 0.4619865
vt 0.875 0.4619865
vt 0.8541667 0.4619865
vt 0.8333333 0.4619865
vt 0.8125 0.4619865
vt 0.7916667 0.4619865
vt 0.7708333 0.4619865
vt 1 0.458
vt 0.9791667 0.458
vt 0.9583333 0.458
vt 0.9375 0.458
vt 0.9166667 0.458
vt 0.8958333 0.458
vt 0.875 0.458
vt 0.8541667 0.458
vt 0.8333333 0.458
vt 0.8125 0.458
vt 0.7916667 0.458
vt 0.7708333 0.458
vt 0.04166667 0.4411758
vt 0.0625 0.4411758
vt 0.08333334 0.4411758
vt 0.1041667 0.4411758
vt 0.125 0.4411758
vt 0.1458333 0.4411758
vt 0.1666667 0.4411758
vt 0.1875 0.4411758
vt 0.2083333 0.4411758
vt 0.2291667 0.4411758
vt 0.25 0.4411758
vt 0.04166667 0.4243968
vt 0.0625 0.4243968
vt 0.08333334 0.4243968
vt 0.1041667 0.4243968
vt 0.125 0.4243968
vt 0.1458333 0.4243968
vt 0.1666667 0.4243968
vt 0.1875 0.4243968
vt 0.2083333 0.4243968
vt 0.2291667 0.4243968
vt 0.25 0.4243968
vt 0.04166667 0.4077078
vt 0.0625 0.4077078
vt 0.08333334 0.4077078
vt 0.1041667 0.4077078
vt 0.125 0.4077078
vt 0.1458333 0.4077078
vt 0.1666667 0.4077078
vt 0.1875 0.4077078
vt 0.2083333 0.4077078
vt 0.2291667 0.4077078
vt 0.25 0.4077078
vt 0 0.3911541
vt 0.02083333 0.3911541
vt 0.04166667 0.3911541
vt 0.0625 0.3911541
vt 0.08333334 0.3911541
vt 0.1041667 0.3911541
vt 0.125 0.3911541
vt 0.1458333 0.3911541
vt 0.1666667 0.3911541
vt 0.1875 0.3911541
vt 0.2083333 0.3911541
vt 0.2291667 0.3911541
vt 0.25 0.3911541
vt 0 0.3747806
vt 0.02083333 0.3747806
vt 0.04166667 0.3747806
vt 0.0625 0.3747806
vt 0.08333334 0.3747806
vt 0.1041667 0.3747806
vt 0.125 0.3747806
vt 0.1458333 0.3747806
vt 0.1666667 0.3747806
vt 0.1875 0.3747806
vt 0.2083333 0.3747806
vt 0.2291667 0.3747806
vt 0.25 0.3747806
vt 0 0.3586324
vt 0.02083333 0.3586324
vt 0.04166667 0.3586324
vt 0.0625 0.3586324
vt 0.08333334 0.3586324
vt 0.1041667 0.3586324
vt 0.125 0.3586324
vt 0.1458333 0.3586324
vt 0.1666667 0.3586324
vt 0.1875 0.3586324
vt 0.2083333 0.3586324
vt 0.2291667 0.3586324
vt 0.25 0.3586324
vt 0 0.3427548
vt 0.02083333 0.3427548
vt 0.04166667 0.3427548
vt 0.0625 0.3427548
vt 0.08333334 0.3427548
vt 0.1041667 0.3427548
vt 0.125 0.3427548
vt 0.1458333 0.3427548
vt 0.1666667 0.3427548
vt 0.1875 0.3427548
vt 0.2083333 0.3427548
vt 0.2291667 0.3427548
vt 0.25 0.3427548
vt 0 0.3271925
vt 0.02083333 0.3271925
vt 0.04166667 0.3271925
vt 0.0625 0.3271925
vt 0.08333334 0.3271925
vt 0.1041667 0.3271925
vt 0.125 0.3271925
vt 0.1458333 0.3271925
vt 0.1666667 0.3271925
vt 0.1875 0.3271925
vt 0.2083333 0.3271925
vt 0.2291667 0.3271925
vt 0.25 0.3271925
vt 0 0.3119909
vt 0.02083333 0.3119909
vt 0.04166667 0.3119909
vt 0.0625 0.3119909
vt 0.08333334 0.3119909
vt 0.1041667 0.3119909
vt 0.125 0.3119909
vt 0.1458333 0.3119909
vt 0.1666667 0.3119909
vt 0.1875 0.3119909
vt 0.2083333 0.3119909
vt 0.2291667 0.3119909
vt 0.25 0.3119909
vt 0 0.2971949
vt 0.02083333 0.2971949
vt 0.04166667 0.2971949
vt 0.0625 0.2971949
vt 0.08333334 0.2971949
vt 0.1041667 0.2971949
vt 0.125 0.2971949
vt 0.1458333 0.2971949
vt 0.1666667 0.2971949
vt 0.1875 0.2971949
vt 0.2083333 0.2971949
vt 0.2291667 0.2971949
vt 0.25 0.2971949
vt 0.02083333 0.2828496
vt 0.04166667 0.2828496
vt 0.0625 0.2828496
vt 0.08333334 0.2828496
vt 0.1041667 0.2828496
vt 0.125 0.2828496
vt 0.1458333 0.2828496
vt 0.1666667 0.2828496
vt 0.1875 0.2828496
vt 0.2083333 0.2828496
vt 0.2291667 0.2828496
vt 0.25 0.2828496
vt 0.04166667 0.269
vt 0.0625 0.269
vt 0.08333334 0.269
vt 0.1041667 0.269
vt 0.125 0.269
vt 0.1458333 0.269
vt 0.1666667 0.269
vt 0.1875 0.269
vt 0.2083333 0.269
vt 0.2291667 0.269
vt 0.25 0.269
vt 0 0.4474215
vt 0.008446698 0.4466564
vt 0.01583506 0.4443517
vt 0.02083333 0.4412236
vt 0.0209098 0.4411758
vt 0.02200722 0.4404726
vt 0.02662629 0.4350265
vt 0.02949311 0.4282306
vt 0.02988699 0.4243968
vt 0.03020538 0.4206058
vt 0.02870381 0.4129889
vt 0.02602753 0.4077078
vt 0.02528513 0.4061863
vt 0.0230777 0.403736
vt 0.02083333 0.4012381
vt 0.02038978 0.400721
vt 0.01452874 0.3968222
vt 0.007716057 0.3945078
vt 0 0.3937432
vt 0 0.2869555
vt 0.006461957 0.2858923
vt 0.01216964 0.2834771
vt 0.01296537 0.2828496
vt 0.01708424 0.2795609
vt 0.02083333 0.2743741
vt 0.02104722 0.2740579
vt 0.02239523 0.2704202
vt 0.02293557 0.269
vt 0.2708333 0.4411758
vt 0.2916667 0.4411758
vt 0.3125 0.4411758
vt 0.3333333 0.4411758
vt 0.3541667 0.4411758
vt 0.375 0.4411758
vt 0.3958333 0.4411758
vt 0.4166667 0.4411758
vt 0.4375 0.4411758
vt 0.4583333 0.4411758
vt 0.4791667 0.4411758
vt 0.5 0.4411758
vt 0.2708333 0.4243968
vt 0.2916667 0.4243968
vt 0.3125 0.4243968
vt 0.3333333 0.4243968
vt 0.3541667 0.4243968
vt 0.375 0.4243968
vt 0.3958333 0.4243968
vt 0.4166667 0.4243968
vt 0.4375 0.4243968
vt 0.4583333 0.4243968
vt 0.4791667 0.4243968
vt 0.5 0.4243968
vt 0.2708333 0.4077078
vt 0.2916667 0.4077078
vt 0.3125 0.4077078
vt 0.3333333 0.4077078
vt 0.3541667 0.4077078
vt 0.375 0.4077078
vt 0.3958333 0.4077078
vt 0.4166667 0.4077078
vt 0.4375 0.4077078
vt 0.4583333 0.4077078
vt 0.4791667 0.4077078
vt 0.5 0.4077078
vt 0.2708333 0.3911541
vt 0.2916667 0.3911541
vt 0.3125 0.3911541
vt 0.3333333 0.3911541
vt 0.3541667 0.3911541
vt 0.375 0.3911541
vt 0.3958333 0.3911541
vt 0.4166667 0.3911541
vt 0.4375 0.3911541
vt 0.4583333 0.3911541
vt 0.4791667 0.3911541
vt 0.5 0.3911541
vt 0.2708333 0.3747806
vt 0.2916667 0.3747806
vt 0.3125 0.3747806
vt 0.3333333 0.3747806
vt 0.3541667 0.3747806
vt 0.375 0.3747806
vt 0.3958333 0.3747806
vt 0.4166667 0.3747806
vt 0.4375 0.3747806
vt 0.4583333 0.3747806
vt 0.4791667 0.3747806
vt 0.5 0.3747806
vt 0.2708333 0.3586324
vt 0.2916667 0.3586324
vt 0.3125 0.3586324
vt 0.3333333 0.3586324
vt 0.3541667 0.3586324
vt 0.375 0.3586324
vt 0.3958333 0.3586324
vt 0.4166667 0.3586324
vt 0.4375 0.3586324
vt 0.4583333 0.3586324
vt 0.4791667 0.3586324
vt 0.5 0.3586324
vt 0.2708333 0.3427548
vt 0.2916667 0.3427548
vt 0.3125 0.3427548
vt 0.3333333 0.3427548
vt 0.3541667 0.3427548
vt 0.375 0.3427548
vt 0.3958333 0.3427548
vt 0.4166667 0.3427548
vt 0.4375 0.3427548
vt 0.4583333 0.3427548
vt 0.4791667 0.3427548
vt 0.2708333 0.3271925
vt 0.2916667 0.3271925
vt 0.3125 0.3271925
vt 0.3333333 0.3271925
vt 0.3541667 0.3271925
vt 0.375 0.3271925
vt 0.3958333 0.3271925
vt 0.4166667 0.3271925
vt 0.4375 0.3271925
vt 0.4583333 0.3271925
vt 0.2708333 0.3119909
vt 0.2916667 0.3119909
vt 0.3125 0.3119909
vt 0.3333333 0.3119909
vt 0.3541667 0.3119909
vt 0.375 0.3119909
vt 0.3958333 0.3119909
vt 0.4166667 0.3119909
vt 0.4375 0.3119909
vt 0.2708333 0.2971949
vt 0.2916667 0.2971949
vt 0.3125 0.2971949
vt 0.3333333 0.2971949
vt 0.3541667 0.2971949
vt 0.375 0.2971949
vt 0.3958333 0.2971949
vt 0.4166667 0.2971949
vt 0.4375 0.2971949
vt 0.2708333 0.2828496
vt 0.2916667 0.2828496
vt 0.3125 0.2828496
vt 0.3333333 0.2828496
vt 0.3541667 0.2828496
vt 0.375 0.2828496
vt 0.3958333 0.2828496
vt 0.4166667 0.2828496
vt 0.4375 0.2828496
vt 0.2708333 0.269
vt 0.2916667 0.269
vt 0.3125 0.269
vt 0.3333333 0.269
vt 0.3541667 0.269
vt 0.375 0.269
vt 0.3958333 0.269
vt 0.4166667 0.269
vt 0.4375 0.269
vt 0.5 0.3469195
vt 0.4858895 0.3445271
vt 0.4825112 0.3427548
vt 0.4791667 0.3409883
vt 0.4740118 0.3380434
vt 0.4647453 0.3281446
vt 0.4642316 0.3271925
vt 0.4585081 0.3161857
vt 0.4583333 0.315506
vt 0.4574223 0.3119909
vt 0.454988 0.3028802
vt 0.4546601 0.2971949
vt 0.4540943 0.2893291
vt 0.4549475 0.2828496
vt 0.4556531 0.2761584
vt 0.4580989 0.269
vt 0.75 0.4411758
vt 0.7291666 0.4411758
vt 0.7083334 0.4411758
vt 0.6875 0.4411758
vt 0.6666666 0.4411758
vt 0.6458334 0.4411758
vt 0.625 0.4411758
vt 0.6041667 0.4411758
vt 0.5833333 0.4411758
vt 0.5625 0.4411758
vt 0.5416667 0.4411758
vt 0.5208333 0.4411758
vt 0.75 0.4243968
vt 0.7291666 0.4243968
vt 0.7083334 0.4243968
vt 0.6875 0.4243968
vt 0.6666666 0.4243968
vt 0.6458334 0.4243968
vt 0.625 0.4243968
vt 0.6041667 0.4243968
vt 0.5833333 0.4243968
vt 0.5625 0.4243968
vt 0.5416667 0.4243968
vt 0.5208333 0.4243968
vt 0.75 0.4077078
vt 0.7291666 0.4077078
vt 0.7083334 0.4077078
vt 0.6875 0.4077078
vt 0.6666666 0.4077078
vt 0.6458334 0.4077078
vt 0.625 0.4077078
vt 0.6041667 0.4077078
vt 0.5833333 0.4077078
vt 0.5625 0.4077078
vt 0.5416667 0.4077078
vt 0.5208333 0.4077078
vt 0.75 0.3911541
vt 0.7291666 0.3911541
vt 0.7083334 0.3911541
vt 0.6875 0.3911541
vt 0.6666666 0.3911541
vt 0.6458334 0.3911541
vt 0.625 0.3911541
vt 0.6041667 0.3911541
vt 0.5833333 0.3911541
vt 0.5625 0.3911541
vt 0.5416667 0.3911541
vt 0.5208333 0.3911541
vt 0.75 0.3747806
vt 0.7291666 0.3747806
vt 0.7083334 0.3747806
vt 0.6875 0.3747806
vt 0.6666666 0.3747806
vt 0.6458334 0.3747806
vt 0.625 0.3747806
vt 0.6041667 0.3747806
vt 0.5833333 0.3747806
vt 0.5625 0.3747806
vt 0.5416667 0.3747806
vt 0.5208333 0.3747806
vt 0.75 0.3586324
vt 0.7291666 0.3586324
vt 0.7083334 0.3586324
vt 0.6875 0.3586324
vt 0.6666666 0.3586324
vt 0.6458334 0.3586324
vt 0.625 0.3586324
vt 0.6041667 0.3586324
vt 0.5833333 0.3586324
vt 0.5625 0.3586324
vt 0.5416667 0.3586324
vt 0.5208333 0.3586324
vt 0.75 0.3427548
vt 0.7291666 0.3427548
vt 0.7083334 0.3427548
vt 0.6875 0.3427548
vt 0.6666666 0.3427548
vt 0.6458334 0.3427548
vt 0.625 0.3427548
vt 0.6041667 0.3427548
vt 0.5833333 0.3427548
vt 0.5625 0.3427548
vt 0.5416667 0.3427548
vt 0.5208333 0.3427548
vt 0.75 0.3271925
vt 0.7291666 0.3271925
vt 0.7083334 0.3271925
vt 0.6875 0.3271925
vt 0.6666666 0.3271925
vt 0.6458334 0.3271925
vt 0.625 0.3271925
vt 0.6041667 0.3271925
vt 0.5833333 0.3271925
vt 0.5625 0.3271925
vt 0.5416667 0.3271925
vt 0.75 0.3119909
vt 0.7291666 0.3119909
vt 0.7083334 0.3119909
vt 0.6875 0.3119909
vt 0.6666666 0.3119909
vt 0.6458334 0.3119909
vt 0.625 0.3119909
vt 0.6041667 0.3119909
vt 0.5833333 0.3119909
vt 0.5625 0.3119909
vt 0.75 0.2971949
vt 0.7291666 0.2971949
vt 0.7083334 0.2971949
vt 0.6875 0.2971949
vt 0.6666666 0.2971949
vt 0.6458334 0.2971949
vt 0.625 0.2971949
vt 0.6041667 0.2971949
vt 0.5833333 0.2971949
vt 0.5625 0.2971949
vt 0.75 0.2828496
vt 0.7291666 0.2828496
vt 0.7083334 0.2828496
vt 0.6875 0.2828496
vt 0.6666666 0.2828496
vt 0.6458334 0.2828496
vt 0.625 0.2828496
vt 0.6041667 0.2828496
vt 0.5833333 0.2828496
vt 0.5625 0.2828496
vt 0.75 0.269
vt 0.7291666 0.269
vt 0.7083334 0.269
vt 0.6875 0.269
vt 0.6666666 0.269
vt 0.6458334 0.269
vt 0.625 0.269
vt 0.6041667 0.269
vt 0.5833333 0.269
vt 0.5625 0.269
vt 0.5141106 0.3445271
vt 0.5174888 0.3427548
vt 0.5208333 0.3409883
vt 0.5259882 0.3380434
vt 0.5352547 0.3281446
vt 0.5357684 0.3271925
vt 0.5414919 0.3161857
vt 0.5416667 0.315506
vt 0.5425777 0.3119909
vt 0.545012 0.3028802
vt 0.5453399 0.2971949
vt 0.5459057 0.2893291
vt 0.5450525 0.2828496
vt 0.5443469 0.2761584
vt 0.5419011 0.269
vt 0.9583333 0.4411758
vt 0.9375 0.4411758
vt 0.9166667 0.4411758
vt 0.8958333 0.4411758
vt 0.875 0.4411758
vt 0.8541667 0.4411758
vt 0.8333333 0.4411758
vt 0.8125 0.4411758
vt 0.7916667 0.4411758
vt 0.7708333 0.4411758
vt 0.9583333 0.4243968
vt 0.9375 0.4243968
vt 0.9166667 0.4243968
vt 0.8958333 0.4243968
vt 0.875 0.4243968
vt 0.8541667 0.4243968
vt 0.8333333 0.4243968
vt 0.8125 0.4243968
vt 0.7916667 0.4243968
vt 0.7708333 0.4243968
vt 0.9583333 0.4077078
vt 0.9375 0.4077078
vt 0.9166667 0.4077078
vt 0.8958333 0.4077078
vt 0.875 0.4077078
vt 0.8541667 0.4077078
vt 0.8333333 0.4077078
vt 0.8125 0.4077078
vt 0.7916667 0.4077078
vt 0.7708333 0.4077078
vt 1 0.3911541
vt 0.9791667 0.3911541
vt 0.9583333 0.3911541
vt 0.9375 0.3911541
vt 0.9166667 0.3911541
vt 0.8958333 0.3911541
vt 0.875 0.3911541
vt 0.8541667 0.3911541
vt 0.8333333 0.3911541
vt 0.8125 0.3911541
vt 0.7916667 0.3911541
vt 0.7708333 0.3911541
vt 1 0.3747806
vt 0.9791667 0.3747806
vt 0.9583333 0.3747806
vt 0.9375 0.3747806
vt 0.9166667 0.3747806
vt 0.8958333 0.3747806
vt 0.875 0.3747806
vt 0.8541667 0.3747806
vt 0.8333333 0.3747806
vt 0.8125 0.3747806
vt 0.7916667 0.3747806
vt 0.7708333 0.3747806
vt 1 0.3586324
vt 0.9791667 0.3586324
vt 0.9583333 0.3586324
vt 0.9375 0.3586324
vt 0.9166667 0.3586324
vt 0.8958333 0.3586324
vt 0.875 0.3586324
vt 0.8541667 0.3586324
vt 0.8333333 0.3586324
vt 0.8125 0.3586324
vt 0.7916667 0.3586324
vt 0.7708333 0.3586324
vt 1 0.3427548
vt 0.9791667 0.3427548
vt 0.9583333 0.3427548
vt 0.9375 0.3427548
vt 0.9166667 0.3427548
vt 0.8958333 0.3427548
vt 0.875 0.3427548
vt 0.8541667 0.3427548
vt 0.8333333 0.3427548
vt 0.8125 0.3427548
vt 0.7916667 0.3427548
vt 0.7708333 0.3427548
vt 1 0.3271925
vt 0.9791667 0.3271925
vt 0.9583333 0.3271925
vt 0.9375 0.3271925
vt 0.9166667 0.3271925
vt 0.8958333 0.3271925
vt 0.875 0.3271925
vt 0.8541667 0.3271925
vt 0.8333333 0.3271925
vt 0.8125 0.3271925
vt 0.7916667 0.3271925
vt 0.7708333 0.3271925
vt 1 0.3119909
vt 0.9791667 0.3119909
vt 0.9583333 0.3119909
vt 0.9375 0.3119909
vt 0.9166667 0.3119909
vt 0.8958333 0.3119909
vt 0.875 0.3119909
vt 0.8541667 0.3119909
vt 0.8333333 0.3119909
vt 0.8125 0.3119909
vt 0.7916667 0.3119909
vt 0.7708333 0.3119909
vt 1 0.2971949
vt 0.9791667 0.2971949
vt 0.9583333 0.2971949
vt 0.9375 0.2971949
vt 0.9166667 0.2971949
vt 0.8958333 0.2971949
vt 0.875 0.2971949
vt 0.8541667 0.2971949
vt 0.8333333 0.2971949
vt 0.8125 0.2971949
vt 0.7916667 0.2971949
vt 0.7708333 0.2971949
vt 0.9791667 0.2828496
vt 0.9583333 0.2828496
vt 0.9375 0.2828496
vt 0.9166667 0.2828496
vt 0.8958333 0.2828496
vt 0.875 0.2828496
vt 0.8541667 0.2828496
vt 0.8333333 0.2828496
vt 0.8125 0.2828496
vt 0.7916667 0.2828496
vt 0.7708333 0.2828496
vt 0.9583333 0.269
vt 0.9375 0.269
vt 0.9166667 0.269
vt 0.8958333 0.269
vt 0.875 0.269
vt 0.8541667 0.269
vt 0.8333333 0.269
vt 0.8125 0.269
vt 0.7916667 0.269
vt 0.7708333 0.269
vt 1 0.4474215
vt 0.9915533 0.4466564
vt 0.984165 0.4443517
vt 0.9791667 0.4412236
vt 0.9790902 0.4411758
vt 0.9779928 0.4404726
vt 0.9733737 0.4350265
vt 0.9705069 0.4282306
vt 0.970113 0.4243968
vt 0.9697946 0.4206058
vt 0.9712962 0.4129889
vt 0.9739724 0.4077078
vt 0.9747149 0.4061863
vt 0.9769223 0.403736
vt 0.9791667 0.4012381
vt 0.9796102 0.400721
vt 0.9854712 0.3968222
vt 0.9922839 0.3945078
vt 1 0.3937432
vt 1 0.2869555
vt 0.993538 0.2858923
vt 0.9878303 0.2834771
vt 0.9870346 0.2828496
vt 0.9829158 0.2795609
vt 0.9791667 0.2743741
vt 0.9789528 0.2740579
vt 0.9776047 0.2704202
vt 0.9770644 0.269
vt 0.04166667 0.255146
vt 0.0625 0.255146
vt 0.08333334 0.255146
vt 0.1041667 0.255146
vt 0.125 0.255146
vt 0.1458333 0.255146
vt 0.1666667 0.255146
vt 0.1875 0.255146
vt 0.2083333 0.255146
vt 0.2291667 0.255146
vt 0.25 0.255146
vt 0.04166667 0.2415075
vt 0.0625 0.2415075
vt 0.08333334 0.2415075
vt 0.1041667 0.2415075
vt 0.125 0.2415075
vt 0.1458333 0.2415075
vt 0.1666667 0.2415075
vt 0.1875 0.2415075
vt 0.2083333 0.2415075
vt 0.2291667 0.2415075
vt 0.25 0.2415075
vt 0.02083333 0.2282345
vt 0.04166667 0.2282345
vt 0.0625 0.2282345
vt 0.08333334 0.2282345
vt 0.1041667 0.2282345
vt 0.125 0.2282345
vt 0.1458333 0.2282345
vt 0.1666667 0.2282345
vt 0.1875 0.2282345
vt 0.2083333 0.2282345
vt 0.2291667 0.2282345
vt 0.25 0.2282345
vt 0 0.2154772
vt 0.02083333 0.2154772
vt 0.04166667 0.2154772
vt 0.0625 0.2154772
vt 0.08333334 0.2154772
vt 0.1041667 0.2154772
vt 0.125 0.2154772
vt 0.1458333 0.2154772
vt 0.1666667 0.2154772
vt 0.1875 0.2154772
vt 0.2083333 0.2154772
vt 0.2291667 0.2154772
vt 0.25 0.2154772
vt 0 0.2033858
vt 0.02083333 0.2033858
vt 0.04166667 0.2033858
vt 0.0625 0.2033858
vt 0.08333334 0.2033858
vt 0.1041667 0.2033858
vt 0.125 0.2033858
vt 0.1458333 0.2033858
vt 0.1666667 0.2033858
vt 0.1875 0.2033858
vt 0.2083333 0.2033858
vt 0.2291667 0.2033858
vt 0.25 0.2033858
vt 0 0.1921104
vt 0.02083333 0.1921104
vt 0.04166667 0.1921104
vt 0.0625 0.1921104
vt 0.08333334 0.1921104
vt 0.1041667 0.1921104
vt 0.125 0.1921104
vt 0.1458333 0.1921104
vt 0.1666667 0.1921104
vt 0.1875 0.1921104
vt 0.2083333 0.1921104
vt 0.2291667 0.1921104
vt 0.25 0.1921104
vt 0 0.181801
vt 0.02083333 0.181801
vt 0.04166667 0.181801
vt 0.0625 0.181801
vt 0.08333334 0.181801
vt 0.1041667 0.181801
vt 0.125 0.181801
vt 0.1458333 0.181801
vt 0.1666667 0.181801
vt 0.1875 0.181801
vt 0.2083333 0.181801
vt 0.2291667 0.181801
vt 0.25 0.181801
vt 0 0.1726079
vt 0.02083333 0.1726079
vt 0.04166667 0.1726079
vt 0.0625 0.1726079
vt 0.08333334 0.1726079
vt 0.1041667 0.1726079
vt 0.125 0.1726079
vt 0.1458333 0.1726079
vt 0.1666667 0.1726079
vt 0.1875 0.1726079
vt 0.2083333 0.1726079
vt 0.2291667 0.1726079
vt 0.25 0.1726079
vt 0 0.1646811
vt 0.02083333 0.1646811
vt 0.04166667 0.1646811
vt 0.0625 0.1646811
vt 0.08333334 0.1646811
vt 0.1041667 0.1646811
vt 0.125 0.1646811
vt 0.1458333 0.1646811
vt 0.1666667 0.1646811
vt 0.1875 0.1646811
vt 0.2083333 0.1646811
vt 0.2291667 0.1646811
vt 0.25 0.1646811
vt 0 0.1581707
vt 0.02083333 0.1581707
vt 0.04166667 0.1581707
vt 0.0625 0.1581707
vt 0.08333334 0.1581707
vt 0.1041667 0.1581707
vt 0.125 0.1581707
vt 0.1458333 0.1581707
vt 0.1666667 0.1581707
vt 0.1875 0.1581707
vt 0.2083333 0.1581707
vt 0.2291667 0.1581707
vt 0.25 0.1581707
vt 0 0.153227
vt 0.02083333 0.153227
vt 0.04166667 0.153227
vt 0.0625 0.153227
vt 0.08333334 0.153227
vt 0.1041667 0.153227
vt 0.125 0.153227
vt 0.1458333 0.153227
vt 0.1666667 0.153227
vt 0.1875 0.153227
vt 0.2083333 0.153227
vt 0.2291667 0.153227
vt 0.25 0.153227
vt 0 0.15
vt 0.02083333 0.15
vt 0.04166667 0.15
vt 0.0625 0.15
vt 0.08333334 0.15
vt 0.1041667 0.15
vt 0.125 0.15
vt 0.1458333 0.15
vt 0.1666667 0.15
vt 0.1875 0.15
vt 0.2083333 0.15
vt 0.2291667 0.15
vt 0.25 0.15
vt 0.02377798 0.2666491
vt 0.02481928 0.2580381
vt 0.02450508 0.255146
vt 0.02401537 0.249053
vt 0.02160539 0.2415075
vt 0.02150229 0.2411113
vt 0.02083333 0.239909
vt 0.01767968 0.2338349
vt 0.0127343 0.2287369
vt 0.01174523 0.2282345
vt 0.006774544 0.2254129
vt 0 0.2246109
vt 0.2708333 0.255146
vt 0.2916667 0.255146
vt 0.3125 0.255146
vt 0.3333333 0.255146
vt 0.3541667 0.255146
vt 0.375 0.255146
vt 0.3958333 0.255146
vt 0.4166667 0.255146
vt 0.4375 0.255146
vt 0.4583333 0.255146
vt 0.2708333 0.2415075
vt 0.2916667 0.2415075
vt 0.3125 0.2415075
vt 0.3333333 0.2415075
vt 0.3541667 0.2415075
vt 0.375 0.2415075
vt 0.3958333 0.2415075
vt 0.4166667 0.2415075
vt 0.4375 0.2415075
vt 0.4583333 0.2415075
vt 0.2708333 0.2282345
vt 0.2916667 0.2282345
vt 0.3125 0.2282345
vt 0.3333333 0.2282345
vt 0.3541667 0.2282345
vt 0.375 0.2282345
vt 0.3958333 0.2282345
vt 0.4166667 0.2282345
vt 0.4375 0.2282345
vt 0.4583333 0.2282345
vt 0.4791667 0.2282345
vt 0.5 0.2282345
vt 0.2708333 0.2154772
vt 0.2916667 0.2154772
vt 0.3125 0.2154772
vt 0.3333333 0.2154772
vt 0.3541667 0.2154772
vt 0.375 0.2154772
vt 0.3958333 0.2154772
vt 0.4166667 0.2154772
vt 0.4375 0.2154772
vt 0.4583333 0.2154772
vt 0.4791667 0.2154772
vt 0.5 0.2154772
vt 0.2708333 0.2033858
vt 0.2916667 0.2033858
vt 0.3125 0.2033858
vt 0.3333333 0.2033858
vt 0.3541667 0.2033858
vt 0.375 0.2033858
vt 0.3958333 0.2033858
vt 0.4166667 0.2033858
vt 0.4375 0.2033858
vt 0.4583333 0.2033858
vt 0.4791667 0.2033858
vt 0.5 0.2033858
vt 0.2708333 0.1921104
vt 0.2916667 0.1921104
vt 0.3125 0.1921104
vt 0.3333333 0.1921104
vt 0.3541667 0.1921104
vt 0.375 0.1921104
vt 0.3958333 0.1921104
vt 0.4166667 0.1921104
vt 0.4375 0.1921104
vt 0.4583333 0.1921104
vt 0.4791667 0.1921104
vt 0.5 0.1921104
vt 0.2708333 0.181801
vt 0.2916667 0.181801
vt 0.3125 0.181801
vt 0.3333333 0.181801
vt 0.3541667 0.181801
vt 0.375 0.181801
vt 0.3958333 0.181801
vt 0.4166667 0.181801
vt 0.4375 0.181801
vt 0.4583333 0.181801
vt 0.4791667 0.181801
vt 0.5 0.181801
vt 0.2708333 0.1726079
vt 0.2916667 0.1726079
vt 0.3125 0.1726079
vt 0.3333333 0.1726079
vt 0.3541667 0.1726079
vt 0.375 0.1726079
vt 0.3958333 0.1726079
vt 0.4166667 0.1726079
vt 0.4375 0.1726079
vt 0.4583333 0.1726079
vt 0.4791667 0.1726079
vt 0.5 0.1726079
vt 0.2708333 0.1646811
vt 0.2916667 0.1646811
vt 0.3125 0.1646811
vt 0.3333333 0.1646811
vt 0.3541667 0.1646811
vt 0.375 0.1646811
vt 0.3958333 0.1646811
vt 0.4166667 0.1646811
vt 0.4375 0.1646811
vt 0.4583333 0.1646811
vt 0.4791667 0.1646811
vt 0.5 0.1646811
vt 0.2708333 0.1581707
vt 0.2916667 0.1581707
vt 0.3125 0.1581707
vt 0.3333333 0.1581707
vt 0.3541667 0.1581707
vt 0.375 0.1581707
vt 0.3958333 0.1581707
vt 0.4166667 0.1581707
vt 0.4375 0.1581707
vt 0.4583333 0.1581707
vt 0.4791667 0.1581707
vt 0.5 0.1581707
vt 0.2708333 0.153227
vt 0.2916667 0.153227
vt 0.3125 0.153227
vt 0.3333333 0.153227
vt 0.3541667 0.153227
vt 0.375 0.153227
vt 0.3958333 0.153227
vt 0.4166667 0.153227
vt 0.4375 0.153227
vt 0.4583333 0.153227
vt 0.4791667 0.153227
vt 0.5 0.153227
vt 0.2708333 0.15
vt 0.2916667 0.15
vt 0.3125 0.15
vt 0.3333333 0.15
vt 0.3541667 0.15
vt 0.375 0.15
vt 0.3958333 0.15
vt 0.4166667 0.15
vt 0.4375 0.15
vt 0.4583333 0.15
vt 0.4791667 0.15
vt 0.5 0.15
vt 0.4583333 0.2681654
vt 0.4595616 0.2634887
vt 0.4640382 0.255146
vt 0.4657713 0.2512777
vt 0.4743015 0.2415075
vt 0.4746375 0.2410529
vt 0.4791667 0.2384226
vt 0.4806902 0.2373372
vt 0.4860843 0.2337954
vt 0.5 0.2314197
vt 0.75 0.255146
vt 0.7291666 0.255146
vt 0.7083334 0.255146
vt 0.6875 0.255146
vt 0.6666666 0.255146
vt 0.6458334 0.255146
vt 0.625 0.255146
vt 0.6041667 0.255146
vt 0.5833333 0.255146
vt 0.5625 0.255146
vt 0.5416667 0.255146
vt 0.75 0.2415075
vt 0.7291666 0.2415075
vt 0.7083334 0.2415075
vt 0.6875 0.2415075
vt 0.6666666 0.2415075
vt 0.6458334 0.2415075
vt 0.625 0.2415075
vt 0.6041667 0.2415075
vt 0.5833333 0.2415075
vt 0.5625 0.2415075
vt 0.5416667 0.2415075
vt 0.75 0.2282345
vt 0.7291666 0.2282345
vt 0.7083334 0.2282345
vt 0.6875 0.2282345
vt 0.6666666 0.2282345
vt 0.6458334 0.2282345
vt 0.625 0.2282345
vt 0.6041667 0.2282345
vt 0.5833333 0.2282345
vt 0.5625 0.2282345
vt 0.5416667 0.2282345
vt 0.5208333 0.2282345
vt 0.75 0.2154772
vt 0.7291666 0.2154772
vt 0.7083334 0.2154772
vt 0.6875 0.2154772
vt 0.6666666 0.2154772
vt 0.6458334 0.2154772
vt 0.625 0.2154772
vt 0.6041667 0.2154772
vt 0.5833333 0.2154772
vt 0.5625 0.2154772
vt 0.5416667 0.2154772
vt 0.5208333 0.2154772
vt 0.75 0.2033858
vt 0.7291666 0.2033858
vt 0.7083334 0.2033858
vt 0.6875 0.2033858
vt 0.6666666 0.2033858
vt 0.6458334 0.2033858
vt 0.625 0.2033858
vt 0.6041667 0.2033858
vt 0.5833333 0.2033858
vt 0.5625 0.2033858
vt 0.5416667 0.2033858
vt 0.5208333 0.2033858
vt 0.75 0.1921104
vt 0.7291666 0.1921104
vt 0.7083334 0.1921104
vt 0.6875 0.1921104
vt 0.6666666 0.1921104
vt 0.6458334 0.1921104
vt 0.625 0.1921104
vt 0.6041667 0.1921104
vt 0.5833333 0.1921104
vt 0.5625 0.1921104
vt 0.5416667 0.1921104
vt 0.5208333 0.1921104
vt 0.75 0.181801
vt 0.7291666 0.181801
vt 0.7083334 0.181801
vt 0.6875 0.181801
vt 0.6666666 0.181801
vt 0.6458334 0.181801
vt 0.625 0.181801
vt 0.6041667 0.181801
vt 0.5833333 0.181801
vt 0.5625 0.181801
vt 0.5416667 0.181801
vt 0.5208333 0.181801
vt 0.75 0.1726079
vt 0.7291666 0.1726079
vt 0.7083334 0.1726079
vt 0.6875 0.1726079
vt 0.6666666 0.1726079
vt 0.6458334 0.1726079
vt 0.625 0.1726079
vt 0.6041667 0.1726079
vt 0.5833333 0.1726079
vt 0.5625 0.1726079
vt 0.5416667 0.1726079
vt 0.5208333 0.1726079
vt 0.75 0.1646811
vt 0.7291666 0.1646811
vt 0.7083334 0.1646811
vt 0.6875 0.1646811
vt 0.6666666 0.1646811
vt 0.6458334 0.1646811
vt 0.625 0.1646811
vt 0.6041667 0.1646811
vt 0.5833333 0.1646811
vt 0.5625 0.1646811
vt 0.5416667 0.1646811
vt 0.5208333 0.1646811
vt 0.75 0.1581707
vt 0.7291666 0.1581707
vt 0.7083334 0.1581707
vt 0.6875 0.1581707
vt 0.6666666 0.1581707
vt 0.6458334 0.1581707
vt 0.625 0.1581707
vt 0.6041667 0.1581707
vt 0.5833333 0.1581707
vt 0.5625 0.1581707
vt 0.5416667 0.1581707
vt 0.5208333 0.1581707
vt 0.75 0.153227
vt 0.7291666 0.153227
vt 0.7083334 0.153227
vt 0.6875 0.153227
vt 0.6666666 0.153227
vt 0.6458334 0.153227
vt 0.625 0.153227
vt 0.6041667 0.153227
vt 0.5833333 0.153227
vt 0.5625 0.153227
vt 0.5416667 0.153227
vt 0.5208333 0.153227
vt 0.75 0.15
vt 0.7291666 0.15
vt 0.7083334 0.15
vt 0.6875 0.15
vt 0.6666666 0.15
vt 0.6458334 0.15
vt 0.625 0.15
vt 0.6041667 0.15
vt 0.5833333 0.15
vt 0.5625 0.15
vt 0.5416667 0.15
vt 0.5208333 0.15
vt 0.5416667 0.2681654
vt 0.5404384 0.2634887
vt 0.5359617 0.255146
vt 0.5342287 0.2512777
vt 0.5256985 0.2415075
vt 0.5253625 0.2410529
vt 0.5208333 0.2384226
vt 0.5193098 0.2373372
vt 0.5139158 0.2337954
vt 0.9583333 0.255146
vt 0.9375 0.255146
vt 0.9166667 0.255146
vt 0.8958333 0.255146
vt 0.875 0.255146
vt 0.8541667 0.255146
vt 0.8333333 0.255146
vt 0.8125 0.255146
vt 0.7916667 0.255146
vt 0.7708333 0.255146
vt 0.9583333 0.2415075
vt 0.9375 0.2415075
vt 0.9166667 0.2415075
vt 0.8958333 0.2415075
vt 0.875 0.2415075
vt 0.8541667 0.2415075
vt 0.8333333 0.2415075
vt 0.8125 0.2415075
vt 0.7916667 0.2415075
vt 0.7708333 0.2415075
vt 0.9791667 0.2282345
vt 0.9583333 0.2282345
vt 0.9375 0.2282345
vt 0.9166667 0.2282345
vt 0.8958333 0.2282345
vt 0.875 0.2282345
vt 0.8541667 0.2282345
vt 0.8333333 0.2282345
vt 0.8125 0.2282345
vt 0.7916667 0.2282345
vt 0.7708333 0.2282345
vt 1 0.2154772
vt 0.9791667 0.2154772
vt 0.9583333 0.2154772
vt 0.9375 0.2154772
vt 0.9166667 0.2154772
vt 0.8958333 0.2154772
vt 0.875 0.2154772
vt 0.8541667 0.2154772
vt 0.8333333 0.2154772
vt 0.8125 0.2154772
vt 0.7916667 0.2154772
vt 0.7708333 0.2154772
vt 1 0.2033858
vt 0.9791667 0.2033858
vt 0.9583333 0.2033858
vt 0.9375 0.2033858
vt 0.9166667 0.2033858
vt 0.8958333 0.2033858
vt 0.875 0.2033858
vt 0.8541667 0.2033858
vt 0.8333333 0.2033858
vt 0.8125 0.2033858
vt 0.7916667 0.2033858
vt 0.7708333 0.2033858
vt 1 0.1921104
vt 0.9791667 0.1921104
vt 0.9583333 0.1921104
vt 0.9375 0.1921104
vt 0.9166667 0.1921104
vt 0.8958333 0.1921104
vt 0.875 0.1921104
vt 0.8541667 0.1921104
vt 0.8333333 0.1921104
vt 0.8125 0.1921104
vt 0.7916667 0.1921104
vt 0.7708333 0.1921104
vt 1 0.181801
vt 0.9791667 0.181801
vt 0.9583333 0.181801
vt 0.9375 0.181801
vt 0.9166667 0.181801
vt 0.8958333 0.181801
vt 0.875 0.181801
vt 0.8541667 0.181801
vt 0.8333333 0.181801
vt 0.8125 0.181801
vt 0.7916667 0.181801
vt 0.7708333 0.181801
vt 1 0.1726079
vt 0.9791667 0.1726079
vt 0.9583333 0.1726079
vt 0.9375 0.1726079
vt 0.9166667 0.1726079
vt 0.8958333 0.1726079
vt 0.875 0.1726079
vt 0.8541667 0.1726079
vt 0.8333333 0.1726079
vt 0.8125 0.1726079
vt 0.7916667 0.1726079
vt 0.7708333 0.1726079
vt 1 0.1646811
vt 0.9791667 0.1646811
vt 0.9583333 0.1646811
vt 0.9375 0.1646811
vt 0.9166667 0.1646811
vt 0.8958333 0.1646811
vt 0.875 0.1646811
vt 0.8541667 0.1646811
vt 0.8333333 0.1646811
vt 0.8125 0.1646811
vt 0.7916667 0.1646811
vt 0.7708333 0.1646811
vt 1 0.1581707
vt 0.9791667 0.1581707
vt 0.9583333 0.1581707
vt 0.9375 0.1581707
vt 0.9166667 0.1581707
vt 0.8958333 0.1581707
vt 0.875 0.1581707
vt 0.8541667 0.1581707
vt 0.8333333 0.1581707
vt 0.8125 0.1581707
vt 0.7916667 0.1581707
vt 0.7708333 0.1581707
vt 1 0.153227
vt 0.9791667 0.153227
vt 0.9583333 0.153227
vt 0.9375 0.153227
vt 0.9166667 0.153227
vt 0.8958333 0.153227
vt 0.875 0.153227
vt 0.8541667 0.153227
vt 0.8333333 0.153227
vt 0.8125 0.153227
vt 0.7916667 0.153227
vt 0.7708333 0.153227
vt 1 0.15
vt 0.9791667 0.15
vt 0.9583333 0.15
vt 0.9375 0.15
vt 0.9166667 0.15
vt 0.8958333 0.15
vt 0.875 0.15
vt 0.8541667 0.15
vt 0.8333333 0.15
vt 0.8125 0.15
vt 0.7916667 0.15
vt 0.7708333 0.15
vt 0.976222 0.2666491
vt 0.9751807 0.2580381
vt 0.9754949 0.255146
vt 0.9759846 0.249053
vt 0.9783946 0.2415075
vt 0.9784977 0.2411113
vt 0.9791667 0.239909
vt 0.9823203 0.2338349
vt 0.9872657 0.2287369
vt 0.9882548 0.2282345
vt 0.9932255 0.2254129
vt 1 0.2246109
vt 0 0.1476128
vt 0.02083333 0.1476128
vt 0.04166667 0.1476128
vt 0.0625 0.1476128
vt 0.08333334 0.1476128
vt 0.1041667 0.1476128
vt 0.125 0.1476128
vt 0.1458333 0.1476128
vt 0.1666667 0.1476128
vt 0.1875 0.1476128
vt 0.2083333 0.1476128
vt 0.2291667 0.1476128
vt 0.25 0.1476128
vt 0 0.1447285
vt 0.02083333 0.1447285
vt 0.04166667 0.1447285
vt 0.0625 0.1447285
vt 0.08333334 0.1447285
vt 0.1041667 0.1447285
vt 0.125 0.1447285
vt 0.1458333 0.1447285
vt 0.1666667 0.1447285
vt 0.1875 0.1447285
vt 0.2083333 0.1447285
vt 0.2291667 0.1447285
vt 0.25 0.1447285
vt 0 0.1409446
vt 0.02083333 0.1409446
vt 0.04166667 0.1409446
vt 0.0625 0.1409446
vt 0.08333334 0.1409446
vt 0.1041667 0.1409446
vt 0.125 0.1409446
vt 0.1458333 0.1409446
vt 0.1666667 0.1409446
vt 0.1875 0.1409446
vt 0.2083333 0.1409446
vt 0.2291667 0.1409446
vt 0.25 0.1409446
vt 0 0.1358585
vt 0.02083333 0.1358585
vt 0.04166667 0.1358585
vt 0.0625 0.1358585
vt 0.08333334 0.1358585
vt 0.1041667 0.1358585
vt 0.125 0.1358585
vt 0.1458333 0.1358585
vt 0.1666667 0.1358585
vt 0.1875 0.1358585
vt 0.2083333 0.1358585
vt 0.2291667 0.1358585
vt 0.25 0.1358585
vt 0 0.129068
vt 0.02083333 0.129068
vt 0.04166667 0.129068
vt 0.0625 0.129068
vt 0.08333334 0.129068
vt 0.1041667 0.129068
vt 0.125 0.129068
vt 0.1458333 0.129068
vt 0.1666667 0.129068
vt 0.1875 0.129068
vt 0.2083333 0.129068
vt 0.2291667 0.129068
vt 0.25 0.129068
vt 0 0.1201704
vt 0.02083333 0.1201704
vt 0.04166667 0.1201704
vt 0.0625 0.1201704
vt 0.08333334 0.1201704
vt 0.1041667 0.1201704
vt 0.125 0.1201704
vt 0.1458333 0.1201704
vt 0.1666667 0.1201704
vt 0.1875 0.1201704
vt 0.2083333 0.1201704
vt 0.2291667 0.1201704
vt 0.25 0.1201704
vt 0 0.1087634
vt 0.02083333 0.1087634
vt 0.04166667 0.1087634
vt 0.0625 0.1087634
vt 0.08333334 0.1087634
vt 0.1041667 0.1087634
vt 0.125 0.1087634
vt 0.1458333 0.1087634
vt 0.1666667 0.1087634
vt 0.1875 0.1087634
vt 0.2083333 0.1087634
vt 0.2291667 0.1087634
vt 0.25 0.1087634
vt 0 0.09444439
vt 0.02083333 0.09444439
vt 0.04166667 0.09444439
vt 0.0625 0.09444439
vt 0.08333334 0.09444445
vt 0.1041667 0.09444439
vt 0.125 0.09444445
vt 0.1458333 0.09444439
vt 0.1666667 0.09444445
vt 0.1875 0.09444439
vt 0.2083333 0.09444439
vt 0.2291667 0.09444439
vt 0.25 0.09444439
vt 0 0.07681108
vt 0.02083333 0.07681108
vt 0.04166667 0.07681108
vt 0.0625 0.07681108
vt 0.08333334 0.07681108
vt 0.1041667 0.07681108
vt 0.125 0.07681108
vt 0.1458333 0.07681108
vt 0.1666667 0.07681108
vt 0.1875 0.07681108
vt 0.2083333 0.07681108
vt 0.2291667 0.07681108
vt 0.25 0.07681108
vt 0 0.05546087
vt 0.02083333 0.05546087
vt 0.04166667 0.05546087
vt 0.0625 0.05546087
vt 0.08333334 0.05546087
vt 0.1041667 0.05546087
vt 0.125 0.05546087
vt 0.1458333 0.05546087
vt 0.1666667 0.05546087
vt 0.1875 0.05546087
vt 0.2083333 0.05546087
vt 0.2291667 0.05546087
vt 0.25 0.05546087
vt 0 0.02999133
vt 0.02083333 0.02999133
vt 0.04166667 0.02999133
vt 0.0625 0.02999133
vt 0.08333334 0.02999133
vt 0.1041667 0.02999133
vt 0.125 0.02999133
vt 0.1458333 0.02999133
vt 0.1666667 0.02999133
vt 0.1875 0.02999133
vt 0.2083333 0.02999133
vt 0.2291667 0.02999133
vt 0.25 0.02999133
vt 0.01041667 0
vt 0.03125 0
vt 0.05208334 0
vt 0.07291667 0
vt 0.09375 0
vt 0.1145833 0
vt 0.1354167 0
vt 0.15625 0
vt 0.1770833 0
vt 0.1979167 0
vt 0.21875 0
vt 0.2395833 0
vt 0.2708333 0.1476128
vt 0.2916667 0.1476128
vt 0.3125 0.1476128
vt 0.3333333 0.1476128
vt 0.3541667 0.1476128
vt 0.375 0.1476128
vt 0.3958333 0.1476128
vt 0.4166667 0.1476128
vt 0.4375 0.1476128
vt 0.4583333 0.1476128
vt 0.4791667 0.1476128
vt 0.5 0.1476128
vt 0.2708333 0.1447285
vt 0.2916667 0.1447285
vt 0.3125 0.1447285
vt 0.3333333 0.1447285
vt 0.3541667 0.1447285
vt 0.375 0.1447285
vt 0.3958333 0.1447285
vt 0.4166667 0.1447285
vt 0.4375 0.1447285
vt 0.4583333 0.1447285
vt 0.4791667 0.1447285
vt 0.5 0.1447285
vt 0.2708333 0.1409446
vt 0.2916667 0.1409446
vt 0.3125 0.1409446
vt 0.3333333 0.1409446
vt 0.3541667 0.1409446
vt 0.375 0.1409446
vt 0.3958333 0.1409446
vt 0.4166667 0.1409446
vt 0.4375 0.1409446
vt 0.4583333 0.1409446
vt 0.4791667 0.1409446
vt 0.5 0.1409446
vt 0.2708333 0.1358585
vt 0.2916667 0.1358585
vt 0.3125 0.1358585
vt 0.3333333 0.1358585
vt 0.3541667 0.1358585
vt 0.375 0.1358585
vt 0.3958333 0.1358585
vt 0.4166667 0.1358585
vt 0.4375 0.1358585
vt 0.4583333 0.1358585
vt 0.4791667 0.1358585
vt 0.5 0.1358585
vt 0.2708333 0.129068
vt 0.2916667 0.129068
vt 0.3125 0.129068
vt 0.3333333 0.129068
vt 0.3541667 0.129068
vt 0.375 0.129068
vt 0.3958333 0.129068
vt 0.4166667 0.129068
vt 0.4375 0.129068
vt 0.4583333 0.129068
vt 0.4791667 0.129068
vt 0.5 0.129068
vt 0.2708333 0.1201704
vt 0.2916667 0.1201704
vt 0.3125 0.1201704
vt 0.3333333 0.1201704
vt 0.3541667 0.1201704
vt 0.375 0.1201704
vt 0.3958333 0.1201704
vt 0.4166667 0.1201704
vt 0.4375 0.1201704
vt 0.4583333 0.1201704
vt 0.4791667 0.1201704
vt 0.5 0.1201704
vt 0.2708333 0.1087634
vt 0.2916667 0.1087634
vt 0.3125 0.1087634
vt 0.3333333 0.1087634
vt 0.3541667 0.1087634
vt 0.375 0.1087634
vt 0.3958333 0.1087634
vt 0.4166667 0.1087634
vt 0.4375 0.1087634
vt 0.4583333 0.1087634
vt 0.4791667 0.1087634
vt 0.5 0.1087634
vt 0.2708333 0.09444439
vt 0.2916667 0.09444439
vt 0.3125 0.09444439
vt 0.3333333 0.09444445
vt 0.3541667 0.09444439
vt 0.375 0.09444445
vt 0.3958333 0.09444439
vt 0.4166667 0.09444445
vt 0.4375 0.09444439
vt 0.4583333 0.09444439
vt 0.4791667 0.09444439
vt 0.5 0.09444439
vt 0.2708333 0.07681108
vt 0.2916667 0.07681108
vt 0.3125 0.07681108
vt 0.3333333 0.07681108
vt 0.3541667 0.07681108
vt 0.375 0.07681108
vt 0.3958333 0.07681108
vt 0.4166667 0.07681108
vt 0.4375 0.07681108
vt 0.4583333 0.07681108
vt 0.4791667 0.07681108
vt 0.5 0.07681108
vt 0.2708333 0.05546087
vt 0.2916667 0.05546087
vt 0.3125 0.05546087
vt 0.3333333 0.05546087
vt 0.3541667 0.05546087
vt 0.375 0.05546087
vt 0.3958333 0.05546087
vt 0.4166667 0.05546087
vt 0.4375 0.05546087
vt 0.4583333 0.05546087
vt 0.4791667 0.05546087
vt 0.5 0.05546087
vt 0.2708333 0.02999133
vt 0.2916667 0.02999133
vt 0.3125 0.02999133
vt 0.3333333 0.02999133
vt 0.3541667 0.02999133
vt 0.375 0.02999133
vt 0.3958333 0.02999133
vt 0.4166667 0.02999133
vt 0.4375 0.02999133
vt 0.4583333 0.02999133
vt 0.4791667 0.02999133
vt 0.5 0.02999133
vt 0.2604167 0
vt 0.28125 0
vt 0.3020833 0
vt 0.3229167 0
vt 0.34375 0
vt 0.3645833 0
vt 0.3854167 0
vt 0.40625 0
vt 0.4270833 0
vt 0.4479167 0
vt 0.46875 0
vt 0.4895833 0
vt 0.75 0.1476128
vt 0.7291666 0.1476128
vt 0.7083334 0.1476128
vt 0.6875 0.1476128
vt 0.6666666 0.1476128
vt 0.6458334 0.1476128
vt 0.625 0.1476128
vt 0.6041667 0.1476128
vt 0.5833333 0.1476128
vt 0.5625 0.1476128
vt 0.5416667 0.1476128
vt 0.5208333 0.1476128
vt 0.75 0.1447285
vt 0.7291666 0.1447285
vt 0.7083334 0.1447285
vt 0.6875 0.1447285
vt 0.6666666 0.1447285
vt 0.6458334 0.1447285
vt 0.625 0.1447285
vt 0.6041667 0.1447285
vt 0.5833333 0.1447285
vt 0.5625 0.1447285
vt 0.5416667 0.1447285
vt 0.5208333 0.1447285
vt 0.75 0.1409446
vt 0.7291666 0.1409446
vt 0.7083334 0.1409446
vt 0.6875 0.1409446
vt 0.6666666 0.1409446
vt 0.6458334 0.1409446
vt 0.625 0.1409446
vt 0.6041667 0.1409446
vt 0.5833333 0.1409446
vt 0.5625 0.1409446
vt 0.5416667 0.1409446
vt 0.5208333 0.1409446
vt 0.75 0.1358585
vt 0.7291666 0.1358585
vt 0.7083334 0.1358585
vt 0.6875 0.1358585
vt 0.6666666 0.1358585
vt 0.6458334 0.1358585
vt 0.625 0.1358585
vt 0.6041667 0.1358585
vt 0.5833333 0.1358585
vt 0.5625 0.1358585
vt 0.5416667 0.1358585
vt 0.5208333 0.1358585
vt 0.75 0.129068
vt 0.7291666 0.129068
vt 0.7083334 0.129068
vt 0.6875 0.129068
vt 0.6666666 0.129068
vt 0.6458334 0.129068
vt 0.625 0.129068
vt 0.6041667 0.129068
vt 0.5833333 0.129068
vt 0.5625 0.129068
vt 0.5416667 0.129068
vt 0.5208333 0.129068
vt 0.75 0.1201704
vt 0.7291666 0.1201704
vt 0.7083334 0.1201704
vt 0.6875 0.1201704
vt 0.6666666 0.1201704
vt 0.6458334 0.1201704
vt 0.625 0.1201704
vt 0.6041667 0.1201704
vt 0.5833333 0.1201704
vt 0.5625 0.1201704
vt 0.5416667 0.1201704
vt 0.5208333 0.1201704
vt 0.75 0.1087634
vt 0.7291666 0.1087634
vt 0.7083334 0.1087634
vt 0.6875 0.1087634
vt 0.6666666 0.1087634
vt 0.6458334 0.1087634
vt 0.625 0.1087634
vt 0.6041667 0.1087634
vt 0.5833333 0.1087634
vt 0.5625 0.1087634
vt 0.5416667 0.1087634
vt 0.5208333 0.1087634
vt 0.75 0.09444439
vt 0.7291666 0.09444439
vt 0.7083334 0.09444439
vt 0.6875 0.09444439
vt 0.6666666 0.09444445
vt 0.6458334 0.09444439
vt 0.625 0.09444445
vt 0.6041667 0.09444439
vt 0.5833333 0.09444445
vt 0.5625 0.09444439
vt 0.5416667 0.09444439
vt 0.5208333 0.09444439
vt 0.75 0.07681108
vt 0.7291666 0.07681108
vt 0.7083334 0.07681108
vt 0.6875 0.07681108
vt 0.6666666 0.07681108
vt 0.6458334 0.07681108
vt 0.625 0.07681108
vt 0.6041667 0.07681108
vt 0.5833333 0.07681108
vt 0.5625 0.07681108
vt 0.5416667 0.07681108
vt 0.5208333 0.07681108
vt 0.75 0.05546087
vt 0.7291666 0.05546087
vt 0.7083334 0.05546087
vt 0.6875 0.05546087
vt 0.6666666 0.05546087
vt 0.6458334 0.05546087
vt 0.625 0.05546087
vt 0.6041667 0.05546087
vt 0.5833333 0.05546087
vt 0.5625 0.05546087
vt 0.5416667 0.05546087
vt 0.5208333 0.05546087
vt 0.75 0.02999133
vt 0.7291666 0.02999133
vt 0.7083334 0.02999133
vt 0.6875 0.02999133
vt 0.6666666 0.02999133
vt 0.6458334 0.02999133
vt 0.625 0.02999133
vt 0.6041667 0.02999133
vt 0.5833333 0.02999133
vt 0.5625 0.02999133
vt 0.5416667 0.02999133
vt 0.5208333 0.02999133
vt 0.7395833 0
vt 0.71875 0
vt 0.6979167 0
vt 0.6770833 0
vt 0.65625 0
vt 0.6354167 0
vt 0.6145834 0
vt 0.59375 0
vt 0.5729166 0
vt 0.5520834 0
vt 0.53125 0
vt 0.5104166 0
vt 1 0.1476128
vt 0.9791667 0.1476128
vt 0.9583333 0.1476128
vt 0.9375 0.1476128
vt 0.9166667 0.1476128
vt 0.8958333 0.1476128
vt 0.875 0.1476128
vt 0.8541667 0.1476128
vt 0.8333333 0.1476128
vt 0.8125 0.1476128
vt 0.7916667 0.1476128
vt 0.7708333 0.1476128
vt 1 0.1447285
vt 0.9791667 0.1447285
vt 0.9583333 0.1447285
vt 0.9375 0.1447285
vt 0.9166667 0.1447285
vt 0.8958333 0.1447285
vt 0.875 0.1447285
vt 0.8541667 0.1447285
vt 0.8333333 0.1447285
vt 0.8125 0.1447285
vt 0.7916667 0.1447285
vt 0.7708333 0.1447285
vt 1 0.1409446
vt 0.9791667 0.1409446
vt 0.9583333 0.1409446
vt 0.9375 0.1409446
vt 0.9166667 0.1409446
vt 0.8958333 0.1409446
vt 0.875 0.1409446
vt 0.8541667 0.1409446
vt 0.8333333 0.1409446
vt 0.8125 0.1409446
vt 0.7916667 0.1409446
vt 0.7708333 0.1409446
vt 1 0.1358585
vt 0.9791667 0.1358585
vt 0.9583333 0.1358585
vt 0.9375 0.1358585
vt 0.9166667 0.1358585
vt 0.8958333 0.1358585
vt 0.875 0.1358585
vt 0.8541667 0.1358585
vt 0.8333333 0.1358585
vt 0.8125 0.1358585
vt 0.7916667 0.1358585
vt 0.7708333 0.1358585
vt 1 0.129068
vt 0.9791667 0.129068
vt 0.9583333 0.129068
vt 0.9375 0.129068
vt 0.9166667 0.129068
vt 0.8958333 0.129068
vt 0.875 0.129068
vt 0.8541667 0.129068
vt 0.8333333 0.129068
vt 0.8125 0.129068
vt 0.7916667 0.129068
vt 0.7708333 0.129068
vt 1 0.1201704
vt 0.9791667 0.1201704
vt 0.9583333 0.1201704
vt 0.9375 0.1201704
vt 0.9166667 0.1201704
vt 0.8958333 0.1201704
vt 0.875 0.1201704
vt 0.8541667 0.1201704
vt 0.8333333 0.1201704
vt 0.8125 0.1201704
vt 0.7916667 0.1201704
vt 0.7708333 0.1201704
vt 1 0.1087634
vt 0.9791667 0.1087634
vt 0.9583333 0.1087634
vt 0.9375 0.1087634
vt 0.9166667 0.1087634
vt 0.8958333 0.1087634
vt 0.875 0.1087634
vt 0.8541667 0.1087634
vt 0.8333333 0.1087634
vt 0.8125 0.1087634
vt 0.7916667 0.1087634
vt 0.7708333 0.1087634
vt 1 0.09444439
vt 0.9791667 0.09444439
vt 0.9583333 0.09444439
vt 0.9375 0.09444439
vt 0.9166667 0.09444445
vt 0.8958333 0.09444439
vt 0.875 0.09444445
vt 0.8541667 0.09444439
vt 0.8333333 0.09444445
vt 0.8125 0.09444439
vt 0.7916667 0.09444439
vt 0.7708333 0.09444439
vt 1 0.07681108
vt 0.9791667 0.07681108
vt 0.9583333 0.07681108
vt 0.9375 0.07681108
vt 0.9166667 0.07681108
vt 0.8958333 0.07681108
vt 0.875 0.07681108
vt 0.8541667 0.07681108
vt 0.8333333 0.07681108
vt 0.8125 0.07681108
vt 0.7916667 0.07681108
vt 0.7708333 0.07681108
vt 1 0.05546087
vt 0.9791667 0.05546087
vt 0.9583333 0.05546087
vt 0.9375 0.05546087
vt 0.9166667 0.05546087
vt 0.8958333 0.05546087
vt 0.875 0.05546087
vt 0.8541667 0.05546087
vt 0.8333333 0.05546087
vt 0.8125 0.05546087
vt 0.7916667 0.05546087
vt 0.7708333 0.05546087
vt 1 0.02999133
vt 0.9791667 0.02999133
vt 0.9583333 0.02999133
vt 0.9375 0.02999133
vt 0.9166667 0.02999133
vt 0.8958333 0.02999133
vt 0.875 0.02999133
vt 0.8541667 0.02999133
vt 0.8333333 0.02999133
vt 0.8125 0.02999133
vt 0.7916667 0.02999133
vt 0.7708333 0.02999133
vt 0.9895833 0
vt 0.96875 0
vt 0.9479167 0
vt 0.9270833 0
vt 0.90625 0
vt 0.8854167 0
vt 0.8645834 0
vt 0.84375 0
vt 0.8229166 0
vt 0.8020834 0
vt 0.78125 0
vt 0.7604166 0

f 2/2/2 10/10/10 1/1/1
f 10/10/10 2/2/2 11/11/11
f 3/3/3 11/11/11 2/2/2
f 11/11/11 3/3/3 12/12/12
f 4/4/4 12/12/12 3/3/3
f 12/12/12 4/4/4 13/13/13
f 5/5/5 13/13/13 4/4/4
f 13/13/13 5/5/5 14/14/14
f 6/6/6 14/14/14 5/5/5
f 14/14/14 6/6/6 15/15/15
f 7/7/7 15/15/15 6/6/6
f 15/15/15 7/7/7 16/16/16
f 8/8/8 16/16/16 7/7/7
f 16/16/16 8/8/8 17/17/17
f 9/9/9 17/17/17 8/8/8
f 17/17/17 9/9/9 18/18/18
f 11/11/11 23/23/23 10/10/10
f 23/23/23 11/11/11 24/24/24
f 12/12/12 24/24/24 11/11/11
f 24/24/24 12/12/12 25/25/25
f 13/13/13 25/25/25 12/12/12
f 25/25/25 13/13/13 26/26/26
f 14/14/14 26/26/26 13/13/13
f 26/26/26 14/14/14 27/27/27
f 15/15/15 27/27/27 14/14/14
f 27/27/27 15/15/15 28/28/28
f 16/16/16 28/28/28 15/15/15
f 28/28/28 16/16/16 29/29/29
f 17/17/17 29/29/29 16/16/16
f 29/29/29 17/17/17 30/30/30
f 18/18/18 30/30/30 17/17/17
f 30/30/30 18/18/18 31/31/31
f 19/19/19 31/31/31 18/18/18
f 31/31/31 19/19/19 32/32/32
f 20/20/20 32/32/32 19/19/19
f 32/32/32 20/20/20 33/33/33
f 21/21/21 33/33/33 20/20/20
f 33/33/33 21/21/21 34/34/34
f 22/22/22 34/34/34 21/21/21
f 34/34/34 22/22/22 35/35/35
f 24/24/24 36/36/36 23/23/23
f 36/36/36 24/24/24 37/37/37
f 25/25/25 37/37/37 24/24/24
f 37/37/37 25/25/25 38/38/38
f 26/26/26 38/38/38 25/25/25
f 38/38/38 26/26/26 39/39/39
f 27/27/27 39/39/39 26/26/26
f 39/39/39 27/27/27 40/40/40
f 28/28/28 40/40/40 27/27/27
f 40/40/40 28/28/28 41/41/41
f 29/29/29 41/41/41 28/28/28
f 41/41/41 29/29/29 42/42/42
f 30/30/30 42/42/42 29/29/29
f 42/42/42 30/30/30 43/43/43
f 31/31/31 43/43/43 30/30/30
f 43/43/43 31/31/31 44/44/44
f 32/32/32 44/44/44 31/31/31
f 44/44/44 32/32/32 45/45/45
f 33/33/33 45/45/45 32/32/32
f 45/45/45 33/33/33 46/46/46
f 34/34/34 46/46/46 33/33/33
f 46/46/46 34/34/34 47/47/47
f 35/35/35 47/47/47 34/34/34
f 47/47/47 35/35/35 48/48/48
f 37/37/37 49/49/49 36/36/36
f 49/49/49 37/37/37 50/50/50
f 38/38/38 50/50/50 37/37/37
f 50/50/50 38/38/38 51/51/51
f 39/39/39 51/51/51 38/38/38
f 51/51/51 39/39/39 52/52/52
f 40/40/40 52/52/52 39/39/39
f 52/52/52 40/40/40 53/53/53
f 41/41/41 53/53/53 40/40/40
f 53/53/53 41/41/41 54/54/54
f 42/42/42 54/54/54 41/41/41
f 54/54/54 42/42/42 55/55/55
f 43/43/43 55/55/55 42/42/42
f 55/55/55 43/43/43 56/56/56
f 44/44/44 56/56/56 43/43/43
f 56/56/56 44/44/44 57/57/57
f 45/45/45 57/57/57 44/44/44
f 57/57/57 45/45/45 58/58/58
f 46/46/46 58/58/58 45/45/45
f 58/58/58 46/46/46 59/59/59
f 47/47/47 59/59/59 46/46/46
f 59/59/59 47/47/47 60/60/60
f 48/48/48 60/60/60 47/47/47
f 60/60/60 48/48/48 61/61/61
f 50/50/50 62/62/62 49/49/49
f 62/62/62 50/50/50 63/63/63
f 51/51/51 63/63/63 50/50/50
f 63/63/63 51/51/51 64/64/64
f 52/52/52 64/64/64 51/51/51
f 64/64/64 52/52/52 65/65/65
f 53/53/53 65/65/65 52/52/52
f 65/65/65 53/53/53 66/66/66
f 54/54/54 66/66/66 53/53/53
f 66/66/66 54/54/54 67/67/67
f 55/55/55 67/67/67 54/54/54
f 67/67/67 55/55/55 68/68/68
f 56/56/56 68/68/68 55/55/55
f 68/68/68 56/56/56 69/69/69
f 57/57/57 69/69/69 56/56/56
f 69/69/69 57/57/57 70/70/70
f 58/58/58 70/70/70 57/57/57
f 70/70/70 58/58/58 71/71/71
f 59/59/59 71/71/71 58/58/58
f 71/71/71 59/59/59 72/72/72
f 60/60/60 72/72/72 59/59/59
f 72/72/72 60/60/60 73/73/73
f 61/61/61 73/73/73 60/60/60
f 73/73/73 61/61/61 74/74/74
f 63/63/63 75/75/75 62/62/62
f 75/75/75 63/63/63 76/76/76
f 64/64/64 76/76/76 63/63/63
f 76/76/76 64/64/64 77/77/77
f 65/65/65 77/77/77 64/64/64
f 77/77/77 65/65/65 78/78/78
f 66/66/66 78/78/78 65/65/65
f 78/78/78 66/66/66 79/79/79
f 67/67/67 79/79/79 66/66/66
f 79/79/79 67/67/67 80/80/80
f 68/68/68 80/80/80 67/67/67
f 80/80/80 68/68/68 81/81/81
f 69/69/69 81/81/81 68/68/68
f 81/81/81 69/69/69 82/82/82
f 70/70/70 82/82/82 69/69/69
f 82/82/82 70/70/70 83/83/83
f 71/71/71 83/83/83 70/70/70
f 83/83/83 71/71/71 84/84/84
f 72/72/72 84/84/84 71/71/71
f 84/84/84 72/72/72 85/85/85
f 73/73/73 85/85/85 72/72/72
f 85/85/85 73/73/73 86/86/86
f 74/74/74 86/86/86 73/73/73
f 86/86/86 74/74/74 87/87/87
f 76/76/76 88/88/88 75/75/75
f 88/88/88 76/76/76 89/89/89
f 77/77/77 89/89/89 76/76/76
f 89/89/89 77/77/77 90/90/90
f 78/78/78 90/90/90 77/77/77
f 90/90/90 78/78/78 91/91/91
f 79/79/79 91/91/91 78/78/78
f 91/91/91 79/79/79 92/92/92
f 80/80/80 92/92/92 79/79/79
f 92/92/92 80/80/80 93/93/93
f 81/81/81 93/93/93 80/80/80
f 93/93/93 81/81/81 94/94/94
f 82/82/82 94/94/94 81/81/81
f 94/94/94 82/82/82 95/95/95
f 83/83/83 95/95/95 82/82/82
f 95/95/95 83/83/83 96/96/96
f 84/84/84 96/96/96 83/83/83
f 96/96/96 84/84/84 97/97/97
f 85/85/85 97/97/97 84/84/84
f 97/97/97 85/85/85 98/98/98
f 86/86/86 98/98/98 85/85/85
f 98/98/98 86/86/86 99/99/99
f 87/87/87 99/99/99 86/86/86
f 99/99/99 87/87/87 100/100/100
f 89/89/89 101/101/101 88/88/88
f 101/101/101 89/89/89 102/102/102
f 90/90/90 102/102/102 89/89/89
f 102/102/102 90/90/90 103/103/103
f 91/91/91 103/103/103 90/90/90
f 103/103/103 91/91/91 104/104/104
f 92/92/92 104/104/104 91/91/91
f 104/104/104 92/92/92 105/105/105
f 93/93/93 105/105/105 92/92/92
f 105/105/105 93/93/93 106/106/106
f 94/94/94 106/106/106 93/93/93
f 106/106/106 94/94/94 107/107/107
f 95/95/95 107/107/107 94/94/94
f 107/107/107 95/95/95 108/108/108
f 96/96/96 108/108/108 95/95/95
f 108/108/108 96/96/96 109/109/109
f 97/97/97 109/109/109 96/96/96
f 109/109/109 97/97/97 110/110/110
f 98/98/98 110/110/110 97/97/97
f 110/110/110 98/98/98 111/111/111
f 99/99/99 111/111/111 98/98/98
f 111/111/111 99/99/99 112/112/112
f 100/100/100 112/112/112 99/99/99
f 112/112/112 100/100/100 113/113/113
f 102/102/102 114/114/114 101/101/101
f 114/114/114 102/102/102 115/115/115
f 103/103/103 115/115/115 102/102/102
f 115/115/115 103/103/103 116/116/116
f 104/104/104 116/116/116 103/103/103
f 116/116/116 104/104/104 117/117/117
f 105/105/105 117/117/117 104/104/104
f 117/117/117 105/105/105 118/118/118
f 106/106/106 118/118/118 105/105/105
f 118/118/118 106/106/106 119/119/119
f 107/107/107 119/119/119 106/106/106
f 119/119/119 107/107/107 120/120/120
f 108/108/108 120/120/120 107/107/107
f 120/120/120 108/108/108 121/121/121
f 109/109/109 121/121/121 108/108/108
f 121/121/121 109/109/109 122/122/122
f 110/110/110 122/122/122 109/109/109
f 122/122/122 110/110/110 123/123/123
f 111/111/111 123/123/123 110/110/110
f 123/123/123 111/111/111 124/124/124
f 112/112/112 124/124/124 111/111/111
f 124/124/124 112/112/112 125/125/125
f 113/113/113 125/125/125 112/112/112
f 125/125/125 113/113/113 126/126/126
f 115/115/115 127/127/127 114/114/114
f 127/127/127 115/115/115 128/128/128
f 116/116/116 128/128/128 115/115/115
f 128/128/128 116/116/116 129/129/129
f 117/117/117 129/129/129 116/116/116
f 129/129/129 117/117/117 130/130/130
f 118/118/118 130/130/130 117/117/117
f 130/130/130 118/118/118 131/131/131
f 119/119/119 131/131/131 118/118/118
f 131/131/131 119/119/119 132/132/132
f 120/120/120 132/132/132 119/119/119
f 132/132/132 120/120/120 133/133/133
f 121/121/121 133/133/133 120/120/120
f 133/133/133 121/121/121 134/134/134
f 122/122/122 134/134/134 121/121/121
f 134/134/134 122/122/122 135/135/135
f 123/123/123 135/135/135 122/122/122
f 135/135/135 123/123/123 136/136/136
f 124/124/124 136/136/136 123/123/123
f 136/136/136 124/124/124 137/137/137
f 125/125/125 137/137/137 124/124/124
f 137/137/137 125/125/125 138/138/138
f 126/126/126 138/138/138 125/125/125
f 138/138/138 126/126/126 139/139/139
f 128/128/128 140/140/140 127/127/127
f 140/140/140 128/128/128 141/141/141
f 129/129/129 141/141/141 128/128/128
f 141/141/141 129/129/129 142/142/142
f 130/130/130 142/142/142 129/129/129
f 142/142/142 130/130/130 143/143/143
f 131/131/131 143/143/143 130/130/130
f 143/143/143 131/131/131 144/144/144
f 132/132/132 144/144/144 131/131/131
f 144/144/144 132/132/132 145/145/145
f 133/133/133 145/145/145 132/132/132
f 145/145/145 133/133/133 146/146/146
f 134/134/134 146/146/146 133/133/133
f 146/146/146 134/134/134 147/147/147
f 135/135/135 147/147/147 134/134/134
f 147/147/147 135/135/135 148/148/148
f 136/136/136 148/148/148 135/135/135
f 148/148/148 136/136/136 149/149/149
f 137/137/137 149/149/149 136/136/136
f 149/149/149 137/137/137 150/150/150
f 138/138/138 150/150/150 137/137/137
f 150/150/150 138/138/138 151/151/151
f 139/139/139 151/151/151 138/138/138
f 151/151/151 139/139/139 152/152/152
f 153/153/153 154/154/154 2/2/2
f 153/153/153 2/2/2 1/1/1
f 155/155/155 2/2/2 154/154/154
f 155/155/155 3/3/3 2/2/2
f 156/156/156 3/3/3 155/155/155
f 156/156/156 4/4/4 3/3/3
f 157/157/157 4/4/4 156/156/156
f 158/158/158 4/4/4 157/157/157
f 159/159/159 4/4/4 158/158/158
f 159/159/159 5/5/5 4/4/4
f 160/160/160 5/5/5 159/159/159
f 160/160/160 6/6/6 5/5/5
f 161/161/161 6/6/6 160/160/160
f 161/161/161 7/7/7 6/6/6
f 162/162/162 7/7/7 161/161/161
f 163/163/163 7/7/7 162/162/162
f 163/163/163 8/8/8 7/7/7
f 164/164/164 8/8/8 163/163/163
f 164/164/164 9/9/9 8/8/8
f 165/165/165 9/9/9 164/164/164
f 165/165/165 166/166/166 9/9/9
f 166/166/166 167/167/167 19/19/19
f 166/166/166 19/19/19 18/18/18
f 166/166/166 18/18/18 9/9/9
f 168/168/168 19/19/19 167/167/167
f 169/169/169 19/19/19 168/168/168
f 169/169/169 20/20/20 19/19/19
f 170/170/170 20/20/20 169/169/169
f 170/170/170 21/21/21 20/20/20
f 171/171/171 21/21/21 170/170/170
f 171/171/171 22/22/22 21/21/21
f 153/153/153 176/176/176 154/154/154
f 176/176/176 153/153/153 172/172/172
f 172/172/172 177/177/177 176/176/176
f 177/177/177 172/172/172 173/173/173
f 173/173/173 178/178/178 177/177/177
f 178/178/178 173/173/173 174/174/174
f 174/174/174 179/179/179 178/178/178
f 179/179/179 174/174/174 175/175/175
f 154/154/154 180/180/180 155/155/155
f 180/180/180 154/154/154 176/176/176
f 176/176/176 181/181/181 180/180/180
f 181/181/181 176/176/176 177/177/177
f 177/177/177 182/182/182 181/181/181
f 182/182/182 177/177/177 178/178/178
f 178/178/178 183/183/183 182/182/182
f 183/183/183 178/178/178 179/179/179
f 155/155/155 184/184/184 156/156/156
f 184/184/184 155/155/155 180/180/180
f 180/180/180 185/185/185 184/184/184
f 185/185/185 180/180/180 181/181/181
f 181/181/181 186/186/186 185/185/185
f 186/186/186 181/181/181 182/182/182
f 182/182/182 187/187/187 186/186/186
f 187/187/187 182/182/182 183/183/183
f 156/156/156 188/188/188 157/157/157
f 188/188/188 156/156/156 184/184/184
f 184/184/184 189/189/189 188/188/188
f 189/189/189 184/184/184 185/185/185
f 185/185/185 190/190/190 189/189/189
f 190/190/190 185/185/185 186/186/186
f 186/186/186 191/191/191 190/190/190
f 191/191/191 186/186/186 187/187/187
f 157/157/157 192/192/192 158/158/158
f 192/192/192 157/157/157 188/188/188
f 188/188/188 193/193/193 192/192/192
f 193/193/193 188/188/188 189/189/189
f 189/189/189 194/194/194 193/193/193
f 194/194/194 189/189/189 190/190/190
f 190/190/190 195/195/195 194/194/194
f 195/195/195 190/190/190 191/191/191
f 158/158/158 196/196/196 159/159/159
f 196/196/196 158/158/158 192/192/192
f 192/192/192 197/197/197 196/196/196
f 197/197/197 192/192/192 193/193/193
f 193/193/193 198/198/198 197/197/197
f 198/198/198 193/193/193 194/194/194
f 194/194/194 199/199/199 198/198/198
f 199/199/199 194/194/194 195/195/195
f 159/159/159 200/200/200 160/160/160
f 200/200/200 159/159/159 196/196/196
f 196/196/196 201/201/201 200/200/200
f 201/201/201 196/196/196 197/197/197
f 197/197/197 202/202/202 201/201/201
f 202/202/202 197/197/197 198/198/198
f 198/198/198 203/203/203 202/202/202
f 203/203/203 198/198/198 199/199/199
f 160/160/160 204/204/204 161/161/161
f 204/204/204 160/160/160 200/200/200
f 200/200/200 205/205/205 204/204/204
f 205/205/205 200/200/200 201/201/201
f 201/201/201 206/206/206 205/205/205
f 206/206/206 201/201/201 202/202/202
f 202/202/202 207/207/207 206/206/206
f 207/207/207 202/202/202 203/203/203
f 161/161/161 208/208/208 162/162/162
f 208/208/208 161/161/161 204/204/204
f 204/204/204 209/209/209 208/208/208
f 209/209/209 204/204/204 205/205/205
f 205/205/205 210/210/210 209/209/209
f 210/210/210 205/205/205 206/206/206
f 206/206/206 211/211/211 210/210/210
f 211/211/211 206/206/206 207/207/207
f 162/162/162 212/212/212 163/163/163
f 212/212/212 162/162/162 208/208/208
f 208/208/208 213/213/213 212/212/212
f 213/213/213 208/208/208 209/209/209
f 209/209/209 214/214/214 213/213/213
f 214/214/214 209/209/209 210/210/210
f 210/210/210 215/215/215 214/214/214
f 215/215/215 210/210/210 211/211/211
f 163/163/163 216/216/216 164/164/164
f 216/216/216 163/163/163 212/212/212
f 212/212/212 217/217/217 216/216/216
f 217/217/217 212/212/212 213/213/213
f 213/213/213 218/218/218 217/217/217
f 218/218/218 213/213/213 214/214/214
f 214/214/214 219/219/219 218/218/218
f 219/219/219 214/214/214 215/215/215
f 164/164/164 220/220/220 165/165/165
f 220/220/220 164/164/164 216/216/216
f 216/216/216 221/221/221 220/220/220
f 221/221/221 216/216/216 217/217/217
f 217/217/217 222/222/222 221/221/221
f 222/222/222 217/217/217 218/218/218
f 218/218/218 223/223/223 222/222/222
f 223/223/223 218/218/218 219/219/219
f 165/165/165 224/224/224 166/166/166
f 224/224/224 165/165/165 220/220/220
f 220/220/220 225/225/225 224/224/224
f 225/225/225 220/220/220 221/221/221
f 221/221/221 226/226/226 225/225/225
f 226/226/226 221/221/221 222/222/222
f 222/222/222 227/227/227 226/226/226
f 227/227/227 222/222/222 223/223/223
f 166/166/166 228/228/228 167/167/167
f 228/228/228 166/166/166 224/224/224
f 224/224/224 229/229/229 228/228/228
f 229/229/229 224/224/224 225/225/225
f 225/225/225 230/230/230 229/229/229
f 230/230/230 225/225/225 226/226/226
f 226/226/226 231/231/231 230/230/230
f 231/231/231 226/226/226 227/227/227
f 167/167/167 232/232/232 168/168/168
f 232/232/232 167/167/167 228/228/228
f 228/228/228 233/233/233 232/232/232
f 233/233/233 228/228/228 229/229/229
f 229/229/229 234/234/234 233/233/233
f 234/234/234 229/229/229 230/230/230
f 230/230/230 235/235/235 234/234/234
f 235/235/235 230/230/230 231/231/231
f 168/168/168 236/236/236 169/169/169
f 236/236/236 168/168/168 232/232/232
f 232/232/232 237/237/237 236/236/236
f 237/237/237 232/232/232 233/233/233
f 233/233/233 238/238/238 237/237/237
f 238/238/238 233/233/233 234/234/234
f 234/234/234 239/239/239 238/238/238
f 239/239/239 234/234/234 235/235/235
f 169/169/169 240/240/240 170/170/170
f 240/240/240 169/169/169 236/236/236
f 236/236/236 241/241/241 240/240/240
f 241/241/241 236/236/236 237/237/237
f 237/237/237 242/242/242 241/241/241
f 242/242/242 237/237/237 238/238/238
f 238/238/238 243/243/243 242/242/242
f 243/243/243 238/238/238 239/239/239
f 170/170/170 244/244/244 171/171/171
f 244/244/244 170/170/170 240/240/240
f 240/240/240 245/245/245 244/244/244
f 245/245/245 240/240/240 241/241/241
f 241/241/241 246/246/246 245/245/245
f 246/246/246 241/241/241 242/242/242
f 242/242/242 247/247/247 246/246/246
f 247/247/247 242/242/242 243/243/243
f 10/10/10 248/248/248 1/1/1
f 248/248/248 10/10/10 256/256/256
f 256/256/256 249/249/249 248/248/248
f 249/249/249 256/256/256 257/257/257
f 257/257/257 250/250/250 249/249/249
f 250/250/250 257/257/257 258/258/258
f 258/258/258 251/251/251 250/250/250
f 251/251/251 258/258/258 259/259/259
f 259/259/259 252/252/252 251/251/251
f 252/252/252 259/259/259 260/260/260
f 260/260/260 253/253/253 252/252/252
f 253/253/253 260/260/260 261/261/261
f 261/261/261 254/254/254 253/253/253
f 254/254/254 261/261/261 262/262/262
f 262/262/262 255/255/255 254/254/254
f 255/255/255 262/262/262 263/263/263
f 23/23/23 256/256/256 10/10/10
f 256/256/256 23/23/23 267/268/267
f 267/268/267 257/257/257 256/256/256
f 257/257/257 267/268/267 268/269/268
f 268/269/268 258/258/258 257/257/257
f 258/258/258 268/269/268 269/270/269
f 269/270/269 259/259/259 258/258/258
f 259/259/259 269/270/269 270/271/270
f 270/271/270 260/260/260 259/259/259
f 260/260/260 270/271/270 271/272/271
f 271/272/271 261/261/261 260/260/260
f 261/261/261 271/272/271 272/273/272
f 272/273/272 262/262/262 261/261/261
f 262/262/262 272/273/272 273/274/273
f 273/274/273 263/263/263 262/262/262
f 263/263/263 273/274/273 274/275/274
f 274/275/274 264/264/264 263/263/263
f 264/264/264 274/275/274 275/276/275
f 275/276/275 265/265/265 264/264/264
f 265/265/265 275/276/275 276/277/276
f 276/277/276 266/266/266 265/265/265
f 266/266/266 276/277/276 277/278/277
f 277/278/277 22/267/22 266/266/266
f 22/267/22 277/278/277 35/279/35
f 36/36/36 267/268/267 23/23/23
f 267/268/267 36/36/36 278/280/278
f 278/280/278 268/269/268 267/268/267
f 268/269/268 278/280/278 279/281/279
f 279/281/279 269/270/269 268/269/268
f 269/270/269 279/281/279 280/282/280
f 280/282/280 270/271/270 269/270/269
f 270/271/270 280/282/280 281/283/281
f 281/283/281 271/272/271 270/271/270
f 271/272/271 281/283/281 282/284/282
f 282/284/282 272/273/272 271/272/271
f 272/273/272 282/284/282 283/285/283
f 283/285/283 273/274/273 272/273/272
f 273/274/273 283/285/283 284/286/284
f 284/286/284 274/275/274 273/274/273
f 274/275/274 284/286/284 285/287/285
f 285/287/285 275/276/275 274/275/274
f 275/276/275 285/287/285 286/288/286
f 286/288/286 276/277/276 275/276/275
f 276/277/276 286/288/286 287/289/287
f 287/289/287 277/278/277 276/277/276
f 277/278/277 287/289/287 288/290/288
f 288/290/288 35/279/35 277/278/277
f 35/279/35 288/290/288 48/291/48
f 49/49/49 278/280/278 36/36/36
f 278/280/278 49/49/49 289/292/289
f 289/292/289 279/281/279 278/280/278
f 279/281/279 289/292/289 290/293/290
f 290/293/290 280/282/280 279/281/279
f 280/282/280 290/293/290 291/294/291
f 291/294/291 281/283/281 280/282/280
f 281/283/281 291/294/291 292/295/292
f 292/295/292 282/284/282 281/283/281
f 282/284/282 292/295/292 293/296/293
f 293/296/293 283/285/283 282/284/282
f 283/285/283 293/296/293 294/297/294
f 294/297/294 284/286/284 283/285/283
f 284/286/284 294/297/294 295/298/295
f 295/298/295 285/287/285 284/286/284
f 285/287/285 295/298/295 296/299/296
f 296/299/296 286/288/286 285/287/285
f 286/288/286 296/299/296 297/300/297
f 297/300/297 287/289/287 286/288/286
f 287/289/287 297/300/297 298/301/298
f 298/301/298 288/290/288 287/289/287
f 288/290/288 298/301/298 299/302/299
f 299/302/299 48/291/48 288/290/288
f 48/291/48 299/302/299 61/303/61
f 62/62/62 289/292/289 49/49/49
f 289/292/289 62/62/62 300/304/300
f 300/304/300 290/293/290 289/292/289
f 290/293/290 300/304/300 301/305/301
f 301/305/301 291/294/291 290/293/290
f 291/294/291 301/305/301 302/306/302
f 302/306/302 292/295/292 291/294/291
f 292/295/292 302/306/302 303/307/303
f 303/307/303 293/296/293 292/295/292
f 293/296/293 303/307/303 304/308/304
f 304/308/304 294/297/294 293/296/293
f 294/297/294 304/308/304 305/309/305
f 305/309/305 295/298/295 294/297/294
f 295/298/295 305/309/305 306/310/306
f 306/310/306 296/299/296 295/298/295
f 296/299/296 306/310/306 307/311/307
f 307/311/307 297/300/297 296/299/296
f 297/300/297 307/311/307 308/312/308
f 308/312/308 298/301/298 297/300/297
f 298/301/298 308/312/308 309/313/309
f 309/313/309 299/302/299 298/301/298
f 299/302/299 309/313/309 310/314/310
f 310/314/310 61/303/61 299/302/299
f 61/303/61 310/314/310 74/315/74
f 75/75/75 300/304/300 62/62/62
f 300/304/300 75/75/75 311/316/311
f 311/316/311 301/305/301 300/304/300
f 301/305/301 311/316/311 312/317/312
f 312/317/312 302/306/302 301/305/301
f 302/306/302 312/317/312 313/318/313
f 313/318/313 303/307/303 302/306/302
f 303/307/303 313/318/313 314/319/314
f 314/319/314 304/308/304 303/307/303
f 304/308/304 314/319/314 315/320/315
f 315/320/315 305/309/305 304/308/304
f 305/309/305 315/320/315 316/321/316
f 316/321/316 306/310/306 305/309/305
f 306/310/306 316/321/316 317/322/317
f 317/322/317 307/311/307 306/310/306
f 307/311/307 317/322/317 318/323/318
f 318/323/318 308/312/308 307/311/307
f 308/312/308 318/323/318 319/324/319
f 319/324/319 309/313/309 308/312/308
f 309/313/309 319/324/319 320/325/320
f 320/325/320 310/314/310 309/313/309
f 310/314/310 320/325/320 321/326/321
f 321/326/321 74/315/74 310/314/310
f 74/315/74 321/326/321 87/327/87
f 88/88/88 311/316/311 75/75/75
f 311/316/311 88/88/88 322/328/322
f 322/328/322 312/317/312 311/316/311
f 312/317/312 322/328/322 323/329/323
f 323/329/323 313/318/313 312/317/312
f 313/318/313 323/329/323 324/330/324
f 324/330/324 314/319/314 313/318/313
f 314/319/314 324/330/324 325/331/325
f 325/331/325 315/320/315 314/319/314
f 315/320/315 325/331/325 326/332/326
f 326/332/326 316/321/316 315/320/315
f 316/321/316 326/332/326 327/333/327
f 327/333/327 317/322/317 316/321/316
f 317/322/317 327/333/327 328/334/328
f 328/334/328 318/323/318 317/322/317
f 318/323/318 328/334/328 329/335/329
f 329/335/329 319/324/319 318/323/318
f 319/324/319 329/335/329 330/336/330
f 330/336/330 320/325/320 319/324/319
f 320/325/320 330/336/330 331/337/331
f 331/337/331 321/326/321 320/325/320
f 321/326/321 331/337/331 332/338/332
f 332/338/332 87/327/87 321/326/321
f 87/327/87 332/338/332 100/339/100
f 101/101/101 322/328/322 88/88/88
f 322/328/322 101/101/101 333/340/333
f 333/340/333 323/329/323 322/328/322
f 323/329/323 333/340/333 334/341/334
f 334/341/334 324/330/324 323/329/323
f 324/330/324 334/341/334 335/342/335
f 335/342/335 325/331/325 324/330/324
f 325/331/325 335/342/335 336/343/336
f 336/343/336 326/332/326 325/331/325
f 326/332/326 336/343/336 337/344/337
f 337/344/337 327/333/327 326/332/326
f 327/333/327 337/344/337 338/345/338
f 338/345/338 328/334/328 327/333/327
f 328/334/328 338/345/338 339/346/339
f 339/346/339 329/335/329 328/334/328
f 329/335/329 339/346/339 340/347/340
f 340/347/340 330/336/330 329/335/329
f 330/336/330 340/347/340 341/348/341
f 341/348/341 331/337/331 330/336/330
f 331/337/331 341/348/341 342/349/342
f 342/349/342 332/338/332 331/337/331
f 332/338/332 342/349/342 343/350/343
f 343/350/343 100/339/100 332/338/332
f 100/339/100 343/350/343 113/351/113
f 114/114/114 333/340/333 101/101/101
f 333/340/333 114/114/114 344/352/344
f 344/352/344 334/341/334 333/340/333
f 334/341/334 344/352/344 345/353/345
f 345/353/345 335/342/335 334/341/334
f 335/342/335 345/353/345 346/354/346
f 346/354/346 336/343/336 335/342/335
f 336/343/336 346/354/346 347/355/347
f 347/355/347 337/344/337 336/343/336
f 337/344/337 347/355/347 348/356/348
f 348/356/348 338/345/338 337/344/337
f 338/345/338 348/356/348 349/357/349
f 349/357/349 339/346/339 338/345/338
f 339/346/339 349/357/349 350/358/350
f 350/358/350 340/347/340 339/346/339
f 340/347/340 350/358/350 351/359/351
f 351/359/351 341/348/341 340/347/340
f 341/348/341 351/359/351 352/360/352
f 352/360/352 342/349/342 341/348/341
f 342/349/342 352/360/352 353/361/353
f 353/361/353 343/350/343 342/349/342
f 343/350/343 353/361/353 354/362/354
f 354/362/354 113/351/113 343/350/343
f 113/351/113 354/362/354 126/363/126
f 127/127/127 344/352/344 114/114/114
f 344/352/344 127/127/127 355/364/355
f 355/364/355 345/353/345 344/352/344
f 345/353/345 355/364/355 356/365/356
f 356/365/356 346/354/346 345/353/345
f 346/354/346 356/365/356 357/366/357
f 357/366/357 347/355/347 346/354/346
f 347/355/347 357/366/357 358/367/358
f 358/367/358 348/356/348 347/355/347
f 348/356/348 358/367/358 359/368/359
f 359/368/359 349/357/349 348/356/348
f 349/357/349 359/368/359 360/369/360
f 360/369/360 350/358/350 349/357/349
f 350/358/350 360/369/360 361/370/361
f 361/370/361 351/359/351 350/358/350
f 351/359/351 361/370/361 362/371/362
f 362/371/362 352/360/352 351/359/351
f 352/360/352 362/371/362 363/372/363
f 363/372/363 353/361/353 352/360/352
f 353/361/353 363/372/363 364/373/364
f 364/373/364 354/362/354 353/361/353
f 354/362/354 364/373/364 365/374/365
f 365/374/365 126/363/126 354/362/354
f 126/363/126 365/374/365 139/375/139
f 140/140/140 355/364/355 127/127/127
f 355/364/355 140/140/140 366/376/366
f 366/376/366 356/365/356 355/364/355
f 356/365/356 366/376/366 367/377/367
f 367/377/367 357/366/357 356/365/356
f 357/366/357 367/377/367 368/378/368
f 368/378/368 358/367/358 357/366/357
f 358/367/358 368/378/368 369/379/369
f 369/379/369 359/368/359 358/367/358
f 359/368/359 369/379/369 370/380/370
f 370/380/370 360/369/360 359/368/359
f 360/369/360 370/380/370 371/381/371
f 371/381/371 361/370/361 360/369/360
f 361/370/361 371/381/371 372/382/372
f 372/382/372 362/371/362 361/370/361
f 362/371/362 372/382/372 373/383/373
f 373/383/373 363/372/363 362/371/362
f 363/372/363 373/383/373 374/384/374
f 374/384/374 364/373/364 363/372/363
f 364/373/364 374/384/374 375/385/375
f 375/385/375 365/374/365 364/373/364
f 365/374/365 375/385/375 376/386/376
f 376/386/376 139/375/139 365/374/365
f 139/375/139 376/386/376 152/387/152
f 248/248/248 377/388/377 153/153/153
f 1/1/1 248/248/248 153/153/153
f 377/388/377 248/248/248 378/389/378
f 248/248/248 249/249/249 378/389/378
f 378/389/378 249/249/249 379/390/379
f 249/249/249 250/250/250 379/390/379
f 379/390/379 250/250/250 380/391/380
f 380/391/380 250/250/250 381/392/381
f 381/392/381 250/250/250 382/393/382
f 250/250/250 251/251/251 382/393/382
f 382/393/382 251/251/251 383/394/383
f 251/251/251 252/252/252 383/394/383
f 383/394/383 252/252/252 384/395/384
f 252/252/252 253/253/253 384/395/384
f 384/395/384 253/253/253 385/396/385
f 385/396/385 253/253/253 386/397/386
f 253/253/253 254/254/254 386/397/386
f 386/397/386 254/254/254 387/398/387
f 254/254/254 255/255/255 387/398/387
f 387/398/387 255/255/255 388/399/388
f 255/255/255 389/400/389 388/399/388
f 264/264/264 390/401/390 389/400/389
f 263/263/263 264/264/264 389/400/389
f 255/255/255 263/263/263 389/400/389
f 390/401/390 264/264/264 391/402/391
f 391/402/391 264/264/264 392/403/392
f 264/264/264 265/265/265 392/403/392
f 392/403/392 265/265/265 393/404/393
f 265/265/265 266/266/266 393/404/393
f 393/404/393 266/266/266 171/405/171
f 266/266/266 22/267/22 171/405/171
f 394/406/394 153/153/153 377/388/377
f 153/153/153 394/406/394 172/172/172
f 395/407/395 172/172/172 394/406/394
f 172/172/172 395/407/395 173/173/173
f 396/408/396 173/173/173 395/407/395
f 173/173/173 396/408/396 174/174/174
f 397/409/397 174/174/174 396/408/396
f 174/174/174 397/409/397 175/175/175
f 398/410/398 377/388/377 378/389/378
f 377/388/377 398/410/398 394/406/394
f 399/411/399 394/406/394 398/410/398
f 394/406/394 399/411/399 395/407/395
f 400/412/400 395/407/395 399/411/399
f 395/407/395 400/412/400 396/408/396
f 401/413/401 396/408/396 400/412/400
f 396/408/396 401/413/401 397/409/397
f 402/414/402 378/389/378 379/390/379
f 378/389/378 402/414/402 398/410/398
f 403/415/403 398/410/398 402/414/402
f 398/410/398 403/415/403 399/411/399
f 404/416/404 399/411/399 403/415/403
f 399/411/399 404/416/404 400/412/400
f 405/417/405 400/412/400 404/416/404
f 400/412/400 405/417/405 401/413/401
f 406/418/406 379/390/379 380/391/380
f 379/390/379 406/418/406 402/414/402
f 407/419/407 402/414/402 406/418/406
f 402/414/402 407/419/407 403/415/403
f 408/420/408 403/415/403 407/419/407
f 403/415/403 408/420/408 404/416/404
f 409/421/409 404/416/404 408/420/408
f 404/416/404 409/421/409 405/417/405
f 410/422/410 380/391/380 381/392/381
f 380/391/380 410/422/410 406/418/406
f 411/423/411 406/418/406 410/422/410
f 406/418/406 411/423/411 407/419/407
f 412/424/412 407/419/407 411/423/411
f 407/419/407 412/424/412 408/420/408
f 413/425/413 408/420/408 412/424/412
f 408/420/408 413/425/413 409/421/409
f 414/426/414 381/392/381 382/393/382
f 381/392/381 414/426/414 410/422/410
f 415/427/415 410/422/410 414/426/414
f 410/422/410 415/427/415 411/423/411
f 416/428/416 411/423/411 415/427/415
f 411/423/411 416/428/416 412/424/412
f 417/429/417 412/424/412 416/428/416
f 412/424/412 417/429/417 413/425/413
f 418/430/418 382/393/382 383/394/383
f 382/393/382 418/430/418 414/426/414
f 419/431/419 414/426/414 418/430/418
f 414/426/414 419/431/419 415/427/415
f 420/432/420 415/427/415 419/431/419
f 415/427/415 420/432/420 416/428/416
f 421/433/421 416/428/416 420/432/420
f 416/428/416 421/433/421 417/429/417
f 422/434/422 383/394/383 384/395/384
f 383/394/383 422/434/422 418/430/418
f 423/435/423 418/430/418 422/434/422
f 418/430/418 423/435/423 419/431/419
f 424/436/424 419/431/419 423/435/423
f 419/431/419 424/436/424 420/432/420
f 425/437/425 420/432/420 424/436/424
f 420/432/420 425/437/425 421/433/421
f 426/438/426 384/395/384 385/396/385
f 384/395/384 426/438/426 422/434/422
f 427/439/427 422/434/422 426/438/426
f 422/434/422 427/439/427 423/435/423
f 428/440/428 423/435/423 427/439/427
f 423/435/423 428/440/428 424/436/424
f 429/441/429 424/436/424 428/440/428
f 424/436/424 429/441/429 425/437/425
f 430/442/430 385/396/385 386/397/386
f 385/396/385 430/442/430 426/438/426
f 431/443/431 426/438/426 430/442/430
f 426/438/426 431/443/431 427/439/427
f 432/444/432 427/439/427 431/443/431
f 427/439/427 432/444/432 428/440/428
f 433/445/433 428/440/428 432/444/432
f 428/440/428 433/445/433 429/441/429
f 434/446/434 386/397/386 387/398/387
f 386/397/386 434/446/434 430/442/430
f 435/447/435 430/442/430 434/446/434
f 430/442/430 435/447/435 431/443/431
f 436/448/436 431/443/431 435/447/435
f 431/443/431 436/448/436 432/444/432
f 437/449/437 432/444/432 436/448/436
f 432/444/432 437/449/437 433/445/433
f 438/450/438 387/398/387 388/399/388
f 387/398/387 438/450/438 434/446/434
f 439/451/439 434/446/434 438/450/438
f 434/446/434 439/451/439 435/447/435
f 440/452/440 435/447/435 439/451/439
f 435/447/435 440/452/440 436/448/436
f 441/453/441 436/448/436 440/452/440
f 436/448/436 441/453/441 437/449/437
f 442/454/442 388/399/388 389/400/389
f 388/399/388 442/454/442 438/450/438
f 443/455/443 438/450/438 442/454/442
f 438/450/438 443/455/443 439/451/439
f 444/456/444 439/451/439 443/455/443
f 439/451/439 444/456/444 440/452/440
f 445/457/445 440/452/440 444/456/444
f 440/452/440 445/457/445 441/453/441
f 446/458/446 389/400/389 390/401/390
f 389/400/389 446/458/446 442/454/442
f 447/459/447 442/454/442 446/458/446
f 442/454/442 447/459/447 443/455/443
f 448/460/448 443/455/443 447/459/447
f 443/455/443 448/460/448 444/456/444
f 449/461/449 444/456/444 448/460/448
f 444/456/444 449/461/449 445/457/445
f 450/462/450 390/401/390 391/402/391
f 390/401/390 450/462/450 446/458/446
f 451/463/451 446/458/446 450/462/450
f 446/458/446 451/463/451 447/459/447
f 452/464/452 447/459/447 451/463/451
f 447/459/447 452/464/452 448/460/448
f 453/465/453 448/460/448 452/464/452
f 448/460/448 453/465/453 449/461/449
f 454/466/454 391/402/391 392/403/392
f 391/402/391 454/466/454 450/462/450
f 455/467/455 450/462/450 454/466/454
f 450/462/450 455/467/455 451/463/451
f 456/468/456 451/463/451 455/467/455
f 451/463/451 456/468/456 452/464/452
f 457/469/457 452/464/452 456/468/456
f 452/464/452 457/469/457 453/465/453
f 458/470/458 392/403/392 393/404/393
f 392/403/392 458/470/458 454/466/454
f 459/471/459 454/466/454 458/470/458
f 454/466/454 459/471/459 455/467/455
f 460/472/460 455/467/455 459/471/459
f 455/467/455 460/472/460 456/468/456
f 461/473/461 456/468/456 460/472/460
f 456/468/456 461/473/461 457/469/457
f 244/474/244 393/404/393 171/405/171
f 393/404/393 244/474/244 458/470/458
f 245/475/245 458/470/458 244/474/244
f 458/470/458 245/475/245 459/471/459
f 246/476/246 459/471/459 245/475/245
f 459/471/459 246/476/246 460/472/460
f 247/477/247 460/472/460 246/476/246
f 460/472/460 247/477/247 461/473/461
f 141/141/141 462/478/462 140/140/140
f 462/478/462 141/141/141 463/479/463
f 142/142/142 463/479/463 141/141/141
f 463/479/463 142/142/142 464/480/464
f 143/143/143 464/480/464 142/142/142
f 464/480/464 143/143/143 465/481/465
f 144/144/144 465/481/465 143/143/143
f 465/481/465 144/144/144 466/482/466
f 145/145/145 466/482/466 144/144/144
f 466/482/466 145/145/145 467/483/467
f 146/146/146 467/483/467 145/145/145
f 467/483/467 146/146/146 468/484/468
f 147/147/147 468/484/468 146/146/146
f 468/484/468 147/147/147 469/485/469
f 148/148/148 469/485/469 147/147/147
f 469/485/469 148/148/148 470/486/470
f 149/149/149 470/486/470 148/148/148
f 470/486/470 149/149/149 471/487/471
f 150/150/150 471/487/471 149/149/149
f 471/487/471 150/150/150 472/488/472
f 151/151/151 472/488/472 150/150/150
f 472/488/472 151/151/151 473/489/473
f 152/152/152 473/489/473 151/151/151
f 473/489/473 152/152/152 474/490/474
f 463/479/463 475/491/475 462/478/462
f 475/491/475 463/479/463 476/492/476
f 464/480/464 476/492/476 463/479/463
f 476/492/476 464/480/464 477/493/477
f 465/481/465 477/493/477 464/480/464
f 477/493/477 465/481/465 478/494/478
f 466/482/466 478/494/478 465/481/465
f 478/494/478 466/482/466 479/495/479
f 467/483/467 479/495/479 466/482/466
f 479/495/479 467/483/467 480/496/480
f 468/484/468 480/496/480 467/483/467
f 480/496/480 468/484/468 481/497/481
f 469/485/469 481/497/481 468/484/468
f 481/497/481 469/485/469 482/498/482
f 470/486/470 482/498/482 469/485/469
f 482/498/482 470/486/470 483/499/483
f 471/487/471 483/499/483 470/486/470
f 483/499/483 471/487/471 484/500/484
f 472/488/472 484/500/484 471/487/471
f 484/500/484 472/488/472 485/501/485
f 473/489/473 485/501/485 472/488/472
f 485/501/485 473/489/473 486/502/486
f 474/490/474 486/502/486 473/489/473
f 486/502/486 474/490/474 487/503/487
f 476/492/476 488/504/488 475/491/475
f 488/504/488 476/492/476 489/505/489
f 477/493/477 489/505/489 476/492/476
f 489/505/489 477/493/477 490/506/490
f 478/494/478 490/506/490 477/493/477
f 490/506/490 478/494/478 491/507/491
f 479/495/479 491/507/491 478/494/478
f 491/507/491 479/495/479 492/508/492
f 480/496/480 492/508/492 479/495/479
f 492/508/492 480/496/480 493/509/493
f 481/497/481 493/509/493 480/496/480
f 493/509/493 481/497/481 494/510/494
f 482/498/482 494/510/494 481/497/481
f 494/510/494 482/498/482 495/511/495
f 483/499/483 495/511/495 482/498/482
f 495/511/495 483/499/483 496/512/496
f 484/500/484 496/512/496 483/499/483
f 496/512/496 484/500/484 497/513/497
f 485/501/485 497/513/497 484/500/484
f 497/513/497 485/501/485 498/514/498
f 486/502/486 498/514/498 485/501/485
f 498/514/498 486/502/486 499/515/499
f 487/503/487 499/515/499 486/502/486
f 499/515/499 487/503/487 500/516/500
f 489/505/489 501/517/501 488/504/488
f 501/517/501 489/505/489 502/518/502
f 490/506/490 502/518/502 489/505/489
f 502/518/502 490/506/490 503/519/503
f 491/507/491 503/519/503 490/506/490
f 503/519/503 491/507/491 504/520/504
f 492/508/492 504/520/504 491/507/491
f 504/520/504 492/508/492 505/521/505
f 493/509/493 505/521/505 492/508/492
f 505/521/505 493/509/493 506/522/506
f 494/510/494 506/522/506 493/509/493
f 506/522/506 494/510/494 507/523/507
f 495/511/495 507/523/507 494/510/494
f 507/523/507 495/511/495 508/524/508
f 496/512/496 508/524/508 495/511/495
f 508/524/508 496/512/496 509/525/509
f 497/513/497 509/525/509 496/512/496
f 509/525/509 497/513/497 510/526/510
f 498/514/498 510/526/510 497/513/497
f 510/526/510 498/514/498 511/527/511
f 499/515/499 511/527/511 498/514/498
f 511/527/511 499/515/499 512/528/512
f 500/516/500 512/528/512 499/515/499
f 512/528/512 500/516/500 513/529/513
f 502/518/502 514/530/514 501/517/501
f 514/530/514 502/518/502 515/531/515
f 503/519/503 515/531/515 502/518/502
f 515/531/515 503/519/503 516/532/516
f 504/520/504 516/532/516 503/519/503
f 516/532/516 504/520/504 517/533/517
f 505/521/505 517/533/517 504/520/504
f 517/533/517 505/521/505 518/534/518
f 506/522/506 518/534/518 505/521/505
f 518/534/518 506/522/506 519/535/519
f 507/523/507 519/535/519 506/522/506
f 519/535/519 507/523/507 520/536/520
f 508/524/508 520/536/520 507/523/507
f 520/536/520 508/524/508 521/537/521
f 509/525/509 521/537/521 508/524/508
f 521/537/521 509/525/509 522/538/522
f 510/526/510 522/538/522 509/525/509
f 522/538/522 510/526/510 523/539/523
f 511/527/511 523/539/523 510/526/510
f 523/539/523 511/527/511 524/540/524
f 512/528/512 524/540/524 511/527/511
f 524/540/524 512/528/512 525/541/525
f 513/529/513 525/541/525 512/528/512
f 525/541/525 513/529/513 526/542/526
f 515/531/515 527/543/527 514/530/514
f 527/543/527 515/531/515 528/544/528
f 516/532/516 528/544/528 515/531/515
f 528/544/528 516/532/516 529/545/529
f 517/533/517 529/545/529 516/532/516
f 529/545/529 517/533/517 530/546/530
f 518/534/518 530/546/530 517/533/517
f 530/546/530 518/534/518 531/547/531
f 519/535/519 531/547/531 518/534/518
f 531/547/531 519/535/519 532/548/532
f 520/536/520 532/548/532 519/535/519
f 532/548/532 520/536/520 533/549/533
f 521/537/521 533/549/533 520/536/520
f 533/549/533 521/537/521 534/550/534
f 522/538/522 534/550/534 521/537/521
f 534/550/534 522/538/522 535/551/535
f 523/539/523 535/551/535 522/538/522
f 535/551/535 523/539/523 536/552/536
f 524/540/524 536/552/536 523/539/523
f 536/552/536 524/540/524 537/553/537
f 525/541/525 537/553/537 524/540/524
f 537/553/537 525/541/525 538/554/538
f 526/542/526 538/554/538 525/541/525
f 538/554/538 526/542/526 539/555/539
f 528/544/528 540/556/540 527/543/527
f 540/556/540 528/544/528 541/557/541
f 529/545/529 541/557/541 528/544/528
f 541/557/541 529/545/529 542/558/542
f 530/546/530 542/558/542 529/545/529
f 542/558/542 530/546/530 543/559/543
f 531/547/531 543/559/543 530/546/530
f 543/559/543 531/547/531 544/560/544
f 532/548/532 544/560/544 531/547/531
f 544/560/544 532/548/532 545/561/545
f 533/549/533 545/561/545 532/548/532
f 545/561/545 533/549/533 546/562/546
f 534/550/534 546/562/546 533/549/533
f 546/562/546 534/550/534 547/563/547
f 535/551/535 547/563/547 534/550/534
f 547/563/547 535/551/535 548/564/548
f 536/552/536 548/564/548 535/551/535
f 548/564/548 536/552/536 549/565/549
f 537/553/537 549/565/549 536/552/536
f 549/565/549 537/553/537 550/566/550
f 538/554/538 550/566/550 537/553/537
f 550/566/550 538/554/538 551/567/551
f 539/555/539 551/567/551 538/554/538
f 551/567/551 539/555/539 552/568/552
f 541/557/541 553/569/553 540/556/540
f 553/569/553 541/557/541 554/570/554
f 542/558/542 554/570/554 541/557/541
f 554/570/554 542/558/542 555/571/555
f 543/559/543 555/571/555 542/558/542
f 555/571/555 543/559/543 556/572/556
f 544/560/544 556/572/556 543/559/543
f 556/572/556 544/560/544 557/573/557
f 545/561/545 557/573/557 544/560/544
f 557/573/557 545/561/545 558/574/558
f 546/562/546 558/574/558 545/561/545
f 558/574/558 546/562/546 559/575/559
f 547/563/547 559/575/559 546/562/546
f 559/575/559 547/563/547 560/576/560
f 548/564/548 560/576/560 547/563/547
f 560/576/560 548/564/548 561/577/561
f 549/565/549 561/577/561 548/564/548
f 561/577/561 549/565/549 562/578/562
f 550/566/550 562/578/562 549/565/549
f 562/578/562 550/566/550 563/579/563
f 551/567/551 563/579/563 550/566/550
f 563/579/563 551/567/551 564/580/564
f 552/568/552 564/580/564 551/567/551
f 564/580/564 552/568/552 565/581/565
f 554/570/554 566/582/566 553/569/553
f 566/582/566 554/570/554 567/583/567
f 555/571/555 567/583/567 554/570/554
f 567/583/567 555/571/555 568/584/568
f 556/572/556 568/584/568 555/571/555
f 568/584/568 556/572/556 569/585/569
f 557/573/557 569/585/569 556/572/556
f 569/585/569 557/573/557 570/586/570
f 558/574/558 570/586/570 557/573/557
f 570/586/570 558/574/558 571/587/571
f 559/575/559 571/587/571 558/574/558
f 571/587/571 559/575/559 572/588/572
f 560/576/560 572/588/572 559/575/559
f 572/588/572 560/576/560 573/589/573
f 561/577/561 573/589/573 560/576/560
f 573/589/573 561/577/561 574/590/574
f 562/578/562 574/590/574 561/577/561
f 574/590/574 562/578/562 575/591/575
f 563/579/563 575/591/575 562/578/562
f 575/591/575 563/579/563 576/592/576
f 564/580/564 576/592/576 563/579/563
f 576/592/576 564/580/564 577/593/577
f 565/581/565 577/593/577 564/580/564
f 577/593/577 565/581/565 578/594/578
f 567/583/567 579/595/579 566/582/566
f 579/595/579 567/583/567 580/596/580
f 568/584/568 580/596/580 567/583/567
f 580/596/580 568/584/568 581/597/581
f 569/585/569 581/597/581 568/584/568
f 581/597/581 569/585/569 582/598/582
f 570/586/570 582/598/582 569/585/569
f 582/598/582 570/586/570 583/599/583
f 571/587/571 583/599/583 570/586/570
f 583/599/583 571/587/571 584/600/584
f 572/588/572 584/600/584 571/587/571
f 584/600/584 572/588/572 585/601/585
f 573/589/573 585/601/585 572/588/572
f 585/601/585 573/589/573 586/602/586
f 574/590/574 586/602/586 573/589/573
f 586/602/586 574/590/574 587/603/587
f 575/591/575 587/603/587 574/590/574
f 587/603/587 575/591/575 588/604/588
f 576/592/576 588/604/588 575/591/575
f 588/604/588 576/592/576 589/605/589
f 577/593/577 589/605/589 576/592/576
f 589/605/589 577/593/577 590/606/590
f 578/594/578 590/606/590 577/593/577
f 590/606/590 578/594/578 591/607/591
f 580/596/580 592/608/592 579/595/579
f 592/608/592 580/596/580 593/609/593
f 581/597/581 593/609/593 580/596/580
f 593/609/593 581/597/581 594/610/594
f 582/598/582 594/610/594 581/597/581
f 594/610/594 582/598/582 595/611/595
f 583/599/583 595/611/595 582/598/582
f 595/611/595 583/599/583 596/612/596
f 584/600/584 596/612/596 583/599/583
f 596/612/596 584/600/584 597/613/597
f 585/601/585 597/613/597 584/600/584
f 597/613/597 585/601/585 598/614/598
f 586/602/586 598/614/598 585/601/585
f 598/614/598 586/602/586 599/615/599
f 600/616/600 601/617/601 590/606/590
f 600/616/600 590/606/590 591/607/591
f 601/617/601 602/618/602 589/605/589
f 601/617/601 589/605/589 590/606/590
f 603/619/603 589/605/589 602/618/602
f 603/619/603 588/604/588 589/605/589
f 604/620/604 588/604/588 603/619/603
f 604/620/604 605/621/605 587/603/587
f 604/620/604 587/603/587 588/604/588
f 605/621/605 606/622/606 587/603/587
f 607/623/607 587/603/587 606/622/606
f 607/623/607 586/602/586 587/603/587
f 607/623/607 599/615/599 586/602/586
f 608/624/608 599/615/599 607/623/607
f 609/625/609 599/615/599 608/624/608
f 609/625/609 610/626/610 598/614/598
f 609/625/609 598/614/598 599/615/599
f 611/627/611 598/614/598 610/626/610
f 611/627/611 597/613/597 598/614/598
f 611/627/611 612/628/612 597/613/597
f 612/628/612 613/629/613 596/612/596
f 612/628/612 596/612/596 597/613/597
f 613/629/613 614/630/614 596/612/596
f 614/630/614 615/631/615 595/611/595
f 614/630/614 595/611/595 596/612/596
f 615/631/615 616/632/616 595/611/595
f 616/632/616 617/633/617 594/610/594
f 616/632/616 594/610/594 595/611/595
f 618/634/618 594/610/594 617/633/617
f 618/634/618 593/609/593 594/610/594
f 619/635/619 593/609/593 618/634/618
f 619/635/619 620/636/620 592/608/592
f 619/635/619 592/608/592 593/609/593
f 600/616/600 625/641/625 601/617/601
f 625/641/625 600/616/600 621/637/621
f 621/637/621 626/642/626 625/641/625
f 626/642/626 621/637/621 622/638/622
f 622/638/622 627/643/627 626/642/626
f 627/643/627 622/638/622 623/639/623
f 623/639/623 628/644/628 627/643/627
f 628/644/628 623/639/623 624/640/624
f 601/617/601 629/645/629 602/618/602
f 629/645/629 601/617/601 625/641/625
f 625/641/625 630/646/630 629/645/629
f 630/646/630 625/641/625 626/642/626
f 626/642/626 631/647/631 630/646/630
f 631/647/631 626/642/626 627/643/627
f 627/643/627 632/648/632 631/647/631
f 632/648/632 627/643/627 628/644/628
f 602/618/602 633/649/633 603/619/603
f 633/649/633 602/618/602 629/645/629
f 629/645/629 634/650/634 633/649/633
f 634/650/634 629/645/629 630/646/630
f 630/646/630 635/651/635 634/650/634
f 635/651/635 630/646/630 631/647/631
f 631/647/631 636/652/636 635/651/635
f 636/652/636 631/647/631 632/648/632
f 603/619/603 637/653/637 604/620/604
f 637/653/637 603/619/603 633/649/633
f 633/649/633 638/654/638 637/653/637
f 638/654/638 633/649/633 634/650/634
f 634/650/634 639/655/639 638/654/638
f 639/655/639 634/650/634 635/651/635
f 635/651/635 640/656/640 639/655/639
f 640/656/640 635/651/635 636/652/636
f 604/620/604 641/657/641 605/621/605
f 641/657/641 604/620/604 637/653/637
f 637/653/637 642/658/642 641/657/641
f 642/658/642 637/653/637 638/654/638
f 638/654/638 643/659/643 642/658/642
f 643/659/643 638/654/638 639/655/639
f 639/655/639 644/660/644 643/659/643
f 644/660/644 639/655/639 640/656/640
f 605/621/605 645/661/645 606/622/606
f 645/661/645 605/621/605 641/657/641
f 641/657/641 646/662/646 645/661/645
f 646/662/646 641/657/641 642/658/642
f 642/658/642 647/663/647 646/662/646
f 647/663/647 642/658/642 643/659/643
f 643/659/643 648/664/648 647/663/647
f 648/664/648 643/659/643 644/660/644
f 606/622/606 649/665/649 607/623/607
f 649/665/649 606/622/606 645/661/645
f 645/661/645 650/666/650 649/665/649
f 650/666/650 645/661/645 646/662/646
f 646/662/646 651/667/651 650/666/650
f 651/667/651 646/662/646 647/663/647
f 647/663/647 652/668/652 651/667/651
f 652/668/652 647/663/647 648/664/648
f 607/623/607 653/669/653 608/624/608
f 653/669/653 607/623/607 649/665/649
f 649/665/649 654/670/654 653/669/653
f 654/670/654 649/665/649 650/666/650
f 650/666/650 655/671/655 654/670/654
f 655/671/655 650/666/650 651/667/651
f 651/667/651 656/672/656 655/671/655
f 656/672/656 651/667/651 652/668/652
f 608/624/608 657/673/657 609/625/609
f 657/673/657 608/624/608 653/669/653
f 653/669/653 658/674/658 657/673/657
f 658/674/658 653/669/653 654/670/654
f 654/670/654 659/675/659 658/674/658
f 659/675/659 654/670/654 655/671/655
f 655/671/655 660/676/660 659/675/659
f 660/676/660 655/671/655 656/672/656
f 609/625/609 661/677/661 610/626/610
f 661/677/661 609/625/609 657/673/657
f 657/673/657 662/678/662 661/677/661
f 662/678/662 657/673/657 658/674/658
f 658/674/658 663/679/663 662/678/662
f 663/679/663 658/674/658 659/675/659
f 659/675/659 664/680/664 663/679/663
f 664/680/664 659/675/659 660/676/660
f 610/626/610 665/681/665 611/627/611
f 665/681/665 610/626/610 661/677/661
f 661/677/661 666/682/666 665/681/665
f 666/682/666 661/677/661 662/678/662
f 662/678/662 667/683/667 666/682/666
f 667/683/667 662/678/662 663/679/663
f 663/679/663 668/684/668 667/683/667
f 668/684/668 663/679/663 664/680/664
f 611/627/611 669/685/669 612/628/612
f 669/685/669 611/627/611 665/681/665
f 665/681/665 670/686/670 669/685/669
f 670/686/670 665/681/665 666/682/666
f 666/682/666 671/687/671 670/686/670
f 671/687/671 666/682/666 667/683/667
f 667/683/667 672/688/672 671/687/671
f 672/688/672 667/683/667 668/684/668
f 612/628/612 673/689/673 613/629/613
f 673/689/673 612/628/612 669/685/669
f 669/685/669 674/690/674 673/689/673
f 674/690/674 669/685/669 670/686/670
f 670/686/670 675/691/675 674/690/674
f 675/691/675 670/686/670 671/687/671
f 671/687/671 676/692/676 675/691/675
f 676/692/676 671/687/671 672/688/672
f 613/629/613 677/693/677 614/630/614
f 677/693/677 613/629/613 673/689/673
f 673/689/673 678/694/678 677/693/677
f 678/694/678 673/689/673 674/690/674
f 674/690/674 679/695/679 678/694/678
f 679/695/679 674/690/674 675/691/675
f 675/691/675 680/696/680 679/695/679
f 680/696/680 675/691/675 676/692/676
f 614/630/614 681/697/681 615/631/615
f 681/697/681 614/630/614 677/693/677
f 677/693/677 682/698/682 681/697/681
f 682/698/682 677/693/677 678/694/678
f 678/694/678 683/699/683 682/698/682
f 683/699/683 678/694/678 679/695/679
f 679/695/679 684/700/684 683/699/683
f 684/700/684 679/695/679 680/696/680
f 615/631/615 685/701/685 616/632/616
f 685/701/685 615/631/615 681/697/681
f 681/697/681 686/702/686 685/701/685
f 686/702/686 681/697/681 682/698/682
f 682/698/682 687/703/687 686/702/686
f 687/703/687 682/698/682 683/699/683
f 683/699/683 688/704/688 687/703/687
f 688/704/688 683/699/683 684/700/684
f 616/632/616 689/705/689 617/633/617
f 689/705/689 616/632/616 685/701/685
f 685/701/685 690/706/690 689/705/689
f 690/706/690 685/701/685 686/702/686
f 686/702/686 691/707/691 690/706/690
f 691/707/691 686/702/686 687/703/687
f 687/703/687 692/708/692 691/707/691
f 692/708/692 687/703/687 688/704/688
f 617/633/617 693/709/693 618/634/618
f 693/709/693 617/633/617 689/705/689
f 689/705/689 694/710/694 693/709/693
f 694/710/694 689/705/689 690/706/690
f 690/706/690 695/711/695 694/710/694
f 695/711/695 690/706/690 691/707/691
f 691/707/691 696/712/696 695/711/695
f 696/712/696 691/707/691 692/708/692
f 618/634/618 697/713/697 619/635/619
f 697/713/697 618/634/618 693/709/693
f 693/709/693 698/714/698 697/713/697
f 698/714/698 693/709/693 694/710/694
f 694/710/694 699/715/699 698/714/698
f 699/715/699 694/710/694 695/711/695
f 695/711/695 700/716/700 699/715/699
f 700/716/700 695/711/695 696/712/696
f 619/635/619 701/717/701 620/636/620
f 701/717/701 619/635/619 697/713/697
f 697/713/697 702/718/702 701/717/701
f 702/718/702 697/713/697 698/714/698
f 698/714/698 703/719/703 702/718/702
f 703/719/703 698/714/698 699/715/699
f 699/715/699 704/720/704 703/719/703
f 704/720/704 699/715/699 700/716/700
f 462/478/462 366/376/366 140/140/140
f 366/376/366 462/478/462 705/721/705
f 705/721/705 367/377/367 366/376/366
f 367/377/367 705/721/705 706/722/706
f 706/722/706 368/378/368 367/377/367
f 368/378/368 706/722/706 707/723/707
f 707/723/707 369/379/369 368/378/368
f 369/379/369 707/723/707 708/724/708
f 708/724/708 370/380/370 369/379/369
f 370/380/370 708/724/708 709/725/709
f 709/725/709 371/381/371 370/380/370
f 371/381/371 709/725/709 710/726/710
f 710/726/710 372/382/372 371/381/371
f 372/382/372 710/726/710 711/727/711
f 711/727/711 373/383/373 372/382/372
f 373/383/373 711/727/711 712/728/712
f 712/728/712 374/384/374 373/383/373
f 374/384/374 712/728/712 713/729/713
f 713/729/713 375/385/375 374/384/374
f 375/385/375 713/729/713 714/730/714
f 714/730/714 376/386/376 375/385/375
f 376/386/376 714/730/714 715/731/715
f 715/731/715 152/387/152 376/386/376
f 152/387/152 715/731/715 474/732/474
f 475/491/475 705/721/705 462/478/462
f 705/721/705 475/491/475 716/733/716
f 716/733/716 706/722/706 705/721/705
f 706/722/706 716/733/716 717/734/717
f 717/734/717 707/723/707 706/722/706
f 707/723/707 717/734/717 718/735/718
f 718/735/718 708/724/708 707/723/707
f 708/724/708 718/735/718 719/736/719
f 719/736/719 709/725/709 708/724/708
f 709/725/709 719/736/719 720/737/720
f 720/737/720 710/726/710 709/725/709
f 710/726/710 720/737/720 721/738/721
f 721/738/721 711/727/711 710/726/710
f 711/727/711 721/738/721 722/739/722
f 722/739/722 712/728/712 711/727/711
f 712/728/712 722/739/722 723/740/723
f 723/740/723 713/729/713 712/728/712
f 713/729/713 723/740/723 724/741/724
f 724/741/724 714/730/714 713/729/713
f 714/730/714 724/741/724 725/742/725
f 725/742/725 715/731/715 714/730/714
f 715/731/715 725/742/725 726/743/726
f 726/743/726 474/732/474 715/731/715
f 474/732/474 726/743/726 487/744/487
f 488/504/488 716/733/716 475/491/475
f 716/733/716 488/504/488 727/745/727
f 727/745/727 717/734/717 716/733/716
f 717/734/717 727/745/727 728/746/728
f 728/746/728 718/735/718 717/734/717
f 718/735/718 728/746/728 729/747/729
f 729/747/729 719/736/719 718/735/718
f 719/736/719 729/747/729 730/748/730
f 730/748/730 720/737/720 719/736/719
f 720/737/720 730/748/730 731/749/731
f 731/749/731 721/738/721 720/737/720
f 721/738/721 731/749/731 732/750/732
f 732/750/732 722/739/722 721/738/721
f 722/739/722 732/750/732 733/751/733
f 733/751/733 723/740/723 722/739/722
f 723/740/723 733/751/733 734/752/734
f 734/752/734 724/741/724 723/740/723
f 724/741/724 734/752/734 735/753/735
f 735/753/735 725/742/725 724/741/724
f 725/742/725 735/753/735 736/754/736
f 736/754/736 726/743/726 725/742/725
f 726/743/726 736/754/736 737/755/737
f 737/755/737 487/744/487 726/743/726
f 487/744/487 737/755/737 500/756/500
f 501/517/501 727/745/727 488/504/488
f 727/745/727 501/517/501 738/757/738
f 738/757/738 728/746/728 727/745/727
f 728/746/728 738/757/738 739/758/739
f 739/758/739 729/747/729 728/746/728
f 729/747/729 739/758/739 740/759/740
f 740/759/740 730/748/730 729/747/729
f 730/748/730 740/759/740 741/760/741
f 741/760/741 731/749/731 730/748/730
f 731/749/731 741/760/741 742/761/742
f 742/761/742 732/750/732 731/749/731
f 732/750/732 742/761/742 743/762/743
f 743/762/743 733/751/733 732/750/732
f 733/751/733 743/762/743 744/763/744
f 744/763/744 734/752/734 733/751/733
f 734/752/734 744/763/744 745/764/745
f 745/764/745 735/753/735 734/752/734
f 735/753/735 745/764/745 746/765/746
f 746/765/746 736/754/736 735/753/735
f 736/754/736 746/765/746 747/766/747
f 747/766/747 737/755/737 736/754/736
f 737/755/737 747/766/747 748/767/748
f 748/767/748 500/756/500 737/755/737
f 500/756/500 748/767/748 513/768/513
f 514/530/514 738/757/738 501/517/501
f 738/757/738 514/530/514 749/769/749
f 749/769/749 739/758/739 738/757/738
f 739/758/739 749/769/749 750/770/750
f 750/770/750 740/759/740 739/758/739
f 740/759/740 750/770/750 751/771/751
f 751/771/751 741/760/741 740/759/740
f 741/760/741 751/771/751 752/772/752
f 752/772/752 742/761/742 741/760/741
f 742/761/742 752/772/752 753/773/753
f 753/773/753 743/762/743 742/761/742
f 743/762/743 753/773/753 754/774/754
f 754/774/754 744/763/744 743/762/743
f 744/763/744 754/774/754 755/775/755
f 755/775/755 745/764/745 744/763/744
f 745/764/745 755/775/755 756/776/756
f 756/776/756 746/765/746 745/764/745
f 746/765/746 756/776/756 757/777/757
f 757/777/757 747/766/747 746/765/746
f 747/766/747 757/777/757 758/778/758
f 758/778/758 748/767/748 747/766/747
f 748/767/748 758/778/758 759/779/759
f 759/779/759 513/768/513 748/767/748
f 513/768/513 759/779/759 526/780/526
f 527/543/527 749/769/749 514/530/514
f 749/769/749 527/543/527 760/781/760
f 760/781/760 750/770/750 749/769/749
f 750/770/750 760/781/760 761/782/761
f 761/782/761 751/771/751 750/770/750
f 751/771/751 761/782/761 762/783/762
f 762/783/762 752/772/752 751/771/751
f 752/772/752 762/783/762 763/784/763
f 763/784/763 753/773/753 752/772/752
f 753/773/753 763/784/763 764/785/764
f 764/785/764 754/774/754 753/773/753
f 754/774/754 764/785/764 765/786/765
f 765/786/765 755/775/755 754/774/754
f 755/775/755 765/786/765 766/787/766
f 766/787/766 756/776/756 755/775/755
f 756/776/756 766/787/766 767/788/767
f 767/788/767 757/777/757 756/776/756
f 757/777/757 767/788/767 768/789/768
f 768/789/768 758/778/758 757/777/757
f 758/778/758 768/789/768 769/790/769
f 769/790/769 759/779/759 758/778/758
f 759/779/759 769/790/769 770/791/770
f 770/791/770 526/780/526 759/779/759
f 526/780/526 770/791/770 539/792/539
f 540/556/540 760/781/760 527/543/527
f 760/781/760 540/556/540 771/793/771
f 771/793/771 761/782/761 760/781/760
f 761/782/761 771/793/771 772/794/772
f 772/794/772 762/783/762 761/782/761
f 762/783/762 772/794/772 773/795/773
f 773/795/773 763/784/763 762/783/762
f 763/784/763 773/795/773 774/796/774
f 774/796/774 764/785/764 763/784/763
f 764/785/764 774/796/774 775/797/775
f 775/797/775 765/786/765 764/785/764
f 765/786/765 775/797/775 776/798/776
f 776/798/776 766/787/766 765/786/765
f 766/787/766 776/798/776 777/799/777
f 777/799/777 767/788/767 766/787/766
f 767/788/767 777/799/777 778/800/778
f 778/800/778 768/789/768 767/788/767
f 768/789/768 778/800/778 779/801/779
f 779/801/779 769/790/769 768/789/768
f 769/790/769 779/801/779 780/802/780
f 780/802/780 770/791/770 769/790/769
f 770/791/770 780/802/780 781/803/781
f 781/803/781 539/792/539 770/791/770
f 539/792/539 781/803/781 552/804/552
f 553/569/553 771/793/771 540/556/540
f 771/793/771 553/569/553 782/805/782
f 782/805/782 772/794/772 771/793/771
f 772/794/772 782/805/782 783/806/783
f 783/806/783 773/795/773 772/794/772
f 773/795/773 783/806/783 784/807/784
f 784/807/784 774/796/774 773/795/773
f 774/796/774 784/807/784 785/808/785
f 785/808/785 775/797/775 774/796/774
f 775/797/775 785/808/785 786/809/786
f 786/809/786 776/798/776 775/797/775
f 776/798/776 786/809/786 787/810/787
f 787/810/787 777/799/777 776/798/776
f 777/799/777 787/810/787 788/811/788
f 788/811/788 778/800/778 777/799/777
f 778/800/778 788/811/788 789/812/789
f 789/812/789 779/801/779 778/800/778
f 779/801/779 789/812/789 790/813/790
f 790/813/790 780/802/780 779/801/779
f 780/802/780 790/813/790 791/814/791
f 791/814/791 781/803/781 780/802/780
f 781/803/781 791/814/791 792/815/792
f 792/815/792 552/804/552 781/803/781
f 552/804/552 792/815/792 565/816/565
f 566/582/566 782/805/782 553/569/553
f 782/805/782 566/582/566 793/817/793
f 793/817/793 783/806/783 782/805/782
f 783/806/783 793/817/793 794/818/794
f 794/818/794 784/807/784 783/806/783
f 784/807/784 794/818/794 795/819/795
f 795/819/795 785/808/785 784/807/784
f 785/808/785 795/819/795 796/820/796
f 796/820/796 786/809/786 785/808/785
f 786/809/786 796/820/796 797/821/797
f 797/821/797 787/810/787 786/809/786
f 787/810/787 797/821/797 798/822/798
f 798/822/798 788/811/788 787/810/787
f 788/811/788 798/822/798 799/823/799
f 799/823/799 789/812/789 788/811/788
f 789/812/789 799/823/799 800/824/800
f 800/824/800 790/813/790 789/812/789
f 790/813/790 800/824/800 801/825/801
f 801/825/801 791/814/791 790/813/790
f 791/814/791 801/825/801 802/826/802
f 802/826/802 792/815/792 791/814/791
f 792/815/792 802/826/802 803/827/803
f 803/827/803 565/816/565 792/815/792
f 565/816/565 803/827/803 578/828/578
f 579/595/579 793/817/793 566/582/566
f 793/817/793 579/595/579 804/829/804
f 804/829/804 794/818/794 793/817/793
f 794/818/794 804/829/804 805/830/805
f 805/830/805 795/819/795 794/818/794
f 795/819/795 805/830/805 806/831/806
f 806/831/806 796/820/796 795/819/795
f 796/820/796 806/831/806 807/832/807
f 807/832/807 797/821/797 796/820/796
f 797/821/797 807/832/807 808/833/808
f 808/833/808 798/822/798 797/821/797
f 798/822/798 808/833/808 809/834/809
f 809/834/809 799/823/799 798/822/798
f 799/823/799 809/834/809 810/835/810
f 810/835/810 800/824/800 799/823/799
f 800/824/800 810/835/810 811/836/811
f 811/836/811 801/825/801 800/824/800
f 801/825/801 811/836/811 812/837/812
f 812/837/812 802/826/802 801/825/801
f 802/826/802 812/837/812 813/838/813
f 813/838/813 803/827/803 802/826/802
f 803/827/803 813/838/813 814/839/814
f 814/839/814 578/828/578 803/827/803
f 578/828/578 814/839/814 591/840/591
f 592/608/592 804/829/804 579/595/579
f 804/829/804 592/608/592 815/841/815
f 815/841/815 805/830/805 804/829/804
f 805/830/805 815/841/815 816/842/816
f 816/842/816 806/831/806 805/830/805
f 806/831/806 816/842/816 817/843/817
f 817/843/817 807/832/807 806/831/806
f 807/832/807 817/843/817 818/844/818
f 818/844/818 808/833/808 807/832/807
f 808/833/808 818/844/818 819/845/819
f 819/845/819 809/834/809 808/833/808
f 809/834/809 819/845/819 820/846/820
f 820/846/820 810/835/810 809/834/809
f 810/835/810 820/846/820 821/847/821
f 814/839/814 822/849/822 600/848/600
f 591/840/591 814/839/814 600/848/600
f 813/838/813 823/850/823 822/849/822
f 814/839/814 813/838/813 822/849/822
f 823/850/823 813/838/813 824/851/824
f 813/838/813 812/837/812 824/851/824
f 824/851/824 812/837/812 825/852/825
f 811/836/811 826/853/826 825/852/825
f 812/837/812 811/836/811 825/852/825
f 811/836/811 827/854/827 826/853/826
f 827/854/827 811/836/811 828/855/828
f 811/836/811 810/835/810 828/855/828
f 810/835/810 821/847/821 828/855/828
f 828/855/828 821/847/821 829/856/829
f 829/856/829 821/847/821 830/857/830
f 820/846/820 831/858/831 830/857/830
f 821/847/821 820/846/820 830/857/830
f 831/858/831 820/846/820 832/859/832
f 820/846/820 819/845/819 832/859/832
f 819/845/819 833/860/833 832/859/832
f 818/844/818 834/861/834 833/860/833
f 819/845/819 818/844/818 833/860/833
f 818/844/818 835/862/835 834/861/834
f 817/843/817 836/863/836 835/862/835
f 818/844/818 817/843/817 835/862/835
f 817/843/817 837/864/837 836/863/836
f 816/842/816 838/865/838 837/864/837
f 817/843/817 816/842/816 837/864/837
f 838/865/838 816/842/816 839/866/839
f 816/842/816 815/841/815 839/866/839
f 839/866/839 815/841/815 840/867/840
f 592/608/592 620/636/620 840/867/840
f 815/841/815 592/608/592 840/867/840
f 841/872/841 600/848/600 822/849/822
f 600/848/600 841/872/841 621/868/621
f 842/873/842 621/868/621 841/872/841
f 621/868/621 842/873/842 622/869/622
f 843/874/843 622/869/622 842/873/842
f 622/869/622 843/874/843 623/870/623
f 844/875/844 623/870/623 843/874/843
f 623/870/623 844/875/844 624/871/624
f 845/876/845 822/849/822 823/850/823
f 822/849/822 845/876/845 841/872/841
f 846/877/846 841/872/841 845/876/845
f 841/872/841 846/877/846 842/873/842
f 847/878/847 842/873/842 846/877/846
f 842/873/842 847/878/847 843/874/843
f 848/879/848 843/874/843 847/878/847
f 843/874/843 848/879/848 844/875/844
f 849/880/849 823/850/823 824/851/824
f 823/850/823 849/880/849 845/876/845
f 850/881/850 845/876/845 849/880/849
f 845/876/845 850/881/850 846/877/846
f 851/882/851 846/877/846 850/881/850
f 846/877/846 851/882/851 847/878/847
f 852/883/852 847/878/847 851/882/851
f 847/878/847 852/883/852 848/879/848
f 853/884/853 824/851/824 825/852/825
f 824/851/824 853/884/853 849/880/849
f 854/885/854 849/880/849 853/884/853
f 849/880/849 854/885/854 850/881/850
f 855/886/855 850/881/850 854/885/854
f 850/881/850 855/886/855 851/882/851
f 856/887/856 851/882/851 855/886/855
f 851/882/851 856/887/856 852/883/852
f 857/888/857 825/852/825 826/853/826
f 825/852/825 857/888/857 853/884/853
f 858/889/858 853/884/853 857/888/857
f 853/884/853 858/889/858 854/885/854
f 859/890/859 854/885/854 858/889/858
f 854/885/854 859/890/859 855/886/855
f 860/891/860 855/886/855 859/890/859
f 855/886/855 860/891/860 856/887/856
f 861/892/861 826/853/826 827/854/827
f 826/853/826 861/892/861 857/888/857
f 862/893/862 857/888/857 861/892/861
f 857/888/857 862/893/862 858/889/858
f 863/894/863 858/889/858 862/893/862
f 858/889/858 863/894/863 859/890/859
f 864/895/864 859/890/859 863/894/863
f 859/890/859 864/895/864 860/891/860
f 865/896/865 827/854/827 828/855/828
f 827/854/827 865/896/865 861/892/861
f 866/897/866 861/892/861 865/896/865
f 861/892/861 866/897/866 862/893/862
f 867/898/867 862/893/862 866/897/866
f 862/893/862 867/898/867 863/894/863
f 868/899/868 863/894/863 867/898/867
f 863/894/863 868/899/868 864/895/864
f 869/900/869 828/855/828 829/856/829
f 828/855/828 869/900/869 865/896/865
f 870/901/870 865/896/865 869/900/869
f 865/896/865 870/901/870 866/897/866
f 871/902/871 866/897/866 870/901/870
f 866/897/866 871/902/871 867/898/867
f 872/903/872 867/898/867 871/902/871
f 867/898/867 872/903/872 868/899/868
f 873/904/873 829/856/829 830/857/830
f 829/856/829 873/904/873 869/900/869
f 874/905/874 869/900/869 873/904/873
f 869/900/869 874/905/874 870/901/870
f 875/906/875 870/901/870 874/905/874
f 870/901/870 875/906/875 871/902/871
f 876/907/876 871/902/871 875/906/875
f 871/902/871 876/907/876 872/903/872
f 877/908/877 830/857/830 831/858/831
f 830/857/830 877/908/877 873/904/873
f 878/909/878 873/904/873 877/908/877
f 873/904/873 878/909/878 874/905/874
f 879/910/879 874/905/874 878/909/878
f 874/905/874 879/910/879 875/906/875
f 880/911/880 875/906/875 879/910/879
f 875/906/875 880/911/880 876/907/876
f 881/912/881 831/858/831 832/859/832
f 831/858/831 881/912/881 877/908/877
f 882/913/882 877/908/877 881/912/881
f 877/908/877 882/913/882 878/909/878
f 883/914/883 878/909/878 882/913/882
f 878/909/878 883/914/883 879/910/879
f 884/915/884 879/910/879 883/914/883
f 879/910/879 884/915/884 880/911/880
f 885/916/885 832/859/832 833/860/833
f 832/859/832 885/916/885 881/912/881
f 886/917/886 881/912/881 885/916/885
f 881/912/881 886/917/886 882/913/882
f 887/918/887 882/913/882 886/917/886
f 882/913/882 887/918/887 883/914/883
f 888/919/888 883/914/883 887/918/887
f 883/914/883 888/919/888 884/915/884
f 889/920/889 833/860/833 834/861/834
f 833/860/833 889/920/889 885/916/885
f 890/921/890 885/916/885 889/920/889
f 885/916/885 890/921/890 886/917/886
f 891/922/891 886/917/886 890/921/890
f 886/917/886 891/922/891 887/918/887
f 892/923/892 887/918/887 891/922/891
f 887/918/887 892/923/892 888/919/888
f 893/924/893 834/861/834 835/862/835
f 834/861/834 893/924/893 889/920/889
f 894/925/894 889/920/889 893/924/893
f 889/920/889 894/925/894 890/921/890
f 895/926/895 890/921/890 894/925/894
f 890/921/890 895/926/895 891/922/891
f 896/927/896 891/922/891 895/926/895
f 891/922/891 896/927/896 892/923/892
f 897/928/897 835/862/835 836/863/836
f 835/862/835 897/928/897 893/924/893
f 898/929/898 893/924/893 897/928/897
f 893/924/893 898/929/898 894/925/894
f 899/930/899 894/925/894 898/929/898
f 894/925/894 899/930/899 895/926/895
f 900/931/900 895/926/895 899/930/899
f 895/926/895 900/931/900 896/927/896
f 901/932/901 836/863/836 837/864/837
f 836/863/836 901/932/901 897/928/897
f 902/933/902 897/928/897 901/932/901
f 897/928/897 902/933/902 898/929/898
f 903/934/903 898/929/898 902/933/902
f 898/929/898 903/934/903 899/930/899
f 904/935/904 899/930/899 903/934/903
f 899/930/899 904/935/904 900/931/900
f 905/936/905 837/864/837 838/865/838
f 837/864/837 905/936/905 901/932/901
f 906/937/906 901/932/901 905/936/905
f 901/932/901 906/937/906 902/933/902
f 907/938/907 902/933/902 906/937/906
f 902/933/902 907/938/907 903/934/903
f 908/939/908 903/934/903 907/938/907
f 903/934/903 908/939/908 904/935/904
f 909/940/909 838/865/838 839/866/839
f 838/865/838 909/940/909 905/936/905
f 910/941/910 905/936/905 909/940/909
f 905/936/905 910/941/910 906/937/906
f 911/942/911 906/937/906 910/941/910
f 906/937/906 911/942/911 907/938/907
f 912/943/912 907/938/907 911/942/911
f 907/938/907 912/943/912 908/939/908
f 913/944/913 839/866/839 840/867/840
f 839/866/839 913/944/913 909/940/909
f 914/945/914 909/940/909 913/944/913
f 909/940/909 914/945/914 910/941/910
f 915/946/915 910/941/910 914/945/914
f 910/941/910 915/946/915 911/942/911
f 916/947/916 911/942/911 915/946/915
f 911/942/911 916/947/916 912/943/912
f 701/717/701 840/867/840 620/636/620
f 840/867/840 701/717/701 913/944/913
f 702/718/702 913/944/913 701/717/701
f 913/944/913 702/718/702 914/945/914
f 703/719/703 914/945/914 702/718/702
f 914/945/914 703/719/703 915/946/915
f 704/720/704 915/946/915 703/719/703
f 915/946/915 704/720/704 916/947/916
f 918/949/918 930/961/930 917/948/917
f 930/961/930 918/949/918 931/962/931
f 919/950/919 931/962/931 918/949/918
f 931/962/931 919/950/919 932/963/932
f 920/951/920 932/963/932 919/950/919
f 932/963/932 920/951/920 933/964/933
f 921/952/921 933/964/933 920/951/920
f 933/964/933 921/952/921 934/965/934
f 922/953/922 934/965/934 921/952/921
f 934/965/934 922/953/922 935/966/935
f 923/954/923 935/966/935 922/953/922
f 935/966/935 923/954/923 936/967/936
f 924/955/924 936/967/936 923/954/923
f 936/967/936 924/955/924 937/968/937
f 925/956/925 937/968/937 924/955/924
f 937/968/937 925/956/925 938/969/938
f 926/957/926 938/969/938 925/956/925
f 938/969/938 926/957/926 939/970/939
f 927/958/927 939/970/939 926/957/926
f 939/970/939 927/958/927 940/971/940
f 928/959/928 940/971/940 927/958/927
f 940/971/940 928/959/928 941/972/941
f 929/960/929 941/972/941 928/959/928
f 941/972/941 929/960/929 942/973/942
f 931/962/931 943/974/943 930/961/930
f 943/974/943 931/962/931 944/975/944
f 932/963/932 944/975/944 931/962/931
f 944/975/944 932/963/932 945/976/945
f 933/964/933 945/976/945 932/963/932
f 945/976/945 933/964/933 946/977/946
f 934/965/934 946/977/946 933/964/933
f 946/977/946 934/965/934 947/978/947
f 935/966/935 947/978/947 934/965/934
f 947/978/947 935/966/935 948/979/948
f 936/967/936 948/979/948 935/966/935
f 948/979/948 936/967/936 949/980/949
f 937/968/937 949/980/949 936/967/936
f 949/980/949 937/968/937 950/981/950
f 938/969/938 950/981/950 937/968/937
f 950/981/950 938/969/938 951/982/951
f 939/970/939 951/982/951 938/969/938
f 951/982/951 939/970/939 952/983/952
f 940/971/940 952/983/952 939/970/939
f 952/983/952 940/971/940 953/984/953
f 941/972/941 953/984/953 940/971/940
f 953/984/953 941/972/941 954/985/954
f 942/973/942 954/985/954 941/972/941
f 954/985/954 942/973/942 955/986/955
f 944/975/944 956/987/956 943/974/943
f 956/987/956 944/975/944 957/988/957
f 945/976/945 957/988/957 944/975/944
f 957/988/957 945/976/945 958/989/958
f 946/977/946 958/989/958 945/976/945
f 958/989/958 946/977/946 959/990/959
f 947/978/947 959/990/959 946/977/946
f 959/990/959 947/978/947 960/991/960
f 948/979/948 960/991/960 947/978/947
f 960/991/960 948/979/948 961/992/961
f 949/980/949 961/992/961 948/979/948
f 961/992/961 949/980/949 962/993/962
f 950/981/950 962/993/962 949/980/949
f 962/993/962 950/981/950 963/994/963
f 951/982/951 963/994/963 950/981/950
f 963/994/963 951/982/951 964/995/964
f 952/983/952 964/995/964 951/982/951
f 964/995/964 952/983/952 965/996/965
f 953/984/953 965/996/965 952/983/952
f 965/996/965 953/984/953 966/997/966
f 954/985/954 966/997/966 953/984/953
f 966/997/966 954/985/954 967/998/967
f 955/986/955 967/998/967 954/985/954
f 967/998/967 955/986/955 968/999/968
f 957/988/957 969/1000/969 956/987/956
f 969/1000/969 957/988/957 970/1001/970
f 958/989/958 970/1001/970 957/988/957
f 970/1001/970 958/989/958 971/1002/971
f 959/990/959 971/1002/971 958/989/958
f 971/1002/971 959/990/959 972/1003/972
f 960/991/960 972/1003/972 959/990/959
f 972/1003/972 960/991/960 973/1004/973
f 961/992/961 973/1004/973 960/991/960
f 973/1004/973 961/992/961 974/1005/974
f 962/993/962 974/1005/974 961/992/961
f 974/1005/974 962/993/962 975/1006/975
f 963/994/963 975/1006/975 962/993/962
f 975/1006/975 963/994/963 976/1007/976
f 964/995/964 976/1007/976 963/994/963
f 976/1007/976 964/995/964 977/1008/977
f 965/996/965 977/1008/977 964/995/964
f 977/1008/977 965/996/965 978/1009/978
f 966/997/966 978/1009/978 965/996/965
f 978/1009/978 966/997/966 979/1010/979
f 967/998/967 979/1010/979 966/997/966
f 979/1010/979 967/998/967 980/1011/980
f 968/999/968 980/1011/980 967/998/967
f 980/1011/980 968/999/968 981/1012/981
f 970/1001/970 982/1013/982 969/1000/969
f 982/1013/982 970/1001/970 983/1014/983
f 971/1002/971 983/1014/983 970/1001/970
f 983/1014/983 971/1002/971 984/1015/984
f 972/1003/972 984/1015/984 971/1002/971
f 984/1015/984 972/1003/972 985/1016/985
f 973/1004/973 985/1016/985 972/1003/972
f 985/1016/985 973/1004/973 986/1017/986
f 974/1005/974 986/1017/986 973/1004/973
f 986/1017/986 974/1005/974 987/1018/987
f 975/1006/975 987/1018/987 974/1005/974
f 987/1018/987 975/1006/975 988/1019/988
f 976/1007/976 988/1019/988 975/1006/975
f 988/1019/988 976/1007/976 989/1020/989
f 977/1008/977 989/1020/989 976/1007/976
f 989/1020/989 977/1008/977 990/1021/990
f 978/1009/978 990/1021/990 977/1008/977
f 990/1021/990 978/1009/978 991/1022/991
f 979/1010/979 991/1022/991 978/1009/978
f 991/1022/991 979/1010/979 992/1023/992
f 980/1011/980 992/1023/992 979/1010/979
f 992/1023/992 980/1011/980 993/1024/993
f 981/1012/981 993/1024/993 980/1011/980
f 993/1024/993 981/1012/981 994/1025/994
f 983/1014/983 995/1026/995 982/1013/982
f 995/1026/995 983/1014/983 996/1027/996
f 984/1015/984 996/1027/996 983/1014/983
f 996/1027/996 984/1015/984 997/1028/997
f 985/1016/985 997/1028/997 984/1015/984
f 997/1028/997 985/1016/985 998/1029/998
f 986/1017/986 998/1029/998 985/1016/985
f 998/1029/998 986/1017/986 999/1030/999
f 987/1018/987 999/1030/999 986/1017/986
f 999/1030/999 987/1018/987 1000/1031/1000
f 988/1019/988 1000/1031/1000 987/1018/987
f 1000/1031/1000 988/1019/988 1001/1032/1001
f 989/1020/989 1001/1032/1001 988/1019/988
f 1001/1032/1001 989/1020/989 1002/1033/1002
f 990/1021/990 1002/1033/1002 989/1020/989
f 1002/1033/1002 990/1021/990 1003/1034/1003
f 991/1022/991 1003/1034/1003 990/1021/990
f 1003/1034/1003 991/1022/991 1004/1035/1004
f 992/1023/992 1004/1035/1004 991/1022/991
f 1004/1035/1004 992/1023/992 1005/1036/1005
f 993/1024/993 1005/1036/1005 992/1023/992
f 1005/1036/1005 993/1024/993 1006/1037/1006
f 994/1025/994 1006/1037/1006 993/1024/993
f 1006/1037/1006 994/1025/994 1007/1038/1007
f 996/1027/996 1008/1039/1008 995/1026/995
f 1008/1039/1008 996/1027/996 1009/1040/1009
f 997/1028/997 1009/1040/1009 996/1027/996
f 1009/1040/1009 997/1028/997 1010/1041/1010
f 998/1029/998 1010/1041/1010 997/1028/997
f 1010/1041/1010 998/1029/998 1011/1042/1011
f 999/1030/999 1011/1042/1011 998/1029/998
f 1011/1042/1011 999/1030/999 1012/1043/1012
f 1000/1031/1000 1012/1043/1012 999/1030/999
f 1012/1043/1012 1000/1031/1000 1013/1044/1013
f 1001/1032/1001 1013/1044/1013 1000/1031/1000
f 1013/1044/1013 1001/1032/1001 1014/1045/1014
f 1002/1033/1002 1014/1045/1014 1001/1032/1001
f 1014/1045/1014 1002/1033/1002 1015/1046/1015
f 1003/1034/1003 1015/1046/1015 1002/1033/1002
f 1015/1046/1015 1003/1034/1003 1016/1047/1016
f 1004/1035/1004 1016/1047/1016 1003/1034/1003
f 1016/1047/1016 1004/1035/1004 1017/1048/1017
f 1005/1036/1005 1017/1048/1017 1004/1035/1004
f 1017/1048/1017 1005/1036/1005 1018/1049/1018
f 1006/1037/1006 1018/1049/1018 1005/1036/1005
f 1018/1049/1018 1006/1037/1006 1019/1050/1019
f 1007/1038/1007 1019/1050/1019 1006/1037/1006
f 1019/1050/1019 1007/1038/1007 1020/1051/1020
f 1009/1040/1009 1021/1052/1021 1008/1039/1008
f 1021/1052/1021 1009/1040/1009 1022/1053/1022
f 1010/1041/1010 1022/1053/1022 1009/1040/1009
f 1022/1053/1022 1010/1041/1010 1023/1054/1023
f 1011/1042/1011 1023/1054/1023 1010/1041/1010
f 1023/1054/1023 1011/1042/1011 1024/1055/1024
f 1012/1043/1012 1024/1055/1024 1011/1042/1011
f 1024/1055/1024 1012/1043/1012 1025/1056/1025
f 1013/1044/1013 1025/1056/1025 1012/1043/1012
f 1025/1056/1025 1013/1044/1013 1026/1057/1026
f 1014/1045/1014 1026/1057/1026 1013/1044/1013
f 1026/1057/1026 1014/1045/1014 1027/1058/1027
f 1015/1046/1015 1027/1058/1027 1014/1045/1014
f 1027/1058/1027 1015/1046/1015 1028/1059/1028
f 1016/1047/1016 1028/1059/1028 1015/1046/1015
f 1028/1059/1028 1016/1047/1016 1029/1060/1029
f 1017/1048/1017 1029/1060/1029 1016/1047/1016
f 1029/1060/1029 1017/1048/1017 1030/1061/1030
f 1018/1049/1018 1030/1061/1030 1017/1048/1017
f 1030/1061/1030 1018/1049/1018 1031/1062/1031
f 1019/1050/1019 1031/1062/1031 1018/1049/1018
f 1031/1062/1031 1019/1050/1019 1032/1063/1032
f 1020/1051/1020 1032/1063/1032 1019/1050/1019
f 1032/1063/1032 1020/1051/1020 1033/1064/1033
f 1022/1053/1022 1034/1065/1034 1021/1052/1021
f 1034/1065/1034 1022/1053/1022 1035/1066/1035
f 1023/1054/1023 1035/1066/1035 1022/1053/1022
f 1035/1066/1035 1023/1054/1023 1036/1067/1036
f 1024/1055/1024 1036/1067/1036 1023/1054/1023
f 1036/1067/1036 1024/1055/1024 1037/1068/1037
f 1025/1056/1025 1037/1068/1037 1024/1055/1024
f 1037/1068/1037 1025/1056/1025 1038/1069/1038
f 1026/1057/1026 1038/1069/1038 1025/1056/1025
f 1038/1069/1038 1026/1057/1026 1039/1070/1039
f 1027/1058/1027 1039/1070/1039 1026/1057/1026
f 1039/1070/1039 1027/1058/1027 1040/1071/1040
f 1028/1059/1028 1040/1071/1040 1027/1058/1027
f 1040/1071/1040 1028/1059/1028 1041/1072/1041
f 1029/1060/1029 1041/1072/1041 1028/1059/1028
f 1041/1072/1041 1029/1060/1029 1042/1073/1042
f 1030/1061/1030 1042/1073/1042 1029/1060/1029
f 1042/1073/1042 1030/1061/1030 1043/1074/1043
f 1031/1062/1031 1043/1074/1043 1030/1061/1030
f 1043/1074/1043 1031/1062/1031 1044/1075/1044
f 1032/1063/1032 1044/1075/1044 1031/1062/1031
f 1044/1075/1044 1032/1063/1032 1045/1076/1045
f 1033/1064/1033 1045/1076/1045 1032/1063/1032
f 1045/1076/1045 1033/1064/1033 1046/1077/1046
f 1035/1066/1035 1047/1078/1047 1034/1065/1034
f 1047/1078/1047 1035/1066/1035 1048/1079/1048
f 1036/1067/1036 1048/1079/1048 1035/1066/1035
f 1048/1079/1048 1036/1067/1036 1049/1080/1049
f 1037/1068/1037 1049/1080/1049 1036/1067/1036
f 1049/1080/1049 1037/1068/1037 1050/1081/1050
f 1038/1069/1038 1050/1081/1050 1037/1068/1037
f 1050/1081/1050 1038/1069/1038 1051/1082/1051
f 1039/1070/1039 1051/1082/1051 1038/1069/1038
f 1051/1082/1051 1039/1070/1039 1052/1083/1052
f 1040/1071/1040 1052/1083/1052 1039/1070/1039
f 1052/1083/1052 1040/1071/1040 1053/1084/1053
f 1041/1072/1041 1053/1084/1053 1040/1071/1040
f 1053/1084/1053 1041/1072/1041 1054/1085/1054
f 1042/1073/1042 1054/1085/1054 1041/1072/1041
f 1054/1085/1054 1042/1073/1042 1055/1086/1055
f 1043/1074/1043 1055/1086/1055 1042/1073/1042
f 1055/1086/1055 1043/1074/1043 1056/1087/1056
f 1044/1075/1044 1056/1087/1056 1043/1074/1043
f 1056/1087/1056 1044/1075/1044 1057/1088/1057
f 1045/1076/1045 1057/1088/1057 1044/1075/1044
f 1057/1088/1057 1045/1076/1045 1058/1089/1058
f 1046/1077/1046 1058/1089/1058 1045/1076/1045
f 1058/1089/1058 1046/1077/1046 1059/1090/1059
f 1048/1079/1048 1060/1091/1060 1047/1078/1047
f 1060/1091/1060 1048/1079/1048 1061/1092/1061
f 1049/1080/1049 1061/1092/1061 1048/1079/1048
f 1061/1092/1061 1049/1080/1049 1062/1093/1062
f 1050/1081/1050 1062/1093/1062 1049/1080/1049
f 1062/1093/1062 1050/1081/1050 1063/1094/1063
f 1051/1082/1051 1063/1094/1063 1050/1081/1050
f 1063/1094/1063 1051/1082/1051 1064/1095/1064
f 1052/1083/1052 1064/1095/1064 1051/1082/1051
f 1064/1095/1064 1052/1083/1052 1065/1096/1065
f 1053/1084/1053 1065/1096/1065 1052/1083/1052
f 1065/1096/1065 1053/1084/1053 1066/1097/1066
f 1054/1085/1054 1066/1097/1066 1053/1084/1053
f 1066/1097/1066 1054/1085/1054 1067/1098/1067
f 1055/1086/1055 1067/1098/1067 1054/1085/1054
f 1067/1098/1067 1055/1086/1055 1068/1099/1068
f 1056/1087/1056 1068/1099/1068 1055/1086/1055
f 1068/1099/1068 1056/1087/1056 1069/1100/1069
f 1057/1088/1057 1069/1100/1069 1056/1087/1056
f 1069/1100/1069 1057/1088/1057 1070/1101/1070
f 1058/1089/1058 1070/1101/1070 1057/1088/1057
f 1070/1101/1070 1058/1089/1058 1071/1102/1071
f 1059/1090/1059 1071/1102/1071 1058/1089/1058
f 1071/1102/1071 1059/1090/1059 1072/1103/1072
f 1061/1092/1061 1073/1104/1073 1060/1091/1060
f 1073/1104/1073 1061/1092/1061 1074/1105/1074
f 1062/1093/1062 1074/1105/1074 1061/1092/1061
f 1074/1105/1074 1062/1093/1062 1075/1106/1075
f 1063/1094/1063 1075/1106/1075 1062/1093/1062
f 1075/1106/1075 1063/1094/1063 1076/1107/1076
f 1064/1095/1064 1076/1107/1076 1063/1094/1063
f 1076/1107/1076 1064/1095/1064 1077/1108/1077
f 1065/1096/1065 1077/1108/1077 1064/1095/1064
f 1077/1108/1077 1065/1096/1065 1078/1109/1078
f 1066/1097/1066 1078/1109/1078 1065/1096/1065
f 1078/1109/1078 1066/1097/1066 1079/1110/1079
f 1067/1098/1067 1079/1110/1079 1066/1097/1066
f 1079/1110/1079 1067/1098/1067 1080/1111/1080
f 1068/1099/1068 1080/1111/1080 1067/1098/1067
f 1080/1111/1080 1068/1099/1068 1081/1112/1081
f 1069/1100/1069 1081/1112/1081 1068/1099/1068
f 1081/1112/1081 1069/1100/1069 1082/1113/1082
f 1070/1101/1070 1082/1113/1082 1069/1100/1069
f 1082/1113/1082 1070/1101/1070 1083/1114/1083
f 1071/1102/1071 1083/1114/1083 1070/1101/1070
f 1083/1114/1083 1071/1102/1071 1084/1115/1084
f 1072/1103/1072 1084/1115/1084 1071/1102/1071
f 1084/1115/1084 1072/1103/1072 1085/1116/1085
f 930/1129/930 1086/1118/1086 917/1117/917
f 1086/1118/1086 930/1129/930 1097/1130/1097
f 1097/1130/1097 1087/1119/1087 1086/1118/1086
f 1087/1119/1087 1097/1130/1097 1098/1131/1098
f 1098/1131/1098 1088/1120/1088 1087/1119/1087
f 1088/1120/1088 1098/1131/1098 1099/1132/1099
f 1099/1132/1099 1089/1121/1089 1088/1120/1088
f 1089/1121/1089 1099/1132/1099 1100/1133/1100
f 1100/1133/1100 1090/1122/1090 1089/1121/1089
f 1090/1122/1090 1100/1133/1100 1101/1134/1101
f 1101/1134/1101 1091/1123/1091 1090/1122/1090
f 1091/1123/1091 1101/1134/1101 1102/1135/1102
f 1102/1135/1102 1092/1124/1092 1091/1123/1091
f 1092/1124/1092 1102/1135/1102 1103/1136/1103
f 1103/1136/1103 1093/1125/1093 1092/1124/1092
f 1093/1125/1093 1103/1136/1103 1104/1137/1104
f 1104/1137/1104 1094/1126/1094 1093/1125/1093
f 1094/1126/1094 1104/1137/1104 1105/1138/1105
f 1105/1138/1105 1095/1127/1095 1094/1126/1094
f 1095/1127/1095 1105/1138/1105 1106/1139/1106
f 1106/1139/1106 1096/1128/1096 1095/1127/1095
f 1096/1128/1096 1106/1139/1106 1107/1140/1107
f 1107/1140/1107 929/960/929 1096/1128/1096
f 929/960/929 1107/1140/1107 942/973/942
f 943/1141/943 1097/1130/1097 930/1129/930
f 1097/1130/1097 943/1141/943 1108/1142/1108
f 1108/1142/1108 1098/1131/1098 1097/1130/1097
f 1098/1131/1098 1108/1142/1108 1109/1143/1109
f 1109/1143/1109 1099/1132/1099 1098/1131/1098
f 1099/1132/1099 1109/1143/1109 1110/1144/1110
f 1110/1144/1110 1100/1133/1100 1099/1132/1099
f 1100/1133/1100 1110/1144/1110 1111/1145/1111
f 1111/1145/1111 1101/1134/1101 1100/1133/1100
f 1101/1134/1101 1111/1145/1111 1112/1146/1112
f 1112/1146/1112 1102/1135/1102 1101/1134/1101
f 1102/1135/1102 1112/1146/1112 1113/1147/1113
f 1113/1147/1113 1103/1136/1103 1102/1135/1102
f 1103/1136/1103 1113/1147/1113 1114/1148/1114
f 1114/1148/1114 1104/1137/1104 1103/1136/1103
f 1104/1137/1104 1114/1148/1114 1115/1149/1115
f 1115/1149/1115 1105/1138/1105 1104/1137/1104
f 1105/1138/1105 1115/1149/1115 1116/1150/1116
f 1116/1150/1116 1106/1139/1106 1105/1138/1105
f 1106/1139/1106 1116/1150/1116 1117/1151/1117
f 1117/1151/1117 1107/1140/1107 1106/1139/1106
f 1107/1140/1107 1117/1151/1117 1118/1152/1118
f 1118/1152/1118 942/973/942 1107/1140/1107
f 942/973/942 1118/1152/1118 955/986/955
f 956/1153/956 1108/1142/1108 943/1141/943
f 1108/1142/1108 956/1153/956 1119/1154/1119
f 1119/1154/1119 1109/1143/1109 1108/1142/1108
f 1109/1143/1109 1119/1154/1119 1120/1155/1120
f 1120/1155/1120 1110/1144/1110 1109/1143/1109
f 1110/1144/1110 1120/1155/1120 1121/1156/1121
f 1121/1156/1121 1111/1145/1111 1110/1144/1110
f 1111/1145/1111 1121/1156/1121 1122/1157/1122
f 1122/1157/1122 1112/1146/1112 1111/1145/1111
f 1112/1146/1112 1122/1157/1122 1123/1158/1123
f 1123/1158/1123 1113/1147/1113 1112/1146/1112
f 1113/1147/1113 1123/1158/1123 1124/1159/1124
f 1124/1159/1124 1114/1148/1114 1113/1147/1113
f 1114/1148/1114 1124/1159/1124 1125/1160/1125
f 1125/1160/1125 1115/1149/1115 1114/1148/1114
f 1115/1149/1115 1125/1160/1125 1126/1161/1126
f 1126/1161/1126 1116/1150/1116 1115/1149/1115
f 1116/1150/1116 1126/1161/1126 1127/1162/1127
f 1127/1162/1127 1117/1151/1117 1116/1150/1116
f 1117/1151/1117 1127/1162/1127 1128/1163/1128
f 1128/1163/1128 1118/1152/1118 1117/1151/1117
f 1118/1152/1118 1128/1163/1128 1129/1164/1129
f 1129/1164/1129 955/986/955 1118/1152/1118
f 955/986/955 1129/1164/1129 968/999/968
f 969/1165/969 1119/1154/1119 956/1153/956
f 1119/1154/1119 969/1165/969 1130/1166/1130
f 1130/1166/1130 1120/1155/1120 1119/1154/1119
f 1120/1155/1120 1130/1166/1130 1131/1167/1131
f 1131/1167/1131 1121/1156/1121 1120/1155/1120
f 1121/1156/1121 1131/1167/1131 1132/1168/1132
f 1132/1168/1132 1122/1157/1122 1121/1156/1121
f 1122/1157/1122 1132/1168/1132 1133/1169/1133
f 1133/1169/1133 1123/1158/1123 1122/1157/1122
f 1123/1158/1123 1133/1169/1133 1134/1170/1134
f 1134/1170/1134 1124/1159/1124 1123/1158/1123
f 1124/1159/1124 1134/1170/1134 1135/1171/1135
f 1135/1171/1135 1125/1160/1125 1124/1159/1124
f 1125/1160/1125 1135/1171/1135 1136/1172/1136
f 1136/1172/1136 1126/1161/1126 1125/1160/1125
f 1126/1161/1126 1136/1172/1136 1137/1173/1137
f 1137/1173/1137 1127/1162/1127 1126/1161/1126
f 1127/1162/1127 1137/1173/1137 1138/1174/1138
f 1138/1174/1138 1128/1163/1128 1127/1162/1127
f 1128/1163/1128 1138/1174/1138 1139/1175/1139
f 1139/1175/1139 1129/1164/1129 1128/1163/1128
f 1129/1164/1129 1139/1175/1139 1140/1176/1140
f 1140/1176/1140 968/999/968 1129/1164/1129
f 968/999/968 1140/1176/1140 981/1012/981
f 982/1177/982 1130/1166/1130 969/1165/969
f 1130/1166/1130 982/1177/982 1141/1178/1141
f 1141/1178/1141 1131/1167/1131 1130/1166/1130
f 1131/1167/1131 1141/1178/1141 1142/1179/1142
f 1142/1179/1142 1132/1168/1132 1131/1167/1131
f 1132/1168/1132 1142/1179/1142 1143/1180/1143
f 1143/1180/1143 1133/1169/1133 1132/1168/1132
f 1133/1169/1133 1143/1180/1143 1144/1181/1144
f 1144/1181/1144 1134/1170/1134 1133/1169/1133
f 1134/1170/1134 1144/1181/1144 1145/1182/1145
f 1145/1182/1145 1135/1171/1135 1134/1170/1134
f 1135/1171/1135 1145/1182/1145 1146/1183/1146
f 1146/1183/1146 1136/1172/1136 1135/1171/1135
f 1136/1172/1136 1146/1183/1146 1147/1184/1147
f 1147/1184/1147 1137/1173/1137 1136/1172/1136
f 1137/1173/1137 1147/1184/1147 1148/1185/1148
f 1148/1185/1148 1138/1174/1138 1137/1173/1137
f 1138/1174/1138 1148/1185/1148 1149/1186/1149
f 1149/1186/1149 1139/1175/1139 1138/1174/1138
f 1139/1175/1139 1149/1186/1149 1150/1187/1150
f 1150/1187/1150 1140/1176/1140 1139/1175/1139
f 1140/1176/1140 1150/1187/1150 1151/1188/1151
f 1151/1188/1151 981/1012/981 1140/1176/1140
f 981/1012/981 1151/1188/1151 994/1025/994
f 995/1189/995 1141/1178/1141 982/1177/982
f 1141/1178/1141 995/1189/995 1152/1190/1152
f 1152/1190/1152 1142/1179/1142 1141/1178/1141
f 1142/1179/1142 1152/1190/1152 1153/1191/1153
f 1153/1191/1153 1143/1180/1143 1142/1179/1142
f 1143/1180/1143 1153/1191/1153 1154/1192/1154
f 1154/1192/1154 1144/1181/1144 1143/1180/1143
f 1144/1181/1144 1154/1192/1154 1155/1193/1155
f 1155/1193/1155 1145/1182/1145 1144/1181/1144
f 1145/1182/1145 1155/1193/1155 1156/1194/1156
f 1156/1194/1156 1146/1183/1146 1145/1182/1145
f 1146/1183/1146 1156/1194/1156 1157/1195/1157
f 1157/1195/1157 1147/1184/1147 1146/1183/1146
f 1147/1184/1147 1157/1195/1157 1158/1196/1158
f 1158/1196/1158 1148/1185/1148 1147/1184/1147
f 1148/1185/1148 1158/1196/1158 1159/1197/1159
f 1159/1197/1159 1149/1186/1149 1148/1185/1148
f 1149/1186/1149 1159/1197/1159 1160/1198/1160
f 1160/1198/1160 1150/1187/1150 1149/1186/1149
f 1150/1187/1150 1160/1198/1160 1161/1199/1161
f 1161/1199/1161 1151/1188/1151 1150/1187/1150
f 1151/1188/1151 1161/1199/1161 1162/1200/1162
f 1162/1200/1162 994/1025/994 1151/1188/1151
f 994/1025/994 1162/1200/1162 1007/1038/1007
f 1008/1201/1008 1152/1190/1152 995/1189/995
f 1152/1190/1152 1008/1201/1008 1163/1202/1163
f 1163/1202/1163 1153/1191/1153 1152/1190/1152
f 1153/1191/1153 1163/1202/1163 1164/1203/1164
f 1164/1203/1164 1154/1192/1154 1153/1191/1153
f 1154/1192/1154 1164/1203/1164 1165/1204/1165
f 1165/1204/1165 1155/1193/1155 1154/1192/1154
f 1155/1193/1155 1165/1204/1165 1166/1205/1166
f 1166/1205/1166 1156/1194/1156 1155/1193/1155
f 1156/1194/1156 1166/1205/1166 1167/1206/1167
f 1167/1206/1167 1157/1195/1157 1156/1194/1156
f 1157/1195/1157 1167/1206/1167 1168/1207/1168
f 1168/1207/1168 1158/1196/1158 1157/1195/1157
f 1158/1196/1158 1168/1207/1168 1169/1208/1169
f 1169/1208/1169 1159/1197/1159 1158/1196/1158
f 1159/1197/1159 1169/1208/1169 1170/1209/1170
f 1170/1209/1170 1160/1198/1160 1159/1197/1159
f 1160/1198/1160 1170/1209/1170 1171/1210/1171
f 1171/1210/1171 1161/1199/1161 1160/1198/1160
f 1161/1199/1161 1171/1210/1171 1172/1211/1172
f 1172/1211/1172 1162/1200/1162 1161/1199/1161
f 1162/1200/1162 1172/1211/1172 1173/1212/1173
f 1173/1212/1173 1007/1038/1007 1162/1200/1162
f 1007/1038/1007 1173/1212/1173 1020/1051/1020
f 1021/1213/1021 1163/1202/1163 1008/1201/1008
f 1163/1202/1163 1021/1213/1021 1174/1214/1174
f 1174/1214/1174 1164/1203/1164 1163/1202/1163
f 1164/1203/1164 1174/1214/1174 1175/1215/1175
f 1175/1215/1175 1165/1204/1165 1164/1203/1164
f 1165/1204/1165 1175/1215/1175 1176/1216/1176
f 1176/1216/1176 1166/1205/1166 1165/1204/1165
f 1166/1205/1166 1176/1216/1176 1177/1217/1177
f 1177/1217/1177 1167/1206/1167 1166/1205/1166
f 1167/1206/1167 1177/1217/1177 1178/1218/1178
f 1178/1218/1178 1168/1207/1168 1167/1206/1167
f 1168/1207/1168 1178/1218/1178 1179/1219/1179
f 1179/1219/1179 1169/1208/1169 1168/1207/1168
f 1169/1208/1169 1179/1219/1179 1180/1220/1180
f 1180/1220/1180 1170/1209/1170 1169/1208/1169
f 1170/1209/1170 1180/1220/1180 1181/1221/1181
f 1181/1221/1181 1171/1210/1171 1170/1209/1170
f 1171/1210/1171 1181/1221/1181 1182/1222/1182
f 1182/1222/1182 1172/1211/1172 1171/1210/1171
f 1172/1211/1172 1182/1222/1182 1183/1223/1183
f 1183/1223/1183 1173/1212/1173 1172/1211/1172
f 1173/1212/1173 1183/1223/1183 1184/1224/1184
f 1184/1224/1184 1020/1051/1020 1173/1212/1173
f 1020/1051/1020 1184/1224/1184 1033/1064/1033
f 1034/1225/1034 1174/1214/1174 1021/1213/1021
f 1174/1214/1174 1034/1225/1034 1185/1226/1185
f 1185/1226/1185 1175/1215/1175 1174/1214/1174
f 1175/1215/1175 1185/1226/1185 1186/1227/1186
f 1186/1227/1186 1176/1216/1176 1175/1215/1175
f 1176/1216/1176 1186/1227/1186 1187/1228/1187
f 1187/1228/1187 1177/1217/1177 1176/1216/1176
f 1177/1217/1177 1187/1228/1187 1188/1229/1188
f 1188/1229/1188 1178/1218/1178 1177/1217/1177
f 1178/1218/1178 1188/1229/1188 1189/1230/1189
f 1189/1230/1189 1179/1219/1179 1178/1218/1178
f 1179/1219/1179 1189/1230/1189 1190/1231/1190
f 1190/1231/1190 1180/1220/1180 1179/1219/1179
f 1180/1220/1180 1190/1231/1190 1191/1232/1191
f 1191/1232/1191 1181/1221/1181 1180/1220/1180
f 1181/1221/1181 1191/1232/1191 1192/1233/1192
f 1192/1233/1192 1182/1222/1182 1181/1221/1181
f 1182/1222/1182 1192/1233/1192 1193/1234/1193
f 1193/1234/1193 1183/1223/1183 1182/1222/1182
f 1183/1223/1183 1193/1234/1193 1194/1235/1194
f 1194/1235/1194 1184/1224/1184 1183/1223/1183
f 1184/1224/1184 1194/1235/1194 1195/1236/1195
f 1195/1236/1195 1033/1064/1033 1184/1224/1184
f 1033/1064/1033 1195/1236/1195 1046/1077/1046
f 1047/1237/1047 1185/1226/1185 1034/1225/1034
f 1185/1226/1185 1047/1237/1047 1196/1238/1196
f 1196/1238/1196 1186/1227/1186 1185/1226/1185
f 1186/1227/1186 1196/1238/1196 1197/1239/1197
f 1197/1239/1197 1187/1228/1187 1186/1227/1186
f 1187/1228/1187 1197/1239/1197 1198/1240/1198
f 1198/1240/1198 1188/1229/1188 1187/1228/1187
f 1188/1229/1188 1198/1240/1198 1199/1241/1199
f 1199/1241/1199 1189/1230/1189 1188/1229/1188
f 1189/1230/1189 1199/1241/1199 1200/1242/1200
f 1200/1242/1200 1190/1231/1190 1189/1230/1189
f 1190/1231/1190 1200/1242/1200 1201/1243/1201
f 1201/1243/1201 1191/1232/1191 1190/1231/1190
f 1191/1232/1191 1201/1243/1201 1202/1244/1202
f 1202/1244/1202 1192/1233/1192 1191/1232/1191
f 1192/1233/1192 1202/1244/1202 1203/1245/1203
f 1203/1245/1203 1193/1234/1193 1192/1233/1192
f 1193/1234/1193 1203/1245/1203 1204/1246/1204
f 1204/1246/1204 1194/1235/1194 1193/1234/1193
f 1194/1235/1194 1204/1246/1204 1205/1247/1205
f 1205/1247/1205 1195/1236/1195 1194/1235/1194
f 1195/1236/1195 1205/1247/1205 1206/1248/1206
f 1206/1248/1206 1046/1077/1046 1195/1236/1195
f 1046/1077/1046 1206/1248/1206 1059/1090/1059
f 1060/1249/1060 1196/1238/1196 1047/1237/1047
f 1196/1238/1196 1060/1249/1060 1207/1250/1207
f 1207/1250/1207 1197/1239/1197 1196/1238/1196
f 1197/1239/1197 1207/1250/1207 1208/1251/1208
f 1208/1251/1208 1198/1240/1198 1197/1239/1197
f 1198/1240/1198 1208/1251/1208 1209/1252/1209
f 1209/1252/1209 1199/1241/1199 1198/1240/1198
f 1199/1241/1199 1209/1252/1209 1210/1253/1210
f 1210/1253/1210 1200/1242/1200 1199/1241/1199
f 1200/1242/1200 1210/1253/1210 1211/1254/1211
f 1211/1254/1211 1201/1243/1201 1200/1242/1200
f 1201/1243/1201 1211/1254/1211 1212/1255/1212
f 1212/1255/1212 1202/1244/1202 1201/1243/1201
f 1202/1244/1202 1212/1255/1212 1213/1256/1213
f 1213/1256/1213 1203/1245/1203 1202/1244/1202
f 1203/1245/1203 1213/1256/1213 1214/1257/1214
f 1214/1257/1214 1204/1246/1204 1203/1245/1203
f 1204/1246/1204 1214/1257/1214 1215/1258/1215
f 1215/1258/1215 1205/1247/1205 1204/1246/1204
f 1205/1247/1205 1215/1258/1215 1216/1259/1216
f 1216/1259/1216 1206/1248/1206 1205/1247/1205
f 1206/1248/1206 1216/1259/1216 1217/1260/1217
f 1217/1260/1217 1059/1090/1059 1206/1248/1206
f 1059/1090/1059 1217/1260/1217 1072/1103/1072
f 1073/1261/1073 1207/1250/1207 1060/1249/1060
f 1207/1250/1207 1073/1261/1073 1218/1262/1218
f 1218/1262/1218 1208/1251/1208 1207/1250/1207
f 1208/1251/1208 1218/1262/1218 1219/1263/1219
f 1219/1263/1219 1209/1252/1209 1208/1251/1208
f 1209/1252/1209 1219/1263/1219 1220/1264/1220
f 1220/1264/1220 1210/1253/1210 1209/1252/1209
f 1210/1253/1210 1220/1264/1220 1221/1265/1221
f 1221/1265/1221 1211/1254/1211 1210/1253/1210
f 1211/1254/1211 1221/1265/1221 1222/1266/1222
f 1222/1266/1222 1212/1255/1212 1211/1254/1211
f 1212/1255/1212 1222/1266/1222 1223/1267/1223
f 1223/1267/1223 1213/1256/1213 1212/1255/1212
f 1213/1256/1213 1223/1267/1223 1224/1268/1224
f 1224/1268/1224 1214/1257/1214 1213/1256/1213
f 1214/1257/1214 1224/1268/1224 1225/1269/1225
f 1225/1269/1225 1215/1258/1215 1214/1257/1214
f 1215/1258/1215 1225/1269/1225 1226/1270/1226
f 1226/1270/1226 1216/1259/1216 1215/1258/1215
f 1216/1259/1216 1226/1270/1226 1227/1271/1227
f 1227/1271/1227 1217/1260/1217 1216/1259/1216
f 1217/1260/1217 1227/1271/1227 1228/1272/1228
f 1228/1272/1228 1072/1103/1072 1217/1260/1217
f 1072/1103/1072 1228/1272/1228 1085/1116/1085
f 1074/1105/1074 1229/1273/1229 1073/1104/1073
f 1229/1273/1229 1074/1105/1074 1230/1274/1230
f 1075/1106/1075 1230/1274/1230 1074/1105/1074
f 1230/1274/1230 1075/1106/1075 1231/1275/1231
f 1076/1107/1076 1231/1275/1231 1075/1106/1075
f 1231/1275/1231 1076/1107/1076 1232/1276/1232
f 1077/1108/1077 1232/1276/1232 1076/1107/1076
f 1232/1276/1232 1077/1108/1077 1233/1277/1233
f 1078/1109/1078 1233/1277/1233 1077/1108/1077
f 1233/1277/1233 1078/1109/1078 1234/1278/1234
f 1079/1110/1079 1234/1278/1234 1078/1109/1078
f 1234/1278/1234 1079/1110/1079 1235/1279/1235
f 1080/1111/1080 1235/1279/1235 1079/1110/1079
f 1235/1279/1235 1080/1111/1080 1236/1280/1236
f 1081/1112/1081 1236/1280/1236 1080/1111/1080
f 1236/1280/1236 1081/1112/1081 1237/1281/1237
f 1082/1113/1082 1237/1281/1237 1081/1112/1081
f 1237/1281/1237 1082/1113/1082 1238/1282/1238
f 1083/1114/1083 1238/1282/1238 1082/1113/1082
f 1238/1282/1238 1083/1114/1083 1239/1283/1239
f 1084/1115/1084 1239/1283/1239 1083/1114/1083
f 1239/1283/1239 1084/1115/1084 1240/1284/1240
f 1085/1116/1085 1240/1284/1240 1084/1115/1084
f 1240/1284/1240 1085/1116/1085 1241/1285/1241
f 1230/1274/1230 1242/1286/1242 1229/1273/1229
f 1242/1286/1242 1230/1274/1230 1243/1287/1243
f 1231/1275/1231 1243/1287/1243 1230/1274/1230
f 1243/1287/1243 1231/1275/1231 1244/1288/1244
f 1232/1276/1232 1244/1288/1244 1231/1275/1231
f 1244/1288/1244 1232/1276/1232 1245/1289/1245
f 1233/1277/1233 1245/1289/1245 1232/1276/1232
f 1245/1289/1245 1233/1277/1233 1246/1290/1246
f 1234/1278/1234 1246/1290/1246 1233/1277/1233
f 1246/1290/1246 1234/1278/1234 1247/1291/1247
f 1235/1279/1235 1247/1291/1247 1234/1278/1234
f 1247/1291/1247 1235/1279/1235 1248/1292/1248
f 1236/1280/1236 1248/1292/1248 1235/1279/1235
f 1248/1292/1248 1236/1280/1236 1249/1293/1249
f 1237/1281/1237 1249/1293/1249 1236/1280/1236
f 1249/1293/1249 1237/1281/1237 1250/1294/1250
f 1238/1282/1238 1250/1294/1250 1237/1281/1237
f 1250/1294/1250 1238/1282/1238 1251/1295/1251
f 1239/1283/1239 1251/1295/1251 1238/1282/1238
f 1251/1295/1251 1239/1283/1239 1252/1296/1252
f 1240/1284/1240 1252/1296/1252 1239/1283/1239
f 1252/1296/1252 1240/1284/1240 1253/1297/1253
f 1241/1285/1241 1253/1297/1253 1240/1284/1240
f 1253/1297/1253 1241/1285/1241 1254/1298/1254
f 1243/1287/1243 1255/1299/1255 1242/1286/1242
f 1255/1299/1255 1243/1287/1243 1256/1300/1256
f 1244/1288/1244 1256/1300/1256 1243/1287/1243
f 1256/1300/1256 1244/1288/1244 1257/1301/1257
f 1245/1289/1245 1257/1301/1257 1244/1288/1244
f 1257/1301/1257 1245/1289/1245 1258/1302/1258
f 1246/1290/1246 1258/1302/1258 1245/1289/1245
f 1258/1302/1258 1246/1290/1246 1259/1303/1259
f 1247/1291/1247 1259/1303/1259 1246/1290/1246
f 1259/1303/1259 1247/1291/1247 1260/1304/1260
f 1248/1292/1248 1260/1304/1260 1247/1291/1247
f 1260/1304/1260 1248/1292/1248 1261/1305/1261
f 1249/1293/1249 1261/1305/1261 1248/1292/1248
f 1261/1305/1261 1249/1293/1249 1262/1306/1262
f 1250/1294/1250 1262/1306/1262 1249/1293/1249
f 1262/1306/1262 1250/1294/1250 1263/1307/1263
f 1251/1295/1251 1263/1307/1263 1250/1294/1250
f 1263/1307/1263 1251/1295/1251 1264/1308/1264
f 1252/1296/1252 1264/1308/1264 1251/1295/1251
f 1264/1308/1264 1252/1296/1252 1265/1309/1265
f 1253/1297/1253 1265/1309/1265 1252/1296/1252
f 1265/1309/1265 1253/1297/1253 1266/1310/1266
f 1254/1298/1254 1266/1310/1266 1253/1297/1253
f 1266/1310/1266 1254/1298/1254 1267/1311/1267
f 1256/1300/1256 1268/1312/1268 1255/1299/1255
f 1268/1312/1268 1256/1300/1256 1269/1313/1269
f 1257/1301/1257 1269/1313/1269 1256/1300/1256
f 1269/1313/1269 1257/1301/1257 1270/1314/1270
f 1258/1302/1258 1270/1314/1270 1257/1301/1257
f 1270/1314/1270 1258/1302/1258 1271/1315/1271
f 1259/1303/1259 1271/1315/1271 1258/1302/1258
f 1271/1315/1271 1259/1303/1259 1272/1316/1272
f 1260/1304/1260 1272/1316/1272 1259/1303/1259
f 1272/1316/1272 1260/1304/1260 1273/1317/1273
f 1261/1305/1261 1273/1317/1273 1260/1304/1260
f 1273/1317/1273 1261/1305/1261 1274/1318/1274
f 1262/1306/1262 1274/1318/1274 1261/1305/1261
f 1274/1318/1274 1262/1306/1262 1275/1319/1275
f 1263/1307/1263 1275/1319/1275 1262/1306/1262
f 1275/1319/1275 1263/1307/1263 1276/1320/1276
f 1264/1308/1264 1276/1320/1276 1263/1307/1263
f 1276/1320/1276 1264/1308/1264 1277/1321/1277
f 1265/1309/1265 1277/1321/1277 1264/1308/1264
f 1277/1321/1277 1265/1309/1265 1278/1322/1278
f 1266/1310/1266 1278/1322/1278 1265/1309/1265
f 1278/1322/1278 1266/1310/1266 1279/1323/1279
f 1267/1311/1267 1279/1323/1279 1266/1310/1266
f 1279/1323/1279 1267/1311/1267 1280/1324/1280
f 1269/1313/1269 1281/1325/1281 1268/1312/1268
f 1281/1325/1281 1269/1313/1269 1282/1326/1282
f 1270/1314/1270 1282/1326/1282 1269/1313/1269
f 1282/1326/1282 1270/1314/1270 1283/1327/1283
f 1271/1315/1271 1283/1327/1283 1270/1314/1270
f 1283/1327/1283 1271/1315/1271 1284/1328/1284
f 1272/1316/1272 1284/1328/1284 1271/1315/1271
f 1284/1328/1284 1272/1316/1272 1285/1329/1285
f 1273/1317/1273 1285/1329/1285 1272/1316/1272
f 1285/1329/1285 1273/1317/1273 1286/1330/1286
f 1274/1318/1274 1286/1330/1286 1273/1317/1273
f 1286/1330/1286 1274/1318/1274 1287/1331/1287
f 1275/1319/1275 1287/1331/1287 1274/1318/1274
f 1287/1331/1287 1275/1319/1275 1288/1332/1288
f 1276/1320/1276 1288/1332/1288 1275/1319/1275
f 1288/1332/1288 1276/1320/1276 1289/1333/1289
f 1277/1321/1277 1289/1333/1289 1276/1320/1276
f 1289/1333/1289 1277/1321/1277 1290/1334/1290
f 1278/1322/1278 1290/1334/1290 1277/1321/1277
f 1290/1334/1290 1278/1322/1278 1291/1335/1291
f 1279/1323/1279 1291/1335/1291 1278/1322/1278
f 1291/1335/1291 1279/1323/1279 1292/1336/1292
f 1280/1324/1280 1292/1336/1292 1279/1323/1279
f 1292/1336/1292 1280/1324/1280 1293/1337/1293
f 1282/1326/1282 1294/1338/1294 1281/1325/1281
f 1294/1338/1294 1282/1326/1282 1295/1339/1295
f 1283/1327/1283 1295/1339/1295 1282/1326/1282
f 1295/1339/1295 1283/1327/1283 1296/1340/1296
f 1284/1328/1284 1296/1340/1296 1283/1327/1283
f 1296/1340/1296 1284/1328/1284 1297/1341/1297
f 1285/1329/1285 1297/1341/1297 1284/1328/1284
f 1297/1341/1297 1285/1329/1285 1298/1342/1298
f 1286/1330/1286 1298/1342/1298 1285/1329/1285
f 1298/1342/1298 1286/1330/1286 1299/1343/1299
f 1287/1331/1287 1299/1343/1299 1286/1330/1286
f 1299/1343/1299 1287/1331/1287 1300/1344/1300
f 1288/1332/1288 1300/1344/1300 1287/1331/1287
f 1300/1344/1300 1288/1332/1288 1301/1345/1301
f 1289/1333/1289 1301/1345/1301 1288/1332/1288
f 1301/1345/1301 1289/1333/1289 1302/1346/1302
f 1290/1334/1290 1302/1346/1302 1289/1333/1289
f 1302/1346/1302 1290/1334/1290 1303/1347/1303
f 1291/1335/1291 1303/1347/1303 1290/1334/1290
f 1303/1347/1303 1291/1335/1291 1304/1348/1304
f 1292/1336/1292 1304/1348/1304 1291/1335/1291
f 1304/1348/1304 1292/1336/1292 1305/1349/1305
f 1293/1337/1293 1305/1349/1305 1292/1336/1292
f 1305/1349/1305 1293/1337/1293 1306/1350/1306
f 1295/1339/1295 1307/1351/1307 1294/1338/1294
f 1307/1351/1307 1295/1339/1295 1308/1352/1308
f 1296/1340/1296 1308/1352/1308 1295/1339/1295
f 1308/1352/1308 1296/1340/1296 1309/1353/1309
f 1297/1341/1297 1309/1353/1309 1296/1340/1296
f 1309/1353/1309 1297/1341/1297 1310/1354/1310
f 1298/1342/1298 1310/1354/1310 1297/1341/1297
f 1310/1354/1310 1298/1342/1298 1311/1355/1311
f 1299/1343/1299 1311/1355/1311 1298/1342/1298
f 1311/1355/1311 1299/1343/1299 1312/1356/1312
f 1300/1344/1300 1312/1356/1312 1299/1343/1299
f 1312/1356/1312 1300/1344/1300 1313/1357/1313
f 1301/1345/1301 1313/1357/1313 1300/1344/1300
f 1313/1357/1313 1301/1345/1301 1314/1358/1314
f 1302/1346/1302 1314/1358/1314 1301/1345/1301
f 1314/1358/1314 1302/1346/1302 1315/1359/1315
f 1303/1347/1303 1315/1359/1315 1302/1346/1302
f 1315/1359/1315 1303/1347/1303 1316/1360/1316
f 1304/1348/1304 1316/1360/1316 1303/1347/1303
f 1316/1360/1316 1304/1348/1304 1317/1361/1317
f 1305/1349/1305 1317/1361/1317 1304/1348/1304
f 1317/1361/1317 1305/1349/1305 1318/1362/1318
f 1306/1350/1306 1318/1362/1318 1305/1349/1305
f 1318/1362/1318 1306/1350/1306 1319/1363/1319
f 1308/1352/1308 1320/1364/1320 1307/1351/1307
f 1320/1364/1320 1308/1352/1308 1321/1365/1321
f 1309/1353/1309 1321/1365/1321 1308/1352/1308
f 1321/1365/1321 1309/1353/1309 1322/1366/1322
f 1310/1354/1310 1322/1366/1322 1309/1353/1309
f 1322/1366/1322 1310/1354/1310 1323/1367/1323
f 1311/1355/1311 1323/1367/1323 1310/1354/1310
f 1323/1367/1323 1311/1355/1311 1324/1368/1324
f 1312/1356/1312 1324/1368/1324 1311/1355/1311
f 1324/1368/1324 1312/1356/1312 1325/1369/1325
f 1313/1357/1313 1325/1369/1325 1312/1356/1312
f 1325/1369/1325 1313/1357/1313 1326/1370/1326
f 1314/1358/1314 1326/1370/1326 1313/1357/1313
f 1326/1370/1326 1314/1358/1314 1327/1371/1327
f 1315/1359/1315 1327/1371/1327 1314/1358/1314
f 1327/1371/1327 1315/1359/1315 1328/1372/1328
f 1316/1360/1316 1328/1372/1328 1315/1359/1315
f 1328/1372/1328 1316/1360/1316 1329/1373/1329
f 1317/1361/1317 1329/1373/1329 1316/1360/1316
f 1329/1373/1329 1317/1361/1317 1330/1374/1330
f 1318/1362/1318 1330/1374/1330 1317/1361/1317
f 1330/1374/1330 1318/1362/1318 1331/1375/1331
f 1319/1363/1319 1331/1375/1331 1318/1362/1318
f 1331/1375/1331 1319/1363/1319 1332/1376/1332
f 1321/1365/1321 1333/1377/1333 1320/1364/1320
f 1333/1377/1333 1321/1365/1321 1334/1378/1334
f 1322/1366/1322 1334/1378/1334 1321/1365/1321
f 1334/1378/1334 1322/1366/1322 1335/1379/1335
f 1323/1367/1323 1335/1379/1335 1322/1366/1322
f 1335/1379/1335 1323/1367/1323 1336/1380/1336
f 1324/1368/1324 1336/1380/1336 1323/1367/1323
f 1336/1380/1336 1324/1368/1324 1337/1381/1337
f 1325/1369/1325 1337/1381/1337 1324/1368/1324
f 1337/1381/1337 1325/1369/1325 1338/1382/1338
f 1326/1370/1326 1338/1382/1338 1325/1369/1325
f 1338/1382/1338 1326/1370/1326 1339/1383/1339
f 1327/1371/1327 1339/1383/1339 1326/1370/1326
f 1339/1383/1339 1327/1371/1327 1340/1384/1340
f 1328/1372/1328 1340/1384/1340 1327/1371/1327
f 1340/1384/1340 1328/1372/1328 1341/1385/1341
f 1329/1373/1329 1341/1385/1341 1328/1372/1328
f 1341/1385/1341 1329/1373/1329 1342/1386/1342
f 1330/1374/1330 1342/1386/1342 1329/1373/1329
f 1342/1386/1342 1330/1374/1330 1343/1387/1343
f 1331/1375/1331 1343/1387/1343 1330/1374/1330
f 1343/1387/1343 1331/1375/1331 1344/1388/1344
f 1332/1376/1332 1344/1388/1344 1331/1375/1331
f 1344/1388/1344 1332/1376/1332 1345/1389/1345
f 1334/1378/1334 1346/1390/1346 1333/1377/1333
f 1346/1390/1346 1334/1378/1334 1347/1391/1347
f 1335/1379/1335 1347/1391/1347 1334/1378/1334
f 1347/1391/1347 1335/1379/1335 1348/1392/1348
f 1336/1380/1336 1348/1392/1348 1335/1379/1335
f 1348/1392/1348 1336/1380/1336 1349/1393/1349
f 1337/1381/1337 1349/1393/1349 1336/1380/1336
f 1349/1393/1349 1337/1381/1337 1350/1394/1350
f 1338/1382/1338 1350/1394/1350 1337/1381/1337
f 1350/1394/1350 1338/1382/1338 1351/1395/1351
f 1339/1383/1339 1351/1395/1351 1338/1382/1338
f 1351/1395/1351 1339/1383/1339 1352/1396/1352
f 1340/1384/1340 1352/1396/1352 1339/1383/1339
f 1352/1396/1352 1340/1384/1340 1353/1397/1353
f 1341/1385/1341 1353/1397/1353 1340/1384/1340
f 1353/1397/1353 1341/1385/1341 1354/1398/1354
f 1342/1386/1342 1354/1398/1354 1341/1385/1341
f 1354/1398/1354 1342/1386/1342 1355/1399/1355
f 1343/1387/1343 1355/1399/1355 1342/1386/1342
f 1355/1399/1355 1343/1387/1343 1356/1400/1356
f 1344/1388/1344 1356/1400/1356 1343/1387/1343
f 1356/1400/1356 1344/1388/1344 1357/1401/1357
f 1345/1389/1345 1357/1401/1357 1344/1388/1344
f 1357/1401/1357 1345/1389/1345 1358/1402/1358
f 1358/1402/1358 1359/1403/1359 1357/1401/1357
f 1359/1403/1359 1358/1402/1358 1360/1404/1360
f 1361/1405/1361 1347/1391/1347 1362/1406/1362
f 1361/1405/1361 1346/1390/1346 1347/1391/1347
f 1363/1407/1363 1362/1406/1362 1347/1391/1347
f 1363/1407/1363 1347/1391/1347 1348/1392/1348
f 1364/1408/1364 1363/1407/1363 1348/1392/1348
f 1365/1409/1365 1364/1408/1364 1348/1392/1348
f 1365/1409/1365 1349/1393/1349 1366/1410/1366
f 1365/1409/1365 1348/1392/1348 1349/1393/1349
f 1367/1411/1367 1366/1410/1366 1349/1393/1349
f 1367/1411/1367 1349/1393/1349 1350/1394/1350
f 1368/1412/1368 1367/1411/1367 1350/1394/1350
f 1369/1413/1369 1368/1412/1368 1350/1394/1350
f 1369/1413/1369 1350/1394/1350 1351/1395/1351
f 1370/1414/1370 1369/1413/1369 1351/1395/1351
f 1371/1415/1371 1370/1414/1370 1351/1395/1351
f 1372/1416/1372 1371/1415/1371 1351/1395/1351
f 1372/1416/1372 1351/1395/1351 1352/1396/1352
f 1372/1416/1372 1352/1396/1352 1373/1417/1373
f 1374/1418/1374 1373/1417/1373 1352/1396/1352
f 1374/1418/1374 1352/1396/1352 1353/1397/1353
f 1374/1418/1374 1353/1397/1353 1375/1419/1375
f 1376/1420/1376 1375/1419/1375 1353/1397/1353
f 1376/1420/1376 1353/1397/1353 1354/1398/1354
f 1376/1420/1376 1354/1398/1354 1377/1421/1377
f 1377/1421/1377 1354/1398/1354 1378/1422/1378
f 1378/1422/1378 1355/1399/1355 1379/1423/1379
f 1378/1422/1378 1354/1398/1354 1355/1399/1355
f 1379/1423/1379 1355/1399/1355 1380/1424/1380
f 1380/1424/1380 1356/1400/1356 1381/1425/1381
f 1380/1424/1380 1355/1399/1355 1356/1400/1356
f 1381/1425/1381 1356/1400/1356 1382/1426/1382
f 1383/1427/1383 1382/1426/1382 1356/1400/1356
f 1383/1427/1383 1356/1400/1356 1357/1401/1357
f 1384/1428/1384 1383/1427/1383 1357/1401/1357
f 1384/1428/1384 1357/1401/1357 1359/1403/1359
f 1385/1429/1385 1384/1428/1384 1359/1403/1359
f 1386/1430/1386 1385/1429/1385 1359/1403/1359
f 1386/1430/1386 1359/1403/1359 1360/1404/1360
f 1362/1406/1362 1387/1431/1387 1361/1405/1361
f 1387/1431/1387 1362/1406/1362 1391/1435/1391
f 1391/1435/1391 1388/1432/1388 1387/1431/1387
f 1388/1432/1388 1391/1435/1391 1392/1436/1392
f 1392/1436/1392 1389/1433/1389 1388/1432/1388
f 1389/1433/1389 1392/1436/1392 1393/1437/1393
f 1393/1437/1393 1390/1434/1390 1389/1433/1389
f 1390/1434/1390 1393/1437/1393 1394/1438/1394
f 1363/1407/1363 1391/1435/1391 1362/1406/1362
f 1391/1435/1391 1363/1407/1363 1395/1439/1395
f 1395/1439/1395 1392/1436/1392 1391/1435/1391
f 1392/1436/1392 1395/1439/1395 1396/1440/1396
f 1396/1440/1396 1393/1437/1393 1392/1436/1392
f 1393/1437/1393 1396/1440/1396 1397/1441/1397
f 1397/1441/1397 1394/1438/1394 1393/1437/1393
f 1394/1438/1394 1397/1441/1397 1398/1442/1398
f 1364/1408/1364 1395/1439/1395 1363/1407/1363
f 1395/1439/1395 1364/1408/1364 1399/1443/1399
f 1399/1443/1399 1396/1440/1396 1395/1439/1395
f 1396/1440/1396 1399/1443/1399 1400/1444/1400
f 1400/1444/1400 1397/1441/1397 1396/1440/1396
f 1397/1441/1397 1400/1444/1400 1401/1445/1401
f 1401/1445/1401 1398/1442/1398 1397/1441/1397
f 1398/1442/1398 1401/1445/1401 1402/1446/1402
f 1365/1409/1365 1399/1443/1399 1364/1408/1364
f 1399/1443/1399 1365/1409/1365 1403/1447/1403
f 1403/1447/1403 1400/1444/1400 1399/1443/1399
f 1400/1444/1400 1403/1447/1403 1404/1448/1404
f 1404/1448/1404 1401/1445/1401 1400/1444/1400
f 1401/1445/1401 1404/1448/1404 1405/1449/1405
f 1405/1449/1405 1402/1446/1402 1401/1445/1401
f 1402/1446/1402 1405/1449/1405 1406/1450/1406
f 1366/1410/1366 1403/1447/1403 1365/1409/1365
f 1403/1447/1403 1366/1410/1366 1407/1451/1407
f 1407/1451/1407 1404/1448/1404 1403/1447/1403
f 1404/1448/1404 1407/1451/1407 1408/1452/1408
f 1408/1452/1408 1405/1449/1405 1404/1448/1404
f 1405/1449/1405 1408/1452/1408 1409/1453/1409
f 1409/1453/1409 1406/1450/1406 1405/1449/1405
f 1406/1450/1406 1409/1453/1409 1410/1454/1410
f 1367/1411/1367 1407/1451/1407 1366/1410/1366
f 1407/1451/1407 1367/1411/1367 1411/1455/1411
f 1411/1455/1411 1408/1452/1408 1407/1451/1407
f 1408/1452/1408 1411/1455/1411 1412/1456/1412
f 1412/1456/1412 1409/1453/1409 1408/1452/1408
f 1409/1453/1409 1412/1456/1412 1413/1457/1413
f 1413/1457/1413 1410/1454/1410 1409/1453/1409
f 1410/1454/1410 1413/1457/1413 1414/1458/1414
f 1368/1412/1368 1411/1455/1411 1367/1411/1367
f 1411/1455/1411 1368/1412/1368 1415/1459/1415
f 1415/1459/1415 1412/1456/1412 1411/1455/1411
f 1412/1456/1412 1415/1459/1415 1416/1460/1416
f 1416/1460/1416 1413/1457/1413 1412/1456/1412
f 1413/1457/1413 1416/1460/1416 1417/1461/1417
f 1417/1461/1417 1414/1458/1414 1413/1457/1413
f 1414/1458/1414 1417/1461/1417 1418/1462/1418
f 1369/1413/1369 1415/1459/1415 1368/1412/1368
f 1415/1459/1415 1369/1413/1369 1419/1463/1419
f 1419/1463/1419 1416/1460/1416 1415/1459/1415
f 1416/1460/1416 1419/1463/1419 1420/1464/1420
f 1420/1464/1420 1417/1461/1417 1416/1460/1416
f 1417/1461/1417 1420/1464/1420 1421/1465/1421
f 1421/1465/1421 1418/1462/1418 1417/1461/1417
f 1418/1462/1418 1421/1465/1421 1422/1466/1422
f 1370/1414/1370 1419/1463/1419 1369/1413/1369
f 1419/1463/1419 1370/1414/1370 1423/1467/1423
f 1423/1467/1423 1420/1464/1420 1419/1463/1419
f 1420/1464/1420 1423/1467/1423 1424/1468/1424
f 1424/1468/1424 1421/1465/1421 1420/1464/1420
f 1421/1465/1421 1424/1468/1424 1425/1469/1425
f 1425/1469/1425 1422/1466/1422 1421/1465/1421
f 1422/1466/1422 1425/1469/1425 1426/1470/1426
f 1371/1415/1371 1423/1467/1423 1370/1414/1370
f 1423/1467/1423 1371/1415/1371 1427/1471/1427
f 1427/1471/1427 1424/1468/1424 1423/1467/1423
f 1424/1468/1424 1427/1471/1427 1428/1472/1428
f 1428/1472/1428 1425/1469/1425 1424/1468/1424
f 1425/1469/1425 1428/1472/1428 1429/1473/1429
f 1429/1473/1429 1426/1470/1426 1425/1469/1425
f 1426/1470/1426 1429/1473/1429 1430/1474/1430
f 1372/1416/1372 1427/1471/1427 1371/1415/1371
f 1427/1471/1427 1372/1416/1372 1431/1475/1431
f 1431/1475/1431 1428/1472/1428 1427/1471/1427
f 1428/1472/1428 1431/1475/1431 1432/1476/1432
f 1432/1476/1432 1429/1473/1429 1428/1472/1428
f 1429/1473/1429 1432/1476/1432 1433/1477/1433
f 1433/1477/1433 1430/1474/1430 1429/1473/1429
f 1430/1474/1430 1433/1477/1433 1434/1478/1434
f 1373/1417/1373 1431/1475/1431 1372/1416/1372
f 1431/1475/1431 1373/1417/1373 1435/1479/1435
f 1435/1479/1435 1432/1476/1432 1431/1475/1431
f 1432/1476/1432 1435/1479/1435 1436/1480/1436
f 1436/1480/1436 1433/1477/1433 1432/1476/1432
f 1433/1477/1433 1436/1480/1436 1437/1481/1437
f 1437/1481/1437 1434/1478/1434 1433/1477/1433
f 1434/1478/1434 1437/1481/1437 1438/1482/1438
f 1374/1418/1374 1435/1479/1435 1373/1417/1373
f 1435/1479/1435 1374/1418/1374 1439/1483/1439
f 1439/1483/1439 1436/1480/1436 1435/1479/1435
f 1436/1480/1436 1439/1483/1439 1440/1484/1440
f 1440/1484/1440 1437/1481/1437 1436/1480/1436
f 1437/1481/1437 1440/1484/1440 1441/1485/1441
f 1441/1485/1441 1438/1482/1438 1437/1481/1437
f 1438/1482/1438 1441/1485/1441 1442/1486/1442
f 1375/1419/1375 1439/1483/1439 1374/1418/1374
f 1439/1483/1439 1375/1419/1375 1443/1487/1443
f 1443/1487/1443 1440/1484/1440 1439/1483/1439
f 1440/1484/1440 1443/1487/1443 1444/1488/1444
f 1444/1488/1444 1441/1485/1441 1440/1484/1440
f 1441/1485/1441 1444/1488/1444 1445/1489/1445
f 1445/1489/1445 1442/1486/1442 1441/1485/1441
f 1442/1486/1442 1445/1489/1445 1446/1490/1446
f 1376/1420/1376 1443/1487/1443 1375/1419/1375
f 1443/1487/1443 1376/1420/1376 1447/1491/1447
f 1447/1491/1447 1444/1488/1444 1443/1487/1443
f 1444/1488/1444 1447/1491/1447 1448/1492/1448
f 1448/1492/1448 1445/1489/1445 1444/1488/1444
f 1445/1489/1445 1448/1492/1448 1449/1493/1449
f 1449/1493/1449 1446/1490/1446 1445/1489/1445
f 1446/1490/1446 1449/1493/1449 1450/1494/1450
f 1377/1421/1377 1447/1491/1447 1376/1420/1376
f 1447/1491/1447 1377/1421/1377 1451/1495/1451
f 1451/1495/1451 1448/1492/1448 1447/1491/1447
f 1448/1492/1448 1451/1495/1451 1452/1496/1452
f 1452/1496/1452 1449/1493/1449 1448/1492/1448
f 1449/1493/1449 1452/1496/1452 1453/1497/1453
f 1453/1497/1453 1450/1494/1450 1449/1493/1449
f 1450/1494/1450 1453/1497/1453 1454/1498/1454
f 1378/1422/1378 1451/1495/1451 1377/1421/1377
f 1451/1495/1451 1378/1422/1378 1455/1499/1455
f 1455/1499/1455 1452/1496/1452 1451/1495/1451
f 1452/1496/1452 1455/1499/1455 1456/1500/1456
f 1456/1500/1456 1453/1497/1453 1452/1496/1452
f 1453/1497/1453 1456/1500/1456 1457/1501/1457
f 1457/1501/1457 1454/1498/1454 1453/1497/1453
f 1454/1498/1454 1457/1501/1457 1458/1502/1458
f 1379/1423/1379 1455/1499/1455 1378/1422/1378
f 1455/1499/1455 1379/1423/1379 1459/1503/1459
f 1459/1503/1459 1456/1500/1456 1455/1499/1455
f 1456/1500/1456 1459/1503/1459 1460/1504/1460
f 1460/1504/1460 1457/1501/1457 1456/1500/1456
f 1457/1501/1457 1460/1504/1460 1461/1505/1461
f 1461/1505/1461 1458/1502/1458 1457/1501/1457
f 1458/1502/1458 1461/1505/1461 1462/1506/1462
f 1380/1424/1380 1459/1503/1459 1379/1423/1379
f 1459/1503/1459 1380/1424/1380 1463/1507/1463
f 1463/1507/1463 1460/1504/1460 1459/1503/1459
f 1460/1504/1460 1463/1507/1463 1464/1508/1464
f 1464/1508/1464 1461/1505/1461 1460/1504/1460
f 1461/1505/1461 1464/1508/1464 1465/1509/1465
f 1465/1509/1465 1462/1506/1462 1461/1505/1461
f 1462/1506/1462 1465/1509/1465 1466/1510/1466
f 1381/1425/1381 1463/1507/1463 1380/1424/1380
f 1463/1507/1463 1381/1425/1381 1467/1511/1467
f 1467/1511/1467 1464/1508/1464 1463/1507/1463
f 1464/1508/1464 1467/1511/1467 1468/1512/1468
f 1468/1512/1468 1465/1509/1465 1464/1508/1464
f 1465/1509/1465 1468/1512/1468 1469/1513/1469
f 1469/1513/1469 1466/1510/1466 1465/1509/1465
f 1466/1510/1466 1469/1513/1469 1470/1514/1470
f 1382/1426/1382 1467/1511/1467 1381/1425/1381
f 1467/1511/1467 1382/1426/1382 1471/1515/1471
f 1471/1515/1471 1468/1512/1468 1467/1511/1467
f 1468/1512/1468 1471/1515/1471 1472/1516/1472
f 1472/1516/1472 1469/1513/1469 1468/1512/1468
f 1469/1513/1469 1472/1516/1472 1473/1517/1473
f 1473/1517/1473 1470/1514/1470 1469/1513/1469
f 1470/1514/1470 1473/1517/1473 1474/1518/1474
f 1383/1427/1383 1471/1515/1471 1382/1426/1382
f 1471/1515/1471 1383/1427/1383 1475/1519/1475
f 1475/1519/1475 1472/1516/1472 1471/1515/1471
f 1472/1516/1472 1475/1519/1475 1476/1520/1476
f 1476/1520/1476 1473/1517/1473 1472/1516/1472
f 1473/1517/1473 1476/1520/1476 1477/1521/1477
f 1477/1521/1477 1474/1518/1474 1473/1517/1473
f 1474/1518/1474 1477/1521/1477 1478/1522/1478
f 1384/1428/1384 1475/1519/1475 1383/1427/1383
f 1475/1519/1475 1384/1428/1384 1479/1523/1479
f 1479/1523/1479 1476/1520/1476 1475/1519/1475
f 1476/1520/1476 1479/1523/1479 1480/1524/1480
f 1480/1524/1480 1477/1521/1477 1476/1520/1476
f 1477/1521/1477 1480/1524/1480 1481/1525/1481
f 1481/1525/1481 1478/1522/1478 1477/1521/1477
f 1478/1522/1478 1481/1525/1481 1482/1526/1482
f 1385/1429/1385 1479/1523/1479 1384/1428/1384
f 1479/1523/1479 1385/1429/1385 1483/1527/1483
f 1483/1527/1483 1480/1524/1480 1479/1523/1479
f 1480/1524/1480 1483/1527/1483 1484/1528/1484
f 1484/1528/1484 1481/1525/1481 1480/1524/1480
f 1481/1525/1481 1484/1528/1484 1485/1529/1485
f 1485/1529/1485 1482/1526/1482 1481/1525/1481
f 1482/1526/1482 1485/1529/1485 1486/1530/1486
f 1386/1430/1386 1483/1527/1483 1385/1429/1385
f 1483/1527/1483 1386/1430/1386 1487/1531/1487
f 1487/1531/1487 1484/1528/1484 1483/1527/1483
f 1484/1528/1484 1487/1531/1487 1488/1532/1488
f 1488/1532/1488 1485/1529/1485 1484/1528/1484
f 1485/1529/1485 1488/1532/1488 1489/1533/1489
f 1489/1533/1489 1486/1530/1486 1485/1529/1485
f 1486/1530/1486 1489/1533/1489 1490/1534/1490
f 1229/1535/1229 1218/1262/1218 1073/1261/1073
f 1218/1262/1218 1229/1535/1229 1491/1536/1491
f 1491/1536/1491 1219/1263/1219 1218/1262/1218
f 1219/1263/1219 1491/1536/1491 1492/1537/1492
f 1492/1537/1492 1220/1264/1220 1219/1263/1219
f 1220/1264/1220 1492/1537/1492 1493/1538/1493
f 1493/1538/1493 1221/1265/1221 1220/1264/1220
f 1221/1265/1221 1493/1538/1493 1494/1539/1494
f 1494/1539/1494 1222/1266/1222 1221/1265/1221
f 1222/1266/1222 1494/1539/1494 1495/1540/1495
f 1495/1540/1495 1223/1267/1223 1222/1266/1222
f 1223/1267/1223 1495/1540/1495 1496/1541/1496
f 1496/1541/1496 1224/1268/1224 1223/1267/1223
f 1224/1268/1224 1496/1541/1496 1497/1542/1497
f 1497/1542/1497 1225/1269/1225 1224/1268/1224
f 1225/1269/1225 1497/1542/1497 1498/1543/1498
f 1498/1543/1498 1226/1270/1226 1225/1269/1225
f 1226/1270/1226 1498/1543/1498 1499/1544/1499
f 1499/1544/1499 1227/1271/1227 1226/1270/1226
f 1227/1271/1227 1499/1544/1499 1500/1545/1500
f 1500/1545/1500 1228/1272/1228 1227/1271/1227
f 1228/1272/1228 1500/1545/1500 1501/1546/1501
f 1501/1546/1501 1085/1116/1085 1228/1272/1228
f 1085/1116/1085 1501/1546/1501 1241/1285/1241
f 1242/1547/1242 1491/1536/1491 1229/1535/1229
f 1491/1536/1491 1242/1547/1242 1502/1548/1502
f 1502/1548/1502 1492/1537/1492 1491/1536/1491
f 1492/1537/1492 1502/1548/1502 1503/1549/1503
f 1503/1549/1503 1493/1538/1493 1492/1537/1492
f 1493/1538/1493 1503/1549/1503 1504/1550/1504
f 1504/1550/1504 1494/1539/1494 1493/1538/1493
f 1494/1539/1494 1504/1550/1504 1505/1551/1505
f 1505/1551/1505 1495/1540/1495 1494/1539/1494
f 1495/1540/1495 1505/1551/1505 1506/1552/1506
f 1506/1552/1506 1496/1541/1496 1495/1540/1495
f 1496/1541/1496 1506/1552/1506 1507/1553/1507
f 1507/1553/1507 1497/1542/1497 1496/1541/1496
f 1497/1542/1497 1507/1553/1507 1508/1554/1508
f 1508/1554/1508 1498/1543/1498 1497/1542/1497
f 1498/1543/1498 1508/1554/1508 1509/1555/1509
f 1509/1555/1509 1499/1544/1499 1498/1543/1498
f 1499/1544/1499 1509/1555/1509 1510/1556/1510
f 1510/1556/1510 1500/1545/1500 1499/1544/1499
f 1500/1545/1500 1510/1556/1510 1511/1557/1511
f 1511/1557/1511 1501/1546/1501 1500/1545/1500
f 1501/1546/1501 1511/1557/1511 1512/1558/1512
f 1512/1558/1512 1241/1285/1241 1501/1546/1501
f 1241/1285/1241 1512/1558/1512 1254/1298/1254
f 1255/1559/1255 1502/1548/1502 1242/1547/1242
f 1502/1548/1502 1255/1559/1255 1513/1560/1513
f 1513/1560/1513 1503/1549/1503 1502/1548/1502
f 1503/1549/1503 1513/1560/1513 1514/1561/1514
f 1514/1561/1514 1504/1550/1504 1503/1549/1503
f 1504/1550/1504 1514/1561/1514 1515/1562/1515
f 1515/1562/1515 1505/1551/1505 1504/1550/1504
f 1505/1551/1505 1515/1562/1515 1516/1563/1516
f 1516/1563/1516 1506/1552/1506 1505/1551/1505
f 1506/1552/1506 1516/1563/1516 1517/1564/1517
f 1517/1564/1517 1507/1553/1507 1506/1552/1506
f 1507/1553/1507 1517/1564/1517 1518/1565/1518
f 1518/1565/1518 1508/1554/1508 1507/1553/1507
f 1508/1554/1508 1518/1565/1518 1519/1566/1519
f 1519/1566/1519 1509/1555/1509 1508/1554/1508
f 1509/1555/1509 1519/1566/1519 1520/1567/1520
f 1520/1567/1520 1510/1556/1510 1509/1555/1509
f 1510/1556/1510 1520/1567/1520 1521/1568/1521
f 1521/1568/1521 1511/1557/1511 1510/1556/1510
f 1511/1557/1511 1521/1568/1521 1522/1569/1522
f 1522/1569/1522 1512/1558/1512 1511/1557/1511
f 1512/1558/1512 1522/1569/1522 1523/1570/1523
f 1523/1570/1523 1254/1298/1254 1512/1558/1512
f 1254/1298/1254 1523/1570/1523 1267/1311/1267
f 1268/1571/1268 1513/1560/1513 1255/1559/1255
f 1513/1560/1513 1268/1571/1268 1524/1572/1524
f 1524/1572/1524 1514/1561/1514 1513/1560/1513
f 1514/1561/1514 1524/1572/1524 1525/1573/1525
f 1525/1573/1525 1515/1562/1515 1514/1561/1514
f 1515/1562/1515 1525/1573/1525 1526/1574/1526
f 1526/1574/1526 1516/1563/1516 1515/1562/1515
f 1516/1563/1516 1526/1574/1526 1527/1575/1527
f 1527/1575/1527 1517/1564/1517 1516/1563/1516
f 1517/1564/1517 1527/1575/1527 1528/1576/1528
f 1528/1576/1528 1518/1565/1518 1517/1564/1517
f 1518/1565/1518 1528/1576/1528 1529/1577/1529
f 1529/1577/1529 1519/1566/1519 1518/1565/1518
f 1519/1566/1519 1529/1577/1529 1530/1578/1530
f 1530/1578/1530 1520/1567/1520 1519/1566/1519
f 1520/1567/1520 1530/1578/1530 1531/1579/1531
f 1531/1579/1531 1521/1568/1521 1520/1567/1520
f 1521/1568/1521 1531/1579/1531 1532/1580/1532
f 1532/1580/1532 1522/1569/1522 1521/1568/1521
f 1522/1569/1522 1532/1580/1532 1533/1581/1533
f 1533/1581/1533 1523/1570/1523 1522/1569/1522
f 1523/1570/1523 1533/1581/1533 1534/1582/1534
f 1534/1582/1534 1267/1311/1267 1523/1570/1523
f 1267/1311/1267 1534/1582/1534 1280/1324/1280
f 1281/1583/1281 1524/1572/1524 1268/1571/1268
f 1524/1572/1524 1281/1583/1281 1535/1584/1535
f 1535/1584/1535 1525/1573/1525 1524/1572/1524
f 1525/1573/1525 1535/1584/1535 1536/1585/1536
f 1536/1585/1536 1526/1574/1526 1525/1573/1525
f 1526/1574/1526 1536/1585/1536 1537/1586/1537
f 1537/1586/1537 1527/1575/1527 1526/1574/1526
f 1527/1575/1527 1537/1586/1537 1538/1587/1538
f 1538/1587/1538 1528/1576/1528 1527/1575/1527
f 1528/1576/1528 1538/1587/1538 1539/1588/1539
f 1539/1588/1539 1529/1577/1529 1528/1576/1528
f 1529/1577/1529 1539/1588/1539 1540/1589/1540
f 1540/1589/1540 1530/1578/1530 1529/1577/1529
f 1530/1578/1530 1540/1589/1540 1541/1590/1541
f 1541/1590/1541 1531/1579/1531 1530/1578/1530
f 1531/1579/1531 1541/1590/1541 1542/1591/1542
f 1542/1591/1542 1532/1580/1532 1531/1579/1531
f 1532/1580/1532 1542/1591/1542 1543/1592/1543
f 1543/1592/1543 1533/1581/1533 1532/1580/1532
f 1533/1581/1533 1543/1592/1543 1544/1593/1544
f 1544/1593/1544 1534/1582/1534 1533/1581/1533
f 1534/1582/1534 1544/1593/1544 1545/1594/1545
f 1545/1594/1545 1280/1324/1280 1534/1582/1534
f 1280/1324/1280 1545/1594/1545 1293/1337/1293
f 1294/1595/1294 1535/1584/1535 1281/1583/1281
f 1535/1584/1535 1294/1595/1294 1546/1596/1546
f 1546/1596/1546 1536/1585/1536 1535/1584/1535
f 1536/1585/1536 1546/1596/1546 1547/1597/1547
f 1547/1597/1547 1537/1586/1537 1536/1585/1536
f 1537/1586/1537 1547/1597/1547 1548/1598/1548
f 1548/1598/1548 1538/1587/1538 1537/1586/1537
f 1538/1587/1538 1548/1598/1548 1549/1599/1549
f 1549/1599/1549 1539/1588/1539 1538/1587/1538
f 1539/1588/1539 1549/1599/1549 1550/1600/1550
f 1550/1600/1550 1540/1589/1540 1539/1588/1539
f 1540/1589/1540 1550/1600/1550 1551/1601/1551
f 1551/1601/1551 1541/1590/1541 1540/1589/1540
f 1541/1590/1541 1551/1601/1551 1552/1602/1552
f 1552/1602/1552 1542/1591/1542 1541/1590/1541
f 1542/1591/1542 1552/1602/1552 1553/1603/1553
f 1553/1603/1553 1543/1592/1543 1542/1591/1542
f 1543/1592/1543 1553/1603/1553 1554/1604/1554
f 1554/1604/1554 1544/1593/1544 1543/1592/1543
f 1544/1593/1544 1554/1604/1554 1555/1605/1555
f 1555/1605/1555 1545/1594/1545 1544/1593/1544
f 1545/1594/1545 1555/1605/1555 1556/1606/1556
f 1556/1606/1556 1293/1337/1293 1545/1594/1545
f 1293/1337/1293 1556/1606/1556 1306/1350/1306
f 1307/1607/1307 1546/1596/1546 1294/1595/1294
f 1546/1596/1546 1307/1607/1307 1557/1608/1557
f 1557/1608/1557 1547/1597/1547 1546/1596/1546
f 1547/1597/1547 1557/1608/1557 1558/1609/1558
f 1558/1609/1558 1548/1598/1548 1547/1597/1547
f 1548/1598/1548 1558/1609/1558 1559/1610/1559
f 1559/1610/1559 1549/1599/1549 1548/1598/1548
f 1549/1599/1549 1559/1610/1559 1560/1611/1560
f 1560/1611/1560 1550/1600/1550 1549/1599/1549
f 1550/1600/1550 1560/1611/1560 1561/1612/1561
f 1561/1612/1561 1551/1601/1551 1550/1600/1550
f 1551/1601/1551 1561/1612/1561 1562/1613/1562
f 1562/1613/1562 1552/1602/1552 1551/1601/1551
f 1552/1602/1552 1562/1613/1562 1563/1614/1563
f 1563/1614/1563 1553/1603/1553 1552/1602/1552
f 1553/1603/1553 1563/1614/1563 1564/1615/1564
f 1564/1615/1564 1554/1604/1554 1553/1603/1553
f 1554/1604/1554 1564/1615/1564 1565/1616/1565
f 1565/1616/1565 1555/1605/1555 1554/1604/1554
f 1555/1605/1555 1565/1616/1565 1566/1617/1566
f 1566/1617/1566 1556/1606/1556 1555/1605/1555
f 1556/1606/1556 1566/1617/1566 1567/1618/1567
f 1567/1618/1567 1306/1350/1306 1556/1606/1556
f 1306/1350/1306 1567/1618/1567 1319/1363/1319
f 1320/1619/1320 1557/1608/1557 1307/1607/1307
f 1557/1608/1557 1320/1619/1320 1568/1620/1568
f 1568/1620/1568 1558/1609/1558 1557/1608/1557
f 1558/1609/1558 1568/1620/1568 1569/1621/1569
f 1569/1621/1569 1559/1610/1559 1558/1609/1558
f 1559/1610/1559 1569/1621/1569 1570/1622/1570
f 1570/1622/1570 1560/1611/1560 1559/1610/1559
f 1560/1611/1560 1570/1622/1570 1571/1623/1571
f 1571/1623/1571 1561/1612/1561 1560/1611/1560
f 1561/1612/1561 1571/1623/1571 1572/1624/1572
f 1572/1624/1572 1562/1613/1562 1561/1612/1561
f 1562/1613/1562 1572/1624/1572 1573/1625/1573
f 1573/1625/1573 1563/1614/1563 1562/1613/1562
f 1563/1614/1563 1573/1625/1573 1574/1626/1574
f 1574/1626/1574 1564/1615/1564 1563/1614/1563
f 1564/1615/1564 1574/1626/1574 1575/1627/1575
f 1575/1627/1575 1565/1616/1565 1564/1615/1564
f 1565/1616/1565 1575/1627/1575 1576/1628/1576
f 1576/1628/1576 1566/1617/1566 1565/1616/1565
f 1566/1617/1566 1576/1628/1576 1577/1629/1577
f 1577/1629/1577 1567/1618/1567 1566/1617/1566
f 1567/1618/1567 1577/1629/1577 1578/1630/1578
f 1578/1630/1578 1319/1363/1319 1567/1618/1567
f 1319/1363/1319 1578/1630/1578 1332/1376/1332
f 1333/1631/1333 1568/1620/1568 1320/1619/1320
f 1568/1620/1568 1333/1631/1333 1579/1632/1579
f 1579/1632/1579 1569/1621/1569 1568/1620/1568
f 1569/1621/1569 1579/1632/1579 1580/1633/1580
f 1580/1633/1580 1570/1622/1570 1569/1621/1569
f 1570/1622/1570 1580/1633/1580 1581/1634/1581
f 1581/1634/1581 1571/1623/1571 1570/1622/1570
f 1571/1623/1571 1581/1634/1581 1582/1635/1582
f 1582/1635/1582 1572/1624/1572 1571/1623/1571
f 1572/1624/1572 1582/1635/1582 1583/1636/1583
f 1583/1636/1583 1573/1625/1573 1572/1624/1572
f 1573/1625/1573 1583/1636/1583 1584/1637/1584
f 1584/1637/1584 1574/1626/1574 1573/1625/1573
f 1574/1626/1574 1584/1637/1584 1585/1638/1585
f 1585/1638/1585 1575/1627/1575 1574/1626/1574
f 1575/1627/1575 1585/1638/1585 1586/1639/1586
f 1586/1639/1586 1576/1628/1576 1575/1627/1575
f 1576/1628/1576 1586/1639/1586 1587/1640/1587
f 1587/1640/1587 1577/1629/1577 1576/1628/1576
f 1577/1629/1577 1587/1640/1587 1588/1641/1588
f 1588/1641/1588 1578/1630/1578 1577/1629/1577
f 1578/1630/1578 1588/1641/1588 1589/1642/1589
f 1589/1642/1589 1332/1376/1332 1578/1630/1578
f 1332/1376/1332 1589/1642/1589 1345/1389/1345
f 1346/1643/1346 1579/1632/1579 1333/1631/1333
f 1579/1632/1579 1346/1643/1346 1590/1644/1590
f 1590/1644/1590 1580/1633/1580 1579/1632/1579
f 1580/1633/1580 1590/1644/1590 1591/1645/1591
f 1591/1645/1591 1581/1634/1581 1580/1633/1580
f 1581/1634/1581 1591/1645/1591 1592/1646/1592
f 1592/1646/1592 1582/1635/1582 1581/1634/1581
f 1582/1635/1582 1592/1646/1592 1593/1647/1593
f 1593/1647/1593 1583/1636/1583 1582/1635/1582
f 1583/1636/1583 1593/1647/1593 1594/1648/1594
f 1594/1648/1594 1584/1637/1584 1583/1636/1583
f 1584/1637/1584 1594/1648/1594 1595/1649/1595
f 1595/1649/1595 1585/1638/1585 1584/1637/1584
f 1585/1638/1585 1595/1649/1595 1596/1650/1596
f 1596/1650/1596 1586/1639/1586 1585/1638/1585
f 1586/1639/1586 1596/1650/1596 1597/1651/1597
f 1597/1651/1597 1587/1640/1587 1586/1639/1586
f 1587/1640/1587 1597/1651/1597 1598/1652/1598
f 1598/1652/1598 1588/1641/1588 1587/1640/1587
f 1588/1641/1588 1598/1652/1598 1599/1653/1599
f 1599/1653/1599 1589/1642/1589 1588/1641/1588
f 1589/1642/1589 1599/1653/1599 1600/1654/1600
f 1600/1654/1600 1345/1389/1345 1589/1642/1589
f 1345/1389/1345 1600/1654/1600 1358/1402/1358
f 1601/1655/1601 1358/1402/1358 1600/1654/1600
f 1358/1402/1358 1601/1655/1601 1360/1404/1360
f 1602/1657/1602 1590/1644/1590 1361/1656/1361
f 1590/1644/1590 1346/1643/1346 1361/1656/1361
f 1590/1644/1590 1602/1657/1602 1603/1658/1603
f 1591/1645/1591 1590/1644/1590 1603/1658/1603
f 1591/1645/1591 1603/1658/1603 1604/1659/1604
f 1591/1645/1591 1604/1659/1604 1605/1660/1605
f 1606/1661/1606 1592/1646/1592 1605/1660/1605
f 1592/1646/1592 1591/1645/1591 1605/1660/1605
f 1592/1646/1592 1606/1661/1606 1607/1662/1607
f 1593/1647/1593 1592/1646/1592 1607/1662/1607
f 1593/1647/1593 1607/1662/1607 1608/1663/1608
f 1593/1647/1593 1608/1663/1608 1609/1664/1609
f 1594/1648/1594 1593/1647/1593 1609/1664/1609
f 1594/1648/1594 1609/1664/1609 1610/1665/1610
f 1594/1648/1594 1610/1665/1610 1611/1666/1611
f 1594/1648/1594 1611/1666/1611 1612/1667/1612
f 1595/1649/1595 1594/1648/1594 1612/1667/1612
f 1613/1668/1613 1595/1649/1595 1612/1667/1612
f 1595/1649/1595 1613/1668/1613 1614/1669/1614
f 1596/1650/1596 1595/1649/1595 1614/1669/1614
f 1615/1670/1615 1596/1650/1596 1614/1669/1614
f 1596/1650/1596 1615/1670/1615 1616/1671/1616
f 1597/1651/1597 1596/1650/1596 1616/1671/1616
f 1617/1672/1617 1597/1651/1597 1616/1671/1616
f 1618/1673/1618 1597/1651/1597 1617/1672/1617
f 1619/1674/1619 1598/1652/1598 1618/1673/1618
f 1598/1652/1598 1597/1651/1597 1618/1673/1618
f 1620/1675/1620 1598/1652/1598 1619/1674/1619
f 1621/1676/1621 1599/1653/1599 1620/1675/1620
f 1599/1653/1599 1598/1652/1598 1620/1675/1620
f 1622/1677/1622 1599/1653/1599 1621/1676/1621
f 1599/1653/1599 1622/1677/1622 1623/1678/1623
f 1600/1654/1600 1599/1653/1599 1623/1678/1623
f 1600/1654/1600 1623/1678/1623 1624/1679/1624
f 1601/1655/1601 1600/1654/1600 1624/1679/1624
f 1601/1655/1601 1624/1679/1624 1625/1680/1625
f 1601/1655/1601 1625/1680/1625 1386/1430/1386
f 1360/1404/1360 1601/1655/1601 1386/1430/1386
f 1387/1681/1387 1602/1657/1602 1361/1656/1361
f 1602/1657/1602 1387/1681/1387 1626/1685/1626
f 1388/1682/1388 1626/1685/1626 1387/1681/1387
f 1626/1685/1626 1388/1682/1388 1627/1686/1627
f 1389/1683/1389 1627/1686/1627 1388/1682/1388
f 1627/1686/1627 1389/1683/1389 1628/1687/1628
f 1390/1684/1390 1628/1687/1628 1389/1683/1389
f 1628/1687/1628 1390/1684/1390 1629/1688/1629
f 1626/1685/1626 1603/1658/1603 1602/1657/1602
f 1603/1658/1603 1626/1685/1626 1630/1689/1630
f 1627/1686/1627 1630/1689/1630 1626/1685/1626
f 1630/1689/1630 1627/1686/1627 1631/1690/1631
f 1628/1687/1628 1631/1690/1631 1627/1686/1627
f 1631/1690/1631 1628/1687/1628 1632/1691/1632
f 1629/1688/1629 1632/1691/1632 1628/1687/1628
f 1632/1691/1632 1629/1688/1629 1633/1692/1633
f 1630/1689/1630 1604/1659/1604 1603/1658/1603
f 1604/1659/1604 1630/1689/1630 1634/1693/1634
f 1631/1690/1631 1634/1693/1634 1630/1689/1630
f 1634/1693/1634 1631/1690/1631 1635/1694/1635
f 1632/1691/1632 1635/1694/1635 1631/1690/1631
f 1635/1694/1635 1632/1691/1632 1636/1695/1636
f 1633/1692/1633 1636/1695/1636 1632/1691/1632
f 1636/1695/1636 1633/1692/1633 1637/1696/1637
f 1634/1693/1634 1605/1660/1605 1604/1659/1604
f 1605/1660/1605 1634/1693/1634 1638/1697/1638
f 1635/1694/1635 1638/1697/1638 1634/1693/1634
f 1638/1697/1638 1635/1694/1635 1639/1698/1639
f 1636/1695/1636 1639/1698/1639 1635/1694/1635
f 1639/1698/1639 1636/1695/1636 1640/1699/1640
f 1637/1696/1637 1640/1699/1640 1636/1695/1636
f 1640/1699/1640 1637/1696/1637 1641/1700/1641
f 1638/1697/1638 1606/1661/1606 1605/1660/1605
f 1606/1661/1606 1638/1697/1638 1642/1701/1642
f 1639/1698/1639 1642/1701/1642 1638/1697/1638
f 1642/1701/1642 1639/1698/1639 1643/1702/1643
f 1640/1699/1640 1643/1702/1643 1639/1698/1639
f 1643/1702/1643 1640/1699/1640 1644/1703/1644
f 1641/1700/1641 1644/1703/1644 1640/1699/1640
f 1644/1703/1644 1641/1700/1641 1645/1704/1645
f 1642/1701/1642 1607/1662/1607 1606/1661/1606
f 1607/1662/1607 1642/1701/1642 1646/1705/1646
f 1643/1702/1643 1646/1705/1646 1642/1701/1642
f 1646/1705/1646 1643/1702/1643 1647/1706/1647
f 1644/1703/1644 1647/1706/1647 1643/1702/1643
f 1647/1706/1647 1644/1703/1644 1648/1707/1648
f 1645/1704/1645 1648/1707/1648 1644/1703/1644
f 1648/1707/1648 1645/1704/1645 1649/1708/1649
f 1646/1705/1646 1608/1663/1608 1607/1662/1607
f 1608/1663/1608 1646/1705/1646 1650/1709/1650
f 1647/1706/1647 1650/1709/1650 1646/1705/1646
f 1650/1709/1650 1647/1706/1647 1651/1710/1651
f 1648/1707/1648 1651/1710/1651 1647/1706/1647
f 1651/1710/1651 1648/1707/1648 1652/1711/1652
f 1649/1708/1649 1652/1711/1652 1648/1707/1648
f 1652/1711/1652 1649/1708/1649 1653/1712/1653
f 1650/1709/1650 1609/1664/1609 1608/1663/1608
f 1609/1664/1609 1650/1709/1650 1654/1713/1654
f 1651/1710/1651 1654/1713/1654 1650/1709/1650
f 1654/1713/1654 1651/1710/1651 1655/1714/1655
f 1652/1711/1652 1655/1714/1655 1651/1710/1651
f 1655/1714/1655 1652/1711/1652 1656/1715/1656
f 1653/1712/1653 1656/1715/1656 1652/1711/1652
f 1656/1715/1656 1653/1712/1653 1657/1716/1657
f 1654/1713/1654 1610/1665/1610 1609/1664/1609
f 1610/1665/1610 1654/1713/1654 1658/1717/1658
f 1655/1714/1655 1658/1717/1658 1654/1713/1654
f 1658/1717/1658 1655/1714/1655 1659/1718/1659
f 1656/1715/1656 1659/1718/1659 1655/1714/1655
f 1659/1718/1659 1656/1715/1656 1660/1719/1660
f 1657/1716/1657 1660/1719/1660 1656/1715/1656
f 1660/1719/1660 1657/1716/1657 1661/1720/1661
f 1658/1717/1658 1611/1666/1611 1610/1665/1610
f 1611/1666/1611 1658/1717/1658 1662/1721/1662
f 1659/1718/1659 1662/1721/1662 1658/1717/1658
f 1662/1721/1662 1659/1718/1659 1663/1722/1663
f 1660/1719/1660 1663/1722/1663 1659/1718/1659
f 1663/1722/1663 1660/1719/1660 1664/1723/1664
f 1661/1720/1661 1664/1723/1664 1660/1719/1660
f 1664/1723/1664 1661/1720/1661 1665/1724/1665
f 1662/1721/1662 1612/1667/1612 1611/1666/1611
f 1612/1667/1612 1662/1721/1662 1666/1725/1666
f 1663/1722/1663 1666/1725/1666 1662/1721/1662
f 1666/1725/1666 1663/1722/1663 1667/1726/1667
f 1664/1723/1664 1667/1726/1667 1663/1722/1663
f 1667/1726/1667 1664/1723/1664 1668/1727/1668
f 1665/1724/1665 1668/1727/1668 1664/1723/1664
f 1668/1727/1668 1665/1724/1665 1669/1728/1669
f 1666/1725/1666 1613/1668/1613 1612/1667/1612
f 1613/1668/1613 1666/1725/1666 1670/1729/1670
f 1667/1726/1667 1670/1729/1670 1666/1725/1666
f 1670/1729/1670 1667/1726/1667 1671/1730/1671
f 1668/1727/1668 1671/1730/1671 1667/1726/1667
f 1671/1730/1671 1668/1727/1668 1672/1731/1672
f 1669/1728/1669 1672/1731/1672 1668/1727/1668
f 1672/1731/1672 1669/1728/1669 1673/1732/1673
f 1670/1729/1670 1614/1669/1614 1613/1668/1613
f 1614/1669/1614 1670/1729/1670 1674/1733/1674
f 1671/1730/1671 1674/1733/1674 1670/1729/1670
f 1674/1733/1674 1671/1730/1671 1675/1734/1675
f 1672/1731/1672 1675/1734/1675 1671/1730/1671
f 1675/1734/1675 1672/1731/1672 1676/1735/1676
f 1673/1732/1673 1676/1735/1676 1672/1731/1672
f 1676/1735/1676 1673/1732/1673 1677/1736/1677
f 1674/1733/1674 1615/1670/1615 1614/1669/1614
f 1615/1670/1615 1674/1733/1674 1678/1737/1678
f 1675/1734/1675 1678/1737/1678 1674/1733/1674
f 1678/1737/1678 1675/1734/1675 1679/1738/1679
f 1676/1735/1676 1679/1738/1679 1675/1734/1675
f 1679/1738/1679 1676/1735/1676 1680/1739/1680
f 1677/1736/1677 1680/1739/1680 1676/1735/1676
f 1680/1739/1680 1677/1736/1677 1681/1740/1681
f 1678/1737/1678 1616/1671/1616 1615/1670/1615
f 1616/1671/1616 1678/1737/1678 1682/1741/1682
f 1679/1738/1679 1682/1741/1682 1678/1737/1678
f 1682/1741/1682 1679/1738/1679 1683/1742/1683
f 1680/1739/1680 1683/1742/1683 1679/1738/1679
f 1683/1742/1683 1680/1739/1680 1684/1743/1684
f 1681/1740/1681 1684/1743/1684 1680/1739/1680
f 1684/1743/1684 1681/1740/1681 1685/1744/1685
f 1682/1741/1682 1617/1672/1617 1616/1671/1616
f 1617/1672/1617 1682/1741/1682 1686/1745/1686
f 1683/1742/1683 1686/1745/1686 1682/1741/1682
f 1686/1745/1686 1683/1742/1683 1687/1746/1687
f 1684/1743/1684 1687/1746/1687 1683/1742/1683
f 1687/1746/1687 1684/1743/1684 1688/1747/1688
f 1685/1744/1685 1688/1747/1688 1684/1743/1684
f 1688/1747/1688 1685/1744/1685 1689/1748/1689
f 1686/1745/1686 1618/1673/1618 1617/1672/1617
f 1618/1673/1618 1686/1745/1686 1690/1749/1690
f 1687/1746/1687 1690/1749/1690 1686/1745/1686
f 1690/1749/1690 1687/1746/1687 1691/1750/1691
f 1688/1747/1688 1691/1750/1691 1687/1746/1687
f 1691/1750/1691 1688/1747/1688 1692/1751/1692
f 1689/1748/1689 1692/1751/1692 1688/1747/1688
f 1692/1751/1692 1689/1748/1689 1693/1752/1693
f 1690/1749/1690 1619/1674/1619 1618/1673/1618
f 1619/1674/1619 1690/1749/1690 1694/1753/1694
f 1691/1750/1691 1694/1753/1694 1690/1749/1690
f 1694/1753/1694 1691/1750/1691 1695/1754/1695
f 1692/1751/1692 1695/1754/1695 1691/1750/1691
f 1695/1754/1695 1692/1751/1692 1696/1755/1696
f 1693/1752/1693 1696/1755/1696 1692/1751/1692
f 1696/1755/1696 1693/1752/1693 1697/1756/1697
f 1694/1753/1694 1620/1675/1620 1619/1674/1619
f 1620/1675/1620 1694/1753/1694 1698/1757/1698
f 1695/1754/1695 1698/1757/1698 1694/1753/1694
f 1698/1757/1698 1695/1754/1695 1699/1758/1699
f 1696/1755/1696 1699/1758/1699 1695/1754/1695
f 1699/1758/1699 1696/1755/1696 1700/1759/1700
f 1697/1756/1697 1700/1759/1700 1696/1755/1696
f 1700/1759/1700 1697/1756/1697 1701/1760/1701
f 1698/1757/1698 1621/1676/1621 1620/1675/1620
f 1621/1676/1621 1698/1757/1698 1702/1761/1702
f 1699/1758/1699 1702/1761/1702 1698/1757/1698
f 1702/1761/1702 1699/1758/1699 1703/1762/1703
f 1700/1759/1700 1703/1762/1703 1699/1758/1699
f 1703/1762/1703 1700/1759/1700 1704/1763/1704
f 1701/1760/1701 1704/1763/1704 1700/1759/1700
f 1704/1763/1704 1701/1760/1701 1705/1764/1705
f 1702/1761/1702 1622/1677/1622 1621/1676/1621
f 1622/1677/1622 1702/1761/1702 1706/1765/1706
f 1703/1762/1703 1706/1765/1706 1702/1761/1702
f 1706/1765/1706 1703/1762/1703 1707/1766/1707
f 1704/1763/1704 1707/1766/1707 1703/1762/1703
f 1707/1766/1707 1704/1763/1704 1708/1767/1708
f 1705/1764/1705 1708/1767/1708 1704/1763/1704
f 1708/1767/1708 1705/1764/1705 1709/1768/1709
f 1706/1765/1706 1623/1678/1623 1622/1677/1622
f 1623/1678/1623 1706/1765/1706 1710/1769/1710
f 1707/1766/1707 1710/1769/1710 1706/1765/1706
f 1710/1769/1710 1707/1766/1707 1711/1770/1711
f 1708/1767/1708 1711/1770/1711 1707/1766/1707
f 1711/1770/1711 1708/1767/1708 1712/1771/1712
f 1709/1768/1709 1712/1771/1712 1708/1767/1708
f 1712/1771/1712 1709/1768/1709 1713/1772/1713
f 1710/1769/1710 1624/1679/1624 1623/1678/1623
f 1624/1679/1624 1710/1769/1710 1714/1773/1714
f 1711/1770/1711 1714/1773/1714 1710/1769/1710
f 1714/1773/1714 1711/1770/1711 1715/1774/1715
f 1712/1771/1712 1715/1774/1715 1711/1770/1711
f 1715/1774/1715 1712/1771/1712 1716/1775/1716
f 1713/1772/1713 1716/1775/1716 1712/1771/1712
f 1716/1775/1716 1713/1772/1713 1717/1776/1717
f 1714/1773/1714 1625/1680/1625 1624/1679/1624
f 1625/1680/1625 1714/1773/1714 1718/1777/1718
f 1715/1774/1715 1718/1777/1718 1714/1773/1714
f 1718/1777/1718 1715/1774/1715 1719/1778/1719
f 1716/1775/1716 1719/1778/1719 1715/1774/1715
f 1719/1778/1719 1716/1775/1716 1720/1779/1720
f 1717/1776/1717 1720/1779/1720 1716/1775/1716
f 1720/1779/1720 1717/1776/1717 1721/1780/1721
f 1718/1777/1718 1386/1430/1386 1625/1680/1625
f 1386/1430/1386 1718/1777/1718 1487/1531/1487
f 1719/1778/1719 1487/1531/1487 1718/1777/1718
f 1487/1531/1487 1719/1778/1719 1488/1532/1488
f 1720/1779/1720 1488/1532/1488 1719/1778/1719
f 1488/1532/1488 1720/1779/1720 1489/1533/1489
f 1721/1780/1721 1489/1533/1489 1720/1779/1720
f 1489/1533/1489 1721/1780/1721 1490/1534/1490
f 1722/1781/1722 1724/1783/1724 1723/1782/1723
f 1722/1781/1722 1725/1784/1725 1724/1783/1724
f 1722/1781/1722 1726/1785/1726 1725/1784/1725
f 1722/1781/1722 1727/1786/1727 1726/1785/1726
f 1722/1781/1722 1728/1787/1728 1727/1786/1727
f 1722/1781/1722 1729/1788/1729 1728/1787/1728
f 1722/1781/1722 1730/1789/1730 1729/1788/1729
f 1722/1781/1722 1731/1790/1731 1730/1789/1730
f 1722/1781/1722 1732/1791/1732 1731/1790/1731
f 1722/1781/1722 1733/1792/1733 1732/1791/1732
f 1722/1781/1722 1734/1793/1734 1733/1792/1733
f 1722/1781/1722 1735/1794/1735 1734/1793/1734
f 1724/1783/1724 1736/1795/1736 1723/1782/1723
f 1736/1795/1736 1724/1783/1724 1737/1796/1737
f 1725/1784/1725 1737/1796/1737 1724/1783/1724
f 1737/1796/1737 1725/1784/1725 1738/1797/1738
f 1726/1785/1726 1738/1797/1738 1725/1784/1725
f 1738/1797/1738 1726/1785/1726 1739/1798/1739
f 1727/1786/1727 1739/1798/1739 1726/1785/1726
f 1739/1798/1739 1727/1786/1727 1740/1799/1740
f 1728/1787/1728 1740/1799/1740 1727/1786/1727
f 1740/1799/1740 1728/1787/1728 1741/1800/1741
f 1729/1788/1729 1741/1800/1741 1728/1787/1728
f 1741/1800/1741 1729/1788/1729 1742/1801/1742
f 1730/1789/1730 1742/1801/1742 1729/1788/1729
f 1742/1801/1742 1730/1789/1730 1743/1802/1743
f 1731/1790/1731 1743/1802/1743 1730/1789/1730
f 1743/1802/1743 1731/1790/1731 1744/1803/1744
f 1732/1791/1732 1744/1803/1744 1731/1790/1731
f 1744/1803/1744 1732/1791/1732 1745/1804/1745
f 1733/1792/1733 1745/1804/1745 1732/1791/1732
f 1745/1804/1745 1733/1792/1733 1746/1805/1746
f 1734/1793/1734 1746/1805/1746 1733/1792/1733
f 1746/1805/1746 1734/1793/1734 1747/1806/1747
f 1735/1794/1735 1747/1806/1747 1734/1793/1734
f 1747/1806/1747 1735/1794/1735 1748/1807/1748
f 1737/1796/1737 1749/1808/1749 1736/1795/1736
f 1749/1808/1749 1737/1796/1737 1750/1809/1750
f 1738/1797/1738 1750/1809/1750 1737/1796/1737
f 1750/1809/1750 1738/1797/1738 1751/1810/1751
f 1739/1798/1739 1751/1810/1751 1738/1797/1738
f 1751/1810/1751 1739/1798/1739 1752/1811/1752
f 1740/1799/1740 1752/1811/1752 1739/1798/1739
f 1752/1811/1752 1740/1799/1740 1753/1812/1753
f 1741/1800/1741 1753/1812/1753 1740/1799/1740
f 1753/1812/1753 1741/1800/1741 1754/1813/1754
f 1742/1801/1742 1754/1813/1754 1741/1800/1741
f 1754/1813/1754 1742/1801/1742 1755/1814/1755
f 1743/1802/1743 1755/1814/1755 1742/1801/1742
f 1755/1814/1755 1743/1802/1743 1756/1815/1756
f 1744/1803/1744 1756/1815/1756 1743/1802/1743
f 1756/1815/1756 1744/1803/1744 1757/1816/1757
f 1745/1804/1745 1757/1816/1757 1744/1803/1744
f 1757/1816/1757 1745/1804/1745 1758/1817/1758
f 1746/1805/1746 1758/1817/1758 1745/1804/1745
f 1758/1817/1758 1746/1805/1746 1759/1818/1759
f 1747/1806/1747 1759/1818/1759 1746/1805/1746
f 1759/1818/1759 1747/1806/1747 1760/1819/1760
f 1748/1807/1748 1760/1819/1760 1747/1806/1747
f 1760/1819/1760 1748/1807/1748 1761/1820/1761
f 1750/1809/1750 1762/1821/1762 1749/1808/1749
f 1762/1821/1762 1750/1809/1750 1763/1822/1763
f 1751/1810/1751 1763/1822/1763 1750/1809/1750
f 1763/1822/1763 1751/1810/1751 1764/1823/1764
f 1752/1811/1752 1764/1823/1764 1751/1810/1751
f 1764/1823/1764 1752/1811/1752 1765/1824/1765
f 1753/1812/1753 1765/1824/1765 1752/1811/1752
f 1765/1824/1765 1753/1812/1753 1766/1825/1766
f 1754/1813/1754 1766/1825/1766 1753/1812/1753
f 1766/1825/1766 1754/1813/1754 1767/1826/1767
f 1755/1814/1755 1767/1826/1767 1754/1813/1754
f 1767/1826/1767 1755/1814/1755 1768/1827/1768
f 1756/1815/1756 1768/1827/1768 1755/1814/1755
f 1768/1827/1768 1756/1815/1756 1769/1828/1769
f 1757/1816/1757 1769/1828/1769 1756/1815/1756
f 1769/1828/1769 1757/1816/1757 1770/1829/1770
f 1758/1817/1758 1770/1829/1770 1757/1816/1757
f 1770/1829/1770 1758/1817/1758 1771/1830/1771
f 1759/1818/1759 1771/1830/1771 1758/1817/1758
f 1771/1830/1771 1759/1818/1759 1772/1831/1772
f 1760/1819/1760 1772/1831/1772 1759/1818/1759
f 1772/1831/1772 1760/1819/1760 1773/1832/1773
f 1761/1820/1761 1773/1832/1773 1760/1819/1760
f 1773/1832/1773 1761/1820/1761 1774/1833/1774
f 1763/1822/1763 1775/1834/1775 1762/1821/1762
f 1775/1834/1775 1763/1822/1763 1776/1835/1776
f 1764/1823/1764 1776/1835/1776 1763/1822/1763
f 1776/1835/1776 1764/1823/1764 1777/1836/1777
f 1765/1824/1765 1777/1836/1777 1764/1823/1764
f 1777/1836/1777 1765/1824/1765 1778/1837/1778
f 1766/1825/1766 1778/1837/1778 1765/1824/1765
f 1778/1837/1778 1766/1825/1766 1779/1838/1779
f 1767/1826/1767 1779/1838/1779 1766/1825/1766
f 1779/1838/1779 1767/1826/1767 1780/1839/1780
f 1768/1827/1768 1780/1839/1780 1767/1826/1767
f 1780/1839/1780 1768/1827/1768 1781/1840/1781
f 1769/1828/1769 1781/1840/1781 1768/1827/1768
f 1781/1840/1781 1769/1828/1769 1782/1841/1782
f 1770/1829/1770 1782/1841/1782 1769/1828/1769
f 1782/1841/1782 1770/1829/1770 1783/1842/1783
f 1771/1830/1771 1783/1842/1783 1770/1829/1770
f 1783/1842/1783 1771/1830/1771 1784/1843/1784
f 1772/1831/1772 1784/1843/1784 1771/1830/1771
f 1784/1843/1784 1772/1831/1772 1785/1844/1785
f 1773/1832/1773 1785/1844/1785 1772/1831/1772
f 1785/1844/1785 1773/1832/1773 1786/1845/1786
f 1774/1833/1774 1786/1845/1786 1773/1832/1773
f 1786/1845/1786 1774/1833/1774 1787/1846/1787
f 1776/1835/1776 1788/1847/1788 1775/1834/1775
f 1788/1847/1788 1776/1835/1776 1789/1848/1789
f 1777/1836/1777 1789/1848/1789 1776/1835/1776
f 1789/1848/1789 1777/1836/1777 1790/1849/1790
f 1778/1837/1778 1790/1849/1790 1777/1836/1777
f 1790/1849/1790 1778/1837/1778 1791/1850/1791
f 1779/1838/1779 1791/1850/1791 1778/1837/1778
f 1791/1850/1791 1779/1838/1779 1792/1851/1792
f 1780/1839/1780 1792/1851/1792 1779/1838/1779
f 1792/1851/1792 1780/1839/1780 1793/1852/1793
f 1781/1840/1781 1793/1852/1793 1780/1839/1780
f 1793/1852/1793 1781/1840/1781 1794/1853/1794
f 1782/1841/1782 1794/1853/1794 1781/1840/1781
f 1794/1853/1794 1782/1841/1782 1795/1854/1795
f 1783/1842/1783 1795/1854/1795 1782/1841/1782
f 1795/1854/1795 1783/1842/1783 1796/1855/1796
f 1784/1843/1784 1796/1855/1796 1783/1842/1783
f 1796/1855/1796 1784/1843/1784 1797/1856/1797
f 1785/1844/1785 1797/1856/1797 1784/1843/1784
f 1797/1856/1797 1785/1844/1785 1798/1857/1798
f 1786/1845/1786 1798/1857/1798 1785/1844/1785
f 1798/1857/1798 1786/1845/1786 1799/1858/1799
f 1787/1846/1787 1799/1858/1799 1786/1845/1786
f 1799/1858/1799 1787/1846/1787 1800/1859/1800
f 1789/1848/1789 1801/1860/1801 1788/1847/1788
f 1801/1860/1801 1789/1848/1789 1802/1861/1802
f 1790/1849/1790 1802/1861/1802 1789/1848/1789
f 1802/1861/1802 1790/1849/1790 1803/1862/1803
f 1791/1850/1791 1803/1862/1803 1790/1849/1790
f 1803/1862/1803 1791/1850/1791 1804/1863/1804
f 1792/1851/1792 1804/1863/1804 1791/1850/1791
f 1804/1863/1804 1792/1851/1792 1805/1864/1805
f 1793/1852/1793 1805/1864/1805 1792/1851/1792
f 1805/1864/1805 1793/1852/1793 1806/1865/1806
f 1794/1853/1794 1806/1865/1806 1793/1852/1793
f 1806/1865/1806 1794/1853/1794 1807/1866/1807
f 1795/1854/1795 1807/1866/1807 1794/1853/1794
f 1807/1866/1807 1795/1854/1795 1808/1867/1808
f 1796/1855/1796 1808/1867/1808 1795/1854/1795
f 1808/1867/1808 1796/1855/1796 1809/1868/1809
f 1797/1856/1797 1809/1868/1809 1796/1855/1796
f 1809/1868/1809 1797/1856/1797 1810/1869/1810
f 1798/1857/1798 1810/1869/1810 1797/1856/1797
f 1810/1869/1810 1798/1857/1798 1811/1870/1811
f 1799/1858/1799 1811/1870/1811 1798/1857/1798
f 1811/1870/1811 1799/1858/1799 1812/1871/1812
f 1800/1859/1800 1812/1871/1812 1799/1858/1799
f 1812/1871/1812 1800/1859/1800 1813/1872/1813
f 1802/1861/1802 1814/1873/1814 1801/1860/1801
f 1814/1873/1814 1802/1861/1802 1815/1874/1815
f 1803/1862/1803 1815/1874/1815 1802/1861/1802
f 1815/1874/1815 1803/1862/1803 1816/1875/1816
f 1804/1863/1804 1816/1875/1816 1803/1862/1803
f 1816/1875/1816 1804/1863/1804 1817/1876/1817
f 1805/1864/1805 1817/1876/1817 1804/1863/1804
f 1817/1876/1817 1805/1864/1805 1818/1877/1818
f 1806/1865/1806 1818/1877/1818 1805/1864/1805
f 1818/1877/1818 1806/1865/1806 1819/1878/1819
f 1807/1866/1807 1819/1878/1819 1806/1865/1806
f 1819/1878/1819 1807/1866/1807 1820/1879/1820
f 1808/1867/1808 1820/1879/1820 1807/1866/1807
f 1820/1879/1820 1808/1867/1808 1821/1880/1821
f 1809/1868/1809 1821/1880/1821 1808/1867/1808
f 1821/1880/1821 1809/1868/1809 1822/1881/1822
f 1810/1869/1810 1822/1881/1822 1809/1868/1809
f 1822/1881/1822 1810/1869/1810 1823/1882/1823
f 1811/1870/1811 1823/1882/1823 1810/1869/1810
f 1823/1882/1823 1811/1870/1811 1824/1883/1824
f 1812/1871/1812 1824/1883/1824 1811/1870/1811
f 1824/1883/1824 1812/1871/1812 1825/1884/1825
f 1813/1872/1813 1825/1884/1825 1812/1871/1812
f 1825/1884/1825 1813/1872/1813 1826/1885/1826
f 1815/1874/1815 1827/1886/1827 1814/1873/1814
f 1827/1886/1827 1815/1874/1815 1828/1887/1828
f 1816/1875/1816 1828/1887/1828 1815/1874/1815
f 1828/1887/1828 1816/1875/1816 1829/1888/1829
f 1817/1876/1817 1829/1888/1829 1816/1875/1816
f 1829/1888/1829 1817/1876/1817 1830/1889/1830
f 1818/1877/1818 1830/1889/1830 1817/1876/1817
f 1830/1889/1830 1818/1877/1818 1831/1890/1831
f 1819/1878/1819 1831/1890/1831 1818/1877/1818
f 1831/1890/1831 1819/1878/1819 1832/1891/1832
f 1820/1879/1820 1832/1891/1832 1819/1878/1819
f 1832/1891/1832 1820/1879/1820 1833/1892/1833
f 1821/1880/1821 1833/1892/1833 1820/1879/1820
f 1833/1892/1833 1821/1880/1821 1834/1893/1834
f 1822/1881/1822 1834/1893/1834 1821/1880/1821
f 1834/1893/1834 1822/1881/1822 1835/1894/1835
f 1823/1882/1823 1835/1894/1835 1822/1881/1822
f 1835/1894/1835 1823/1882/1823 1836/1895/1836
f 1824/1883/1824 1836/1895/1836 1823/1882/1823
f 1836/1895/1836 1824/1883/1824 1837/1896/1837
f 1825/1884/1825 1837/1896/1837 1824/1883/1824
f 1837/1896/1837 1825/1884/1825 1838/1897/1838
f 1826/1885/1826 1838/1897/1838 1825/1884/1825
f 1838/1897/1838 1826/1885/1826 1839/1898/1839
f 1828/1887/1828 1840/1899/1840 1827/1886/1827
f 1840/1899/1840 1828/1887/1828 1841/1900/1841
f 1829/1888/1829 1841/1900/1841 1828/1887/1828
f 1841/1900/1841 1829/1888/1829 1842/1901/1842
f 1830/1889/1830 1842/1901/1842 1829/1888/1829
f 1842/1901/1842 1830/1889/1830 1843/1902/1843
f 1831/1890/1831 1843/1902/1843 1830/1889/1830
f 1843/1902/1843 1831/1890/1831 1844/1903/1844
f 1832/1891/1832 1844/1903/1844 1831/1890/1831
f 1844/1903/1844 1832/1891/1832 1845/1904/1845
f 1833/1892/1833 1845/1904/1845 1832/1891/1832
f 1845/1904/1845 1833/1892/1833 1846/1905/1846
f 1834/1893/1834 1846/1905/1846 1833/1892/1833
f 1846/1905/1846 1834/1893/1834 1847/1906/1847
f 1835/1894/1835 1847/1906/1847 1834/1893/1834
f 1847/1906/1847 1835/1894/1835 1848/1907/1848
f 1836/1895/1836 1848/1907/1848 1835/1894/1835
f 1848/1907/1848 1836/1895/1836 1849/1908/1849
f 1837/1896/1837 1849/1908/1849 1836/1895/1836
f 1849/1908/1849 1837/1896/1837 1850/1909/1850
f 1838/1897/1838 1850/1909/1850 1837/1896/1837
f 1850/1909/1850 1838/1897/1838 1851/1910/1851
f 1839/1898/1839 1851/1910/1851 1838/1897/1838
f 1851/1910/1851 1839/1898/1839 1852/1911/1852
f 1841/1900/1841 1853/1912/1853 1840/1899/1840
f 1853/1912/1853 1841/1900/1841 1854/1913/1854
f 1842/1901/1842 1854/1913/1854 1841/1900/1841
f 1854/1913/1854 1842/1901/1842 1855/1914/1855
f 1843/1902/1843 1855/1914/1855 1842/1901/1842
f 1855/1914/1855 1843/1902/1843 1856/1915/1856
f 1844/1903/1844 1856/1915/1856 1843/1902/1843
f 1856/1915/1856 1844/1903/1844 1857/1916/1857
f 1845/1904/1845 1857/1916/1857 1844/1903/1844
f 1857/1916/1857 1845/1904/1845 1858/1917/1858
f 1846/1905/1846 1858/1917/1858 1845/1904/1845
f 1858/1917/1858 1846/1905/1846 1859/1918/1859
f 1847/1906/1847 1859/1918/1859 1846/1905/1846
f 1859/1918/1859 1847/1906/1847 1860/1919/1860
f 1848/1907/1848 1860/1919/1860 1847/1906/1847
f 1860/1919/1860 1848/1907/1848 1861/1920/1861
f 1849/1908/1849 1861/1920/1861 1848/1907/1848
f 1861/1920/1861 1849/1908/1849 1862/1921/1862
f 1850/1909/1850 1862/1921/1862 1849/1908/1849
f 1862/1921/1862 1850/1909/1850 1863/1922/1863
f 1851/1910/1851 1863/1922/1863 1850/1909/1850
f 1863/1922/1863 1851/1910/1851 1864/1923/1864
f 1852/1911/1852 1864/1923/1864 1851/1910/1851
f 1864/1923/1864 1852/1911/1852 1865/1924/1865
f 1854/1913/1854 1866/1925/1866 1853/1912/1853
f 1866/1925/1866 1854/1913/1854 1867/1926/1867
f 1855/1914/1855 1867/1926/1867 1854/1913/1854
f 1867/1926/1867 1855/1914/1855 1868/1927/1868
f 1856/1915/1856 1868/1927/1868 1855/1914/1855
f 1868/1927/1868 1856/1915/1856 1869/1928/1869
f 1857/1916/1857 1869/1928/1869 1856/1915/1856
f 1869/1928/1869 1857/1916/1857 1870/1929/1870
f 1858/1917/1858 1870/1929/1870 1857/1916/1857
f 1870/1929/1870 1858/1917/1858 1871/1930/1871
f 1859/1918/1859 1871/1930/1871 1858/1917/1858
f 1871/1930/1871 1859/1918/1859 1872/1931/1872
f 1860/1919/1860 1872/1931/1872 1859/1918/1859
f 1872/1931/1872 1860/1919/1860 1873/1932/1873
f 1861/1920/1861 1873/1932/1873 1860/1919/1860
f 1873/1932/1873 1861/1920/1861 1874/1933/1874
f 1862/1921/1862 1874/1933/1874 1861/1920/1861
f 1874/1933/1874 1862/1921/1862 1875/1934/1875
f 1863/1922/1863 1875/1934/1875 1862/1921/1862
f 1875/1934/1875 1863/1922/1863 1876/1935/1876
f 1864/1923/1864 1876/1935/1876 1863/1922/1863
f 1876/1935/1876 1864/1923/1864 1877/1936/1877
f 1865/1924/1865 1877/1936/1877 1864/1923/1864
f 1877/1936/1877 1865/1924/1865 1878/1937/1878
f 1722/1781/1722 1879/1938/1879 1735/1794/1735
f 1722/1781/1722 1880/1939/1880 1879/1938/1879
f 1722/1781/1722 1881/1940/1881 1880/1939/1880
f 1722/1781/1722 1882/1941/1882 1881/1940/1881
f 1722/1781/1722 1883/1942/1883 1882/1941/1882
f 1722/1781/1722 1884/1943/1884 1883/1942/1883
f 1722/1781/1722 1885/1944/1885 1884/1943/1884
f 1722/1781/1722 1886/1945/1886 1885/1944/1885
f 1722/1781/1722 1887/1946/1887 1886/1945/1886
f 1722/1781/1722 1888/1947/1888 1887/1946/1887
f 1722/1781/1722 1889/1948/1889 1888/1947/1888
f 1722/1781/1722 1890/1949/1890 1889/1948/1889
f 1879/1938/1879 1748/1807/1748 1735/1794/1735
f 1748/1807/1748 1879/1938/1879 1891/1950/1891
f 1880/1939/1880 1891/1950/1891 1879/1938/1879
f 1891/1950/1891 1880/1939/1880 1892/1951/1892
f 1881/1940/1881 1892/1951/1892 1880/1939/1880
f 1892/1951/1892 1881/1940/1881 1893/1952/1893
f 1882/1941/1882 1893/1952/1893 1881/1940/1881
f 1893/1952/1893 1882/1941/1882 1894/1953/1894
f 1883/1942/1883 1894/1953/1894 1882/1941/1882
f 1894/1953/1894 1883/1942/1883 1895/1954/1895
f 1884/1943/1884 1895/1954/1895 1883/1942/1883
f 1895/1954/1895 1884/1943/1884 1896/1955/1896
f 1885/1944/1885 1896/1955/1896 1884/1943/1884
f 1896/1955/1896 1885/1944/1885 1897/1956/1897
f 1886/1945/1886 1897/1956/1897 1885/1944/1885
f 1897/1956/1897 1886/1945/1886 1898/1957/1898
f 1887/1946/1887 1898/1957/1898 1886/1945/1886
f 1898/1957/1898 1887/1946/1887 1899/1958/1899
f 1888/1947/1888 1899/1958/1899 1887/1946/1887
f 1899/1958/1899 1888/1947/1888 1900/1959/1900
f 1889/1948/1889 1900/1959/1900 1888/1947/1888
f 1900/1959/1900 1889/1948/1889 1901/1960/1901
f 1890/1949/1890 1901/1960/1901 1889/1948/1889
f 1901/1960/1901 1890/1949/1890 1902/1961/1902
f 1891/1950/1891 1761/1820/1761 1748/1807/1748
f 1761/1820/1761 1891/1950/1891 1903/1962/1903
f 1892/1951/1892 1903/1962/1903 1891/1950/1891
f 1903/1962/1903 1892/1951/1892 1904/1963/1904
f 1893/1952/1893 1904/1963/1904 1892/1951/1892
f 1904/1963/1904 1893/1952/1893 1905/1964/1905
f 1894/1953/1894 1905/1964/1905 1893/1952/1893
f 1905/1964/1905 1894/1953/1894 1906/1965/1906
f 1895/1954/1895 1906/1965/1906 1894/1953/1894
f 1906/1965/1906 1895/1954/1895 1907/1966/1907
f 1896/1955/1896 1907/1966/1907 1895/1954/1895
f 1907/1966/1907 1896/1955/1896 1908/1967/1908
f 1897/1956/1897 1908/1967/1908 1896/1955/1896
f 1908/1967/1908 1897/1956/1897 1909/1968/1909
f 1898/1957/1898 1909/1968/1909 1897/1956/1897
f 1909/1968/1909 1898/1957/1898 1910/1969/1910
f 1899/1958/1899 1910/1969/1910 1898/1957/1898
f 1910/1969/1910 1899/1958/1899 1911/1970/1911
f 1900/1959/1900 1911/1970/1911 1899/1958/1899
f 1911/1970/1911 1900/1959/1900 1912/1971/1912
f 1901/1960/1901 1912/1971/1912 1900/1959/1900
f 1912/1971/1912 1901/1960/1901 1913/1972/1913
f 1902/1961/1902 1913/1972/1913 1901/1960/1901
f 1913/1972/1913 1902/1961/1902 1914/1973/1914
f 1903/1962/1903 1774/1833/1774 1761/1820/1761
f 1774/1833/1774 1903/1962/1903 1915/1974/1915
f 1904/1963/1904 1915/1974/1915 1903/1962/1903
f 1915/1974/1915 1904/1963/1904 1916/1975/1916
f 1905/1964/1905 1916/1975/1916 1904/1963/1904
f 1916/1975/1916 1905/1964/1905 1917/1976/1917
f 1906/1965/1906 1917/1976/1917 1905/1964/1905
f 1917/1976/1917 1906/1965/1906 1918/1977/1918
f 1907/1966/1907 1918/1977/1918 1906/1965/1906
f 1918/1977/1918 1907/1966/1907 1919/1978/1919
f 1908/1967/1908 1919/1978/1919 1907/1966/1907
f 1919/1978/1919 1908/1967/1908 1920/1979/1920
f 1909/1968/1909 1920/1979/1920 1908/1967/1908
f 1920/1979/1920 1909/1968/1909 1921/1980/1921
f 1910/1969/1910 1921/1980/1921 1909/1968/1909
f 1921/1980/1921 1910/1969/1910 1922/1981/1922
f 1911/1970/1911 1922/1981/1922 1910/1969/1910
f 1922/1981/1922 1911/1970/1911 1923/1982/1923
f 1912/1971/1912 1923/1982/1923 1911/1970/1911
f 1923/1982/1923 1912/1971/1912 1924/1983/1924
f 1913/1972/1913 1924/1983/1924 1912/1971/1912
f 1924/1983/1924 1913/1972/1913 1925/1984/1925
f 1914/1973/1914 1925/1984/1925 1913/1972/1913
f 1925/1984/1925 1914/1973/1914 1926/1985/1926
f 1915/1974/1915 1787/1846/1787 1774/1833/1774
f 1787/1846/1787 1915/1974/1915 1927/1986/1927
f 1916/1975/1916 1927/1986/1927 1915/1974/1915
f 1927/1986/1927 1916/1975/1916 1928/1987/1928
f 1917/1976/1917 1928/1987/1928 1916/1975/1916
f 1928/1987/1928 1917/1976/1917 1929/1988/1929
f 1918/1977/1918 1929/1988/1929 1917/1976/1917
f 1929/1988/1929 1918/1977/1918 1930/1989/1930
f 1919/1978/1919 1930/1989/1930 1918/1977/1918
f 1930/1989/1930 1919/1978/1919 1931/1990/1931
f 1920/1979/1920 1931/1990/1931 1919/1978/1919
f 1931/1990/1931 1920/1979/1920 1932/1991/1932
f 1921/1980/1921 1932/1991/1932 1920/1979/1920
f 1932/1991/1932 1921/1980/1921 1933/1992/1933
f 1922/1981/1922 1933/1992/1933 1921/1980/1921
f 1933/1992/1933 1922/1981/1922 1934/1993/1934
f 1923/1982/1923 1934/1993/1934 1922/1981/1922
f 1934/1993/1934 1923/1982/1923 1935/1994/1935
f 1924/1983/1924 1935/1994/1935 1923/1982/1923
f 1935/1994/1935 1924/1983/1924 1936/1995/1936
f 1925/1984/1925 1936/1995/1936 1924/1983/1924
f 1936/1995/1936 1925/1984/1925 1937/1996/1937
f 1926/1985/1926 1937/1996/1937 1925/1984/1925
f 1937/1996/1937 1926/1985/1926 1938/1997/1938
f 1927/1986/1927 1800/1859/1800 1787/1846/1787
f 1800/1859/1800 1927/1986/1927 1939/1998/1939
f 1928/1987/1928 1939/1998/1939 1927/1986/1927
f 1939/1998/1939 1928/1987/1928 1940/1999/1940
f 1929/1988/1929 1940/1999/1940 1928/1987/1928
f 1940/1999/1940 1929/1988/1929 1941/2000/1941
f 1930/1989/1930 1941/2000/1941 1929/1988/1929
f 1941/2000/1941 1930/1989/1930 1942/2001/1942
f 1931/1990/1931 1942/2001/1942 1930/1989/1930
f 1942/2001/1942 1931/1990/1931 1943/2002/1943
f 1932/1991/1932 1943/2002/1943 1931/1990/1931
f 1943/2002/1943 1932/1991/1932 1944/2003/1944
f 1933/1992/1933 1944/2003/1944 1932/1991/1932
f 1944/2003/1944 1933/1992/1933 1945/2004/1945
f 1934/1993/1934 1945/2004/1945 1933/1992/1933
f 1945/2004/1945 1934/1993/1934 1946/2005/1946
f 1935/1994/1935 1946/2005/1946 1934/1993/1934
f 1946/2005/1946 1935/1994/1935 1947/2006/1947
f 1936/1995/1936 1947/2006/1947 1935/1994/1935
f 1947/2006/1947 1936/1995/1936 1948/2007/1948
f 1937/1996/1937 1948/2007/1948 1936/1995/1936
f 1948/2007/1948 1937/1996/1937 1949/2008/1949
f 1938/1997/1938 1949/2008/1949 1937/1996/1937
f 1949/2008/1949 1938/1997/1938 1950/2009/1950
f 1939/1998/1939 1813/1872/1813 1800/1859/1800
f 1813/1872/1813 1939/1998/1939 1951/2010/1951
f 1940/1999/1940 1951/2010/1951 1939/1998/1939
f 1951/2010/1951 1940/1999/1940 1952/2011/1952
f 1941/2000/1941 1952/2011/1952 1940/1999/1940
f 1952/2011/1952 1941/2000/1941 1953/2012/1953
f 1942/2001/1942 1953/2012/1953 1941/2000/1941
f 1953/2012/1953 1942/2001/1942 1954/2013/1954
f 1943/2002/1943 1954/2013/1954 1942/2001/1942
f 1954/2013/1954 1943/2002/1943 1955/2014/1955
f 1944/2003/1944 1955/2014/1955 1943/2002/1943
f 1955/2014/1955 1944/2003/1944 1956/2015/1956
f 1945/2004/1945 1956/2015/1956 1944/2003/1944
f 1956/2015/1956 1945/2004/1945 1957/2016/1957
f 1946/2005/1946 1957/2016/1957 1945/2004/1945
f 1957/2016/1957 1946/2005/1946 1958/2017/1958
f 1947/2006/1947 1958/2017/1958 1946/2005/1946
f 1958/2017/1958 1947/2006/1947 1959/2018/1959
f 1948/2007/1948 1959/2018/1959 1947/2006/1947
f 1959/2018/1959 1948/2007/1948 1960/2019/1960
f 1949/2008/1949 1960/2019/1960 1948/2007/1948
f 1960/2019/1960 1949/2008/1949 1961/2020/1961
f 1950/2009/1950 1961/2020/1961 1949/2008/1949
f 1961/2020/1961 1950/2009/1950 1962/2021/1962
f 1951/2010/1951 1826/1885/1826 1813/1872/1813
f 1826/1885/1826 1951/2010/1951 1963/2022/1963
f 1952/2011/1952 1963/2022/1963 1951/2010/1951
f 1963/2022/1963 1952/2011/1952 1964/2023/1964
f 1953/2012/1953 1964/2023/1964 1952/2011/1952
f 1964/2023/1964 1953/2012/1953 1965/2024/1965
f 1954/2013/1954 1965/2024/1965 1953/2012/1953
f 1965/2024/1965 1954/2013/1954 1966/2025/1966
f 1955/2014/1955 1966/2025/1966 1954/2013/1954
f 1966/2025/1966 1955/2014/1955 1967/2026/1967
f 1956/2015/1956 1967/2026/1967 1955/2014/1955
f 1967/2026/1967 1956/2015/1956 1968/2027/1968
f 1957/2016/1957 1968/2027/1968 1956/2015/1956
f 1968/2027/1968 1957/2016/1957 1969/2028/1969
f 1958/2017/1958 1969/2028/1969 1957/2016/1957
f 1969/2028/1969 1958/2017/1958 1970/2029/1970
f 1959/2018/1959 1970/2029/1970 1958/2017/1958
f 1970/2029/1970 1959/2018/1959 1971/2030/1971
f 1960/2019/1960 1971/2030/1971 1959/2018/1959
f 1971/2030/1971 1960/2019/1960 1972/2031/1972
f 1961/2020/1961 1972/2031/1972 1960/2019/1960
f 1972/2031/1972 1961/2020/1961 1973/2032/1973
f 1962/2021/1962 1973/2032/1973 1961/2020/1961
f 1973/2032/1973 1962/2021/1962 1974/2033/1974
f 1963/2022/1963 1839/1898/1839 1826/1885/1826
f 1839/1898/1839 1963/2022/1963 1975/2034/1975
f 1964/2023/1964 1975/2034/1975 1963/2022/1963
f 1975/2034/1975 1964/2023/1964 1976/2035/1976
f 1965/2024/1965 1976/2035/1976 1964/2023/1964
f 1976/2035/1976 1965/2024/1965 1977/2036/1977
f 1966/2025/1966 1977/2036/1977 1965/2024/1965
f 1977/2036/1977 1966/2025/1966 1978/2037/1978
f 1967/2026/1967 1978/2037/1978 1966/2025/1966
f 1978/2037/1978 1967/2026/1967 1979/2038/1979
f 1968/2027/1968 1979/2038/1979 1967/2026/1967
f 1979/2038/1979 1968/2027/1968 1980/2039/1980
f 1969/2028/1969 1980/2039/1980 1968/2027/1968
f 1980/2039/1980 1969/2028/1969 1981/2040/1981
f 1970/2029/1970 1981/2040/1981 1969/2028/1969
f 1981/2040/1981 1970/2029/1970 1982/2041/1982
f 1971/2030/1971 1982/2041/1982 1970/2029/1970
f 1982/2041/1982 1971/2030/1971 1983/2042/1983
f 1972/2031/1972 1983/2042/1983 1971/2030/1971
f 1983/2042/1983 1972/2031/1972 1984/2043/1984
f 1973/2032/1973 1984/2043/1984 1972/2031/1972
f 1984/2043/1984 1973/2032/1973 1985/2044/1985
f 1974/2033/1974 1985/2044/1985 1973/2032/1973
f 1985/2044/1985 1974/2033/1974 1986/2045/1986
f 1975/2034/1975 1852/1911/1852 1839/1898/1839
f 1852/1911/1852 1975/2034/1975 1987/2046/1987
f 1976/2035/1976 1987/2046/1987 1975/2034/1975
f 1987/2046/1987 1976/2035/1976 1988/2047/1988
f 1977/2036/1977 1988/2047/1988 1976/2035/1976
f 1988/2047/1988 1977/2036/1977 1989/2048/1989
f 1978/2037/1978 1989/2048/1989 1977/2036/1977
f 1989/2048/1989 1978/2037/1978 1990/2049/1990
f 1979/2038/1979 1990/2049/1990 1978/2037/1978
f 1990/2049/1990 1979/2038/1979 1991/2050/1991
f 1980/2039/1980 1991/2050/1991 1979/2038/1979
f 1991/2050/1991 1980/2039/1980 1992/2051/1992
f 1981/2040/1981 1992/2051/1992 1980/2039/1980
f 1992/2051/1992 1981/2040/1981 1993/2052/1993
f 1982/2041/1982 1993/2052/1993 1981/2040/1981
f 1993/2052/1993 1982/2041/1982 1994/2053/1994
f 1983/2042/1983 1994/2053/1994 1982/2041/1982
f 1994/2053/1994 1983/2042/1983 1995/2054/1995
f 1984/2043/1984 1995/2054/1995 1983/2042/1983
f 1995/2054/1995 1984/2043/1984 1996/2055/1996
f 1985/2044/1985 1996/2055/1996 1984/2043/1984
f 1996/2055/1996 1985/2044/1985 1997/2056/1997
f 1986/2045/1986 1997/2056/1997 1985/2044/1985
f 1997/2056/1997 1986/2045/1986 1998/2057/1998
f 1987/2046/1987 1865/1924/1865 1852/1911/1852
f 1865/1924/1865 1987/2046/1987 1999/2058/1999
f 1988/2047/1988 1999/2058/1999 1987/2046/1987
f 1999/2058/1999 1988/2047/1988 2000/2059/2000
f 1989/2048/1989 2000/2059/2000 1988/2047/1988
f 2000/2059/2000 1989/2048/1989 2001/2060/2001
f 1990/2049/1990 2001/2060/2001 1989/2048/1989
f 2001/2060/2001 1990/2049/1990 2002/2061/2002
f 1991/2050/1991 2002/2061/2002 1990/2049/1990
f 2002/2061/2002 1991/2050/1991 2003/2062/2003
f 1992/2051/1992 2003/2062/2003 1991/2050/1991
f 2003/2062/2003 1992/2051/1992 2004/2063/2004
f 1993/2052/1993 2004/2063/2004 1992/2051/1992
f 2004/2063/2004 1993/2052/1993 2005/2064/2005
f 1994/2053/1994 2005/2064/2005 1993/2052/1993
f 2005/2064/2005 1994/2053/1994 2006/2065/2006
f 1995/2054/1995 2006/2065/2006 1994/2053/1994
f 2006/2065/2006 1995/2054/1995 2007/2066/2007
f 1996/2055/1996 2007/2066/2007 1995/2054/1995
f 2007/2066/2007 1996/2055/1996 2008/2067/2008
f 1997/2056/1997 2008/2067/2008 1996/2055/1996
f 2008/2067/2008 1997/2056/1997 2009/2068/2009
f 1998/2057/1998 2009/2068/2009 1997/2056/1997
f 2009/2068/2009 1998/2057/1998 2010/2069/2010
f 1999/2058/1999 1878/1937/1878 1865/1924/1865
f 1878/1937/1878 1999/2058/1999 2011/2070/2011
f 2000/2059/2000 2011/2070/2011 1999/2058/1999
f 2011/2070/2011 2000/2059/2000 2012/2071/2012
f 2001/2060/2001 2012/2071/2012 2000/2059/2000
f 2012/2071/2012 2001/2060/2001 2013/2072/2013
f 2002/2061/2002 2013/2072/2013 2001/2060/2001
f 2013/2072/2013 2002/2061/2002 2014/2073/2014
f 2003/2062/2003 2014/2073/2014 2002/2061/2002
f 2014/2073/2014 2003/2062/2003 2015/2074/2015
f 2004/2063/2004 2015/2074/2015 2003/2062/2003
f 2015/2074/2015 2004/2063/2004 2016/2075/2016
f 2005/2064/2005 2016/2075/2016 2004/2063/2004
f 2016/2075/2016 2005/2064/2005 2017/2076/2017
f 2006/2065/2006 2017/2076/2017 2005/2064/2005
f 2017/2076/2017 2006/2065/2006 2018/2077/2018
f 2007/2066/2007 2018/2077/2018 2006/2065/2006
f 2018/2077/2018 2007/2066/2007 2019/2078/2019
f 2008/2067/2008 2019/2078/2019 2007/2066/2007
f 2019/2078/2019 2008/2067/2008 2020/2079/2020
f 2009/2068/2009 2020/2079/2020 2008/2067/2008
f 2020/2079/2020 2009/2068/2009 2021/2080/2021
f 2010/2069/2010 2021/2080/2021 2009/2068/2009
f 2021/2080/2021 2010/2069/2010 2022/2081/2022
f 2023/2082/2023 2024/2083/2024 1722/1781/1722
f 2024/2083/2024 2025/2084/2025 1722/1781/1722
f 2025/2084/2025 2026/2085/2026 1722/1781/1722
f 2026/2085/2026 2027/2086/2027 1722/1781/1722
f 2027/2086/2027 2028/2087/2028 1722/1781/1722
f 2028/2087/2028 2029/2088/2029 1722/1781/1722
f 2029/2088/2029 2030/2089/2030 1722/1781/1722
f 2030/2089/2030 2031/2090/2031 1722/1781/1722
f 2031/2090/2031 2032/2091/2032 1722/1781/1722
f 2032/2091/2032 2033/2092/2033 1722/1781/1722
f 2033/2092/2033 2034/2093/2034 1722/1781/1722
f 2034/2093/2034 1890/1949/1890 1722/1781/1722
f 2035/2094/2035 2024/2083/2024 2023/2082/2023
f 2024/2083/2024 2035/2094/2035 2036/2095/2036
f 2036/2095/2036 2025/2084/2025 2024/2083/2024
f 2025/2084/2025 2036/2095/2036 2037/2096/2037
f 2037/2096/2037 2026/2085/2026 2025/2084/2025
f 2026/2085/2026 2037/2096/2037 2038/2097/2038
f 2038/2097/2038 2027/2086/2027 2026/2085/2026
f 2027/2086/2027 2038/2097/2038 2039/2098/2039
f 2039/2098/2039 2028/2087/2028 2027/2086/2027
f 2028/2087/2028 2039/2098/2039 2040/2099/2040
f 2040/2099/2040 2029/2088/2029 2028/2087/2028
f 2029/2088/2029 2040/2099/2040 2041/2100/2041
f 2041/2100/2041 2030/2089/2030 2029/2088/2029
f 2030/2089/2030 2041/2100/2041 2042/2101/2042
f 2042/2101/2042 2031/2090/2031 2030/2089/2030
f 2031/2090/2031 2042/2101/2042 2043/2102/2043
f 2043/2102/2043 2032/2091/2032 2031/2090/2031
f 2032/2091/2032 2043/2102/2043 2044/2103/2044
f 2044/2103/2044 2033/2092/2033 2032/2091/2032
f 2033/2092/2033 2044/2103/2044 2045/2104/2045
f 2045/2104/2045 2034/2093/2034 2033/2092/2033
f 2034/2093/2034 2045/2104/2045 2046/2105/2046
f 2046/2105/2046 1890/1949/1890 2034/2093/2034
f 1890/1949/1890 2046/2105/2046 1902/1961/1902
f 2047/2106/2047 2036/2095/2036 2035/2094/2035
f 2036/2095/2036 2047/2106/2047 2048/2107/2048
f 2048/2107/2048 2037/2096/2037 2036/2095/2036
f 2037/2096/2037 2048/2107/2048 2049/2108/2049
f 2049/2108/2049 2038/2097/2038 2037/2096/2037
f 2038/2097/2038 2049/2108/2049 2050/2109/2050
f 2050/2109/2050 2039/2098/2039 2038/2097/2038
f 2039/2098/2039 2050/2109/2050 2051/2110/2051
f 2051/2110/2051 2040/2099/2040 2039/2098/2039
f 2040/2099/2040 2051/2110/2051 2052/2111/2052
f 2052/2111/2052 2041/2100/2041 2040/2099/2040
f 2041/2100/2041 2052/2111/2052 2053/2112/2053
f 2053/2112/2053 2042/2101/2042 2041/2100/2041
f 2042/2101/2042 2053/2112/2053 2054/2113/2054
f 2054/2113/2054 2043/2102/2043 2042/2101/2042
f 2043/2102/2043 2054/2113/2054 2055/2114/2055
f 2055/2114/2055 2044/2103/2044 2043/2102/2043
f 2044/2103/2044 2055/2114/2055 2056/2115/2056
f 2056/2115/2056 2045/2104/2045 2044/2103/2044
f 2045/2104/2045 2056/2115/2056 2057/2116/2057
f 2057/2116/2057 2046/2105/2046 2045/2104/2045
f 2046/2105/2046 2057/2116/2057 2058/2117/2058
f 2058/2117/2058 1902/1961/1902 2046/2105/2046
f 1902/1961/1902 2058/2117/2058 1914/1973/1914
f 2059/2118/2059 2048/2107/2048 2047/2106/2047
f 2048/2107/2048 2059/2118/2059 2060/2119/2060
f 2060/2119/2060 2049/2108/2049 2048/2107/2048
f 2049/2108/2049 2060/2119/2060 2061/2120/2061
f 2061/2120/2061 2050/2109/2050 2049/2108/2049
f 2050/2109/2050 2061/2120/2061 2062/2121/2062
f 2062/2121/2062 2051/2110/2051 2050/2109/2050
f 2051/2110/2051 2062/2121/2062 2063/2122/2063
f 2063/2122/2063 2052/2111/2052 2051/2110/2051
f 2052/2111/2052 2063/2122/2063 2064/2123/2064
f 2064/2123/2064 2053/2112/2053 2052/2111/2052
f 2053/2112/2053 2064/2123/2064 2065/2124/2065
f 2065/2124/2065 2054/2113/2054 2053/2112/2053
f 2054/2113/2054 2065/2124/2065 2066/2125/2066
f 2066/2125/2066 2055/2114/2055 2054/2113/2054
f 2055/2114/2055 2066/2125/2066 2067/2126/2067
f 2067/2126/2067 2056/2115/2056 2055/2114/2055
f 2056/2115/2056 2067/2126/2067 2068/2127/2068
f 2068/2127/2068 2057/2116/2057 2056/2115/2056
f 2057/2116/2057 2068/2127/2068 2069/2128/2069
f 2069/2128/2069 2058/2117/2058 2057/2116/2057
f 2058/2117/2058 2069/2128/2069 2070/2129/2070
f 2070/2129/2070 1914/1973/1914 2058/2117/2058
f 1914/1973/1914 2070/2129/2070 1926/1985/1926
f 2071/2130/2071 2060/2119/2060 2059/2118/2059
f 2060/2119/2060 2071/2130/2071 2072/2131/2072
f 2072/2131/2072 2061/2120/2061 2060/2119/2060
f 2061/2120/2061 2072/2131/2072 2073/2132/2073
f 2073/2132/2073 2062/2121/2062 2061/2120/2061
f 2062/2121/2062 2073/2132/2073 2074/2133/2074
f 2074/2133/2074 2063/2122/2063 2062/2121/2062
f 2063/2122/2063 2074/2133/2074 2075/2134/2075
f 2075/2134/2075 2064/2123/2064 2063/2122/2063
f 2064/2123/2064 2075/2134/2075 2076/2135/2076
f 2076/2135/2076 2065/2124/2065 2064/2123/2064
f 2065/2124/2065 2076/2135/2076 2077/2136/2077
f 2077/2136/2077 2066/2125/2066 2065/2124/2065
f 2066/2125/2066 2077/2136/2077 2078/2137/2078
f 2078/2137/2078 2067/2126/2067 2066/2125/2066
f 2067/2126/2067 2078/2137/2078 2079/2138/2079
f 2079/2138/2079 2068/2127/2068 2067/2126/2067
f 2068/2127/2068 2079/2138/2079 2080/2139/2080
f 2080/2139/2080 2069/2128/2069 2068/2127/2068
f 2069/2128/2069 2080/2139/2080 2081/2140/2081
f 2081/2140/2081 2070/2129/2070 2069/2128/2069
f 2070/2129/2070 2081/2140/2081 2082/2141/2082
f 2082/2141/2082 1926/1985/1926 2070/2129/2070
f 1926/1985/1926 2082/2141/2082 1938/1997/1938
f 2083/2142/2083 2072/2131/2072 2071/2130/2071
f 2072/2131/2072 2083/2142/2083 2084/2143/2084
f 2084/2143/2084 2073/2132/2073 2072/2131/2072
f 2073/2132/2073 2084/2143/2084 2085/2144/2085
f 2085/2144/2085 2074/2133/2074 2073/2132/2073
f 2074/2133/2074 2085/2144/2085 2086/2145/2086
f 2086/2145/2086 2075/2134/2075 2074/2133/2074
f 2075/2134/2075 2086/2145/2086 2087/2146/2087
f 2087/2146/2087 2076/2135/2076 2075/2134/2075
f 2076/2135/2076 2087/2146/2087 2088/2147/2088
f 2088/2147/2088 2077/2136/2077 2076/2135/2076
f 2077/2136/2077 2088/2147/2088 2089/2148/2089
f 2089/2148/2089 2078/2137/2078 2077/2136/2077
f 2078/2137/2078 2089/2148/2089 2090/2149/2090
f 2090/2149/2090 2079/2138/2079 2078/2137/2078
f 2079/2138/2079 2090/2149/2090 2091/2150/2091
f 2091/2150/2091 2080/2139/2080 2079/2138/2079
f 2080/2139/2080 2091/2150/2091 2092/2151/2092
f 2092/2151/2092 2081/2140/2081 2080/2139/2080
f 2081/2140/2081 2092/2151/2092 2093/2152/2093
f 2093/2152/2093 2082/2141/2082 2081/2140/2081
f 2082/2141/2082 2093/2152/2093 2094/2153/2094
f 2094/2153/2094 1938/1997/1938 2082/2141/2082
f 1938/1997/1938 2094/2153/2094 1950/2009/1950
f 2095/2154/2095 2084/2143/2084 2083/2142/2083
f 2084/2143/2084 2095/2154/2095 2096/2155/2096
f 2096/2155/2096 2085/2144/2085 2084/2143/2084
f 2085/2144/2085 2096/2155/2096 2097/2156/2097
f 2097/2156/2097 2086/2145/2086 2085/2144/2085
f 2086/2145/2086 2097/2156/2097 2098/2157/2098
f 2098/2157/2098 2087/2146/2087 2086/2145/2086
f 2087/2146/2087 2098/2157/2098 2099/2158/2099
f 2099/2158/2099 2088/2147/2088 2087/2146/2087
f 2088/2147/2088 2099/2158/2099 2100/2159/2100
f 2100/2159/2100 2089/2148/2089 2088/2147/2088
f 2089/2148/2089 2100/2159/2100 2101/2160/2101
f 2101/2160/2101 2090/2149/2090 2089/2148/2089
f 2090/2149/2090 2101/2160/2101 2102/2161/2102
f 2102/2161/2102 2091/2150/2091 2090/2149/2090
f 2091/2150/2091 2102/2161/2102 2103/2162/2103
f 2103/2162/2103 2092/2151/2092 2091/2150/2091
f 2092/2151/2092 2103/2162/2103 2104/2163/2104
f 2104/2163/2104 2093/2152/2093 2092/2151/2092
f 2093/2152/2093 2104/2163/2104 2105/2164/2105
f 2105/2164/2105 2094/2153/2094 2093/2152/2093
f 2094/2153/2094 2105/2164/2105 2106/2165/2106
f 2106/2165/2106 1950/2009/1950 2094/2153/2094
f 1950/2009/1950 2106/2165/2106 1962/2021/1962
f 2107/2166/2107 2096/2155/2096 2095/2154/2095
f 2096/2155/2096 2107/2166/2107 2108/2167/2108
f 2108/2167/2108 2097/2156/2097 2096/2155/2096
f 2097/2156/2097 2108/2167/2108 2109/2168/2109
f 2109/2168/2109 2098/2157/2098 2097/2156/2097
f 2098/2157/2098 2109/2168/2109 2110/2169/2110
f 2110/2169/2110 2099/2158/2099 2098/2157/2098
f 2099/2158/2099 2110/2169/2110 2111/2170/2111
f 2111/2170/2111 2100/2159/2100 2099/2158/2099
f 2100/2159/2100 2111/2170/2111 2112/2171/2112
f 2112/2171/2112 2101/2160/2101 2100/2159/2100
f 2101/2160/2101 2112/2171/2112 2113/2172/2113
f 2113/2172/2113 2102/2161/2102 2101/2160/2101
f 2102/2161/2102 2113/2172/2113 2114/2173/2114
f 2114/2173/2114 2103/2162/2103 2102/2161/2102
f 2103/2162/2103 2114/2173/2114 2115/2174/2115
f 2115/2174/2115 2104/2163/2104 2103/2162/2103
f 2104/2163/2104 2115/2174/2115 2116/2175/2116
f 2116/2175/2116 2105/2164/2105 2104/2163/2104
f 2105/2164/2105 2116/2175/2116 2117/2176/2117
f 2117/2176/2117 2106/2165/2106 2105/2164/2105
f 2106/2165/2106 2117/2176/2117 2118/2177/2118
f 2118/2177/2118 1962/2021/1962 2106/2165/2106
f 1962/2021/1962 2118/2177/2118 1974/2033/1974
f 2119/2178/2119 2108/2167/2108 2107/2166/2107
f 2108/2167/2108 2119/2178/2119 2120/2179/2120
f 2120/2179/2120 2109/2168/2109 2108/2167/2108
f 2109/2168/2109 2120/2179/2120 2121/2180/2121
f 2121/2180/2121 2110/2169/2110 2109/2168/2109
f 2110/2169/2110 2121/2180/2121 2122/2181/2122
f 2122/2181/2122 2111/2170/2111 2110/2169/2110
f 2111/2170/2111 2122/2181/2122 2123/2182/2123
f 2123/2182/2123 2112/2171/2112 2111/2170/2111
f 2112/2171/2112 2123/2182/2123 2124/2183/2124
f 2124/2183/2124 2113/2172/2113 2112/2171/2112
f 2113/2172/2113 2124/2183/2124 2125/2184/2125
f 2125/2184/2125 2114/2173/2114 2113/2172/2113
f 2114/2173/2114 2125/2184/2125 2126/2185/2126
f 2126/2185/2126 2115/2174/2115 2114/2173/2114
f 2115/2174/2115 2126/2185/2126 2127/2186/2127
f 2127/2186/2127 2116/2175/2116 2115/2174/2115
f 2116/2175/2116 2127/2186/2127 2128/2187/2128
f 2128/2187/2128 2117/2176/2117 2116/2175/2116
f 2117/2176/2117 2128/2187/2128 2129/2188/2129
f 2129/2188/2129 2118/2177/2118 2117/2176/2117
f 2118/2177/2118 2129/2188/2129 2130/2189/2130
f 2130/2189/2130 1974/2033/1974 2118/2177/2118
f 1974/2033/1974 2130/2189/2130 1986/2045/1986
f 2131/2190/2131 2120/2179/2120 2119/2178/2119
f 2120/2179/2120 2131/2190/2131 2132/2191/2132
f 2132/2191/2132 2121/2180/2121 2120/2179/2120
f 2121/2180/2121 2132/2191/2132 2133/2192/2133
f 2133/2192/2133 2122/2181/2122 2121/2180/2121
f 2122/2181/2122 2133/2192/2133 2134/2193/2134
f 2134/2193/2134 2123/2182/2123 2122/2181/2122
f 2123/2182/2123 2134/2193/2134 2135/2194/2135
f 2135/2194/2135 2124/2183/2124 2123/2182/2123
f 2124/2183/2124 2135/2194/2135 2136/2195/2136
f 2136/2195/2136 2125/2184/2125 2124/2183/2124
f 2125/2184/2125 2136/2195/2136 2137/2196/2137
f 2137/2196/2137 2126/2185/2126 2125/2184/2125
f 2126/2185/2126 2137/2196/2137 2138/2197/2138
f 2138/2197/2138 2127/2186/2127 2126/2185/2126
f 2127/2186/2127 2138/2197/2138 2139/2198/2139
f 2139/2198/2139 2128/2187/2128 2127/2186/2127
f 2128/2187/2128 2139/2198/2139 2140/2199/2140
f 2140/2199/2140 2129/2188/2129 2128/2187/2128
f 2129/2188/2129 2140/2199/2140 2141/2200/2141
f 2141/2200/2141 2130/2189/2130 2129/2188/2129
f 2130/2189/2130 2141/2200/2141 2142/2201/2142
f 2142/2201/2142 1986/2045/1986 2130/2189/2130
f 1986/2045/1986 2142/2201/2142 1998/2057/1998
f 2143/2202/2143 2132/2191/2132 2131/2190/2131
f 2132/2191/2132 2143/2202/2143 2144/2203/2144
f 2144/2203/2144 2133/2192/2133 2132/2191/2132
f 2133/2192/2133 2144/2203/2144 2145/2204/2145
f 2145/2204/2145 2134/2193/2134 2133/2192/2133
f 2134/2193/2134 2145/2204/2145 2146/2205/2146
f 2146/2205/2146 2135/2194/2135 2134/2193/2134
f 2135/2194/2135 2146/2205/2146 2147/2206/2147
f 2147/2206/2147 2136/2195/2136 2135/2194/2135
f 2136/2195/2136 2147/2206/2147 2148/2207/2148
f 2148/2207/2148 2137/2196/2137 2136/2195/2136
f 2137/2196/2137 2148/2207/2148 2149/2208/2149
f 2149/2208/2149 2138/2197/2138 2137/2196/2137
f 2138/2197/2138 2149/2208/2149 2150/2209/2150
f 2150/2209/2150 2139/2198/2139 2138/2197/2138
f 2139/2198/2139 2150/2209/2150 2151/2210/2151
f 2151/2210/2151 2140/2199/2140 2139/2198/2139
f 2140/2199/2140 2151/2210/2151 2152/2211/2152
f 2152/2211/2152 2141/2200/2141 2140/2199/2140
f 2141/2200/2141 2152/2211/2152 2153/2212/2153
f 2153/2212/2153 2142/2201/2142 2141/2200/2141
f 2142/2201/2142 2153/2212/2153 2154/2213/2154
f 2154/2213/2154 1998/2057/1998 2142/2201/2142
f 1998/2057/1998 2154/2213/2154 2010/2069/2010
f 2155/2214/2155 2144/2203/2144 2143/2202/2143
f 2144/2203/2144 2155/2214/2155 2156/2215/2156
f 2156/2215/2156 2145/2204/2145 2144/2203/2144
f 2145/2204/2145 2156/2215/2156 2157/2216/2157
f 2157/2216/2157 2146/2205/2146 2145/2204/2145
f 2146/2205/2146 2157/2216/2157 2158/2217/2158
f 2158/2217/2158 2147/2206/2147 2146/2205/2146
f 2147/2206/2147 2158/2217/2158 2159/2218/2159
f 2159/2218/2159 2148/2207/2148 2147/2206/2147
f 2148/2207/2148 2159/2218/2159 2160/2219/2160
f 2160/2219/2160 2149/2208/2149 2148/2207/2148
f 2149/2208/2149 2160/2219/2160 2161/2220/2161
f 2161/2220/2161 2150/2209/2150 2149/2208/2149
f 2150/2209/2150 2161/2220/2161 2162/2221/2162
f 2162/2221/2162 2151/2210/2151 2150/2209/2150
f 2151/2210/2151 2162/2221/2162 2163/2222/2163
f 2163/2222/2163 2152/2211/2152 2151/2210/2151
f 2152/2211/2152 2163/2222/2163 2164/2223/2164
f 2164/2223/2164 2153/2212/2153 2152/2211/2152
f 2153/2212/2153 2164/2223/2164 2165/2224/2165
f 2165/2224/2165 2154/2213/2154 2153/2212/2153
f 2154/2213/2154 2165/2224/2165 2166/2225/2166
f 2166/2225/2166 2010/2069/2010 2154/2213/2154
f 2010/2069/2010 2166/2225/2166 2022/2081/2022
f 1723/1782/1723 2167/2226/2167 1722/1781/1722
f 2167/2226/2167 2168/2227/2168 1722/1781/1722
f 2168/2227/2168 2169/2228/2169 1722/1781/1722
f 2169/2228/2169 2170/2229/2170 1722/1781/1722
f 2170/2229/2170 2171/2230/2171 1722/1781/1722
f 2171/2230/2171 2172/2231/2172 1722/1781/1722
f 2172/2231/2172 2173/2232/2173 1722/1781/1722
f 2173/2232/2173 2174/2233/2174 1722/1781/1722
f 2174/2233/2174 2175/2234/2175 1722/1781/1722
f 2175/2234/2175 2176/2235/2176 1722/1781/1722
f 2176/2235/2176 2177/2236/2177 1722/1781/1722
f 2177/2236/2177 2023/2082/2023 1722/1781/1722
f 1736/1795/1736 2167/2226/2167 1723/1782/1723
f 2167/2226/2167 1736/1795/1736 2178/2237/2178
f 2178/2237/2178 2168/2227/2168 2167/2226/2167
f 2168/2227/2168 2178/2237/2178 2179/2238/2179
f 2179/2238/2179 2169/2228/2169 2168/2227/2168
f 2169/2228/2169 2179/2238/2179 2180/2239/2180
f 2180/2239/2180 2170/2229/2170 2169/2228/2169
f 2170/2229/2170 2180/2239/2180 2181/2240/2181
f 2181/2240/2181 2171/2230/2171 2170/2229/2170
f 2171/2230/2171 2181/2240/2181 2182/2241/2182
f 2182/2241/2182 2172/2231/2172 2171/2230/2171
f 2172/2231/2172 2182/2241/2182 2183/2242/2183
f 2183/2242/2183 2173/2232/2173 2172/2231/2172
f 2173/2232/2173 2183/2242/2183 2184/2243/2184
f 2184/2243/2184 2174/2233/2174 2173/2232/2173
f 2174/2233/2174 2184/2243/2184 2185/2244/2185
f 2185/2244/2185 2175/2234/2175 2174/2233/2174
f 2175/2234/2175 2185/2244/2185 2186/2245/2186
f 2186/2245/2186 2176/2235/2176 2175/2234/2175
f 2176/2235/2176 2186/2245/2186 2187/2246/2187
f 2187/2246/2187 2177/2236/2177 2176/2235/2176
f 2177/2236/2177 2187/2246/2187 2188/2247/2188
f 2188/2247/2188 2023/2082/2023 2177/2236/2177
f 2023/2082/2023 2188/2247/2188 2035/2094/2035
f 1749/1808/1749 2178/2237/2178 1736/1795/1736
f 2178/2237/2178 1749/1808/1749 2189/2248/2189
f 2189/2248/2189 2179/2238/2179 2178/2237/2178
f 2179/2238/2179 2189/2248/2189 2190/2249/2190
f 2190/2249/2190 2180/2239/2180 2179/2238/2179
f 2180/2239/2180 2190/2249/2190 2191/2250/2191
f 2191/2250/2191 2181/2240/2181 2180/2239/2180
f 2181/2240/2181 2191/2250/2191 2192/2251/2192
f 2192/2251/2192 2182/2241/2182 2181/2240/2181
f 2182/2241/2182 2192/2251/2192 2193/2252/2193
f 2193/2252/2193 2183/2242/2183 2182/2241/2182
f 2183/2242/2183 2193/2252/2193 2194/2253/2194
f 2194/2253/2194 2184/2243/2184 2183/2242/2183
f 2184/2243/2184 2194/2253/2194 2195/2254/2195
f 2195/2254/2195 2185/2244/2185 2184/2243/2184
f 2185/2244/2185 2195/2254/2195 2196/2255/2196
f 2196/2255/2196 2186/2245/2186 2185/2244/2185
f 2186/2245/2186 2196/2255/2196 2197/2256/2197
f 2197/2256/2197 2187/2246/2187 2186/2245/2186
f 2187/2246/2187 2197/2256/2197 2198/2257/2198
f 2198/2257/2198 2188/2247/2188 2187/2246/2187
f 2188/2247/2188 2198/2257/2198 2199/2258/2199
f 2199/2258/2199 2035/2094/2035 2188/2247/2188
f 2035/2094/2035 2199/2258/2199 2047/2106/2047
f 1762/1821/1762 2189/2248/2189 1749/1808/1749
f 2189/2248/2189 1762/1821/1762 2200/2259/2200
f 2200/2259/2200 2190/2249/2190 2189/2248/2189
f 2190/2249/2190 2200/2259/2200 2201/2260/2201
f 2201/2260/2201 2191/2250/2191 2190/2249/2190
f 2191/2250/2191 2201/2260/2201 2202/2261/2202
f 2202/2261/2202 2192/2251/2192 2191/2250/2191
f 2192/2251/2192 2202/2261/2202 2203/2262/2203
f 2203/2262/2203 2193/2252/2193 2192/2251/2192
f 2193/2252/2193 2203/2262/2203 2204/2263/2204
f 2204/2263/2204 2194/2253/2194 2193/2252/2193
f 2194/2253/2194 2204/2263/2204 2205/2264/2205
f 2205/2264/2205 2195/2254/2195 2194/2253/2194
f 2195/2254/2195 2205/2264/2205 2206/2265/2206
f 2206/2265/2206 2196/2255/2196 2195/2254/2195
f 2196/2255/2196 2206/2265/2206 2207/2266/2207
f 2207/2266/2207 2197/2256/2197 2196/2255/2196
f 2197/2256/2197 2207/2266/2207 2208/2267/2208
f 2208/2267/2208 2198/2257/2198 2197/2256/2197
f 2198/2257/2198 2208/2267/2208 2209/2268/2209
f 2209/2268/2209 2199/2258/2199 2198/2257/2198
f 2199/2258/2199 2209/2268/2209 2210/2269/2210
f 2210/2269/2210 2047/2106/2047 2199/2258/2199
f 2047/2106/2047 2210/2269/2210 2059/2118/2059
f 1775/1834/1775 2200/2259/2200 1762/1821/1762
f 2200/2259/2200 1775/1834/1775 2211/2270/2211
f 2211/2270/2211 2201/2260/2201 2200/2259/2200
f 2201/2260/2201 2211/2270/2211 2212/2271/2212
f 2212/2271/2212 2202/2261/2202 2201/2260/2201
f 2202/2261/2202 2212/2271/2212 2213/2272/2213
f 2213/2272/2213 2203/2262/2203 2202/2261/2202
f 2203/2262/2203 2213/2272/2213 2214/2273/2214
f 2214/2273/2214 2204/2263/2204 2203/2262/2203
f 2204/2263/2204 2214/2273/2214 2215/2274/2215
f 2215/2274/2215 2205/2264/2205 2204/2263/2204
f 2205/2264/2205 2215/2274/2215 2216/2275/2216
f 2216/2275/2216 2206/2265/2206 2205/2264/2205
f 2206/2265/2206 2216/2275/2216 2217/2276/2217
f 2217/2276/2217 2207/2266/2207 2206/2265/2206
f 2207/2266/2207 2217/2276/2217 2218/2277/2218
f 2218/2277/2218 2208/2267/2208 2207/2266/2207
f 2208/2267/2208 2218/2277/2218 2219/2278/2219
f 2219/2278/2219 2209/2268/2209 2208/2267/2208
f 2209/2268/2209 2219/2278/2219 2220/2279/2220
f 2220/2279/2220 2210/2269/2210 2209/2268/2209
f 2210/2269/2210 2220/2279/2220 2221/2280/2221
f 2221/2280/2221 2059/2118/2059 2210/2269/2210
f 2059/2118/2059 2221/2280/2221 2071/2130/2071
f 1788/1847/1788 2211/2270/2211 1775/1834/1775
f 2211/2270/2211 1788/1847/1788 2222/2281/2222
f 2222/2281/2222 2212/2271/2212 2211/2270/2211
f 2212/2271/2212 2222/2281/2222 2223/2282/2223
f 2223/2282/2223 2213/2272/2213 2212/2271/2212
f 2213/2272/2213 2223/2282/2223 2224/2283/2224
f 2224/2283/2224 2214/2273/2214 2213/2272/2213
f 2214/2273/2214 2224/2283/2224 2225/2284/2225
f 2225/2284/2225 2215/2274/2215 2214/2273/2214
f 2215/2274/2215 2225/2284/2225 2226/2285/2226
f 2226/2285/2226 2216/2275/2216 2215/2274/2215
f 2216/2275/2216 2226/2285/2226 2227/2286/2227
f 2227/2286/2227 2217/2276/2217 2216/2275/2216
f 2217/2276/2217 2227/2286/2227 2228/2287/2228
f 2228/2287/2228 2218/2277/2218 2217/2276/2217
f 2218/2277/2218 2228/2287/2228 2229/2288/2229
f 2229/2288/2229 2219/2278/2219 2218/2277/2218
f 2219/2278/2219 2229/2288/2229 2230/2289/2230
f 2230/2289/2230 2220/2279/2220 2219/2278/2219
f 2220/2279/2220 2230/2289/2230 2231/2290/2231
f 2231/2290/2231 2221/2280/2221 2220/2279/2220
f 2221/2280/2221 2231/2290/2231 2232/2291/2232
f 2232/2291/2232 2071/2130/2071 2221/2280/2221
f 2071/2130/2071 2232/2291/2232 2083/2142/2083
f 1801/1860/1801 2222/2281/2222 1788/1847/1788
f 2222/2281/2222 1801/1860/1801 2233/2292/2233
f 2233/2292/2233 2223/2282/2223 2222/2281/2222
f 2223/2282/2223 2233/2292/2233 2234/2293/2234
f 2234/2293/2234 2224/2283/2224 2223/2282/2223
f 2224/2283/2224 2234/2293/2234 2235/2294/2235
f 2235/2294/2235 2225/2284/2225 2224/2283/2224
f 2225/2284/2225 2235/2294/2235 2236/2295/2236
f 2236/2295/2236 2226/2285/2226 2225/2284/2225
f 2226/2285/2226 2236/2295/2236 2237/2296/2237
f 2237/2296/2237 2227/2286/2227 2226/2285/2226
f 2227/2286/2227 2237/2296/2237 2238/2297/2238
f 2238/2297/2238 2228/2287/2228 2227/2286/2227
f 2228/2287/2228 2238/2297/2238 2239/2298/2239
f 2239/2298/2239 2229/2288/2229 2228/2287/2228
f 2229/2288/2229 2239/2298/2239 2240/2299/2240
f 2240/2299/2240 2230/2289/2230 2229/2288/2229
f 2230/2289/2230 2240/2299/2240 2241/2300/2241
f 2241/2300/2241 2231/2290/2231 2230/2289/2230
f 2231/2290/2231 2241/2300/2241 2242/2301/2242
f 2242/2301/2242 2232/2291/2232 2231/2290/2231
f 2232/2291/2232 2242/2301/2242 2243/2302/2243
f 2243/2302/2243 2083/2142/2083 2232/2291/2232
f 2083/2142/2083 2243/2302/2243 2095/2154/2095
f 1814/1873/1814 2233/2292/2233 1801/1860/1801
f 2233/2292/2233 1814/1873/1814 2244/2303/2244
f 2244/2303/2244 2234/2293/2234 2233/2292/2233
f 2234/2293/2234 2244/2303/2244 2245/2304/2245
f 2245/2304/2245 2235/2294/2235 2234/2293/2234
f 2235/2294/2235 2245/2304/2245 2246/2305/2246
f 2246/2305/2246 2236/2295/2236 2235/2294/2235
f 2236/2295/2236 2246/2305/2246 2247/2306/2247
f 2247/2306/2247 2237/2296/2237 2236/2295/2236
f 2237/2296/2237 2247/2306/2247 2248/2307/2248
f 2248/2307/2248 2238/2297/2238 2237/2296/2237
f 2238/2297/2238 2248/2307/2248 2249/2308/2249
f 2249/2308/2249 2239/2298/2239 2238/2297/2238
f 2239/2298/2239 2249/2308/2249 2250/2309/2250
f 2250/2309/2250 2240/2299/2240 2239/2298/2239
f 2240/2299/2240 2250/2309/2250 2251/2310/2251
f 2251/2310/2251 2241/2300/2241 2240/2299/2240
f 2241/2300/2241 2251/2310/2251 2252/2311/2252
f 2252/2311/2252 2242/2301/2242 2241/2300/2241
f 2242/2301/2242 2252/2311/2252 2253/2312/2253
f 2253/2312/2253 2243/2302/2243 2242/2301/2242
f 2243/2302/2243 2253/2312/2253 2254/2313/2254
f 2254/2313/2254 2095/2154/2095 2243/2302/2243
f 2095/2154/2095 2254/2313/2254 2107/2166/2107
f 1827/1886/1827 2244/2303/2244 1814/1873/1814
f 2244/2303/2244 1827/1886/1827 2255/2314/2255
f 2255/2314/2255 2245/2304/2245 2244/2303/2244
f 2245/2304/2245 2255/2314/2255 2256/2315/2256
f 2256/2315/2256 2246/2305/2246 2245/2304/2245
f 2246/2305/2246 2256/2315/2256 2257/2316/2257
f 2257/2316/2257 2247/2306/2247 2246/2305/2246
f 2247/2306/2247 2257/2316/2257 2258/2317/2258
f 2258/2317/2258 2248/2307/2248 2247/2306/2247
f 2248/2307/2248 2258/2317/2258 2259/2318/2259
f 2259/2318/2259 2249/2308/2249 2248/2307/2248
f 2249/2308/2249 2259/2318/2259 2260/2319/2260
f 2260/2319/2260 2250/2309/2250 2249/2308/2249
f 2250/2309/2250 2260/2319/2260 2261/2320/2261
f 2261/2320/2261 2251/2310/2251 2250/2309/2250
f 2251/2310/2251 2261/2320/2261 2262/2321/2262
f 2262/2321/2262 2252/2311/2252 2251/2310/2251
f 2252/2311/2252 2262/2321/2262 2263/2322/2263
f 2263/2322/2263 2253/2312/2253 2252/2311/2252
f 2253/2312/2253 2263/2322/2263 2264/2323/2264
f 2264/2323/2264 2254/2313/2254 2253/2312/2253
f 2254/2313/2254 2264/2323/2264 2265/2324/2265
f 2265/2324/2265 2107/2166/2107 2254/2313/2254
f 2107/2166/2107 2265/2324/2265 2119/2178/2119
f 1840/1899/1840 2255/2314/2255 1827/1886/1827
f 2255/2314/2255 1840/1899/1840 2266/2325/2266
f 2266/2325/2266 2256/2315/2256 2255/2314/2255
f 2256/2315/2256 2266/2325/2266 2267/2326/2267
f 2267/2326/2267 2257/2316/2257 2256/2315/2256
f 2257/2316/2257 2267/2326/2267 2268/2327/2268
f 2268/2327/2268 2258/2317/2258 2257/2316/2257
f 2258/2317/2258 2268/2327/2268 2269/2328/2269
f 2269/2328/2269 2259/2318/2259 2258/2317/2258
f 2259/2318/2259 2269/2328/2269 2270/2329/2270
f 2270/2329/2270 2260/2319/2260 2259/2318/2259
f 2260/2319/2260 2270/2329/2270 2271/2330/2271
f 2271/2330/2271 2261/2320/2261 2260/2319/2260
f 2261/2320/2261 2271/2330/2271 2272/2331/2272
f 2272/2331/2272 2262/2321/2262 2261/2320/2261
f 2262/2321/2262 2272/2331/2272 2273/2332/2273
f 2273/2332/2273 2263/2322/2263 2262/2321/2262
f 2263/2322/2263 2273/2332/2273 2274/2333/2274
f 2274/2333/2274 2264/2323/2264 2263/2322/2263
f 2264/2323/2264 2274/2333/2274 2275/2334/2275
f 2275/2334/2275 2265/2324/2265 2264/2323/2264
f 2265/2324/2265 2275/2334/2275 2276/2335/2276
f 2276/2335/2276 2119/2178/2119 2265/2324/2265
f 2119/2178/2119 2276/2335/2276 2131/2190/2131
f 1853/1912/1853 2266/2325/2266 1840/1899/1840
f 2266/2325/2266 1853/1912/1853 2277/2336/2277
f 2277/2336/2277 2267/2326/2267 2266/2325/2266
f 2267/2326/2267 2277/2336/2277 2278/2337/2278
f 2278/2337/2278 2268/2327/2268 2267/2326/2267
f 2268/2327/2268 2278/2337/2278 2279/2338/2279
f 2279/2338/2279 2269/2328/2269 2268/2327/2268
f 2269/2328/2269 2279/2338/2279 2280/2339/2280
f 2280/2339/2280 2270/2329/2270 2269/2328/2269
f 2270/2329/2270 2280/2339/2280 2281/2340/2281
f 2281/2340/2281 2271/2330/2271 2270/2329/2270
f 2271/2330/2271 2281/2340/2281 2282/2341/2282
f 2282/2341/2282 2272/2331/2272 2271/2330/2271
f 2272/2331/2272 2282/2341/2282 2283/2342/2283
f 2283/2342/2283 2273/2332/2273 2272/2331/2272
f 2273/2332/2273 2283/2342/2283 2284/2343/2284
f 2284/2343/2284 2274/2333/2274 2273/2332/2273
f 2274/2333/2274 2284/2343/2284 2285/2344/2285
f 2285/2344/2285 2275/2334/2275 2274/2333/2274
f 2275/2334/2275 2285/2344/2285 2286/2345/2286
f 2286/2345/2286 2276/2335/2276 2275/2334/2275
f 2276/2335/2276 2286/2345/2286 2287/2346/2287
f 2287/2346/2287 2131/2190/2131 2276/2335/2276
f 2131/2190/2131 2287/2346/2287 2143/2202/2143
f 1866/1925/1866 2277/2336/2277 1853/1912/1853
f 2277/2336/2277 1866/1925/1866 2288/2347/2288
f 2288/2347/2288 2278/2337/2278 2277/2336/2277
f 2278/2337/2278 2288/2347/2288 2289/2348/2289
f 2289/2348/2289 2279/2338/2279 2278/2337/2278
f 2279/2338/2279 2289/2348/2289 2290/2349/2290
f 2290/2349/2290 2280/2339/2280 2279/2338/2279
f 2280/2339/2280 2290/2349/2290 2291/2350/2291
f 2291/2350/2291 2281/2340/2281 2280/2339/2280
f 2281/2340/2281 2291/2350/2291 2292/2351/2292
f 2292/2351/2292 2282/2341/2282 2281/2340/2281
f 2282/2341/2282 2292/2351/2292 2293/2352/2293
f 2293/2352/2293 2283/2342/2283 2282/2341/2282
f 2283/2342/2283 2293/2352/2293 2294/2353/2294
f 2294/2353/2294 2284/2343/2284 2283/2342/2283
f 2284/2343/2284 2294/2353/2294 2295/2354/2295
f 2295/2354/2295 2285/2344/2285 2284/2343/2284
f 2285/2344/2285 2295/2354/2295 2296/2355/2296
f 2296/2355/2296 2286/2345/2286 2285/2344/2285
f 2286/2345/2286 2296/2355/2296 2297/2356/2297
f 2297/2356/2297 2287/2346/2287 2286/2345/2286
f 2287/2346/2287 2297/2356/2297 2298/2357/2298
f 2298/2357/2298 2143/2202/2143 2287/2346/2287
f 2143/2202/2143 2298/2357/2298 2155/2214/2155
f 1867/2359/1867 2299/2371/2299 1866/2358/1866
f 2299/2371/2299 1867/2359/1867 2300/2372/2300
f 1868/2360/1868 2300/2372/2300 1867/2359/1867
f 2300/2372/2300 1868/2360/1868 2301/2373/2301
f 1869/2361/1869 2301/2373/2301 1868/2360/1868
f 2301/2373/2301 1869/2361/1869 2302/2374/2302
f 1870/2362/1870 2302/2374/2302 1869/2361/1869
f 2302/2374/2302 1870/2362/1870 2303/2375/2303
f 1871/2363/1871 2303/2375/2303 1870/2362/1870
f 2303/2375/2303 1871/2363/1871 2304/2376/2304
f 1872/2364/1872 2304/2376/2304 1871/2363/1871
f 2304/2376/2304 1872/2364/1872 2305/2377/2305
f 1873/2365/1873 2305/2377/2305 1872/2364/1872
f 2305/2377/2305 1873/2365/1873 2306/2378/2306
f 1874/2366/1874 2306/2378/2306 1873/2365/1873
f 2306/2378/2306 1874/2366/1874 2307/2379/2307
f 1875/2367/1875 2307/2379/2307 1874/2366/1874
f 2307/2379/2307 1875/2367/1875 2308/2380/2308
f 1876/2368/1876 2308/2380/2308 1875/2367/1875
f 2308/2380/2308 1876/2368/1876 2309/2381/2309
f 1877/2369/1877 2309/2381/2309 1876/2368/1876
f 2309/2381/2309 1877/2369/1877 2310/2382/2310
f 1878/2370/1878 2310/2382/2310 1877/2369/1877
f 2310/2382/2310 1878/2370/1878 2311/2383/2311
f 2300/2372/2300 2312/2384/2312 2299/2371/2299
f 2312/2384/2312 2300/2372/2300 2313/2385/2313
f 2301/2373/2301 2313/2385/2313 2300/2372/2300
f 2313/2385/2313 2301/2373/2301 2314/2386/2314
f 2302/2374/2302 2314/2386/2314 2301/2373/2301
f 2314/2386/2314 2302/2374/2302 2315/2387/2315
f 2303/2375/2303 2315/2387/2315 2302/2374/2302
f 2315/2387/2315 2303/2375/2303 2316/2388/2316
f 2304/2376/2304 2316/2388/2316 2303/2375/2303
f 2316/2388/2316 2304/2376/2304 2317/2389/2317
f 2305/2377/2305 2317/2389/2317 2304/2376/2304
f 2317/2389/2317 2305/2377/2305 2318/2390/2318
f 2306/2378/2306 2318/2390/2318 2305/2377/2305
f 2318/2390/2318 2306/2378/2306 2319/2391/2319
f 2307/2379/2307 2319/2391/2319 2306/2378/2306
f 2319/2391/2319 2307/2379/2307 2320/2392/2320
f 2308/2380/2308 2320/2392/2320 2307/2379/2307
f 2320/2392/2320 2308/2380/2308 2321/2393/2321
f 2309/2381/2309 2321/2393/2321 2308/2380/2308
f 2321/2393/2321 2309/2381/2309 2322/2394/2322
f 2310/2382/2310 2322/2394/2322 2309/2381/2309
f 2322/2394/2322 2310/2382/2310 2323/2395/2323
f 2311/2383/2311 2323/2395/2323 2310/2382/2310
f 2323/2395/2323 2311/2383/2311 2324/2396/2324
f 2313/2385/2313 2325/2397/2325 2312/2384/2312
f 2325/2397/2325 2313/2385/2313 2326/2398/2326
f 2314/2386/2314 2326/2398/2326 2313/2385/2313
f 2326/2398/2326 2314/2386/2314 2327/2399/2327
f 2315/2387/2315 2327/2399/2327 2314/2386/2314
f 2327/2399/2327 2315/2387/2315 2328/2400/2328
f 2316/2388/2316 2328/2400/2328 2315/2387/2315
f 2328/2400/2328 2316/2388/2316 2329/2401/2329
f 2317/2389/2317 2329/2401/2329 2316/2388/2316
f 2329/2401/2329 2317/2389/2317 2330/2402/2330
f 2318/2390/2318 2330/2402/2330 2317/2389/2317
f 2330/2402/2330 2318/2390/2318 2331/2403/2331
f 2319/2391/2319 2331/2403/2331 2318/2390/2318
f 2331/2403/2331 2319/2391/2319 2332/2404/2332
f 2320/2392/2320 2332/2404/2332 2319/2391/2319
f 2332/2404/2332 2320/2392/2320 2333/2405/2333
f 2321/2393/2321 2333/2405/2333 2320/2392/2320
f 2333/2405/2333 2321/2393/2321 2334/2406/2334
f 2322/2394/2322 2334/2406/2334 2321/2393/2321
f 2334/2406/2334 2322/2394/2322 2335/2407/2335
f 2323/2395/2323 2335/2407/2335 2322/2394/2322
f 2335/2407/2335 2323/2395/2323 2336/2408/2336
f 2324/2396/2324 2336/2408/2336 2323/2395/2323
f 2336/2408/2336 2324/2396/2324 2337/2409/2337
f 2326/2398/2326 2338/2410/2338 2325/2397/2325
f 2338/2410/2338 2326/2398/2326 2339/2411/2339
f 2327/2399/2327 2339/2411/2339 2326/2398/2326
f 2339/2411/2339 2327/2399/2327 2340/2412/2340
f 2328/2400/2328 2340/2412/2340 2327/2399/2327
f 2340/2412/2340 2328/2400/2328 2341/2413/2341
f 2329/2401/2329 2341/2413/2341 2328/2400/2328
f 2341/2413/2341 2329/2401/2329 2342/2414/2342
f 2330/2402/2330 2342/2414/2342 2329/2401/2329
f 2342/2414/2342 2330/2402/2330 2343/2415/2343
f 2331/2403/2331 2343/2415/2343 2330/2402/2330
f 2343/2415/2343 2331/2403/2331 2344/2416/2344
f 2332/2404/2332 2344/2416/2344 2331/2403/2331
f 2344/2416/2344 2332/2404/2332 2345/2417/2345
f 2333/2405/2333 2345/2417/2345 2332/2404/2332
f 2345/2417/2345 2333/2405/2333 2346/2418/2346
f 2334/2406/2334 2346/2418/2346 2333/2405/2333
f 2346/2418/2346 2334/2406/2334 2347/2419/2347
f 2335/2407/2335 2347/2419/2347 2334/2406/2334
f 2347/2419/2347 2335/2407/2335 2348/2420/2348
f 2336/2408/2336 2348/2420/2348 2335/2407/2335
f 2348/2420/2348 2336/2408/2336 2349/2421/2349
f 2337/2409/2337 2349/2421/2349 2336/2408/2336
f 2349/2421/2349 2337/2409/2337 2350/2422/2350
f 2339/2411/2339 2351/2423/2351 2338/2410/2338
f 2351/2423/2351 2339/2411/2339 2352/2424/2352
f 2340/2412/2340 2352/2424/2352 2339/2411/2339
f 2352/2424/2352 2340/2412/2340 2353/2425/2353
f 2341/2413/2341 2353/2425/2353 2340/2412/2340
f 2353/2425/2353 2341/2413/2341 2354/2426/2354
f 2342/2414/2342 2354/2426/2354 2341/2413/2341
f 2354/2426/2354 2342/2414/2342 2355/2427/2355
f 2343/2415/2343 2355/2427/2355 2342/2414/2342
f 2355/2427/2355 2343/2415/2343 2356/2428/2356
f 2344/2416/2344 2356/2428/2356 2343/2415/2343
f 2356/2428/2356 2344/2416/2344 2357/2429/2357
f 2345/2417/2345 2357/2429/2357 2344/2416/2344
f 2357/2429/2357 2345/2417/2345 2358/2430/2358
f 2346/2418/2346 2358/2430/2358 2345/2417/2345
f 2358/2430/2358 2346/2418/2346 2359/2431/2359
f 2347/2419/2347 2359/2431/2359 2346/2418/2346
f 2359/2431/2359 2347/2419/2347 2360/2432/2360
f 2348/2420/2348 2360/2432/2360 2347/2419/2347
f 2360/2432/2360 2348/2420/2348 2361/2433/2361
f 2349/2421/2349 2361/2433/2361 2348/2420/2348
f 2361/2433/2361 2349/2421/2349 2362/2434/2362
f 2350/2422/2350 2362/2434/2362 2349/2421/2349
f 2362/2434/2362 2350/2422/2350 2363/2435/2363
f 2352/2424/2352 2364/2436/2364 2351/2423/2351
f 2364/2436/2364 2352/2424/2352 2365/2437/2365
f 2353/2425/2353 2365/2437/2365 2352/2424/2352
f 2365/2437/2365 2353/2425/2353 2366/2438/2366
f 2354/2426/2354 2366/2438/2366 2353/2425/2353
f 2366/2438/2366 2354/2426/2354 2367/2439/2367
f 2355/2427/2355 2367/2439/2367 2354/2426/2354
f 2367/2439/2367 2355/2427/2355 2368/2440/2368
f 2356/2428/2356 2368/2440/2368 2355/2427/2355
f 2368/2440/2368 2356/2428/2356 2369/2441/2369
f 2357/2429/2357 2369/2441/2369 2356/2428/2356
f 2369/2441/2369 2357/2429/2357 2370/2442/2370
f 2358/2430/2358 2370/2442/2370 2357/2429/2357
f 2370/2442/2370 2358/2430/2358 2371/2443/2371
f 2359/2431/2359 2371/2443/2371 2358/2430/2358
f 2371/2443/2371 2359/2431/2359 2372/2444/2372
f 2360/2432/2360 2372/2444/2372 2359/2431/2359
f 2372/2444/2372 2360/2432/2360 2373/2445/2373
f 2361/2433/2361 2373/2445/2373 2360/2432/2360
f 2373/2445/2373 2361/2433/2361 2374/2446/2374
f 2362/2434/2362 2374/2446/2374 2361/2433/2361
f 2374/2446/2374 2362/2434/2362 2375/2447/2375
f 2363/2435/2363 2375/2447/2375 2362/2434/2362
f 2375/2447/2375 2363/2435/2363 2376/2448/2376
f 2365/2437/2365 2377/2449/2377 2364/2436/2364
f 2377/2449/2377 2365/2437/2365 2378/2450/2378
f 2366/2438/2366 2378/2450/2378 2365/2437/2365
f 2378/2450/2378 2366/2438/2366 2379/2451/2379
f 2367/2439/2367 2379/2451/2379 2366/2438/2366
f 2379/2451/2379 2367/2439/2367 2380/2452/2380
f 2368/2440/2368 2380/2452/2380 2367/2439/2367
f 2380/2452/2380 2368/2440/2368 2381/2453/2381
f 2369/2441/2369 2381/2453/2381 2368/2440/2368
f 2381/2453/2381 2369/2441/2369 2382/2454/2382
f 2370/2442/2370 2382/2454/2382 2369/2441/2369
f 2382/2454/2382 2370/2442/2370 2383/2455/2383
f 2371/2443/2371 2383/2455/2383 2370/2442/2370
f 2383/2455/2383 2371/2443/2371 2384/2456/2384
f 2372/2444/2372 2384/2456/2384 2371/2443/2371
f 2384/2456/2384 2372/2444/2372 2385/2457/2385
f 2373/2445/2373 2385/2457/2385 2372/2444/2372
f 2385/2457/2385 2373/2445/2373 2386/2458/2386
f 2374/2446/2374 2386/2458/2386 2373/2445/2373
f 2386/2458/2386 2374/2446/2374 2387/2459/2387
f 2375/2447/2375 2387/2459/2387 2374/2446/2374
f 2387/2459/2387 2375/2447/2375 2388/2460/2388
f 2376/2448/2376 2388/2460/2388 2375/2447/2375
f 2388/2460/2388 2376/2448/2376 2389/2461/2389
f 2378/2450/2378 2390/2462/2390 2377/2449/2377
f 2390/2462/2390 2378/2450/2378 2391/2463/2391
f 2379/2451/2379 2391/2463/2391 2378/2450/2378
f 2391/2463/2391 2379/2451/2379 2392/2464/2392
f 2380/2452/2380 2392/2464/2392 2379/2451/2379
f 2392/2464/2392 2380/2452/2380 2393/2465/2393
f 2381/2453/2381 2393/2465/2393 2380/2452/2380
f 2393/2465/2393 2381/2453/2381 2394/2466/2394
f 2382/2454/2382 2394/2466/2394 2381/2453/2381
f 2394/2466/2394 2382/2454/2382 2395/2467/2395
f 2383/2455/2383 2395/2467/2395 2382/2454/2382
f 2395/2467/2395 2383/2455/2383 2396/2468/2396
f 2384/2456/2384 2396/2468/2396 2383/2455/2383
f 2396/2468/2396 2384/2456/2384 2397/2469/2397
f 2385/2457/2385 2397/2469/2397 2384/2456/2384
f 2397/2469/2397 2385/2457/2385 2398/2470/2398
f 2386/2458/2386 2398/2470/2398 2385/2457/2385
f 2398/2470/2398 2386/2458/2386 2399/2471/2399
f 2387/2459/2387 2399/2471/2399 2386/2458/2386
f 2399/2471/2399 2387/2459/2387 2400/2472/2400
f 2388/2460/2388 2400/2472/2400 2387/2459/2387
f 2400/2472/2400 2388/2460/2388 2401/2473/2401
f 2389/2461/2389 2401/2473/2401 2388/2460/2388
f 2401/2473/2401 2389/2461/2389 2402/2474/2402
f 2391/2463/2391 2403/2475/2403 2390/2462/2390
f 2403/2475/2403 2391/2463/2391 2404/2476/2404
f 2392/2464/2392 2404/2476/2404 2391/2463/2391
f 2404/2476/2404 2392/2464/2392 2405/2477/2405
f 2393/2465/2393 2405/2477/2405 2392/2464/2392
f 2405/2477/2405 2393/2465/2393 2406/2478/2406
f 2394/2466/2394 2406/2478/2406 2393/2465/2393
f 2406/2478/2406 2394/2466/2394 2407/2479/2407
f 2395/2467/2395 2407/2479/2407 2394/2466/2394
f 2407/2479/2407 2395/2467/2395 2408/2480/2408
f 2396/2468/2396 2408/2480/2408 2395/2467/2395
f 2408/2480/2408 2396/2468/2396 2409/2481/2409
f 2397/2469/2397 2409/2481/2409 2396/2468/2396
f 2409/2481/2409 2397/2469/2397 2410/2482/2410
f 2398/2470/2398 2410/2482/2410 2397/2469/2397
f 2410/2482/2410 2398/2470/2398 2411/2483/2411
f 2399/2471/2399 2411/2483/2411 2398/2470/2398
f 2411/2483/2411 2399/2471/2399 2412/2484/2412
f 2400/2472/2400 2412/2484/2412 2399/2471/2399
f 2412/2484/2412 2400/2472/2400 2413/2485/2413
f 2401/2473/2401 2413/2485/2413 2400/2472/2400
f 2413/2485/2413 2401/2473/2401 2414/2486/2414
f 2402/2474/2402 2414/2486/2414 2401/2473/2401
f 2414/2486/2414 2402/2474/2402 2415/2487/2415
f 2404/2476/2404 2416/2488/2416 2403/2475/2403
f 2416/2488/2416 2404/2476/2404 2417/2489/2417
f 2405/2477/2405 2417/2489/2417 2404/2476/2404
f 2417/2489/2417 2405/2477/2405 2418/2490/2418
f 2406/2478/2406 2418/2490/2418 2405/2477/2405
f 2418/2490/2418 2406/2478/2406 2419/2491/2419
f 2407/2479/2407 2419/2491/2419 2406/2478/2406
f 2419/2491/2419 2407/2479/2407 2420/2492/2420
f 2408/2480/2408 2420/2492/2420 2407/2479/2407
f 2420/2492/2420 2408/2480/2408 2421/2493/2421
f 2409/2481/2409 2421/2493/2421 2408/2480/2408
f 2421/2493/2421 2409/2481/2409 2422/2494/2422
f 2410/2482/2410 2422/2494/2422 2409/2481/2409
f 2422/2494/2422 2410/2482/2410 2423/2495/2423
f 2411/2483/2411 2423/2495/2423 2410/2482/2410
f 2423/2495/2423 2411/2483/2411 2424/2496/2424
f 2412/2484/2412 2424/2496/2424 2411/2483/2411
f 2424/2496/2424 2412/2484/2412 2425/2497/2425
f 2413/2485/2413 2425/2497/2425 2412/2484/2412
f 2425/2497/2425 2413/2485/2413 2426/2498/2426
f 2414/2486/2414 2426/2498/2426 2413/2485/2413
f 2426/2498/2426 2414/2486/2414 2427/2499/2427
f 2415/2487/2415 2427/2499/2427 2414/2486/2414
f 2427/2499/2427 2415/2487/2415 2428/2500/2428
f 2417/2489/2417 2429/2501/2429 2416/2488/2416
f 2429/2501/2429 2417/2489/2417 2430/2502/2430
f 2418/2490/2418 2430/2502/2430 2417/2489/2417
f 2430/2502/2430 2418/2490/2418 2431/2503/2431
f 2419/2491/2419 2431/2503/2431 2418/2490/2418
f 2431/2503/2431 2419/2491/2419 2432/2504/2432
f 2420/2492/2420 2432/2504/2432 2419/2491/2419
f 2432/2504/2432 2420/2492/2420 2433/2505/2433
f 2421/2493/2421 2433/2505/2433 2420/2492/2420
f 2433/2505/2433 2421/2493/2421 2434/2506/2434
f 2422/2494/2422 2434/2506/2434 2421/2493/2421
f 2434/2506/2434 2422/2494/2422 2435/2507/2435
f 2423/2495/2423 2435/2507/2435 2422/2494/2422
f 2435/2507/2435 2423/2495/2423 2436/2508/2436
f 2424/2496/2424 2436/2508/2436 2423/2495/2423
f 2436/2508/2436 2424/2496/2424 2437/2509/2437
f 2425/2497/2425 2437/2509/2437 2424/2496/2424
f 2437/2509/2437 2425/2497/2425 2438/2510/2438
f 2426/2498/2426 2438/2510/2438 2425/2497/2425
f 2438/2510/2438 2426/2498/2426 2439/2511/2439
f 2427/2499/2427 2439/2511/2439 2426/2498/2426
f 2439/2511/2439 2427/2499/2427 2440/2512/2440
f 2428/2500/2428 2440/2512/2440 2427/2499/2427
f 2440/2512/2440 2428/2500/2428 2441/2513/2441
f 2430/2502/2430 2442/2514/2442 2429/2501/2429
f 2442/2514/2442 2430/2502/2430 2443/2515/2443
f 2431/2503/2431 2443/2515/2443 2430/2502/2430
f 2443/2515/2443 2431/2503/2431 2444/2516/2444
f 2432/2504/2432 2444/2516/2444 2431/2503/2431
f 2444/2516/2444 2432/2504/2432 2445/2517/2445
f 2433/2505/2433 2445/2517/2445 2432/2504/2432
f 2445/2517/2445 2433/2505/2433 2446/2518/2446
f 2434/2506/2434 2446/2518/2446 2433/2505/2433
f 2446/2518/2446 2434/2506/2434 2447/2519/2447
f 2435/2507/2435 2447/2519/2447 2434/2506/2434
f 2447/2519/2447 2435/2507/2435 2448/2520/2448
f 2436/2508/2436 2448/2520/2448 2435/2507/2435
f 2448/2520/2448 2436/2508/2436 2449/2521/2449
f 2437/2509/2437 2449/2521/2449 2436/2508/2436
f 2449/2521/2449 2437/2509/2437 2450/2522/2450
f 2438/2510/2438 2450/2522/2450 2437/2509/2437
f 2450/2522/2450 2438/2510/2438 2451/2523/2451
f 2439/2511/2439 2451/2523/2451 2438/2510/2438
f 2451/2523/2451 2439/2511/2439 2452/2524/2452
f 2440/2512/2440 2452/2524/2452 2439/2511/2439
f 2452/2524/2452 2440/2512/2440 2453/2525/2453
f 2441/2513/2441 2453/2525/2453 2440/2512/2440
f 2453/2525/2453 2441/2513/2441 2454/2526/2454
f 2011/2527/2011 2311/2383/2311 1878/2370/1878
f 2311/2383/2311 2011/2527/2011 2455/2539/2455
f 2012/2528/2012 2455/2539/2455 2011/2527/2011
f 2455/2539/2455 2012/2528/2012 2456/2540/2456
f 2013/2529/2013 2456/2540/2456 2012/2528/2012
f 2456/2540/2456 2013/2529/2013 2457/2541/2457
f 2014/2530/2014 2457/2541/2457 2013/2529/2013
f 2457/2541/2457 2014/2530/2014 2458/2542/2458
f 2015/2531/2015 2458/2542/2458 2014/2530/2014
f 2458/2542/2458 2015/2531/2015 2459/2543/2459
f 2016/2532/2016 2459/2543/2459 2015/2531/2015
f 2459/2543/2459 2016/2532/2016 2460/2544/2460
f 2017/2533/2017 2460/2544/2460 2016/2532/2016
f 2460/2544/2460 2017/2533/2017 2461/2545/2461
f 2018/2534/2018 2461/2545/2461 2017/2533/2017
f 2461/2545/2461 2018/2534/2018 2462/2546/2462
f 2019/2535/2019 2462/2546/2462 2018/2534/2018
f 2462/2546/2462 2019/2535/2019 2463/2547/2463
f 2020/2536/2020 2463/2547/2463 2019/2535/2019
f 2463/2547/2463 2020/2536/2020 2464/2548/2464
f 2021/2537/2021 2464/2548/2464 2020/2536/2020
f 2464/2548/2464 2021/2537/2021 2465/2549/2465
f 2022/2538/2022 2465/2549/2465 2021/2537/2021
f 2465/2549/2465 2022/2538/2022 2466/2550/2466
f 2455/2539/2455 2324/2396/2324 2311/2383/2311
f 2324/2396/2324 2455/2539/2455 2467/2551/2467
f 2456/2540/2456 2467/2551/2467 2455/2539/2455
f 2467/2551/2467 2456/2540/2456 2468/2552/2468
f 2457/2541/2457 2468/2552/2468 2456/2540/2456
f 2468/2552/2468 2457/2541/2457 2469/2553/2469
f 2458/2542/2458 2469/2553/2469 2457/2541/2457
f 2469/2553/2469 2458/2542/2458 2470/2554/2470
f 2459/2543/2459 2470/2554/2470 2458/2542/2458
f 2470/2554/2470 2459/2543/2459 2471/2555/2471
f 2460/2544/2460 2471/2555/2471 2459/2543/2459
f 2471/2555/2471 2460/2544/2460 2472/2556/2472
f 2461/2545/2461 2472/2556/2472 2460/2544/2460
f 2472/2556/2472 2461/2545/2461 2473/2557/2473
f 2462/2546/2462 2473/2557/2473 2461/2545/2461
f 2473/2557/2473 2462/2546/2462 2474/2558/2474
f 2463/2547/2463 2474/2558/2474 2462/2546/2462
f 2474/2558/2474 2463/2547/2463 2475/2559/2475
f 2464/2548/2464 2475/2559/2475 2463/2547/2463
f 2475/2559/2475 2464/2548/2464 2476/2560/2476
f 2465/2549/2465 2476/2560/2476 2464/2548/2464
f 2476/2560/2476 2465/2549/2465 2477/2561/2477
f 2466/2550/2466 2477/2561/2477 2465/2549/2465
f 2477/2561/2477 2466/2550/2466 2478/2562/2478
f 2467/2551/2467 2337/2409/2337 2324/2396/2324
f 2337/2409/2337 2467/2551/2467 2479/2563/2479
f 2468/2552/2468 2479/2563/2479 2467/2551/2467
f 2479/2563/2479 2468/2552/2468 2480/2564/2480
f 2469/2553/2469 2480/2564/2480 2468/2552/2468
f 2480/2564/2480 2469/2553/2469 2481/2565/2481
f 2470/2554/2470 2481/2565/2481 2469/2553/2469
f 2481/2565/2481 2470/2554/2470 2482/2566/2482
f 2471/2555/2471 2482/2566/2482 2470/2554/2470
f 2482/2566/2482 2471/2555/2471 2483/2567/2483
f 2472/2556/2472 2483/2567/2483 2471/2555/2471
f 2483/2567/2483 2472/2556/2472 2484/2568/2484
f 2473/2557/2473 2484/2568/2484 2472/2556/2472
f 2484/2568/2484 2473/2557/2473 2485/2569/2485
f 2474/2558/2474 2485/2569/2485 2473/2557/2473
f 2485/2569/2485 2474/2558/2474 2486/2570/2486
f 2475/2559/2475 2486/2570/2486 2474/2558/2474
f 2486/2570/2486 2475/2559/2475 2487/2571/2487
f 2476/2560/2476 2487/2571/2487 2475/2559/2475
f 2487/2571/2487 2476/2560/2476 2488/2572/2488
f 2477/2561/2477 2488/2572/2488 2476/2560/2476
f 2488/2572/2488 2477/2561/2477 2489/2573/2489
f 2478/2562/2478 2489/2573/2489 2477/2561/2477
f 2489/2573/2489 2478/2562/2478 2490/2574/2490
f 2479/2563/2479 2350/2422/2350 2337/2409/2337
f 2350/2422/2350 2479/2563/2479 2491/2575/2491
f 2480/2564/2480 2491/2575/2491 2479/2563/2479
f 2491/2575/2491 2480/2564/2480 2492/2576/2492
f 2481/2565/2481 2492/2576/2492 2480/2564/2480
f 2492/2576/2492 2481/2565/2481 2493/2577/2493
f 2482/2566/2482 2493/2577/2493 2481/2565/2481
f 2493/2577/2493 2482/2566/2482 2494/2578/2494
f 2483/2567/2483 2494/2578/2494 2482/2566/2482
f 2494/2578/2494 2483/2567/2483 2495/2579/2495
f 2484/2568/2484 2495/2579/2495 2483/2567/2483
f 2495/2579/2495 2484/2568/2484 2496/2580/2496
f 2485/2569/2485 2496/2580/2496 2484/2568/2484
f 2496/2580/2496 2485/2569/2485 2497/2581/2497
f 2486/2570/2486 2497/2581/2497 2485/2569/2485
f 2497/2581/2497 2486/2570/2486 2498/2582/2498
f 2487/2571/2487 2498/2582/2498 2486/2570/2486
f 2498/2582/2498 2487/2571/2487 2499/2583/2499
f 2488/2572/2488 2499/2583/2499 2487/2571/2487
f 2499/2583/2499 2488/2572/2488 2500/2584/2500
f 2489/2573/2489 2500/2584/2500 2488/2572/2488
f 2500/2584/2500 2489/2573/2489 2501/2585/2501
f 2490/2574/2490 2501/2585/2501 2489/2573/2489
f 2501/2585/2501 2490/2574/2490 2502/2586/2502
f 2491/2575/2491 2363/2435/2363 2350/2422/2350
f 2363/2435/2363 2491/2575/2491 2503/2587/2503
f 2492/2576/2492 2503/2587/2503 2491/2575/2491
f 2503/2587/2503 2492/2576/2492 2504/2588/2504
f 2493/2577/2493 2504/2588/2504 2492/2576/2492
f 2504/2588/2504 2493/2577/2493 2505/2589/2505
f 2494/2578/2494 2505/2589/2505 2493/2577/2493
f 2505/2589/2505 2494/2578/2494 2506/2590/2506
f 2495/2579/2495 2506/2590/2506 2494/2578/2494
f 2506/2590/2506 2495/2579/2495 2507/2591/2507
f 2496/2580/2496 2507/2591/2507 2495/2579/2495
f 2507/2591/2507 2496/2580/2496 2508/2592/2508
f 2497/2581/2497 2508/2592/2508 2496/2580/2496
f 2508/2592/2508 2497/2581/2497 2509/2593/2509
f 2498/2582/2498 2509/2593/2509 2497/2581/2497
f 2509/2593/2509 2498/2582/2498 2510/2594/2510
f 2499/2583/2499 2510/2594/2510 2498/2582/2498
f 2510/2594/2510 2499/2583/2499 2511/2595/2511
f 2500/2584/2500 2511/2595/2511 2499/2583/2499
f 2511/2595/2511 2500/2584/2500 2512/2596/2512
f 2501/2585/2501 2512/2596/2512 2500/2584/2500
f 2512/2596/2512 2501/2585/2501 2513/2597/2513
f 2502/2586/2502 2513/2597/2513 2501/2585/2501
f 2513/2597/2513 2502/2586/2502 2514/2598/2514
f 2503/2587/2503 2376/2448/2376 2363/2435/2363
f 2376/2448/2376 2503/2587/2503 2515/2599/2515
f 2504/2588/2504 2515/2599/2515 2503/2587/2503
f 2515/2599/2515 2504/2588/2504 2516/2600/2516
f 2505/2589/2505 2516/2600/2516 2504/2588/2504
f 2516/2600/2516 2505/2589/2505 2517/2601/2517
f 2506/2590/2506 2517/2601/2517 2505/2589/2505
f 2517/2601/2517 2506/2590/2506 2518/2602/2518
f 2507/2591/2507 2518/2602/2518 2506/2590/2506
f 2518/2602/2518 2507/2591/2507 2519/2603/2519
f 2508/2592/2508 2519/2603/2519 2507/2591/2507
f 2519/2603/2519 2508/2592/2508 2520/2604/2520
f 2509/2593/2509 2520/2604/2520 2508/2592/2508
f 2520/2604/2520 2509/2593/2509 2521/2605/2521
f 2510/2594/2510 2521/2605/2521 2509/2593/2509
f 2521/2605/2521 2510/2594/2510 2522/2606/2522
f 2511/2595/2511 2522/2606/2522 2510/2594/2510
f 2522/2606/2522 2511/2595/2511 2523/2607/2523
f 2512/2596/2512 2523/2607/2523 2511/2595/2511
f 2523/2607/2523 2512/2596/2512 2524/2608/2524
f 2513/2597/2513 2524/2608/2524 2512/2596/2512
f 2524/2608/2524 2513/2597/2513 2525/2609/2525
f 2514/2598/2514 2525/2609/2525 2513/2597/2513
f 2525/2609/2525 2514/2598/2514 2526/2610/2526
f 2515/2599/2515 2389/2461/2389 2376/2448/2376
f 2389/2461/2389 2515/2599/2515 2527/2611/2527
f 2516/2600/2516 2527/2611/2527 2515/2599/2515
f 2527/2611/2527 2516/2600/2516 2528/2612/2528
f 2517/2601/2517 2528/2612/2528 2516/2600/2516
f 2528/2612/2528 2517/2601/2517 2529/2613/2529
f 2518/2602/2518 2529/2613/2529 2517/2601/2517
f 2529/2613/2529 2518/2602/2518 2530/2614/2530
f 2519/2603/2519 2530/2614/2530 2518/2602/2518
f 2530/2614/2530 2519/2603/2519 2531/2615/2531
f 2520/2604/2520 2531/2615/2531 2519/2603/2519
f 2531/2615/2531 2520/2604/2520 2532/2616/2532
f 2521/2605/2521 2532/2616/2532 2520/2604/2520
f 2532/2616/2532 2521/2605/2521 2533/2617/2533
f 2522/2606/2522 2533/2617/2533 2521/2605/2521
f 2533/2617/2533 2522/2606/2522 2534/2618/2534
f 2523/2607/2523 2534/2618/2534 2522/2606/2522
f 2534/2618/2534 2523/2607/2523 2535/2619/2535
f 2524/2608/2524 2535/2619/2535 2523/2607/2523
f 2535/2619/2535 2524/2608/2524 2536/2620/2536
f 2525/2609/2525 2536/2620/2536 2524/2608/2524
f 2536/2620/2536 2525/2609/2525 2537/2621/2537
f 2526/2610/2526 2537/2621/2537 2525/2609/2525
f 2537/2621/2537 2526/2610/2526 2538/2622/2538
f 2527/2611/2527 2402/2474/2402 2389/2461/2389
f 2402/2474/2402 2527/2611/2527 2539/2623/2539
f 2528/2612/2528 2539/2623/2539 2527/2611/2527
f 2539/2623/2539 2528/2612/2528 2540/2624/2540
f 2529/2613/2529 2540/2624/2540 2528/2612/2528
f 2540/2624/2540 2529/2613/2529 2541/2625/2541
f 2530/2614/2530 2541/2625/2541 2529/2613/2529
f 2541/2625/2541 2530/2614/2530 2542/2626/2542
f 2531/2615/2531 2542/2626/2542 2530/2614/2530
f 2542/2626/2542 2531/2615/2531 2543/2627/2543
f 2532/2616/2532 2543/2627/2543 2531/2615/2531
f 2543/2627/2543 2532/2616/2532 2544/2628/2544
f 2533/2617/2533 2544/2628/2544 2532/2616/2532
f 2544/2628/2544 2533/2617/2533 2545/2629/2545
f 2534/2618/2534 2545/2629/2545 2533/2617/2533
f 2545/2629/2545 2534/2618/2534 2546/2630/2546
f 2535/2619/2535 2546/2630/2546 2534/2618/2534
f 2546/2630/2546 2535/2619/2535 2547/2631/2547
f 2536/2620/2536 2547/2631/2547 2535/2619/2535
f 2547/2631/2547 2536/2620/2536 2548/2632/2548
f 2537/2621/2537 2548/2632/2548 2536/2620/2536
f 2548/2632/2548 2537/2621/2537 2549/2633/2549
f 2538/2622/2538 2549/2633/2549 2537/2621/2537
f 2549/2633/2549 2538/2622/2538 2550/2634/2550
f 2539/2623/2539 2415/2487/2415 2402/2474/2402
f 2415/2487/2415 2539/2623/2539 2551/2635/2551
f 2540/2624/2540 2551/2635/2551 2539/2623/2539
f 2551/2635/2551 2540/2624/2540 2552/2636/2552
f 2541/2625/2541 2552/2636/2552 2540/2624/2540
f 2552/2636/2552 2541/2625/2541 2553/2637/2553
f 2542/2626/2542 2553/2637/2553 2541/2625/2541
f 2553/2637/2553 2542/2626/2542 2554/2638/2554
f 2543/2627/2543 2554/2638/2554 2542/2626/2542
f 2554/2638/2554 2543/2627/2543 2555/2639/2555
f 2544/2628/2544 2555/2639/2555 2543/2627/2543
f 2555/2639/2555 2544/2628/2544 2556/2640/2556
f 2545/2629/2545 2556/2640/2556 2544/2628/2544
f 2556/2640/2556 2545/2629/2545 2557/2641/2557
f 2546/2630/2546 2557/2641/2557 2545/2629/2545
f 2557/2641/2557 2546/2630/2546 2558/2642/2558
f 2547/2631/2547 2558/2642/2558 2546/2630/2546
f 2558/2642/2558 2547/2631/2547 2559/2643/2559
f 2548/2632/2548 2559/2643/2559 2547/2631/2547
f 2559/2643/2559 2548/2632/2548 2560/2644/2560
f 2549/2633/2549 2560/2644/2560 2548/2632/2548
f 2560/2644/2560 2549/2633/2549 2561/2645/2561
f 2550/2634/2550 2561/2645/2561 2549/2633/2549
f 2561/2645/2561 2550/2634/2550 2562/2646/2562
f 2551/2635/2551 2428/2500/2428 2415/2487/2415
f 2428/2500/2428 2551/2635/2551 2563/2647/2563
f 2552/2636/2552 2563/2647/2563 2551/2635/2551
f 2563/2647/2563 2552/2636/2552 2564/2648/2564
f 2553/2637/2553 2564/2648/2564 2552/2636/2552
f 2564/2648/2564 2553/2637/2553 2565/2649/2565
f 2554/2638/2554 2565/2649/2565 2553/2637/2553
f 2565/2649/2565 2554/2638/2554 2566/2650/2566
f 2555/2639/2555 2566/2650/2566 2554/2638/2554
f 2566/2650/2566 2555/2639/2555 2567/2651/2567
f 2556/2640/2556 2567/2651/2567 2555/2639/2555
f 2567/2651/2567 2556/2640/2556 2568/2652/2568
f 2557/2641/2557 2568/2652/2568 2556/2640/2556
f 2568/2652/2568 2557/2641/2557 2569/2653/2569
f 2558/2642/2558 2569/2653/2569 2557/2641/2557
f 2569/2653/2569 2558/2642/2558 2570/2654/2570
f 2559/2643/2559 2570/2654/2570 2558/2642/2558
f 2570/2654/2570 2559/2643/2559 2571/2655/2571
f 2560/2644/2560 2571/2655/2571 2559/2643/2559
f 2571/2655/2571 2560/2644/2560 2572/2656/2572
f 2561/2645/2561 2572/2656/2572 2560/2644/2560
f 2572/2656/2572 2561/2645/2561 2573/2657/2573
f 2562/2646/2562 2573/2657/2573 2561/2645/2561
f 2573/2657/2573 2562/2646/2562 2574/2658/2574
f 2563/2647/2563 2441/2513/2441 2428/2500/2428
f 2441/2513/2441 2563/2647/2563 2575/2659/2575
f 2564/2648/2564 2575/2659/2575 2563/2647/2563
f 2575/2659/2575 2564/2648/2564 2576/2660/2576
f 2565/2649/2565 2576/2660/2576 2564/2648/2564
f 2576/2660/2576 2565/2649/2565 2577/2661/2577
f 2566/2650/2566 2577/2661/2577 2565/2649/2565
f 2577/2661/2577 2566/2650/2566 2578/2662/2578
f 2567/2651/2567 2578/2662/2578 2566/2650/2566
f 2578/2662/2578 2567/2651/2567 2579/2663/2579
f 2568/2652/2568 2579/2663/2579 2567/2651/2567
f 2579/2663/2579 2568/2652/2568 2580/2664/2580
f 2569/2653/2569 2580/2664/2580 2568/2652/2568
f 2580/2664/2580 2569/2653/2569 2581/2665/2581
f 2570/2654/2570 2581/2665/2581 2569/2653/2569
f 2581/2665/2581 2570/2654/2570 2582/2666/2582
f 2571/2655/2571 2582/2666/2582 2570/2654/2570
f 2582/2666/2582 2571/2655/2571 2583/2667/2583
f 2572/2656/2572 2583/2667/2583 2571/2655/2571
f 2583/2667/2583 2572/2656/2572 2584/2668/2584
f 2573/2657/2573 2584/2668/2584 2572/2656/2572
f 2584/2668/2584 2573/2657/2573 2585/2669/2585
f 2574/2658/2574 2585/2669/2585 2573/2657/2573
f 2585/2669/2585 2574/2658/2574 2586/2670/2586
f 2575/2659/2575 2454/2526/2454 2441/2513/2441
f 2454/2526/2454 2575/2659/2575 2587/2671/2587
f 2576/2660/2576 2587/2671/2587 2575/2659/2575
f 2587/2671/2587 2576/2660/2576 2588/2672/2588
f 2577/2661/2577 2588/2672/2588 2576/2660/2576
f 2588/2672/2588 2577/2661/2577 2589/2673/2589
f 2578/2662/2578 2589/2673/2589 2577/2661/2577
f 2589/2673/2589 2578/2662/2578 2590/2674/2590
f 2579/2663/2579 2590/2674/2590 2578/2662/2578
f 2590/2674/2590 2579/2663/2579 2591/2675/2591
f 2580/2664/2580 2591/2675/2591 2579/2663/2579
f 2591/2675/2591 2580/2664/2580 2592/2676/2592
f 2581/2665/2581 2592/2676/2592 2580/2664/2580
f 2592/2676/2592 2581/2665/2581 2593/2677/2593
f 2582/2666/2582 2593/2677/2593 2581/2665/2581
f 2593/2677/2593 2582/2666/2582 2594/2678/2594
f 2583/2667/2583 2594/2678/2594 2582/2666/2582
f 2594/2678/2594 2583/2667/2583 2595/2679/2595
f 2584/2668/2584 2595/2679/2595 2583/2667/2583
f 2595/2679/2595 2584/2668/2584 2596/2680/2596
f 2585/2669/2585 2596/2680/2596 2584/2668/2584
f 2596/2680/2596 2585/2669/2585 2597/2681/2597
f 2586/2670/2586 2597/2681/2597 2585/2669/2585
f 2597/2681/2597 2586/2670/2586 2598/2682/2598
f 2599/2695/2599 2156/2684/2156 2155/2683/2155
f 2156/2684/2156 2599/2695/2599 2600/2696/2600
f 2600/2696/2600 2157/2685/2157 2156/2684/2156
f 2157/2685/2157 2600/2696/2600 2601/2697/2601
f 2601/2697/2601 2158/2686/2158 2157/2685/2157
f 2158/2686/2158 2601/2697/2601 2602/2698/2602
f 2602/2698/2602 2159/2687/2159 2158/2686/2158
f 2159/2687/2159 2602/2698/2602 2603/2699/2603
f 2603/2699/2603 2160/2688/2160 2159/2687/2159
f 2160/2688/2160 2603/2699/2603 2604/2700/2604
f 2604/2700/2604 2161/2689/2161 2160/2688/2160
f 2161/2689/2161 2604/2700/2604 2605/2701/2605
f 2605/2701/2605 2162/2690/2162 2161/2689/2161
f 2162/2690/2162 2605/2701/2605 2606/2702/2606
f 2606/2702/2606 2163/2691/2163 2162/2690/2162
f 2163/2691/2163 2606/2702/2606 2607/2703/2607
f 2607/2703/2607 2164/2692/2164 2163/2691/2163
f 2164/2692/2164 2607/2703/2607 2608/2704/2608
f 2608/2704/2608 2165/2693/2165 2164/2692/2164
f 2165/2693/2165 2608/2704/2608 2609/2705/2609
f 2609/2705/2609 2166/2694/2166 2165/2693/2165
f 2166/2694/2166 2609/2705/2609 2610/2706/2610
f 2610/2706/2610 2022/2538/2022 2166/2694/2166
f 2022/2538/2022 2610/2706/2610 2466/2550/2466
f 2611/2707/2611 2600/2696/2600 2599/2695/2599
f 2600/2696/2600 2611/2707/2611 2612/2708/2612
f 2612/2708/2612 2601/2697/2601 2600/2696/2600
f 2601/2697/2601 2612/2708/2612 2613/2709/2613
f 2613/2709/2613 2602/2698/2602 2601/2697/2601
f 2602/2698/2602 2613/2709/2613 2614/2710/2614
f 2614/2710/2614 2603/2699/2603 2602/2698/2602
f 2603/2699/2603 2614/2710/2614 2615/2711/2615
f 2615/2711/2615 2604/2700/2604 2603/2699/2603
f 2604/2700/2604 2615/2711/2615 2616/2712/2616
f 2616/2712/2616 2605/2701/2605 2604/2700/2604
f 2605/2701/2605 2616/2712/2616 2617/2713/2617
f 2617/2713/2617 2606/2702/2606 2605/2701/2605
f 2606/2702/2606 2617/2713/2617 2618/2714/2618
f 2618/2714/2618 2607/2703/2607 2606/2702/2606
f 2607/2703/2607 2618/2714/2618 2619/2715/2619
f 2619/2715/2619 2608/2704/2608 2607/2703/2607
f 2608/2704/2608 2619/2715/2619 2620/2716/2620
f 2620/2716/2620 2609/2705/2609 2608/2704/2608
f 2609/2705/2609 2620/2716/2620 2621/2717/2621
f 2621/2717/2621 2610/2706/2610 2609/2705/2609
f 2610/2706/2610 2621/2717/2621 2622/2718/2622
f 2622/2718/2622 2466/2550/2466 2610/2706/2610
f 2466/2550/2466 2622/2718/2622 2478/2562/2478
f 2623/2719/2623 2612/2708/2612 2611/2707/2611
f 2612/2708/2612 2623/2719/2623 2624/2720/2624
f 2624/2720/2624 2613/2709/2613 2612/2708/2612
f 2613/2709/2613 2624/2720/2624 2625/2721/2625
f 2625/2721/2625 2614/2710/2614 2613/2709/2613
f 2614/2710/2614 2625/2721/2625 2626/2722/2626
f 2626/2722/2626 2615/2711/2615 2614/2710/2614
f 2615/2711/2615 2626/2722/2626 2627/2723/2627
f 2627/2723/2627 2616/2712/2616 2615/2711/2615
f 2616/2712/2616 2627/2723/2627 2628/2724/2628
f 2628/2724/2628 2617/2713/2617 2616/2712/2616
f 2617/2713/2617 2628/2724/2628 2629/2725/2629
f 2629/2725/2629 2618/2714/2618 2617/2713/2617
f 2618/2714/2618 2629/2725/2629 2630/2726/2630
f 2630/2726/2630 2619/2715/2619 2618/2714/2618
f 2619/2715/2619 2630/2726/2630 2631/2727/2631
f 2631/2727/2631 2620/2716/2620 2619/2715/2619
f 2620/2716/2620 2631/2727/2631 2632/2728/2632
f 2632/2728/2632 2621/2717/2621 2620/2716/2620
f 2621/2717/2621 2632/2728/2632 2633/2729/2633
f 2633/2729/2633 2622/2718/2622 2621/2717/2621
f 2622/2718/2622 2633/2729/2633 2634/2730/2634
f 2634/2730/2634 2478/2562/2478 2622/2718/2622
f 2478/2562/2478 2634/2730/2634 2490/2574/2490
f 2635/2731/2635 2624/2720/2624 2623/2719/2623
f 2624/2720/2624 2635/2731/2635 2636/2732/2636
f 2636/2732/2636 2625/2721/2625 2624/2720/2624
f 2625/2721/2625 2636/2732/2636 2637/2733/2637
f 2637/2733/2637 2626/2722/2626 2625/2721/2625
f 2626/2722/2626 2637/2733/2637 2638/2734/2638
f 2638/2734/2638 2627/2723/2627 2626/2722/2626
f 2627/2723/2627 2638/2734/2638 2639/2735/2639
f 2639/2735/2639 2628/2724/2628 2627/2723/2627
f 2628/2724/2628 2639/2735/2639 2640/2736/2640
f 2640/2736/2640 2629/2725/2629 2628/2724/2628
f 2629/2725/2629 2640/2736/2640 2641/2737/2641
f 2641/2737/2641 2630/2726/2630 2629/2725/2629
f 2630/2726/2630 2641/2737/2641 2642/2738/2642
f 2642/2738/2642 2631/2727/2631 2630/2726/2630
f 2631/2727/2631 2642/2738/2642 2643/2739/2643
f 2643/2739/2643 2632/2728/2632 2631/2727/2631
f 2632/2728/2632 2643/2739/2643 2644/2740/2644
f 2644/2740/2644 2633/2729/2633 2632/2728/2632
f 2633/2729/2633 2644/2740/2644 2645/2741/2645
f 2645/2741/2645 2634/2730/2634 2633/2729/2633
f 2634/2730/2634 2645/2741/2645 2646/2742/2646
f 2646/2742/2646 2490/2574/2490 2634/2730/2634
f 2490/2574/2490 2646/2742/2646 2502/2586/2502
f 2647/2743/2647 2636/2732/2636 2635/2731/2635
f 2636/2732/2636 2647/2743/2647 2648/2744/2648
f 2648/2744/2648 2637/2733/2637 2636/2732/2636
f 2637/2733/2637 2648/2744/2648 2649/2745/2649
f 2649/2745/2649 2638/2734/2638 2637/2733/2637
f 2638/2734/2638 2649/2745/2649 2650/2746/2650
f 2650/2746/2650 2639/2735/2639 2638/2734/2638
f 2639/2735/2639 2650/2746/2650 2651/2747/2651
f 2651/2747/2651 2640/2736/2640 2639/2735/2639
f 2640/2736/2640 2651/2747/2651 2652/2748/2652
f 2652/2748/2652 2641/2737/2641 2640/2736/2640
f 2641/2737/2641 2652/2748/2652 2653/2749/2653
f 2653/2749/2653 2642/2738/2642 2641/2737/2641
f 2642/2738/2642 2653/2749/2653 2654/2750/2654
f 2654/2750/2654 2643/2739/2643 2642/2738/2642
f 2643/2739/2643 2654/2750/2654 2655/2751/2655
f 2655/2751/2655 2644/2740/2644 2643/2739/2643
f 2644/2740/2644 2655/2751/2655 2656/2752/2656
f 2656/2752/2656 2645/2741/2645 2644/2740/2644
f 2645/2741/2645 2656/2752/2656 2657/2753/2657
f 2657/2753/2657 2646/2742/2646 2645/2741/2645
f 2646/2742/2646 2657/2753/2657 2658/2754/2658
f 2658/2754/2658 2502/2586/2502 2646/2742/2646
f 2502/2586/2502 2658/2754/2658 2514/2598/2514
f 2659/2755/2659 2648/2744/2648 2647/2743/2647
f 2648/2744/2648 2659/2755/2659 2660/2756/2660
f 2660/2756/2660 2649/2745/2649 2648/2744/2648
f 2649/2745/2649 2660/2756/2660 2661/2757/2661
f 2661/2757/2661 2650/2746/2650 2649/2745/2649
f 2650/2746/2650 2661/2757/2661 2662/2758/2662
f 2662/2758/2662 2651/2747/2651 2650/2746/2650
f 2651/2747/2651 2662/2758/2662 2663/2759/2663
f 2663/2759/2663 2652/2748/2652 2651/2747/2651
f 2652/2748/2652 2663/2759/2663 2664/2760/2664
f 2664/2760/2664 2653/2749/2653 2652/2748/2652
f 2653/2749/2653 2664/2760/2664 2665/2761/2665
f 2665/2761/2665 2654/2750/2654 2653/2749/2653
f 2654/2750/2654 2665/2761/2665 2666/2762/2666
f 2666/2762/2666 2655/2751/2655 2654/2750/2654
f 2655/2751/2655 2666/2762/2666 2667/2763/2667
f 2667/2763/2667 2656/2752/2656 2655/2751/2655
f 2656/2752/2656 2667/2763/2667 2668/2764/2668
f 2668/2764/2668 2657/2753/2657 2656/2752/2656
f 2657/2753/2657 2668/2764/2668 2669/2765/2669
f 2669/2765/2669 2658/2754/2658 2657/2753/2657
f 2658/2754/2658 2669/2765/2669 2670/2766/2670
f 2670/2766/2670 2514/2598/2514 2658/2754/2658
f 2514/2598/2514 2670/2766/2670 2526/2610/2526
f 2671/2767/2671 2660/2756/2660 2659/2755/2659
f 2660/2756/2660 2671/2767/2671 2672/2768/2672
f 2672/2768/2672 2661/2757/2661 2660/2756/2660
f 2661/2757/2661 2672/2768/2672 2673/2769/2673
f 2673/2769/2673 2662/2758/2662 2661/2757/2661
f 2662/2758/2662 2673/2769/2673 2674/2770/2674
f 2674/2770/2674 2663/2759/2663 2662/2758/2662
f 2663/2759/2663 2674/2770/2674 2675/2771/2675
f 2675/2771/2675 2664/2760/2664 2663/2759/2663
f 2664/2760/2664 2675/2771/2675 2676/2772/2676
f 2676/2772/2676 2665/2761/2665 2664/2760/2664
f 2665/2761/2665 2676/2772/2676 2677/2773/2677
f 2677/2773/2677 2666/2762/2666 2665/2761/2665
f 2666/2762/2666 2677/2773/2677 2678/2774/2678
f 2678/2774/2678 2667/2763/2667 2666/2762/2666
f 2667/2763/2667 2678/2774/2678 2679/2775/2679
f 2679/2775/2679 2668/2764/2668 2667/2763/2667
f 2668/2764/2668 2679/2775/2679 2680/2776/2680
f 2680/2776/2680 2669/2765/2669 2668/2764/2668
f 2669/2765/2669 2680/2776/2680 2681/2777/2681
f 2681/2777/2681 2670/2766/2670 2669/2765/2669
f 2670/2766/2670 2681/2777/2681 2682/2778/2682
f 2682/2778/2682 2526/2610/2526 2670/2766/2670
f 2526/2610/2526 2682/2778/2682 2538/2622/2538
f 2683/2779/2683 2672/2768/2672 2671/2767/2671
f 2672/2768/2672 2683/2779/2683 2684/2780/2684
f 2684/2780/2684 2673/2769/2673 2672/2768/2672
f 2673/2769/2673 2684/2780/2684 2685/2781/2685
f 2685/2781/2685 2674/2770/2674 2673/2769/2673
f 2674/2770/2674 2685/2781/2685 2686/2782/2686
f 2686/2782/2686 2675/2771/2675 2674/2770/2674
f 2675/2771/2675 2686/2782/2686 2687/2783/2687
f 2687/2783/2687 2676/2772/2676 2675/2771/2675
f 2676/2772/2676 2687/2783/2687 2688/2784/2688
f 2688/2784/2688 2677/2773/2677 2676/2772/2676
f 2677/2773/2677 2688/2784/2688 2689/2785/2689
f 2689/2785/2689 2678/2774/2678 2677/2773/2677
f 2678/2774/2678 2689/2785/2689 2690/2786/2690
f 2690/2786/2690 2679/2775/2679 2678/2774/2678
f 2679/2775/2679 2690/2786/2690 2691/2787/2691
f 2691/2787/2691 2680/2776/2680 2679/2775/2679
f 2680/2776/2680 2691/2787/2691 2692/2788/2692
f 2692/2788/2692 2681/2777/2681 2680/2776/2680
f 2681/2777/2681 2692/2788/2692 2693/2789/2693
f 2693/2789/2693 2682/2778/2682 2681/2777/2681
f 2682/2778/2682 2693/2789/2693 2694/2790/2694
f 2694/2790/2694 2538/2622/2538 2682/2778/2682
f 2538/2622/2538 2694/2790/2694 2550/2634/2550
f 2695/2791/2695 2684/2780/2684 2683/2779/2683
f 2684/2780/2684 2695/2791/2695 2696/2792/2696
f 2696/2792/2696 2685/2781/2685 2684/2780/2684
f 2685/2781/2685 2696/2792/2696 2697/2793/2697
f 2697/2793/2697 2686/2782/2686 2685/2781/2685
f 2686/2782/2686 2697/2793/2697 2698/2794/2698
f 2698/2794/2698 2687/2783/2687 2686/2782/2686
f 2687/2783/2687 2698/2794/2698 2699/2795/2699
f 2699/2795/2699 2688/2784/2688 2687/2783/2687
f 2688/2784/2688 2699/2795/2699 2700/2796/2700
f 2700/2796/2700 2689/2785/2689 2688/2784/2688
f 2689/2785/2689 2700/2796/2700 2701/2797/2701
f 2701/2797/2701 2690/2786/2690 2689/2785/2689
f 2690/2786/2690 2701/2797/2701 2702/2798/2702
f 2702/2798/2702 2691/2787/2691 2690/2786/2690
f 2691/2787/2691 2702/2798/2702 2703/2799/2703
f 2703/2799/2703 2692/2788/2692 2691/2787/2691
f 2692/2788/2692 2703/2799/2703 2704/2800/2704
f 2704/2800/2704 2693/2789/2693 2692/2788/2692
f 2693/2789/2693 2704/2800/2704 2705/2801/2705
f 2705/2801/2705 2694/2790/2694 2693/2789/2693
f 2694/2790/2694 2705/2801/2705 2706/2802/2706
f 2706/2802/2706 2550/2634/2550 2694/2790/2694
f 2550/2634/2550 2706/2802/2706 2562/2646/2562
f 2707/2803/2707 2696/2792/2696 2695/2791/2695
f 2696/2792/2696 2707/2803/2707 2708/2804/2708
f 2708/2804/2708 2697/2793/2697 2696/2792/2696
f 2697/2793/2697 2708/2804/2708 2709/2805/2709
f 2709/2805/2709 2698/2794/2698 2697/2793/2697
f 2698/2794/2698 2709/2805/2709 2710/2806/2710
f 2710/2806/2710 2699/2795/2699 2698/2794/2698
f 2699/2795/2699 2710/2806/2710 2711/2807/2711
f 2711/2807/2711 2700/2796/2700 2699/2795/2699
f 2700/2796/2700 2711/2807/2711 2712/2808/2712
f 2712/2808/2712 2701/2797/2701 2700/2796/2700
f 2701/2797/2701 2712/2808/2712 2713/2809/2713
f 2713/2809/2713 2702/2798/2702 2701/2797/2701
f 2702/2798/2702 2713/2809/2713 2714/2810/2714
f 2714/2810/2714 2703/2799/2703 2702/2798/2702
f 2703/2799/2703 2714/2810/2714 2715/2811/2715
f 2715/2811/2715 2704/2800/2704 2703/2799/2703
f 2704/2800/2704 2715/2811/2715 2716/2812/2716
f 2716/2812/2716 2705/2801/2705 2704/2800/2704
f 2705/2801/2705 2716/2812/2716 2717/2813/2717
f 2717/2813/2717 2706/2802/2706 2705/2801/2705
f 2706/2802/2706 2717/2813/2717 2718/2814/2718
f 2718/2814/2718 2562/2646/2562 2706/2802/2706
f 2562/2646/2562 2718/2814/2718 2574/2658/2574
f 2719/2815/2719 2708/2804/2708 2707/2803/2707
f 2708/2804/2708 2719/2815/2719 2720/2816/2720
f 2720/2816/2720 2709/2805/2709 2708/2804/2708
f 2709/2805/2709 2720/2816/2720 2721/2817/2721
f 2721/2817/2721 2710/2806/2710 2709/2805/2709
f 2710/2806/2710 2721/2817/2721 2722/2818/2722
f 2722/2818/2722 2711/2807/2711 2710/2806/2710
f 2711/2807/2711 2722/2818/2722 2723/2819/2723
f 2723/2819/2723 2712/2808/2712 2711/2807/2711
f 2712/2808/2712 2723/2819/2723 2724/2820/2724
f 2724/2820/2724 2713/2809/2713 2712/2808/2712
f 2713/2809/2713 2724/2820/2724 2725/2821/2725
f 2725/2821/2725 2714/2810/2714 2713/2809/2713
f 2714/2810/2714 2725/2821/2725 2726/2822/2726
f 2726/2822/2726 2715/2811/2715 2714/2810/2714
f 2715/2811/2715 2726/2822/2726 2727/2823/2727
f 2727/2823/2727 2716/2812/2716 2715/2811/2715
f 2716/2812/2716 2727/2823/2727 2728/2824/2728
f 2728/2824/2728 2717/2813/2717 2716/2812/2716
f 2717/2813/2717 2728/2824/2728 2729/2825/2729
f 2729/2825/2729 2718/2814/2718 2717/2813/2717
f 2718/2814/2718 2729/2825/2729 2730/2826/2730
f 2730/2826/2730 2574/2658/2574 2718/2814/2718
f 2574/2658/2574 2730/2826/2730 2586/2670/2586
f 2731/2827/2731 2720/2816/2720 2719/2815/2719
f 2720/2816/2720 2731/2827/2731 2732/2828/2732
f 2732/2828/2732 2721/2817/2721 2720/2816/2720
f 2721/2817/2721 2732/2828/2732 2733/2829/2733
f 2733/2829/2733 2722/2818/2722 2721/2817/2721
f 2722/2818/2722 2733/2829/2733 2734/2830/2734
f 2734/2830/2734 2723/2819/2723 2722/2818/2722
f 2723/2819/2723 2734/2830/2734 2735/2831/2735
f 2735/2831/2735 2724/2820/2724 2723/2819/2723
f 2724/2820/2724 2735/2831/2735 2736/2832/2736
f 2736/2832/2736 2725/2821/2725 2724/2820/2724
f 2725/2821/2725 2736/2832/2736 2737/2833/2737
f 2737/2833/2737 2726/2822/2726 2725/2821/2725
f 2726/2822/2726 2737/2833/2737 2738/2834/2738
f 2738/2834/2738 2727/2823/2727 2726/2822/2726
f 2727/2823/2727 2738/2834/2738 2739/2835/2739
f 2739/2835/2739 2728/2824/2728 2727/2823/2727
f 2728/2824/2728 2739/2835/2739 2740/2836/2740
f 2740/2836/2740 2729/2825/2729 2728/2824/2728
f 2729/2825/2729 2740/2836/2740 2741/2837/2741
f 2741/2837/2741 2730/2826/2730 2729/2825/2729
f 2730/2826/2730 2741/2837/2741 2742/2838/2742
f 2742/2838/2742 2586/2670/2586 2730/2826/2730
f 2586/2670/2586 2742/2838/2742 2598/2682/2598
f 2299/2371/2299 2288/2839/2288 1866/2358/1866
f 2288/2839/2288 2299/2371/2299 2743/2850/2743
f 2743/2850/2743 2289/2840/2289 2288/2839/2288
f 2289/2840/2289 2743/2850/2743 2744/2851/2744
f 2744/2851/2744 2290/2841/2290 2289/2840/2289
f 2290/2841/2290 2744/2851/2744 2745/2852/2745
f 2745/2852/2745 2291/2842/2291 2290/2841/2290
f 2291/2842/2291 2745/2852/2745 2746/2853/2746
f 2746/2853/2746 2292/2843/2292 2291/2842/2291
f 2292/2843/2292 2746/2853/2746 2747/2854/2747
f 2747/2854/2747 2293/2844/2293 2292/2843/2292
f 2293/2844/2293 2747/2854/2747 2748/2855/2748
f 2748/2855/2748 2294/2845/2294 2293/2844/2293
f 2294/2845/2294 2748/2855/2748 2749/2856/2749
f 2749/2856/2749 2295/2846/2295 2294/2845/2294
f 2295/2846/2295 2749/2856/2749 2750/2857/2750
f 2750/2857/2750 2296/2847/2296 2295/2846/2295
f 2296/2847/2296 2750/2857/2750 2751/2858/2751
f 2751/2858/2751 2297/2848/2297 2296/2847/2296
f 2297/2848/2297 2751/2858/2751 2752/2859/2752
f 2752/2859/2752 2298/2849/2298 2297/2848/2297
f 2298/2849/2298 2752/2859/2752 2753/2860/2753
f 2753/2860/2753 2155/2683/2155 2298/2849/2298
f 2155/2683/2155 2753/2860/2753 2599/2695/2599
f 2312/2384/2312 2743/2850/2743 2299/2371/2299
f 2743/2850/2743 2312/2384/2312 2754/2861/2754
f 2754/2861/2754 2744/2851/2744 2743/2850/2743
f 2744/2851/2744 2754/2861/2754 2755/2862/2755
f 2755/2862/2755 2745/2852/2745 2744/2851/2744
f 2745/2852/2745 2755/2862/2755 2756/2863/2756
f 2756/2863/2756 2746/2853/2746 2745/2852/2745
f 2746/2853/2746 2756/2863/2756 2757/2864/2757
f 2757/2864/2757 2747/2854/2747 2746/2853/2746
f 2747/2854/2747 2757/2864/2757 2758/2865/2758
f 2758/2865/2758 2748/2855/2748 2747/2854/2747
f 2748/2855/2748 2758/2865/2758 2759/2866/2759
f 2759/2866/2759 2749/2856/2749 2748/2855/2748
f 2749/2856/2749 2759/2866/2759 2760/2867/2760
f 2760/2867/2760 2750/2857/2750 2749/2856/2749
f 2750/2857/2750 2760/2867/2760 2761/2868/2761
f 2761/2868/2761 2751/2858/2751 2750/2857/2750
f 2751/2858/2751 2761/2868/2761 2762/2869/2762
f 2762/2869/2762 2752/2859/2752 2751/2858/2751
f 2752/2859/2752 2762/2869/2762 2763/2870/2763
f 2763/2870/2763 2753/2860/2753 2752/2859/2752
f 2753/2860/2753 2763/2870/2763 2764/2871/2764
f 2764/2871/2764 2599/2695/2599 2753/2860/2753
f 2599/2695/2599 2764/2871/2764 2611/2707/2611
f 2325/2397/2325 2754/2861/2754 2312/2384/2312
f 2754/2861/2754 2325/2397/2325 2765/2872/2765
f 2765/2872/2765 2755/2862/2755 2754/2861/2754
f 2755/2862/2755 2765/2872/2765 2766/2873/2766
f 2766/2873/2766 2756/2863/2756 2755/2862/2755
f 2756/2863/2756 2766/2873/2766 2767/2874/2767
f 2767/2874/2767 2757/2864/2757 2756/2863/2756
f 2757/2864/2757 2767/2874/2767 2768/2875/2768
f 2768/2875/2768 2758/2865/2758 2757/2864/2757
f 2758/2865/2758 2768/2875/2768 2769/2876/2769
f 2769/2876/2769 2759/2866/2759 2758/2865/2758
f 2759/2866/2759 2769/2876/2769 2770/2877/2770
f 2770/2877/2770 2760/2867/2760 2759/2866/2759
f 2760/2867/2760 2770/2877/2770 2771/2878/2771
f 2771/2878/2771 2761/2868/2761 2760/2867/2760
f 2761/2868/2761 2771/2878/2771 2772/2879/2772
f 2772/2879/2772 2762/2869/2762 2761/2868/2761
f 2762/2869/2762 2772/2879/2772 2773/2880/2773
f 2773/2880/2773 2763/2870/2763 2762/2869/2762
f 2763/2870/2763 2773/2880/2773 2774/2881/2774
f 2774/2881/2774 2764/2871/2764 2763/2870/2763
f 2764/2871/2764 2774/2881/2774 2775/2882/2775
f 2775/2882/2775 2611/2707/2611 2764/2871/2764
f 2611/2707/2611 2775/2882/2775 2623/2719/2623
f 2338/2410/2338 2765/2872/2765 2325/2397/2325
f 2765/2872/2765 2338/2410/2338 2776/2883/2776
f 2776/2883/2776 2766/2873/2766 2765/2872/2765
f 2766/2873/2766 2776/2883/2776 2777/2884/2777
f 2777/2884/2777 2767/2874/2767 2766/2873/2766
f 2767/2874/2767 2777/2884/2777 2778/2885/2778
f 2778/2885/2778 2768/2875/2768 2767/2874/2767
f 2768/2875/2768 2778/2885/2778 2779/2886/2779
f 2779/2886/2779 2769/2876/2769 2768/2875/2768
f 2769/2876/2769 2779/2886/2779 2780/2887/2780
f 2780/2887/2780 2770/2877/2770 2769/2876/2769
f 2770/2877/2770 2780/2887/2780 2781/2888/2781
f 2781/2888/2781 2771/2878/2771 2770/2877/2770
f 2771/2878/2771 2781/2888/2781 2782/2889/2782
f 2782/2889/2782 2772/2879/2772 2771/2878/2771
f 2772/2879/2772 2782/2889/2782 2783/2890/2783
f 2783/2890/2783 2773/2880/2773 2772/2879/2772
f 2773/2880/2773 2783/2890/2783 2784/2891/2784
f 2784/2891/2784 2774/2881/2774 2773/2880/2773
f 2774/2881/2774 2784/2891/2784 2785/2892/2785
f 2785/2892/2785 2775/2882/2775 2774/2881/2774
f 2775/2882/2775 2785/2892/2785 2786/2893/2786
f 2786/2893/2786 2623/2719/2623 2775/2882/2775
f 2623/2719/2623 2786/2893/2786 2635/2731/2635
f 2351/2423/2351 2776/2883/2776 2338/2410/2338
f 2776/2883/2776 2351/2423/2351 2787/2894/2787
f 2787/2894/2787 2777/2884/2777 2776/2883/2776
f 2777/2884/2777 2787/2894/2787 2788/2895/2788
f 2788/2895/2788 2778/2885/2778 2777/2884/2777
f 2778/2885/2778 2788/2895/2788 2789/2896/2789
f 2789/2896/2789 2779/2886/2779 2778/2885/2778
f 2779/2886/2779 2789/2896/2789 2790/2897/2790
f 2790/2897/2790 2780/2887/2780 2779/2886/2779
f 2780/2887/2780 2790/2897/2790 2791/2898/2791
f 2791/2898/2791 2781/2888/2781 2780/2887/2780
f 2781/2888/2781 2791/2898/2791 2792/2899/2792
f 2792/2899/2792 2782/2889/2782 2781/2888/2781
f 2782/2889/2782 2792/2899/2792 2793/2900/2793
f 2793/2900/2793 2783/2890/2783 2782/2889/2782
f 2783/2890/2783 2793/2900/2793 2794/2901/2794
f 2794/2901/2794 2784/2891/2784 2783/2890/2783
f 2784/2891/2784 2794/2901/2794 2795/2902/2795
f 2795/2902/2795 2785/2892/2785 2784/2891/2784
f 2785/2892/2785 2795/2902/2795 2796/2903/2796
f 2796/2903/2796 2786/2893/2786 2785/2892/2785
f 2786/2893/2786 2796/2903/2796 2797/2904/2797
f 2797/2904/2797 2635/2731/2635 2786/2893/2786
f 2635/2731/2635 2797/2904/2797 2647/2743/2647
f 2364/2436/2364 2787/2894/2787 2351/2423/2351
f 2787/2894/2787 2364/2436/2364 2798/2905/2798
f 2798/2905/2798 2788/2895/2788 2787/2894/2787
f 2788/2895/2788 2798/2905/2798 2799/2906/2799
f 2799/2906/2799 2789/2896/2789 2788/2895/2788
f 2789/2896/2789 2799/2906/2799 2800/2907/2800
f 2800/2907/2800 2790/2897/2790 2789/2896/2789
f 2790/2897/2790 2800/2907/2800 2801/2908/2801
f 2801/2908/2801 2791/2898/2791 2790/2897/2790
f 2791/2898/2791 2801/2908/2801 2802/2909/2802
f 2802/2909/2802 2792/2899/2792 2791/2898/2791
f 2792/2899/2792 2802/2909/2802 2803/2910/2803
f 2803/2910/2803 2793/2900/2793 2792/2899/2792
f 2793/2900/2793 2803/2910/2803 2804/2911/2804
f 2804/2911/2804 2794/2901/2794 2793/2900/2793
f 2794/2901/2794 2804/2911/2804 2805/2912/2805
f 2805/2912/2805 2795/2902/2795 2794/2901/2794
f 2795/2902/2795 2805/2912/2805 2806/2913/2806
f 2806/2913/2806 2796/2903/2796 2795/2902/2795
f 2796/2903/2796 2806/2913/2806 2807/2914/2807
f 2807/2914/2807 2797/2904/2797 2796/2903/2796
f 2797/2904/2797 2807/2914/2807 2808/2915/2808
f 2808/2915/2808 2647/2743/2647 2797/2904/2797
f 2647/2743/2647 2808/2915/2808 2659/2755/2659
f 2377/2449/2377 2798/2905/2798 2364/2436/2364
f 2798/2905/2798 2377/2449/2377 2809/2916/2809
f 2809/2916/2809 2799/2906/2799 2798/2905/2798
f 2799/2906/2799 2809/2916/2809 2810/2917/2810
f 2810/2917/2810 2800/2907/2800 2799/2906/2799
f 2800/2907/2800 2810/2917/2810 2811/2918/2811
f 2811/2918/2811 2801/2908/2801 2800/2907/2800
f 2801/2908/2801 2811/2918/2811 2812/2919/2812
f 2812/2919/2812 2802/2909/2802 2801/2908/2801
f 2802/2909/2802 2812/2919/2812 2813/2920/2813
f 2813/2920/2813 2803/2910/2803 2802/2909/2802
f 2803/2910/2803 2813/2920/2813 2814/2921/2814
f 2814/2921/2814 2804/2911/2804 2803/2910/2803
f 2804/2911/2804 2814/2921/2814 2815/2922/2815
f 2815/2922/2815 2805/2912/2805 2804/2911/2804
f 2805/2912/2805 2815/2922/2815 2816/2923/2816
f 2816/2923/2816 2806/2913/2806 2805/2912/2805
f 2806/2913/2806 2816/2923/2816 2817/2924/2817
f 2817/2924/2817 2807/2914/2807 2806/2913/2806
f 2807/2914/2807 2817/2924/2817 2818/2925/2818
f 2818/2925/2818 2808/2915/2808 2807/2914/2807
f 2808/2915/2808 2818/2925/2818 2819/2926/2819
f 2819/2926/2819 2659/2755/2659 2808/2915/2808
f 2659/2755/2659 2819/2926/2819 2671/2767/2671
f 2390/2462/2390 2809/2916/2809 2377/2449/2377
f 2809/2916/2809 2390/2462/2390 2820/2927/2820
f 2820/2927/2820 2810/2917/2810 2809/2916/2809
f 2810/2917/2810 2820/2927/2820 2821/2928/2821
f 2821/2928/2821 2811/2918/2811 2810/2917/2810
f 2811/2918/2811 2821/2928/2821 2822/2929/2822
f 2822/2929/2822 2812/2919/2812 2811/2918/2811
f 2812/2919/2812 2822/2929/2822 2823/2930/2823
f 2823/2930/2823 2813/2920/2813 2812/2919/2812
f 2813/2920/2813 2823/2930/2823 2824/2931/2824
f 2824/2931/2824 2814/2921/2814 2813/2920/2813
f 2814/2921/2814 2824/2931/2824 2825/2932/2825
f 2825/2932/2825 2815/2922/2815 2814/2921/2814
f 2815/2922/2815 2825/2932/2825 2826/2933/2826
f 2826/2933/2826 2816/2923/2816 2815/2922/2815
f 2816/2923/2816 2826/2933/2826 2827/2934/2827
f 2827/2934/2827 2817/2924/2817 2816/2923/2816
f 2817/2924/2817 2827/2934/2827 2828/2935/2828
f 2828/2935/2828 2818/2925/2818 2817/2924/2817
f 2818/2925/2818 2828/2935/2828 2829/2936/2829
f 2829/2936/2829 2819/2926/2819 2818/2925/2818
f 2819/2926/2819 2829/2936/2829 2830/2937/2830
f 2830/2937/2830 2671/2767/2671 2819/2926/2819
f 2671/2767/2671 2830/2937/2830 2683/2779/2683
f 2403/2475/2403 2820/2927/2820 2390/2462/2390
f 2820/2927/2820 2403/2475/2403 2831/2938/2831
f 2831/2938/2831 2821/2928/2821 2820/2927/2820
f 2821/2928/2821 2831/2938/2831 2832/2939/2832
f 2832/2939/2832 2822/2929/2822 2821/2928/2821
f 2822/2929/2822 2832/2939/2832 2833/2940/2833
f 2833/2940/2833 2823/2930/2823 2822/2929/2822
f 2823/2930/2823 2833/2940/2833 2834/2941/2834
f 2834/2941/2834 2824/2931/2824 2823/2930/2823
f 2824/2931/2824 2834/2941/2834 2835/2942/2835
f 2835/2942/2835 2825/2932/2825 2824/2931/2824
f 2825/2932/2825 2835/2942/2835 2836/2943/2836
f 2836/2943/2836 2826/2933/2826 2825/2932/2825
f 2826/2933/2826 2836/2943/2836 2837/2944/2837
f 2837/2944/2837 2827/2934/2827 2826/2933/2826
f 2827/2934/2827 2837/2944/2837 2838/2945/2838
f 2838/2945/2838 2828/2935/2828 2827/2934/2827
f 2828/2935/2828 2838/2945/2838 2839/2946/2839
f 2839/2946/2839 2829/2936/2829 2828/2935/2828
f 2829/2936/2829 2839/2946/2839 2840/2947/2840
f 2840/2947/2840 2830/2937/2830 2829/2936/2829
f 2830/2937/2830 2840/2947/2840 2841/2948/2841
f 2841/2948/2841 2683/2779/2683 2830/2937/2830
f 2683/2779/2683 2841/2948/2841 2695/2791/2695
f 2416/2488/2416 2831/2938/2831 2403/2475/2403
f 2831/2938/2831 2416/2488/2416 2842/2949/2842
f 2842/2949/2842 2832/2939/2832 2831/2938/2831
f 2832/2939/2832 2842/2949/2842 2843/2950/2843
f 2843/2950/2843 2833/2940/2833 2832/2939/2832
f 2833/2940/2833 2843/2950/2843 2844/2951/2844
f 2844/2951/2844 2834/2941/2834 2833/2940/2833
f 2834/2941/2834 2844/2951/2844 2845/2952/2845
f 2845/2952/2845 2835/2942/2835 2834/2941/2834
f 2835/2942/2835 2845/2952/2845 2846/2953/2846
f 2846/2953/2846 2836/2943/2836 2835/2942/2835
f 2836/2943/2836 2846/2953/2846 2847/2954/2847
f 2847/2954/2847 2837/2944/2837 2836/2943/2836
f 2837/2944/2837 2847/2954/2847 2848/2955/2848
f 2848/2955/2848 2838/2945/2838 2837/2944/2837
f 2838/2945/2838 2848/2955/2848 2849/2956/2849
f 2849/2956/2849 2839/2946/2839 2838/2945/2838
f 2839/2946/2839 2849/2956/2849 2850/2957/2850
f 2850/2957/2850 2840/2947/2840 2839/2946/2839
f 2840/2947/2840 2850/2957/2850 2851/2958/2851
f 2851/2958/2851 2841/2948/2841 2840/2947/2840
f 2841/2948/2841 2851/2958/2851 2852/2959/2852
f 2852/2959/2852 2695/2791/2695 2841/2948/2841
f 2695/2791/2695 2852/2959/2852 2707/2803/2707
f 2429/2501/2429 2842/2949/2842 2416/2488/2416
f 2842/2949/2842 2429/2501/2429 2853/2960/2853
f 2853/2960/2853 2843/2950/2843 2842/2949/2842
f 2843/2950/2843 2853/2960/2853 2854/2961/2854
f 2854/2961/2854 2844/2951/2844 2843/2950/2843
f 2844/2951/2844 2854/2961/2854 2855/2962/2855
f 2855/2962/2855 2845/2952/2845 2844/2951/2844
f 2845/2952/2845 2855/2962/2855 2856/2963/2856
f 2856/2963/2856 2846/2953/2846 2845/2952/2845
f 2846/2953/2846 2856/2963/2856 2857/2964/2857
f 2857/2964/2857 2847/2954/2847 2846/2953/2846
f 2847/2954/2847 2857/2964/2857 2858/2965/2858
f 2858/2965/2858 2848/2955/2848 2847/2954/2847
f 2848/2955/2848 2858/2965/2858 2859/2966/2859
f 2859/2966/2859 2849/2956/2849 2848/2955/2848
f 2849/2956/2849 2859/2966/2859 2860/2967/2860
f 2860/2967/2860 2850/2957/2850 2849/2956/2849
f 2850/2957/2850 2860/2967/2860 2861/2968/2861
f 2861/2968/2861 2851/2958/2851 2850/2957/2850
f 2851/2958/2851 2861/2968/2861 2862/2969/2862
f 2862/2969/2862 2852/2959/2852 2851/2958/2851
f 2852/2959/2852 2862/2969/2862 2863/2970/2863
f 2863/2970/2863 2707/2803/2707 2852/2959/2852
f 2707/2803/2707 2863/2970/2863 2719/2815/2719
f 2442/2514/2442 2853/2960/2853 2429/2501/2429
f 2853/2960/2853 2442/2514/2442 2864/2971/2864
f 2864/2971/2864 2854/2961/2854 2853/2960/2853
f 2854/2961/2854 2864/2971/2864 2865/2972/2865
f 2865/2972/2865 2855/2962/2855 2854/2961/2854
f 2855/2962/2855 2865/2972/2865 2866/2973/2866
f 2866/2973/2866 2856/2963/2856 2855/2962/2855
f 2856/2963/2856 2866/2973/2866 2867/2974/2867
f 2867/2974/2867 2857/2964/2857 2856/2963/2856
f 2857/2964/2857 2867/2974/2867 2868/2975/2868
f 2868/2975/2868 2858/2965/2858 2857/2964/2857
f 2858/2965/2858 2868/2975/2868 2869/2976/2869
f 2869/2976/2869 2859/2966/2859 2858/2965/2858
f 2859/2966/2859 2869/2976/2869 2870/2977/2870
f 2870/2977/2870 2860/2967/2860 2859/2966/2859
f 2860/2967/2860 2870/2977/2870 2871/2978/2871
f 2871/2978/2871 2861/2968/2861 2860/2967/2860
f 2861/2968/2861 2871/2978/2871 2872/2979/2872
f 2872/2979/2872 2862/2969/2862 2861/2968/2861
f 2862/2969/2862 2872/2979/2872 2873/2980/2873
f 2873/2980/2873 2863/2970/2863 2862/2969/2862
f 2863/2970/2863 2873/2980/2873 2874/2981/2874
f 2874/2981/2874 2719/2815/2719 2863/2970/2863
f 2719/2815/2719 2874/2981/2874 2731/2827/2731
f 2876/2983/2876 2888/2995/2888 2875/2982/2875
f 2888/2995/2888 2876/2983/2876 2889/2996/2889
f 2877/2984/2877 2889/2996/2889 2876/2983/2876
f 2889/2996/2889 2877/2984/2877 2890/2997/2890
f 2878/2985/2878 2890/2997/2890 2877/2984/2877
f 2890/2997/2890 2878/2985/2878 2891/2998/2891
f 2879/2986/2879 2891/2998/2891 2878/2985/2878
f 2891/2998/2891 2879/2986/2879 2892/2999/2892
f 2880/2987/2880 2892/2999/2892 2879/2986/2879
f 2892/2999/2892 2880/2987/2880 2893/3000/2893
f 2881/2988/2881 2893/3000/2893 2880/2987/2880
f 2893/3000/2893 2881/2988/2881 2894/3001/2894
f 2882/2989/2882 2894/3001/2894 2881/2988/2881
f 2894/3001/2894 2882/2989/2882 2895/3002/2895
f 2883/2990/2883 2895/3002/2895 2882/2989/2882
f 2895/3002/2895 2883/2990/2883 2896/3003/2896
f 2884/2991/2884 2896/3003/2896 2883/2990/2883
f 2896/3003/2896 2884/2991/2884 2897/3004/2897
f 2885/2992/2885 2897/3004/2897 2884/2991/2884
f 2897/3004/2897 2885/2992/2885 2898/3005/2898
f 2886/2993/2886 2898/3005/2898 2885/2992/2885
f 2898/3005/2898 2886/2993/2886 2899/3006/2899
f 2887/2994/2887 2899/3006/2899 2886/2993/2886
f 2899/3006/2899 2887/2994/2887 2900/3007/2900
f 2889/2996/2889 2901/3008/2901 2888/2995/2888
f 2901/3008/2901 2889/2996/2889 2902/3009/2902
f 2890/2997/2890 2902/3009/2902 2889/2996/2889
f 2902/3009/2902 2890/2997/2890 2903/3010/2903
f 2891/2998/2891 2903/3010/2903 2890/2997/2890
f 2903/3010/2903 2891/2998/2891 2904/3011/2904
f 2892/2999/2892 2904/3011/2904 2891/2998/2891
f 2904/3011/2904 2892/2999/2892 2905/3012/2905
f 2893/3000/2893 2905/3012/2905 2892/2999/2892
f 2905/3012/2905 2893/3000/2893 2906/3013/2906
f 2894/3001/2894 2906/3013/2906 2893/3000/2893
f 2906/3013/2906 2894/3001/2894 2907/3014/2907
f 2895/3002/2895 2907/3014/2907 2894/3001/2894
f 2907/3014/2907 2895/3002/2895 2908/3015/2908
f 2896/3003/2896 2908/3015/2908 2895/3002/2895
f 2908/3015/2908 2896/3003/2896 2909/3016/2909
f 2897/3004/2897 2909/3016/2909 2896/3003/2896
f 2909/3016/2909 2897/3004/2897 2910/3017/2910
f 2898/3005/2898 2910/3017/2910 2897/3004/2897
f 2910/3017/2910 2898/3005/2898 2911/3018/2911
f 2899/3006/2899 2911/3018/2911 2898/3005/2898
f 2911/3018/2911 2899/3006/2899 2912/3019/2912
f 2900/3007/2900 2912/3019/2912 2899/3006/2899
f 2912/3019/2912 2900/3007/2900 2913/3020/2913
f 2902/3009/2902 2914/3021/2914 2901/3008/2901
f 2914/3021/2914 2902/3009/2902 2915/3022/2915
f 2903/3010/2903 2915/3022/2915 2902/3009/2902
f 2915/3022/2915 2903/3010/2903 2916/3023/2916
f 2904/3011/2904 2916/3023/2916 2903/3010/2903
f 2916/3023/2916 2904/3011/2904 2917/3024/2917
f 2905/3012/2905 2917/3024/2917 2904/3011/2904
f 2917/3024/2917 2905/3012/2905 2918/3025/2918
f 2906/3013/2906 2918/3025/2918 2905/3012/2905
f 2918/3025/2918 2906/3013/2906 2919/3026/2919
f 2907/3014/2907 2919/3026/2919 2906/3013/2906
f 2919/3026/2919 2907/3014/2907 2920/3027/2920
f 2908/3015/2908 2920/3027/2920 2907/3014/2907
f 2920/3027/2920 2908/3015/2908 2921/3028/2921
f 2909/3016/2909 2921/3028/2921 2908/3015/2908
f 2921/3028/2921 2909/3016/2909 2922/3029/2922
f 2910/3017/2910 2922/3029/2922 2909/3016/2909
f 2922/3029/2922 2910/3017/2910 2923/3030/2923
f 2911/3018/2911 2923/3030/2923 2910/3017/2910
f 2923/3030/2923 2911/3018/2911 2924/3031/2924
f 2912/3019/2912 2924/3031/2924 2911/3018/2911
f 2924/3031/2924 2912/3019/2912 2925/3032/2925
f 2913/3020/2913 2925/3032/2925 2912/3019/2912
f 2925/3032/2925 2913/3020/2913 2926/3033/2926
f 2915/3022/2915 2927/3034/2927 2914/3021/2914
f 2927/3034/2927 2915/3022/2915 2928/3035/2928
f 2916/3023/2916 2928/3035/2928 2915/3022/2915
f 2928/3035/2928 2916/3023/2916 2929/3036/2929
f 2917/3024/2917 2929/3036/2929 2916/3023/2916
f 2929/3036/2929 2917/3024/2917 2930/3037/2930
f 2918/3025/2918 2930/3037/2930 2917/3024/2917
f 2930/3037/2930 2918/3025/2918 2931/3038/2931
f 2919/3026/2919 2931/3038/2931 2918/3025/2918
f 2931/3038/2931 2919/3026/2919 2932/3039/2932
f 2920/3027/2920 2932/3039/2932 2919/3026/2919
f 2932/3039/2932 2920/3027/2920 2933/3040/2933
f 2921/3028/2921 2933/3040/2933 2920/3027/2920
f 2933/3040/2933 2921/3028/2921 2934/3041/2934
f 2922/3029/2922 2934/3041/2934 2921/3028/2921
f 2934/3041/2934 2922/3029/2922 2935/3042/2935
f 2923/3030/2923 2935/3042/2935 2922/3029/2922
f 2935/3042/2935 2923/3030/2923 2936/3043/2936
f 2924/3031/2924 2936/3043/2936 2923/3030/2923
f 2936/3043/2936 2924/3031/2924 2937/3044/2937
f 2925/3032/2925 2937/3044/2937 2924/3031/2924
f 2937/3044/2937 2925/3032/2925 2938/3045/2938
f 2926/3033/2926 2938/3045/2938 2925/3032/2925
f 2938/3045/2938 2926/3033/2926 2939/3046/2939
f 2928/3035/2928 2940/3047/2940 2927/3034/2927
f 2940/3047/2940 2928/3035/2928 2941/3048/2941
f 2929/3036/2929 2941/3048/2941 2928/3035/2928
f 2941/3048/2941 2929/3036/2929 2942/3049/2942
f 2930/3037/2930 2942/3049/2942 2929/3036/2929
f 2942/3049/2942 2930/3037/2930 2943/3050/2943
f 2931/3038/2931 2943/3050/2943 2930/3037/2930
f 2943/3050/2943 2931/3038/2931 2944/3051/2944
f 2932/3039/2932 2944/3051/2944 2931/3038/2931
f 2944/3051/2944 2932/3039/2932 2945/3052/2945
f 2933/3040/2933 2945/3052/2945 2932/3039/2932
f 2945/3052/2945 2933/3040/2933 2946/3053/2946
f 2934/3041/2934 2946/3053/2946 2933/3040/2933
f 2946/3053/2946 2934/3041/2934 2947/3054/2947
f 2935/3042/2935 2947/3054/2947 2934/3041/2934
f 2947/3054/2947 2935/3042/2935 2948/3055/2948
f 2936/3043/2936 2948/3055/2948 2935/3042/2935
f 2948/3055/2948 2936/3043/2936 2949/3056/2949
f 2937/3044/2937 2949/3056/2949 2936/3043/2936
f 2949/3056/2949 2937/3044/2937 2950/3057/2950
f 2938/3045/2938 2950/3057/2950 2937/3044/2937
f 2950/3057/2950 2938/3045/2938 2951/3058/2951
f 2939/3046/2939 2951/3058/2951 2938/3045/2938
f 2951/3058/2951 2939/3046/2939 2952/3059/2952
f 2941/3048/2941 2953/3060/2953 2940/3047/2940
f 2953/3060/2953 2941/3048/2941 2954/3061/2954
f 2942/3049/2942 2954/3061/2954 2941/3048/2941
f 2954/3061/2954 2942/3049/2942 2955/3062/2955
f 2943/3050/2943 2955/3062/2955 2942/3049/2942
f 2955/3062/2955 2943/3050/2943 2956/3063/2956
f 2944/3051/2944 2956/3063/2956 2943/3050/2943
f 2956/3063/2956 2944/3051/2944 2957/3064/2957
f 2945/3052/2945 2957/3064/2957 2944/3051/2944
f 2957/3064/2957 2945/3052/2945 2958/3065/2958
f 2946/3053/2946 2958/3065/2958 2945/3052/2945
f 2958/3065/2958 2946/3053/2946 2959/3066/2959
f 2947/3054/2947 2959/3066/2959 2946/3053/2946
f 2959/3066/2959 2947/3054/2947 2960/3067/2960
f 2948/3055/2948 2960/3067/2960 2947/3054/2947
f 2960/3067/2960 2948/3055/2948 2961/3068/2961
f 2949/3056/2949 2961/3068/2961 2948/3055/2948
f 2961/3068/2961 2949/3056/2949 2962/3069/2962
f 2950/3057/2950 2962/3069/2962 2949/3056/2949
f 2962/3069/2962 2950/3057/2950 2963/3070/2963
f 2951/3058/2951 2963/3070/2963 2950/3057/2950
f 2963/3070/2963 2951/3058/2951 2964/3071/2964
f 2952/3059/2952 2964/3071/2964 2951/3058/2951
f 2964/3071/2964 2952/3059/2952 2965/3072/2965
f 2954/3061/2954 2966/3073/2966 2953/3060/2953
f 2966/3073/2966 2954/3061/2954 2967/3074/2967
f 2955/3062/2955 2967/3074/2967 2954/3061/2954
f 2967/3074/2967 2955/3062/2955 2968/3075/2968
f 2956/3063/2956 2968/3075/2968 2955/3062/2955
f 2968/3075/2968 2956/3063/2956 2969/3076/2969
f 2957/3064/2957 2969/3076/2969 2956/3063/2956
f 2969/3076/2969 2957/3064/2957 2970/3077/2970
f 2958/3065/2958 2970/3077/2970 2957/3064/2957
f 2970/3077/2970 2958/3065/2958 2971/3078/2971
f 2959/3066/2959 2971/3078/2971 2958/3065/2958
f 2971/3078/2971 2959/3066/2959 2972/3079/2972
f 2960/3067/2960 2972/3079/2972 2959/3066/2959
f 2972/3079/2972 2960/3067/2960 2973/3080/2973
f 2961/3068/2961 2973/3080/2973 2960/3067/2960
f 2973/3080/2973 2961/3068/2961 2974/3081/2974
f 2962/3069/2962 2974/3081/2974 2961/3068/2961
f 2974/3081/2974 2962/3069/2962 2975/3082/2975
f 2963/3070/2963 2975/3082/2975 2962/3069/2962
f 2975/3082/2975 2963/3070/2963 2976/3083/2976
f 2964/3071/2964 2976/3083/2976 2963/3070/2963
f 2976/3083/2976 2964/3071/2964 2977/3084/2977
f 2965/3072/2965 2977/3084/2977 2964/3071/2964
f 2977/3084/2977 2965/3072/2965 2978/3085/2978
f 2967/3074/2967 2979/3086/2979 2966/3073/2966
f 2979/3086/2979 2967/3074/2967 2980/3087/2980
f 2968/3075/2968 2980/3087/2980 2967/3074/2967
f 2980/3087/2980 2968/3075/2968 2981/3088/2981
f 2969/3076/2969 2981/3088/2981 2968/3075/2968
f 2981/3088/2981 2969/3076/2969 2982/3089/2982
f 2970/3077/2970 2982/3089/2982 2969/3076/2969
f 2982/3089/2982 2970/3077/2970 2983/3090/2983
f 2971/3078/2971 2983/3090/2983 2970/3077/2970
f 2983/3090/2983 2971/3078/2971 2984/3091/2984
f 2972/3079/2972 2984/3091/2984 2971/3078/2971
f 2984/3091/2984 2972/3079/2972 2985/3092/2985
f 2973/3080/2973 2985/3092/2985 2972/3079/2972
f 2985/3092/2985 2973/3080/2973 2986/3093/2986
f 2974/3081/2974 2986/3093/2986 2973/3080/2973
f 2986/3093/2986 2974/3081/2974 2987/3094/2987
f 2975/3082/2975 2987/3094/2987 2974/3081/2974
f 2987/3094/2987 2975/3082/2975 2988/3095/2988
f 2976/3083/2976 2988/3095/2988 2975/3082/2975
f 2988/3095/2988 2976/3083/2976 2989/3096/2989
f 2977/3084/2977 2989/3096/2989 2976/3083/2976
f 2989/3096/2989 2977/3084/2977 2990/3097/2990
f 2978/3085/2978 2990/3097/2990 2977/3084/2977
f 2990/3097/2990 2978/3085/2978 2991/3098/2991
f 2980/3087/2980 2992/3099/2992 2979/3086/2979
f 2992/3099/2992 2980/3087/2980 2993/3100/2993
f 2981/3088/2981 2993/3100/2993 2980/3087/2980
f 2993/3100/2993 2981/3088/2981 2994/3101/2994
f 2982/3089/2982 2994/3101/2994 2981/3088/2981
f 2994/3101/2994 2982/3089/2982 2995/3102/2995
f 2983/3090/2983 2995/3102/2995 2982/3089/2982
f 2995/3102/2995 2983/3090/2983 2996/3103/2996
f 2984/3091/2984 2996/3103/2996 2983/3090/2983
f 2996/3103/2996 2984/3091/2984 2997/3104/2997
f 2985/3092/2985 2997/3104/2997 2984/3091/2984
f 2997/3104/2997 2985/3092/2985 2998/3105/2998
f 2986/3093/2986 2998/3105/2998 2985/3092/2985
f 2998/3105/2998 2986/3093/2986 2999/3106/2999
f 2987/3094/2987 2999/3106/2999 2986/3093/2986
f 2999/3106/2999 2987/3094/2987 3000/3107/3000
f 2988/3095/2988 3000/3107/3000 2987/3094/2987
f 3000/3107/3000 2988/3095/2988 3001/3108/3001
f 2989/3096/2989 3001/3108/3001 2988/3095/2988
f 3001/3108/3001 2989/3096/2989 3002/3109/3002
f 2990/3097/2990 3002/3109/3002 2989/3096/2989
f 3002/3109/3002 2990/3097/2990 3003/3110/3003
f 2991/3098/2991 3003/3110/3003 2990/3097/2990
f 3003/3110/3003 2991/3098/2991 3004/3111/3004
f 2993/3100/2993 3005/3112/3005 2992/3099/2992
f 3005/3112/3005 2993/3100/2993 3006/3113/3006
f 2994/3101/2994 3006/3113/3006 2993/3100/2993
f 3006/3113/3006 2994/3101/2994 3007/3114/3007
f 2995/3102/2995 3007/3114/3007 2994/3101/2994
f 3007/3114/3007 2995/3102/2995 3008/3115/3008
f 2996/3103/2996 3008/3115/3008 2995/3102/2995
f 3008/3115/3008 2996/3103/2996 3009/3116/3009
f 2997/3104/2997 3009/3116/3009 2996/3103/2996
f 3009/3116/3009 2997/3104/2997 3010/3117/3010
f 2998/3105/2998 3010/3117/3010 2997/3104/2997
f 3010/3117/3010 2998/3105/2998 3011/3118/3011
f 2999/3106/2999 3011/3118/3011 2998/3105/2998
f 3011/3118/3011 2999/3106/2999 3012/3119/3012
f 3000/3107/3000 3012/3119/3012 2999/3106/2999
f 3012/3119/3012 3000/3107/3000 3013/3120/3013
f 3001/3108/3001 3013/3120/3013 3000/3107/3000
f 3013/3120/3013 3001/3108/3001 3014/3121/3014
f 3002/3109/3002 3014/3121/3014 3001/3108/3001
f 3014/3121/3014 3002/3109/3002 3015/3122/3015
f 3003/3110/3003 3015/3122/3015 3002/3109/3002
f 3015/3122/3015 3003/3110/3003 3016/3123/3016
f 3004/3111/3004 3016/3123/3016 3003/3110/3003
f 3016/3123/3016 3004/3111/3004 3017/3124/3017
f 3006/3113/3006 3018/3125/3018 3005/3112/3005
f 3018/3125/3018 3006/3113/3006 3019/3126/3019
f 3007/3114/3007 3019/3126/3019 3006/3113/3006
f 3019/3126/3019 3007/3114/3007 3020/3127/3020
f 3008/3115/3008 3020/3127/3020 3007/3114/3007
f 3020/3127/3020 3008/3115/3008 3021/3128/3021
f 3009/3116/3009 3021/3128/3021 3008/3115/3008
f 3021/3128/3021 3009/3116/3009 3022/3129/3022
f 3010/3117/3010 3022/3129/3022 3009/3116/3009
f 3022/3129/3022 3010/3117/3010 3023/3130/3023
f 3011/3118/3011 3023/3130/3023 3010/3117/3010
f 3023/3130/3023 3011/3118/3011 3024/3131/3024
f 3012/3119/3012 3024/3131/3024 3011/3118/3011
f 3024/3131/3024 3012/3119/3012 3025/3132/3025
f 3013/3120/3013 3025/3132/3025 3012/3119/3012
f 3025/3132/3025 3013/3120/3013 3026/3133/3026
f 3014/3121/3014 3026/3133/3026 3013/3120/3013
f 3026/3133/3026 3014/3121/3014 3027/3134/3027
f 3015/3122/3015 3027/3134/3027 3014/3121/3014
f 3027/3134/3027 3015/3122/3015 3028/3135/3028
f 3016/3123/3016 3028/3135/3028 3015/3122/3015
f 3028/3135/3028 3016/3123/3016 3029/3136/3029
f 3017/3124/3017 3029/3136/3029 3016/3123/3016
f 3029/3136/3029 3017/3124/3017 3030/3137/3030
f 3019/3126/3019 3031/3138/3031 3018/3125/3018
f 3031/3138/3031 3019/3126/3019 3032/3139/3032
f 3020/3127/3020 3032/3139/3032 3019/3126/3019
f 3032/3139/3032 3020/3127/3020 3033/3140/3033
f 3021/3128/3021 3033/3140/3033 3020/3127/3020
f 3033/3140/3033 3021/3128/3021 3034/3141/3034
f 3022/3129/3022 3034/3141/3034 3021/3128/3021
f 3034/3141/3034 3022/3129/3022 3035/3142/3035
f 3023/3130/3023 3035/3142/3035 3022/3129/3022
f 3035/3142/3035 3023/3130/3023 3036/3143/3036
f 3024/3131/3024 3036/3143/3036 3023/3130/3023
f 3036/3143/3036 3024/3131/3024 3037/3144/3037
f 3025/3132/3025 3037/3144/3037 3024/3131/3024
f 3037/3144/3037 3025/3132/3025 3038/3145/3038
f 3026/3133/3026 3038/3145/3038 3025/3132/3025
f 3038/3145/3038 3026/3133/3026 3039/3146/3039
f 3027/3134/3027 3039/3146/3039 3026/3133/3026
f 3039/3146/3039 3027/3134/3027 3040/3147/3040
f 3028/3135/3028 3040/3147/3040 3027/3134/3027
f 3040/3147/3040 3028/3135/3028 3041/3148/3041
f 3029/3136/3029 3041/3148/3041 3028/3135/3028
f 3041/3148/3041 3029/3136/3029 3042/3149/3042
f 3030/3137/3030 3042/3149/3042 3029/3136/3029
f 3042/3149/3042 3030/3137/3030 3043/3150/3043
f 3044/3151/3044 2900/3007/2900 2887/2994/2887
f 2900/3007/2900 3044/3151/3044 3056/3163/3056
f 3045/3152/3045 3056/3163/3056 3044/3151/3044
f 3056/3163/3056 3045/3152/3045 3057/3164/3057
f 3046/3153/3046 3057/3164/3057 3045/3152/3045
f 3057/3164/3057 3046/3153/3046 3058/3165/3058
f 3047/3154/3047 3058/3165/3058 3046/3153/3046
f 3058/3165/3058 3047/3154/3047 3059/3166/3059
f 3048/3155/3048 3059/3166/3059 3047/3154/3047
f 3059/3166/3059 3048/3155/3048 3060/3167/3060
f 3049/3156/3049 3060/3167/3060 3048/3155/3048
f 3060/3167/3060 3049/3156/3049 3061/3168/3061
f 3050/3157/3050 3061/3168/3061 3049/3156/3049
f 3061/3168/3061 3050/3157/3050 3062/3169/3062
f 3051/3158/3051 3062/3169/3062 3050/3157/3050
f 3062/3169/3062 3051/3158/3051 3063/3170/3063
f 3052/3159/3052 3063/3170/3063 3051/3158/3051
f 3063/3170/3063 3052/3159/3052 3064/3171/3064
f 3053/3160/3053 3064/3171/3064 3052/3159/3052
f 3064/3171/3064 3053/3160/3053 3065/3172/3065
f 3054/3161/3054 3065/3172/3065 3053/3160/3053
f 3065/3172/3065 3054/3161/3054 3066/3173/3066
f 3055/3162/3055 3066/3173/3066 3054/3161/3054
f 3066/3173/3066 3055/3162/3055 3067/3174/3067
f 3056/3163/3056 2913/3020/2913 2900/3007/2900
f 2913/3020/2913 3056/3163/3056 3068/3175/3068
f 3057/3164/3057 3068/3175/3068 3056/3163/3056
f 3068/3175/3068 3057/3164/3057 3069/3176/3069
f 3058/3165/3058 3069/3176/3069 3057/3164/3057
f 3069/3176/3069 3058/3165/3058 3070/3177/3070
f 3059/3166/3059 3070/3177/3070 3058/3165/3058
f 3070/3177/3070 3059/3166/3059 3071/3178/3071
f 3060/3167/3060 3071/3178/3071 3059/3166/3059
f 3071/3178/3071 3060/3167/3060 3072/3179/3072
f 3061/3168/3061 3072/3179/3072 3060/3167/3060
f 3072/3179/3072 3061/3168/3061 3073/3180/3073
f 3062/3169/3062 3073/3180/3073 3061/3168/3061
f 3073/3180/3073 3062/3169/3062 3074/3181/3074
f 3063/3170/3063 3074/3181/3074 3062/3169/3062
f 3074/3181/3074 3063/3170/3063 3075/3182/3075
f 3064/3171/3064 3075/3182/3075 3063/3170/3063
f 3075/3182/3075 3064/3171/3064 3076/3183/3076
f 3065/3172/3065 3076/3183/3076 3064/3171/3064
f 3076/3183/3076 3065/3172/3065 3077/3184/3077
f 3066/3173/3066 3077/3184/3077 3065/3172/3065
f 3077/3184/3077 3066/3173/3066 3078/3185/3078
f 3067/3174/3067 3078/3185/3078 3066/3173/3066
f 3078/3185/3078 3067/3174/3067 3079/3186/3079
f 3068/3175/3068 2926/3033/2926 2913/3020/2913
f 2926/3033/2926 3068/3175/3068 3080/3187/3080
f 3069/3176/3069 3080/3187/3080 3068/3175/3068
f 3080/3187/3080 3069/3176/3069 3081/3188/3081
f 3070/3177/3070 3081/3188/3081 3069/3176/3069
f 3081/3188/3081 3070/3177/3070 3082/3189/3082
f 3071/3178/3071 3082/3189/3082 3070/3177/3070
f 3082/3189/3082 3071/3178/3071 3083/3190/3083
f 3072/3179/3072 3083/3190/3083 3071/3178/3071
f 3083/3190/3083 3072/3179/3072 3084/3191/3084
f 3073/3180/3073 3084/3191/3084 3072/3179/3072
f 3084/3191/3084 3073/3180/3073 3085/3192/3085
f 3074/3181/3074 3085/3192/3085 3073/3180/3073
f 3085/3192/3085 3074/3181/3074 3086/3193/3086
f 3075/3182/3075 3086/3193/3086 3074/3181/3074
f 3086/3193/3086 3075/3182/3075 3087/3194/3087
f 3076/3183/3076 3087/3194/3087 3075/3182/3075
f 3087/3194/3087 3076/3183/3076 3088/3195/3088
f 3077/3184/3077 3088/3195/3088 3076/3183/3076
f 3088/3195/3088 3077/3184/3077 3089/3196/3089
f 3078/3185/3078 3089/3196/3089 3077/3184/3077
f 3089/3196/3089 3078/3185/3078 3090/3197/3090
f 3079/3186/3079 3090/3197/3090 3078/3185/3078
f 3090/3197/3090 3079/3186/3079 3091/3198/3091
f 3080/3187/3080 2939/3046/2939 2926/3033/2926
f 2939/3046/2939 3080/3187/3080 3092/3199/3092
f 3081/3188/3081 3092/3199/3092 3080/3187/3080
f 3092/3199/3092 3081/3188/3081 3093/3200/3093
f 3082/3189/3082 3093/3200/3093 3081/3188/3081
f 3093/3200/3093 3082/3189/3082 3094/3201/3094
f 3083/3190/3083 3094/3201/3094 3082/3189/3082
f 3094/3201/3094 3083/3190/3083 3095/3202/3095
f 3084/3191/3084 3095/3202/3095 3083/3190/3083
f 3095/3202/3095 3084/3191/3084 3096/3203/3096
f 3085/3192/3085 3096/3203/3096 3084/3191/3084
f 3096/3203/3096 3085/3192/3085 3097/3204/3097
f 3086/3193/3086 3097/3204/3097 3085/3192/3085
f 3097/3204/3097 3086/3193/3086 3098/3205/3098
f 3087/3194/3087 3098/3205/3098 3086/3193/3086
f 3098/3205/3098 3087/3194/3087 3099/3206/3099
f 3088/3195/3088 3099/3206/3099 3087/3194/3087
f 3099/3206/3099 3088/3195/3088 3100/3207/3100
f 3089/3196/3089 3100/3207/3100 3088/3195/3088
f 3100/3207/3100 3089/3196/3089 3101/3208/3101
f 3090/3197/3090 3101/3208/3101 3089/3196/3089
f 3101/3208/3101 3090/3197/3090 3102/3209/3102
f 3091/3198/3091 3102/3209/3102 3090/3197/3090
f 3102/3209/3102 3091/3198/3091 3103/3210/3103
f 3092/3199/3092 2952/3059/2952 2939/3046/2939
f 2952/3059/2952 3092/3199/3092 3104/3211/3104
f 3093/3200/3093 3104/3211/3104 3092/3199/3092
f 3104/3211/3104 3093/3200/3093 3105/3212/3105
f 3094/3201/3094 3105/3212/3105 3093/3200/3093
f 3105/3212/3105 3094/3201/3094 3106/3213/3106
f 3095/3202/3095 3106/3213/3106 3094/3201/3094
f 3106/3213/3106 3095/3202/3095 3107/3214/3107
f 3096/3203/3096 3107/3214/3107 3095/3202/3095
f 3107/3214/3107 3096/3203/3096 3108/3215/3108
f 3097/3204/3097 3108/3215/3108 3096/3203/3096
f 3108/3215/3108 3097/3204/3097 3109/3216/3109
f 3098/3205/3098 3109/3216/3109 3097/3204/3097
f 3109/3216/3109 3098/3205/3098 3110/3217/3110
f 3099/3206/3099 3110/3217/3110 3098/3205/3098
f 3110/3217/3110 3099/3206/3099 3111/3218/3111
f 3100/3207/3100 3111/3218/3111 3099/3206/3099
f 3111/3218/3111 3100/3207/3100 3112/3219/3112
f 3101/3208/3101 3112/3219/3112 3100/3207/3100
f 3112/3219/3112 3101/3208/3101 3113/3220/3113
f 3102/3209/3102 3113/3220/3113 3101/3208/3101
f 3113/3220/3113 3102/3209/3102 3114/3221/3114
f 3103/3210/3103 3114/3221/3114 3102/3209/3102
f 3114/3221/3114 3103/3210/3103 3115/3222/3115
f 3104/3211/3104 2965/3072/2965 2952/3059/2952
f 2965/3072/2965 3104/3211/3104 3116/3223/3116
f 3105/3212/3105 3116/3223/3116 3104/3211/3104
f 3116/3223/3116 3105/3212/3105 3117/3224/3117
f 3106/3213/3106 3117/3224/3117 3105/3212/3105
f 3117/3224/3117 3106/3213/3106 3118/3225/3118
f 3107/3214/3107 3118/3225/3118 3106/3213/3106
f 3118/3225/3118 3107/3214/3107 3119/3226/3119
f 3108/3215/3108 3119/3226/3119 3107/3214/3107
f 3119/3226/3119 3108/3215/3108 3120/3227/3120
f 3109/3216/3109 3120/3227/3120 3108/3215/3108
f 3120/3227/3120 3109/3216/3109 3121/3228/3121
f 3110/3217/3110 3121/3228/3121 3109/3216/3109
f 3121/3228/3121 3110/3217/3110 3122/3229/3122
f 3111/3218/3111 3122/3229/3122 3110/3217/3110
f 3122/3229/3122 3111/3218/3111 3123/3230/3123
f 3112/3219/3112 3123/3230/3123 3111/3218/3111
f 3123/3230/3123 3112/3219/3112 3124/3231/3124
f 3113/3220/3113 3124/3231/3124 3112/3219/3112
f 3124/3231/3124 3113/3220/3113 3125/3232/3125
f 3114/3221/3114 3125/3232/3125 3113/3220/3113
f 3125/3232/3125 3114/3221/3114 3126/3233/3126
f 3115/3222/3115 3126/3233/3126 3114/3221/3114
f 3126/3233/3126 3115/3222/3115 3127/3234/3127
f 3116/3223/3116 2978/3085/2978 2965/3072/2965
f 2978/3085/2978 3116/3223/3116 3128/3235/3128
f 3117/3224/3117 3128/3235/3128 3116/3223/3116
f 3128/3235/3128 3117/3224/3117 3129/3236/3129
f 3118/3225/3118 3129/3236/3129 3117/3224/3117
f 3129/3236/3129 3118/3225/3118 3130/3237/3130
f 3119/3226/3119 3130/3237/3130 3118/3225/3118
f 3130/3237/3130 3119/3226/3119 3131/3238/3131
f 3120/3227/3120 3131/3238/3131 3119/3226/3119
f 3131/3238/3131 3120/3227/3120 3132/3239/3132
f 3121/3228/3121 3132/3239/3132 3120/3227/3120
f 3132/3239/3132 3121/3228/3121 3133/3240/3133
f 3122/3229/3122 3133/3240/3133 3121/3228/3121
f 3133/3240/3133 3122/3229/3122 3134/3241/3134
f 3123/3230/3123 3134/3241/3134 3122/3229/3122
f 3134/3241/3134 3123/3230/3123 3135/3242/3135
f 3124/3231/3124 3135/3242/3135 3123/3230/3123
f 3135/3242/3135 3124/3231/3124 3136/3243/3136
f 3125/3232/3125 3136/3243/3136 3124/3231/3124
f 3136/3243/3136 3125/3232/3125 3137/3244/3137
f 3126/3233/3126 3137/3244/3137 3125/3232/3125
f 3137/3244/3137 3126/3233/3126 3138/3245/3138
f 3127/3234/3127 3138/3245/3138 3126/3233/3126
f 3138/3245/3138 3127/3234/3127 3139/3246/3139
f 3128/3235/3128 2991/3098/2991 2978/3085/2978
f 2991/3098/2991 3128/3235/3128 3140/3247/3140
f 3129/3236/3129 3140/3247/3140 3128/3235/3128
f 3140/3247/3140 3129/3236/3129 3141/3248/3141
f 3130/3237/3130 3141/3248/3141 3129/3236/3129
f 3141/3248/3141 3130/3237/3130 3142/3249/3142
f 3131/3238/3131 3142/3249/3142 3130/3237/3130
f 3142/3249/3142 3131/3238/3131 3143/3250/3143
f 3132/3239/3132 3143/3250/3143 3131/3238/3131
f 3143/3250/3143 3132/3239/3132 3144/3251/3144
f 3133/3240/3133 3144/3251/3144 3132/3239/3132
f 3144/3251/3144 3133/3240/3133 3145/3252/3145
f 3134/3241/3134 3145/3252/3145 3133/3240/3133
f 3145/3252/3145 3134/3241/3134 3146/3253/3146
f 3135/3242/3135 3146/3253/3146 3134/3241/3134
f 3146/3253/3146 3135/3242/3135 3147/3254/3147
f 3136/3243/3136 3147/3254/3147 3135/3242/3135
f 3147/3254/3147 3136/3243/3136 3148/3255/3148
f 3137/3244/3137 3148/3255/3148 3136/3243/3136
f 3148/3255/3148 3137/3244/3137 3149/3256/3149
f 3138/3245/3138 3149/3256/3149 3137/3244/3137
f 3149/3256/3149 3138/3245/3138 3150/3257/3150
f 3139/3246/3139 3150/3257/3150 3138/3245/3138
f 3150/3257/3150 3139/3246/3139 3151/3258/3151
f 3140/3247/3140 3004/3111/3004 2991/3098/2991
f 3004/3111/3004 3140/3247/3140 3152/3259/3152
f 3141/3248/3141 3152/3259/3152 3140/3247/3140
f 3152/3259/3152 3141/3248/3141 3153/3260/3153
f 3142/3249/3142 3153/3260/3153 3141/3248/3141
f 3153/3260/3153 3142/3249/3142 3154/3261/3154
f 3143/3250/3143 3154/3261/3154 3142/3249/3142
f 3154/3261/3154 3143/3250/3143 3155/3262/3155
f 3144/3251/3144 3155/3262/3155 3143/3250/3143
f 3155/3262/3155 3144/3251/3144 3156/3263/3156
f 3145/3252/3145 3156/3263/3156 3144/3251/3144
f 3156/3263/3156 3145/3252/3145 3157/3264/3157
f 3146/3253/3146 3157/3264/3157 3145/3252/3145
f 3157/3264/3157 3146/3253/3146 3158/3265/3158
f 3147/3254/3147 3158/3265/3158 3146/3253/3146
f 3158/3265/3158 3147/3254/3147 3159/3266/3159
f 3148/3255/3148 3159/3266/3159 3147/3254/3147
f 3159/3266/3159 3148/3255/3148 3160/3267/3160
f 3149/3256/3149 3160/3267/3160 3148/3255/3148
f 3160/3267/3160 3149/3256/3149 3161/3268/3161
f 3150/3257/3150 3161/3268/3161 3149/3256/3149
f 3161/3268/3161 3150/3257/3150 3162/3269/3162
f 3151/3258/3151 3162/3269/3162 3150/3257/3150
f 3162/3269/3162 3151/3258/3151 3163/3270/3163
f 3152/3259/3152 3017/3124/3017 3004/3111/3004
f 3017/3124/3017 3152/3259/3152 3164/3271/3164
f 3153/3260/3153 3164/3271/3164 3152/3259/3152
f 3164/3271/3164 3153/3260/3153 3165/3272/3165
f 3154/3261/3154 3165/3272/3165 3153/3260/3153
f 3165/3272/3165 3154/3261/3154 3166/3273/3166
f 3155/3262/3155 3166/3273/3166 3154/3261/3154
f 3166/3273/3166 3155/3262/3155 3167/3274/3167
f 3156/3263/3156 3167/3274/3167 3155/3262/3155
f 3167/3274/3167 3156/3263/3156 3168/3275/3168
f 3157/3264/3157 3168/3275/3168 3156/3263/3156
f 3168/3275/3168 3157/3264/3157 3169/3276/3169
f 3158/3265/3158 3169/3276/3169 3157/3264/3157
f 3169/3276/3169 3158/3265/3158 3170/3277/3170
f 3159/3266/3159 3170/3277/3170 3158/3265/3158
f 3170/3277/3170 3159/3266/3159 3171/3278/3171
f 3160/3267/3160 3171/3278/3171 3159/3266/3159
f 3171/3278/3171 3160/3267/3160 3172/3279/3172
f 3161/3268/3161 3172/3279/3172 3160/3267/3160
f 3172/3279/3172 3161/3268/3161 3173/3280/3173
f 3162/3269/3162 3173/3280/3173 3161/3268/3161
f 3173/3280/3173 3162/3269/3162 3174/3281/3174
f 3163/3270/3163 3174/3281/3174 3162/3269/3162
f 3174/3281/3174 3163/3270/3163 3175/3282/3175
f 3164/3271/3164 3030/3137/3030 3017/3124/3017
f 3030/3137/3030 3164/3271/3164 3176/3283/3176
f 3165/3272/3165 3176/3283/3176 3164/3271/3164
f 3176/3283/3176 3165/3272/3165 3177/3284/3177
f 3166/3273/3166 3177/3284/3177 3165/3272/3165
f 3177/3284/3177 3166/3273/3166 3178/3285/3178
f 3167/3274/3167 3178/3285/3178 3166/3273/3166
f 3178/3285/3178 3167/3274/3167 3179/3286/3179
f 3168/3275/3168 3179/3286/3179 3167/3274/3167
f 3179/3286/3179 3168/3275/3168 3180/3287/3180
f 3169/3276/3169 3180/3287/3180 3168/3275/3168
f 3180/3287/3180 3169/3276/3169 3181/3288/3181
f 3170/3277/3170 3181/3288/3181 3169/3276/3169
f 3181/3288/3181 3170/3277/3170 3182/3289/3182
f 3171/3278/3171 3182/3289/3182 3170/3277/3170
f 3182/3289/3182 3171/3278/3171 3183/3290/3183
f 3172/3279/3172 3183/3290/3183 3171/3278/3171
f 3183/3290/3183 3172/3279/3172 3184/3291/3184
f 3173/3280/3173 3184/3291/3184 3172/3279/3172
f 3184/3291/3184 3173/3280/3173 3185/3292/3185
f 3174/3281/3174 3185/3292/3185 3173/3280/3173
f 3185/3292/3185 3174/3281/3174 3186/3293/3186
f 3175/3282/3175 3186/3293/3186 3174/3281/3174
f 3186/3293/3186 3175/3282/3175 3187/3294/3187
f 3176/3283/3176 3043/3150/3043 3030/3137/3030
f 3043/3150/3043 3176/3283/3176 3188/3295/3188
f 3177/3284/3177 3188/3295/3188 3176/3283/3176
f 3188/3295/3188 3177/3284/3177 3189/3296/3189
f 3178/3285/3178 3189/3296/3189 3177/3284/3177
f 3189/3296/3189 3178/3285/3178 3190/3297/3190
f 3179/3286/3179 3190/3297/3190 3178/3285/3178
f 3190/3297/3190 3179/3286/3179 3191/3298/3191
f 3180/3287/3180 3191/3298/3191 3179/3286/3179
f 3191/3298/3191 3180/3287/3180 3192/3299/3192
f 3181/3288/3181 3192/3299/3192 3180/3287/3180
f 3192/3299/3192 3181/3288/3181 3193/3300/3193
f 3182/3289/3182 3193/3300/3193 3181/3288/3181
f 3193/3300/3193 3182/3289/3182 3194/3301/3194
f 3183/3290/3183 3194/3301/3194 3182/3289/3182
f 3194/3301/3194 3183/3290/3183 3195/3302/3195
f 3184/3291/3184 3195/3302/3195 3183/3290/3183
f 3195/3302/3195 3184/3291/3184 3196/3303/3196
f 3185/3292/3185 3196/3303/3196 3184/3291/3184
f 3196/3303/3196 3185/3292/3185 3197/3304/3197
f 3186/3293/3186 3197/3304/3197 3185/3292/3185
f 3197/3304/3197 3186/3293/3186 3198/3305/3198
f 3187/3294/3187 3198/3305/3198 3186/3293/3186
f 3198/3305/3198 3187/3294/3187 3199/3306/3199
f 3212/3319/3212 3201/3308/3201 3200/3307/3200
f 3201/3308/3201 3212/3319/3212 3213/3320/3213
f 3213/3320/3213 3202/3309/3202 3201/3308/3201
f 3202/3309/3202 3213/3320/3213 3214/3321/3214
f 3214/3321/3214 3203/3310/3203 3202/3309/3202
f 3203/3310/3203 3214/3321/3214 3215/3322/3215
f 3215/3322/3215 3204/3311/3204 3203/3310/3203
f 3204/3311/3204 3215/3322/3215 3216/3323/3216
f 3216/3323/3216 3205/3312/3205 3204/3311/3204
f 3205/3312/3205 3216/3323/3216 3217/3324/3217
f 3217/3324/3217 3206/3313/3206 3205/3312/3205
f 3206/3313/3206 3217/3324/3217 3218/3325/3218
f 3218/3325/3218 3207/3314/3207 3206/3313/3206
f 3207/3314/3207 3218/3325/3218 3219/3326/3219
f 3219/3326/3219 3208/3315/3208 3207/3314/3207
f 3208/3315/3208 3219/3326/3219 3220/3327/3220
f 3220/3327/3220 3209/3316/3209 3208/3315/3208
f 3209/3316/3209 3220/3327/3220 3221/3328/3221
f 3221/3328/3221 3210/3317/3210 3209/3316/3209
f 3210/3317/3210 3221/3328/3221 3222/3329/3222
f 3222/3329/3222 3211/3318/3211 3210/3317/3210
f 3211/3318/3211 3222/3329/3222 3223/3330/3223
f 3223/3330/3223 3055/3162/3055 3211/3318/3211
f 3055/3162/3055 3223/3330/3223 3067/3174/3067
f 3224/3331/3224 3213/3320/3213 3212/3319/3212
f 3213/3320/3213 3224/3331/3224 3225/3332/3225
f 3225/3332/3225 3214/3321/3214 3213/3320/3213
f 3214/3321/3214 3225/3332/3225 3226/3333/3226
f 3226/3333/3226 3215/3322/3215 3214/3321/3214
f 3215/3322/3215 3226/3333/3226 3227/3334/3227
f 3227/3334/3227 3216/3323/3216 3215/3322/3215
f 3216/3323/3216 3227/3334/3227 3228/3335/3228
f 3228/3335/3228 3217/3324/3217 3216/3323/3216
f 3217/3324/3217 3228/3335/3228 3229/3336/3229
f 3229/3336/3229 3218/3325/3218 3217/3324/3217
f 3218/3325/3218 3229/3336/3229 3230/3337/3230
f 3230/3337/3230 3219/3326/3219 3218/3325/3218
f 3219/3326/3219 3230/3337/3230 3231/3338/3231
f 3231/3338/3231 3220/3327/3220 3219/3326/3219
f 3220/3327/3220 3231/3338/3231 3232/3339/3232
f 3232/3339/3232 3221/3328/3221 3220/3327/3220
f 3221/3328/3221 3232/3339/3232 3233/3340/3233
f 3233/3340/3233 3222/3329/3222 3221/3328/3221
f 3222/3329/3222 3233/3340/3233 3234/3341/3234
f 3234/3341/3234 3223/3330/3223 3222/3329/3222
f 3223/3330/3223 3234/3341/3234 3235/3342/3235
f 3235/3342/3235 3067/3174/3067 3223/3330/3223
f 3067/3174/3067 3235/3342/3235 3079/3186/3079
f 3236/3343/3236 3225/3332/3225 3224/3331/3224
f 3225/3332/3225 3236/3343/3236 3237/3344/3237
f 3237/3344/3237 3226/3333/3226 3225/3332/3225
f 3226/3333/3226 3237/3344/3237 3238/3345/3238
f 3238/3345/3238 3227/3334/3227 3226/3333/3226
f 3227/3334/3227 3238/3345/3238 3239/3346/3239
f 3239/3346/3239 3228/3335/3228 3227/3334/3227
f 3228/3335/3228 3239/3346/3239 3240/3347/3240
f 3240/3347/3240 3229/3336/3229 3228/3335/3228
f 3229/3336/3229 3240/3347/3240 3241/3348/3241
f 3241/3348/3241 3230/3337/3230 3229/3336/3229
f 3230/3337/3230 3241/3348/3241 3242/3349/3242
f 3242/3349/3242 3231/3338/3231 3230/3337/3230
f 3231/3338/3231 3242/3349/3242 3243/3350/3243
f 3243/3350/3243 3232/3339/3232 3231/3338/3231
f 3232/3339/3232 3243/3350/3243 3244/3351/3244
f 3244/3351/3244 3233/3340/3233 3232/3339/3232
f 3233/3340/3233 3244/3351/3244 3245/3352/3245
f 3245/3352/3245 3234/3341/3234 3233/3340/3233
f 3234/3341/3234 3245/3352/3245 3246/3353/3246
f 3246/3353/3246 3235/3342/3235 3234/3341/3234
f 3235/3342/3235 3246/3353/3246 3247/3354/3247
f 3247/3354/3247 3079/3186/3079 3235/3342/3235
f 3079/3186/3079 3247/3354/3247 3091/3198/3091
f 3248/3355/3248 3237/3344/3237 3236/3343/3236
f 3237/3344/3237 3248/3355/3248 3249/3356/3249
f 3249/3356/3249 3238/3345/3238 3237/3344/3237
f 3238/3345/3238 3249/3356/3249 3250/3357/3250
f 3250/3357/3250 3239/3346/3239 3238/3345/3238
f 3239/3346/3239 3250/3357/3250 3251/3358/3251
f 3251/3358/3251 3240/3347/3240 3239/3346/3239
f 3240/3347/3240 3251/3358/3251 3252/3359/3252
f 3252/3359/3252 3241/3348/3241 3240/3347/3240
f 3241/3348/3241 3252/3359/3252 3253/3360/3253
f 3253/3360/3253 3242/3349/3242 3241/3348/3241
f 3242/3349/3242 3253/3360/3253 3254/3361/3254
f 3254/3361/3254 3243/3350/3243 3242/3349/3242
f 3243/3350/3243 3254/3361/3254 3255/3362/3255
f 3255/3362/3255 3244/3351/3244 3243/3350/3243
f 3244/3351/3244 3255/3362/3255 3256/3363/3256
f 3256/3363/3256 3245/3352/3245 3244/3351/3244
f 3245/3352/3245 3256/3363/3256 3257/3364/3257
f 3257/3364/3257 3246/3353/3246 3245/3352/3245
f 3246/3353/3246 3257/3364/3257 3258/3365/3258
f 3258/3365/3258 3247/3354/3247 3246/3353/3246
f 3247/3354/3247 3258/3365/3258 3259/3366/3259
f 3259/3366/3259 3091/3198/3091 3247/3354/3247
f 3091/3198/3091 3259/3366/3259 3103/3210/3103
f 3260/3367/3260 3249/3356/3249 3248/3355/3248
f 3249/3356/3249 3260/3367/3260 3261/3368/3261
f 3261/3368/3261 3250/3357/3250 3249/3356/3249
f 3250/3357/3250 3261/3368/3261 3262/3369/3262
f 3262/3369/3262 3251/3358/3251 3250/3357/3250
f 3251/3358/3251 3262/3369/3262 3263/3370/3263
f 3263/3370/3263 3252/3359/3252 3251/3358/3251
f 3252/3359/3252 3263/3370/3263 3264/3371/3264
f 3264/3371/3264 3253/3360/3253 3252/3359/3252
f 3253/3360/3253 3264/3371/3264 3265/3372/3265
f 3265/3372/3265 3254/3361/3254 3253/3360/3253
f 3254/3361/3254 3265/3372/3265 3266/3373/3266
f 3266/3373/3266 3255/3362/3255 3254/3361/3254
f 3255/3362/3255 3266/3373/3266 3267/3374/3267
f 3267/3374/3267 3256/3363/3256 3255/3362/3255
f 3256/3363/3256 3267/3374/3267 3268/3375/3268
f 3268/3375/3268 3257/3364/3257 3256/3363/3256
f 3257/3364/3257 3268/3375/3268 3269/3376/3269
f 3269/3376/3269 3258/3365/3258 3257/3364/3257
f 3258/3365/3258 3269/3376/3269 3270/3377/3270
f 3270/3377/3270 3259/3366/3259 3258/3365/3258
f 3259/3366/3259 3270/3377/3270 3271/3378/3271
f 3271/3378/3271 3103/3210/3103 3259/3366/3259
f 3103/3210/3103 3271/3378/3271 3115/3222/3115
f 3272/3379/3272 3261/3368/3261 3260/3367/3260
f 3261/3368/3261 3272/3379/3272 3273/3380/3273
f 3273/3380/3273 3262/3369/3262 3261/3368/3261
f 3262/3369/3262 3273/3380/3273 3274/3381/3274
f 3274/3381/3274 3263/3370/3263 3262/3369/3262
f 3263/3370/3263 3274/3381/3274 3275/3382/3275
f 3275/3382/3275 3264/3371/3264 3263/3370/3263
f 3264/3371/3264 3275/3382/3275 3276/3383/3276
f 3276/3383/3276 3265/3372/3265 3264/3371/3264
f 3265/3372/3265 3276/3383/3276 3277/3384/3277
f 3277/3384/3277 3266/3373/3266 3265/3372/3265
f 3266/3373/3266 3277/3384/3277 3278/3385/3278
f 3278/3385/3278 3267/3374/3267 3266/3373/3266
f 3267/3374/3267 3278/3385/3278 3279/3386/3279
f 3279/3386/3279 3268/3375/3268 3267/3374/3267
f 3268/3375/3268 3279/3386/3279 3280/3387/3280
f 3280/3387/3280 3269/3376/3269 3268/3375/3268
f 3269/3376/3269 3280/3387/3280 3281/3388/3281
f 3281/3388/3281 3270/3377/3270 3269/3376/3269
f 3270/3377/3270 3281/3388/3281 3282/3389/3282
f 3282/3389/3282 3271/3378/3271 3270/3377/3270
f 3271/3378/3271 3282/3389/3282 3283/3390/3283
f 3283/3390/3283 3115/3222/3115 3271/3378/3271
f 3115/3222/3115 3283/3390/3283 3127/3234/3127
f 3284/3391/3284 3273/3380/3273 3272/3379/3272
f 3273/3380/3273 3284/3391/3284 3285/3392/3285
f 3285/3392/3285 3274/3381/3274 3273/3380/3273
f 3274/3381/3274 3285/3392/3285 3286/3393/3286
f 3286/3393/3286 3275/3382/3275 3274/3381/3274
f 3275/3382/3275 3286/3393/3286 3287/3394/3287
f 3287/3394/3287 3276/3383/3276 3275/3382/3275
f 3276/3383/3276 3287/3394/3287 3288/3395/3288
f 3288/3395/3288 3277/3384/3277 3276/3383/3276
f 3277/3384/3277 3288/3395/3288 3289/3396/3289
f 3289/3396/3289 3278/3385/3278 3277/3384/3277
f 3278/3385/3278 3289/3396/3289 3290/3397/3290
f 3290/3397/3290 3279/3386/3279 3278/3385/3278
f 3279/3386/3279 3290/3397/3290 3291/3398/3291
f 3291/3398/3291 3280/3387/3280 3279/3386/3279
f 3280/3387/3280 3291/3398/3291 3292/3399/3292
f 3292/3399/3292 3281/3388/3281 3280/3387/3280
f 3281/3388/3281 3292/3399/3292 3293/3400/3293
f 3293/3400/3293 3282/3389/3282 3281/3388/3281
f 3282/3389/3282 3293/3400/3293 3294/3401/3294
f 3294/3401/3294 3283/3390/3283 3282/3389/3282
f 3283/3390/3283 3294/3401/3294 3295/3402/3295
f 3295/3402/3295 3127/3234/3127 3283/3390/3283
f 3127/3234/3127 3295/3402/3295 3139/3246/3139
f 3296/3403/3296 3285/3392/3285 3284/3391/3284
f 3285/3392/3285 3296/3403/3296 3297/3404/3297
f 3297/3404/3297 3286/3393/3286 3285/3392/3285
f 3286/3393/3286 3297/3404/3297 3298/3405/3298
f 3298/3405/3298 3287/3394/3287 3286/3393/3286
f 3287/3394/3287 3298/3405/3298 3299/3406/3299
f 3299/3406/3299 3288/3395/3288 3287/3394/3287
f 3288/3395/3288 3299/3406/3299 3300/3407/3300
f 3300/3407/3300 3289/3396/3289 3288/3395/3288
f 3289/3396/3289 3300/3407/3300 3301/3408/3301
f 3301/3408/3301 3290/3397/3290 3289/3396/3289
f 3290/3397/3290 3301/3408/3301 3302/3409/3302
f 3302/3409/3302 3291/3398/3291 3290/3397/3290
f 3291/3398/3291 3302/3409/3302 3303/3410/3303
f 3303/3410/3303 3292/3399/3292 3291/3398/3291
f 3292/3399/3292 3303/3410/3303 3304/3411/3304
f 3304/3411/3304 3293/3400/3293 3292/3399/3292
f 3293/3400/3293 3304/3411/3304 3305/3412/3305
f 3305/3412/3305 3294/3401/3294 3293/3400/3293
f 3294/3401/3294 3305/3412/3305 3306/3413/3306
f 3306/3413/3306 3295/3402/3295 3294/3401/3294
f 3295/3402/3295 3306/3413/3306 3307/3414/3307
f 3307/3414/3307 3139/3246/3139 3295/3402/3295
f 3139/3246/3139 3307/3414/3307 3151/3258/3151
f 3308/3415/3308 3297/3404/3297 3296/3403/3296
f 3297/3404/3297 3308/3415/3308 3309/3416/3309
f 3309/3416/3309 3298/3405/3298 3297/3404/3297
f 3298/3405/3298 3309/3416/3309 3310/3417/3310
f 3310/3417/3310 3299/3406/3299 3298/3405/3298
f 3299/3406/3299 3310/3417/3310 3311/3418/3311
f 3311/3418/3311 3300/3407/3300 3299/3406/3299
f 3300/3407/3300 3311/3418/3311 3312/3419/3312
f 3312/3419/3312 3301/3408/3301 3300/3407/3300
f 3301/3408/3301 3312/3419/3312 3313/3420/3313
f 3313/3420/3313 3302/3409/3302 3301/3408/3301
f 3302/3409/3302 3313/3420/3313 3314/3421/3314
f 3314/3421/3314 3303/3410/3303 3302/3409/3302
f 3303/3410/3303 3314/3421/3314 3315/3422/3315
f 3315/3422/3315 3304/3411/3304 3303/3410/3303
f 3304/3411/3304 3315/3422/3315 3316/3423/3316
f 3316/3423/3316 3305/3412/3305 3304/3411/3304
f 3305/3412/3305 3316/3423/3316 3317/3424/3317
f 3317/3424/3317 3306/3413/3306 3305/3412/3305
f 3306/3413/3306 3317/3424/3317 3318/3425/3318
f 3318/3425/3318 3307/3414/3307 3306/3413/3306
f 3307/3414/3307 3318/3425/3318 3319/3426/3319
f 3319/3426/3319 3151/3258/3151 3307/3414/3307
f 3151/3258/3151 3319/3426/3319 3163/3270/3163
f 3320/3427/3320 3309/3416/3309 3308/3415/3308
f 3309/3416/3309 3320/3427/3320 3321/3428/3321
f 3321/3428/3321 3310/3417/3310 3309/3416/3309
f 3310/3417/3310 3321/3428/3321 3322/3429/3322
f 3322/3429/3322 3311/3418/3311 3310/3417/3310
f 3311/3418/3311 3322/3429/3322 3323/3430/3323
f 3323/3430/3323 3312/3419/3312 3311/3418/3311
f 3312/3419/3312 3323/3430/3323 3324/3431/3324
f 3324/3431/3324 3313/3420/3313 3312/3419/3312
f 3313/3420/3313 3324/3431/3324 3325/3432/3325
f 3325/3432/3325 3314/3421/3314 3313/3420/3313
f 3314/3421/3314 3325/3432/3325 3326/3433/3326
f 3326/3433/3326 3315/3422/3315 3314/3421/3314
f 3315/3422/3315 3326/3433/3326 3327/3434/3327
f 3327/3434/3327 3316/3423/3316 3315/3422/3315
f 3316/3423/3316 3327/3434/3327 3328/3435/3328
f 3328/3435/3328 3317/3424/3317 3316/3423/3316
f 3317/3424/3317 3328/3435/3328 3329/3436/3329
f 3329/3436/3329 3318/3425/3318 3317/3424/3317
f 3318/3425/3318 3329/3436/3329 3330/3437/3330
f 3330/3437/3330 3319/3426/3319 3318/3425/3318
f 3319/3426/3319 3330/3437/3330 3331/3438/3331
f 3331/3438/3331 3163/3270/3163 3319/3426/3319
f 3163/3270/3163 3331/3438/3331 3175/3282/3175
f 3332/3439/3332 3321/3428/3321 3320/3427/3320
f 3321/3428/3321 3332/3439/3332 3333/3440/3333
f 3333/3440/3333 3322/3429/3322 3321/3428/3321
f 3322/3429/3322 3333/3440/3333 3334/3441/3334
f 3334/3441/3334 3323/3430/3323 3322/3429/3322
f 3323/3430/3323 3334/3441/3334 3335/3442/3335
f 3335/3442/3335 3324/3431/3324 3323/3430/3323
f 3324/3431/3324 3335/3442/3335 3336/3443/3336
f 3336/3443/3336 3325/3432/3325 3324/3431/3324
f 3325/3432/3325 3336/3443/3336 3337/3444/3337
f 3337/3444/3337 3326/3433/3326 3325/3432/3325
f 3326/3433/3326 3337/3444/3337 3338/3445/3338
f 3338/3445/3338 3327/3434/3327 3326/3433/3326
f 3327/3434/3327 3338/3445/3338 3339/3446/3339
f 3339/3446/3339 3328/3435/3328 3327/3434/3327
f 3328/3435/3328 3339/3446/3339 3340/3447/3340
f 3340/3447/3340 3329/3436/3329 3328/3435/3328
f 3329/3436/3329 3340/3447/3340 3341/3448/3341
f 3341/3448/3341 3330/3437/3330 3329/3436/3329
f 3330/3437/3330 3341/3448/3341 3342/3449/3342
f 3342/3449/3342 3331/3438/3331 3330/3437/3330
f 3331/3438/3331 3342/3449/3342 3343/3450/3343
f 3343/3450/3343 3175/3282/3175 3331/3438/3331
f 3175/3282/3175 3343/3450/3343 3187/3294/3187
f 3344/3451/3344 3333/3440/3333 3332/3439/3332
f 3333/3440/3333 3344/3451/3344 3345/3452/3345
f 3345/3452/3345 3334/3441/3334 3333/3440/3333
f 3334/3441/3334 3345/3452/3345 3346/3453/3346
f 3346/3453/3346 3335/3442/3335 3334/3441/3334
f 3335/3442/3335 3346/3453/3346 3347/3454/3347
f 3347/3454/3347 3336/3443/3336 3335/3442/3335
f 3336/3443/3336 3347/3454/3347 3348/3455/3348
f 3348/3455/3348 3337/3444/3337 3336/3443/3336
f 3337/3444/3337 3348/3455/3348 3349/3456/3349
f 3349/3456/3349 3338/3445/3338 3337/3444/3337
f 3338/3445/3338 3349/3456/3349 3350/3457/3350
f 3350/3457/3350 3339/3446/3339 3338/3445/3338
f 3339/3446/3339 3350/3457/3350 3351/3458/3351
f 3351/3458/3351 3340/3447/3340 3339/3446/3339
f 3340/3447/3340 3351/3458/3351 3352/3459/3352
f 3352/3459/3352 3341/3448/3341 3340/3447/3340
f 3341/3448/3341 3352/3459/3352 3353/3460/3353
f 3353/3460/3353 3342/3449/3342 3341/3448/3341
f 3342/3449/3342 3353/3460/3353 3354/3461/3354
f 3354/3461/3354 3343/3450/3343 3342/3449/3342
f 3343/3450/3343 3354/3461/3354 3355/3462/3355
f 3355/3462/3355 3187/3294/3187 3343/3450/3343
f 3187/3294/3187 3355/3462/3355 3199/3306/3199
f 2888/3475/2888 3356/3464/3356 2875/3463/2875
f 3356/3464/3356 2888/3475/2888 3367/3476/3367
f 3367/3476/3367 3357/3465/3357 3356/3464/3356
f 3357/3465/3357 3367/3476/3367 3368/3477/3368
f 3368/3477/3368 3358/3466/3358 3357/3465/3357
f 3358/3466/3358 3368/3477/3368 3369/3478/3369
f 3369/3478/3369 3359/3467/3359 3358/3466/3358
f 3359/3467/3359 3369/3478/3369 3370/3479/3370
f 3370/3479/3370 3360/3468/3360 3359/3467/3359
f 3360/3468/3360 3370/3479/3370 3371/3480/3371
f 3371/3480/3371 3361/3469/3361 3360/3468/3360
f 3361/3469/3361 3371/3480/3371 3372/3481/3372
f 3372/3481/3372 3362/3470/3362 3361/3469/3361
f 3362/3470/3362 3372/3481/3372 3373/3482/3373
f 3373/3482/3373 3363/3471/3363 3362/3470/3362
f 3363/3471/3363 3373/3482/3373 3374/3483/3374
f 3374/3483/3374 3364/3472/3364 3363/3471/3363
f 3364/3472/3364 3374/3483/3374 3375/3484/3375
f 3375/3484/3375 3365/3473/3365 3364/3472/3364
f 3365/3473/3365 3375/3484/3375 3376/3485/3376
f 3376/3485/3376 3366/3474/3366 3365/3473/3365
f 3366/3474/3366 3376/3485/3376 3377/3486/3377
f 3377/3486/3377 3200/3307/3200 3366/3474/3366
f 3200/3307/3200 3377/3486/3377 3212/3319/3212
f 2901/3487/2901 3367/3476/3367 2888/3475/2888
f 3367/3476/3367 2901/3487/2901 3378/3488/3378
f 3378/3488/3378 3368/3477/3368 3367/3476/3367
f 3368/3477/3368 3378/3488/3378 3379/3489/3379
f 3379/3489/3379 3369/3478/3369 3368/3477/3368
f 3369/3478/3369 3379/3489/3379 3380/3490/3380
f 3380/3490/3380 3370/3479/3370 3369/3478/3369
f 3370/3479/3370 3380/3490/3380 3381/3491/3381
f 3381/3491/3381 3371/3480/3371 3370/3479/3370
f 3371/3480/3371 3381/3491/3381 3382/3492/3382
f 3382/3492/3382 3372/3481/3372 3371/3480/3371
f 3372/3481/3372 3382/3492/3382 3383/3493/3383
f 3383/3493/3383 3373/3482/3373 3372/3481/3372
f 3373/3482/3373 3383/3493/3383 3384/3494/3384
f 3384/3494/3384 3374/3483/3374 3373/3482/3373
f 3374/3483/3374 3384/3494/3384 3385/3495/3385
f 3385/3495/3385 3375/3484/3375 3374/3483/3374
f 3375/3484/3375 3385/3495/3385 3386/3496/3386
f 3386/3496/3386 3376/3485/3376 3375/3484/3375
f 3376/3485/3376 3386/3496/3386 3387/3497/3387
f 3387/3497/3387 3377/3486/3377 3376/3485/3376
f 3377/3486/3377 3387/3497/3387 3388/3498/3388
f 3388/3498/3388 3212/3319/3212 3377/3486/3377
f 3212/3319/3212 3388/3498/3388 3224/3331/3224
f 2914/3499/2914 3378/3488/3378 2901/3487/2901
f 3378/3488/3378 2914/3499/2914 3389/3500/3389
f 3389/3500/3389 3379/3489/3379 3378/3488/3378
f 3379/3489/3379 3389/3500/3389 3390/3501/3390
f 3390/3501/3390 3380/3490/3380 3379/3489/3379
f 3380/3490/3380 3390/3501/3390 3391/3502/3391
f 3391/3502/3391 3381/3491/3381 3380/3490/3380
f 3381/3491/3381 3391/3502/3391 3392/3503/3392
f 3392/3503/3392 3382/3492/3382 3381/3491/3381
f 3382/3492/3382 3392/3503/3392 3393/3504/3393
f 3393/3504/3393 3383/3493/3383 3382/3492/3382
f 3383/3493/3383 3393/3504/3393 3394/3505/3394
f 3394/3505/3394 3384/3494/3384 3383/3493/3383
f 3384/3494/3384 3394/3505/3394 3395/3506/3395
f 3395/3506/3395 3385/3495/3385 3384/3494/3384
f 3385/3495/3385 3395/3506/3395 3396/3507/3396
f 3396/3507/3396 3386/3496/3386 3385/3495/3385
f 3386/3496/3386 3396/3507/3396 3397/3508/3397
f 3397/3508/3397 3387/3497/3387 3386/3496/3386
f 3387/3497/3387 3397/3508/3397 3398/3509/3398
f 3398/3509/3398 3388/3498/3388 3387/3497/3387
f 3388/3498/3388 3398/3509/3398 3399/3510/3399
f 3399/3510/3399 3224/3331/3224 3388/3498/3388
f 3224/3331/3224 3399/3510/3399 3236/3343/3236
f 2927/3511/2927 3389/3500/3389 2914/3499/2914
f 3389/3500/3389 2927/3511/2927 3400/3512/3400
f 3400/3512/3400 3390/3501/3390 3389/3500/3389
f 3390/3501/3390 3400/3512/3400 3401/3513/3401
f 3401/3513/3401 3391/3502/3391 3390/3501/3390
f 3391/3502/3391 3401/3513/3401 3402/3514/3402
f 3402/3514/3402 3392/3503/3392 3391/3502/3391
f 3392/3503/3392 3402/3514/3402 3403/3515/3403
f 3403/3515/3403 3393/3504/3393 3392/3503/3392
f 3393/3504/3393 3403/3515/3403 3404/3516/3404
f 3404/3516/3404 3394/3505/3394 3393/3504/3393
f 3394/3505/3394 3404/3516/3404 3405/3517/3405
f 3405/3517/3405 3395/3506/3395 3394/3505/3394
f 3395/3506/3395 3405/3517/3405 3406/3518/3406
f 3406/3518/3406 3396/3507/3396 3395/3506/3395
f 3396/3507/3396 3406/3518/3406 3407/3519/3407
f 3407/3519/3407 3397/3508/3397 3396/3507/3396
f 3397/3508/3397 3407/3519/3407 3408/3520/3408
f 3408/3520/3408 3398/3509/3398 3397/3508/3397
f 3398/3509/3398 3408/3520/3408 3409/3521/3409
f 3409/3521/3409 3399/3510/3399 3398/3509/3398
f 3399/3510/3399 3409/3521/3409 3410/3522/3410
f 3410/3522/3410 3236/3343/3236 3399/3510/3399
f 3236/3343/3236 3410/3522/3410 3248/3355/3248
f 2940/3523/2940 3400/3512/3400 2927/3511/2927
f 3400/3512/3400 2940/3523/2940 3411/3524/3411
f 3411/3524/3411 3401/3513/3401 3400/3512/3400
f 3401/3513/3401 3411/3524/3411 3412/3525/3412
f 3412/3525/3412 3402/3514/3402 3401/3513/3401
f 3402/3514/3402 3412/3525/3412 3413/3526/3413
f 3413/3526/3413 3403/3515/3403 3402/3514/3402
f 3403/3515/3403 3413/3526/3413 3414/3527/3414
f 3414/3527/3414 3404/3516/3404 3403/3515/3403
f 3404/3516/3404 3414/3527/3414 3415/3528/3415
f 3415/3528/3415 3405/3517/3405 3404/3516/3404
f 3405/3517/3405 3415/3528/3415 3416/3529/3416
f 3416/3529/3416 3406/3518/3406 3405/3517/3405
f 3406/3518/3406 3416/3529/3416 3417/3530/3417
f 3417/3530/3417 3407/3519/3407 3406/3518/3406
f 3407/3519/3407 3417/3530/3417 3418/3531/3418
f 3418/3531/3418 3408/3520/3408 3407/3519/3407
f 3408/3520/3408 3418/3531/3418 3419/3532/3419
f 3419/3532/3419 3409/3521/3409 3408/3520/3408
f 3409/3521/3409 3419/3532/3419 3420/3533/3420
f 3420/3533/3420 3410/3522/3410 3409/3521/3409
f 3410/3522/3410 3420/3533/3420 3421/3534/3421
f 3421/3534/3421 3248/3355/3248 3410/3522/3410
f 3248/3355/3248 3421/3534/3421 3260/3367/3260
f 2953/3535/2953 3411/3524/3411 2940/3523/2940
f 3411/3524/3411 2953/3535/2953 3422/3536/3422
f 3422/3536/3422 3412/3525/3412 3411/3524/3411
f 3412/3525/3412 3422/3536/3422 3423/3537/3423
f 3423/3537/3423 3413/3526/3413 3412/3525/3412
f 3413/3526/3413 3423/3537/3423 3424/3538/3424
f 3424/3538/3424 3414/3527/3414 3413/3526/3413
f 3414/3527/3414 3424/3538/3424 3425/3539/3425
f 3425/3539/3425 3415/3528/3415 3414/3527/3414
f 3415/3528/3415 3425/3539/3425 3426/3540/3426
f 3426/3540/3426 3416/3529/3416 3415/3528/3415
f 3416/3529/3416 3426/3540/3426 3427/3541/3427
f 3427/3541/3427 3417/3530/3417 3416/3529/3416
f 3417/3530/3417 3427/3541/3427 3428/3542/3428
f 3428/3542/3428 3418/3531/3418 3417/3530/3417
f 3418/3531/3418 3428/3542/3428 3429/3543/3429
f 3429/3543/3429 3419/3532/3419 3418/3531/3418
f 3419/3532/3419 3429/3543/3429 3430/3544/3430
f 3430/3544/3430 3420/3533/3420 3419/3532/3419
f 3420/3533/3420 3430/3544/3430 3431/3545/3431
f 3431/3545/3431 3421/3534/3421 3420/3533/3420
f 3421/3534/3421 3431/3545/3431 3432/3546/3432
f 3432/3546/3432 3260/3367/3260 3421/3534/3421
f 3260/3367/3260 3432/3546/3432 3272/3379/3272
f 2966/3547/2966 3422/3536/3422 2953/3535/2953
f 3422/3536/3422 2966/3547/2966 3433/3548/3433
f 3433/3548/3433 3423/3537/3423 3422/3536/3422
f 3423/3537/3423 3433/3548/3433 3434/3549/3434
f 3434/3549/3434 3424/3538/3424 3423/3537/3423
f 3424/3538/3424 3434/3549/3434 3435/3550/3435
f 3435/3550/3435 3425/3539/3425 3424/3538/3424
f 3425/3539/3425 3435/3550/3435 3436/3551/3436
f 3436/3551/3436 3426/3540/3426 3425/3539/3425
f 3426/3540/3426 3436/3551/3436 3437/3552/3437
f 3437/3552/3437 3427/3541/3427 3426/3540/3426
f 3427/3541/3427 3437/3552/3437 3438/3553/3438
f 3438/3553/3438 3428/3542/3428 3427/3541/3427
f 3428/3542/3428 3438/3553/3438 3439/3554/3439
f 3439/3554/3439 3429/3543/3429 3428/3542/3428
f 3429/3543/3429 3439/3554/3439 3440/3555/3440
f 3440/3555/3440 3430/3544/3430 3429/3543/3429
f 3430/3544/3430 3440/3555/3440 3441/3556/3441
f 3441/3556/3441 3431/3545/3431 3430/3544/3430
f 3431/3545/3431 3441/3556/3441 3442/3557/3442
f 3442/3557/3442 3432/3546/3432 3431/3545/3431
f 3432/3546/3432 3442/3557/3442 3443/3558/3443
f 3443/3558/3443 3272/3379/3272 3432/3546/3432
f 3272/3379/3272 3443/3558/3443 3284/3391/3284
f 2979/3559/2979 3433/3548/3433 2966/3547/2966
f 3433/3548/3433 2979/3559/2979 3444/3560/3444
f 3444/3560/3444 3434/3549/3434 3433/3548/3433
f 3434/3549/3434 3444/3560/3444 3445/3561/3445
f 3445/3561/3445 3435/3550/3435 3434/3549/3434
f 3435/3550/3435 3445/3561/3445 3446/3562/3446
f 3446/3562/3446 3436/3551/3436 3435/3550/3435
f 3436/3551/3436 3446/3562/3446 3447/3563/3447
f 3447/3563/3447 3437/3552/3437 3436/3551/3436
f 3437/3552/3437 3447/3563/3447 3448/3564/3448
f 3448/3564/3448 3438/3553/3438 3437/3552/3437
f 3438/3553/3438 3448/3564/3448 3449/3565/3449
f 3449/3565/3449 3439/3554/3439 3438/3553/3438
f 3439/3554/3439 3449/3565/3449 3450/3566/3450
f 3450/3566/3450 3440/3555/3440 3439/3554/3439
f 3440/3555/3440 3450/3566/3450 3451/3567/3451
f 3451/3567/3451 3441/3556/3441 3440/3555/3440
f 3441/3556/3441 3451/3567/3451 3452/3568/3452
f 3452/3568/3452 3442/3557/3442 3441/3556/3441
f 3442/3557/3442 3452/3568/3452 3453/3569/3453
f 3453/3569/3453 3443/3558/3443 3442/3557/3442
f 3443/3558/3443 3453/3569/3453 3454/3570/3454
f 3454/3570/3454 3284/3391/3284 3443/3558/3443
f 3284/3391/3284 3454/3570/3454 3296/3403/3296
f 2992/3571/2992 3444/3560/3444 2979/3559/2979
f 3444/3560/3444 2992/3571/2992 3455/3572/3455
f 3455/3572/3455 3445/3561/3445 3444/3560/3444
f 3445/3561/3445 3455/3572/3455 3456/3573/3456
f 3456/3573/3456 3446/3562/3446 3445/3561/3445
f 3446/3562/3446 3456/3573/3456 3457/3574/3457
f 3457/3574/3457 3447/3563/3447 3446/3562/3446
f 3447/3563/3447 3457/3574/3457 3458/3575/3458
f 3458/3575/3458 3448/3564/3448 3447/3563/3447
f 3448/3564/3448 3458/3575/3458 3459/3576/3459
f 3459/3576/3459 3449/3565/3449 3448/3564/3448
f 3449/3565/3449 3459/3576/3459 3460/3577/3460
f 3460/3577/3460 3450/3566/3450 3449/3565/3449
f 3450/3566/3450 3460/3577/3460 3461/3578/3461
f 3461/3578/3461 3451/3567/3451 3450/3566/3450
f 3451/3567/3451 3461/3578/3461 3462/3579/3462
f 3462/3579/3462 3452/3568/3452 3451/3567/3451
f 3452/3568/3452 3462/3579/3462 3463/3580/3463
f 3463/3580/3463 3453/3569/3453 3452/3568/3452
f 3453/3569/3453 3463/3580/3463 3464/3581/3464
f 3464/3581/3464 3454/3570/3454 3453/3569/3453
f 3454/3570/3454 3464/3581/3464 3465/3582/3465
f 3465/3582/3465 3296/3403/3296 3454/3570/3454
f 3296/3403/3296 3465/3582/3465 3308/3415/3308
f 3005/3583/3005 3455/3572/3455 2992/3571/2992
f 3455/3572/3455 3005/3583/3005 3466/3584/3466
f 3466/3584/3466 3456/3573/3456 3455/3572/3455
f 3456/3573/3456 3466/3584/3466 3467/3585/3467
f 3467/3585/3467 3457/3574/3457 3456/3573/3456
f 3457/3574/3457 3467/3585/3467 3468/3586/3468
f 3468/3586/3468 3458/3575/3458 3457/3574/3457
f 3458/3575/3458 3468/3586/3468 3469/3587/3469
f 3469/3587/3469 3459/3576/3459 3458/3575/3458
f 3459/3576/3459 3469/3587/3469 3470/3588/3470
f 3470/3588/3470 3460/3577/3460 3459/3576/3459
f 3460/3577/3460 3470/3588/3470 3471/3589/3471
f 3471/3589/3471 3461/3578/3461 3460/3577/3460
f 3461/3578/3461 3471/3589/3471 3472/3590/3472
f 3472/3590/3472 3462/3579/3462 3461/3578/3461
f 3462/3579/3462 3472/3590/3472 3473/3591/3473
f 3473/3591/3473 3463/3580/3463 3462/3579/3462
f 3463/3580/3463 3473/3591/3473 3474/3592/3474
f 3474/3592/3474 3464/3581/3464 3463/3580/3463
f 3464/3581/3464 3474/3592/3474 3475/3593/3475
f 3475/3593/3475 3465/3582/3465 3464/3581/3464
f 3465/3582/3465 3475/3593/3475 3476/3594/3476
f 3476/3594/3476 3308/3415/3308 3465/3582/3465
f 3308/3415/3308 3476/3594/3476 3320/3427/3320
f 3018/3595/3018 3466/3584/3466 3005/3583/3005
f 3466/3584/3466 3018/3595/3018 3477/3596/3477
f 3477/3596/3477 3467/3585/3467 3466/3584/3466
f 3467/3585/3467 3477/3596/3477 3478/3597/3478
f 3478/3597/3478 3468/3586/3468 3467/3585/3467
f 3468/3586/3468 3478/3597/3478 3479/3598/3479
f 3479/3598/3479 3469/3587/3469 3468/3586/3468
f 3469/3587/3469 3479/3598/3479 3480/3599/3480
f 3480/3599/3480 3470/3588/3470 3469/3587/3469
f 3470/3588/3470 3480/3599/3480 3481/3600/3481
f 3481/3600/3481 3471/3589/3471 3470/3588/3470
f 3471/3589/3471 3481/3600/3481 3482/3601/3482
f 3482/3601/3482 3472/3590/3472 3471/3589/3471
f 3472/3590/3472 3482/3601/3482 3483/3602/3483
f 3483/3602/3483 3473/3591/3473 3472/3590/3472
f 3473/3591/3473 3483/3602/3483 3484/3603/3484
f 3484/3603/3484 3474/3592/3474 3473/3591/3473
f 3474/3592/3474 3484/3603/3484 3485/3604/3485
f 3485/3604/3485 3475/3593/3475 3474/3592/3474
f 3475/3593/3475 3485/3604/3485 3486/3605/3486
f 3486/3605/3486 3476/3594/3476 3475/3593/3475
f 3476/3594/3476 3486/3605/3486 3487/3606/3487
f 3487/3606/3487 3320/3427/3320 3476/3594/3476
f 3320/3427/3320 3487/3606/3487 3332/3439/3332
f 3031/3607/3031 3477/3596/3477 3018/3595/3018
f 3477/3596/3477 3031/3607/3031 3488/3608/3488
f 3488/3608/3488 3478/3597/3478 3477/3596/3477
f 3478/3597/3478 3488/3608/3488 3489/3609/3489
f 3489/3609/3489 3479/3598/3479 3478/3597/3478
f 3479/3598/3479 3489/3609/3489 3490/3610/3490
f 3490/3610/3490 3480/3599/3480 3479/3598/3479
f 3480/3599/3480 3490/3610/3490 3491/3611/3491
f 3491/3611/3491 3481/3600/3481 3480/3599/3480
f 3481/3600/3481 3491/3611/3491 3492/3612/3492
f 3492/3612/3492 3482/3601/3482 3481/3600/3481
f 3482/3601/3482 3492/3612/3492 3493/3613/3493
f 3493/3613/3493 3483/3602/3483 3482/3601/3482
f 3483/3602/3483 3493/3613/3493 3494/3614/3494
f 3494/3614/3494 3484/3603/3484 3483/3602/3483
f 3484/3603/3484 3494/3614/3494 3495/3615/3495
f 3495/3615/3495 3485/3604/3485 3484/3603/3484
f 3485/3604/3485 3495/3615/3495 3496/3616/3496
f 3496/3616/3496 3486/3605/3486 3485/3604/3485
f 3486/3605/3486 3496/3616/3496 3497/3617/3497
f 3497/3617/3497 3487/3606/3487 3486/3605/3486
f 3487/3606/3487 3497/3617/3497 3498/3618/3498
f 3498/3618/3498 3332/3439/3332 3487/3606/3487
f 3332/3439/3332 3498/3618/3498 3344/3451/3344
f 3034/3141/3034 3499/3619/3499 3033/3140/3033
f 3499/3619/3499 3034/3141/3034 3500/3620/3500
f 3035/3142/3035 3500/3620/3500 3034/3141/3034
f 3500/3620/3500 3035/3142/3035 3501/3621/3501
f 3036/3143/3036 3501/3621/3501 3035/3142/3035
f 3501/3621/3501 3036/3143/3036 3502/3622/3502
f 3037/3144/3037 3502/3622/3502 3036/3143/3036
f 3502/3622/3502 3037/3144/3037 3503/3623/3503
f 3038/3145/3038 3503/3623/3503 3037/3144/3037
f 3503/3623/3503 3038/3145/3038 3504/3624/3504
f 3039/3146/3039 3504/3624/3504 3038/3145/3038
f 3504/3624/3504 3039/3146/3039 3505/3625/3505
f 3040/3147/3040 3505/3625/3505 3039/3146/3039
f 3505/3625/3505 3040/3147/3040 3506/3626/3506
f 3041/3148/3041 3506/3626/3506 3040/3147/3040
f 3506/3626/3506 3041/3148/3041 3507/3627/3507
f 3042/3149/3042 3507/3627/3507 3041/3148/3041
f 3507/3627/3507 3042/3149/3042 3508/3628/3508
f 3043/3150/3043 3508/3628/3508 3042/3149/3042
f 3508/3628/3508 3043/3150/3043 3509/3629/3509
f 3500/3620/3500 3510/3630/3510 3499/3619/3499
f 3510/3630/3510 3500/3620/3500 3511/3631/3511
f 3501/3621/3501 3511/3631/3511 3500/3620/3500
f 3511/3631/3511 3501/3621/3501 3512/3632/3512
f 3502/3622/3502 3512/3632/3512 3501/3621/3501
f 3512/3632/3512 3502/3622/3502 3513/3633/3513
f 3503/3623/3503 3513/3633/3513 3502/3622/3502
f 3513/3633/3513 3503/3623/3503 3514/3634/3514
f 3504/3624/3504 3514/3634/3514 3503/3623/3503
f 3514/3634/3514 3504/3624/3504 3515/3635/3515
f 3505/3625/3505 3515/3635/3515 3504/3624/3504
f 3515/3635/3515 3505/3625/3505 3516/3636/3516
f 3506/3626/3506 3516/3636/3516 3505/3625/3505
f 3516/3636/3516 3506/3626/3506 3517/3637/3517
f 3507/3627/3507 3517/3637/3517 3506/3626/3506
f 3517/3637/3517 3507/3627/3507 3518/3638/3518
f 3508/3628/3508 3518/3638/3518 3507/3627/3507
f 3518/3638/3518 3508/3628/3508 3519/3639/3519
f 3509/3629/3509 3519/3639/3519 3508/3628/3508
f 3519/3639/3519 3509/3629/3509 3520/3640/3520
f 3511/3631/3511 3521/3641/3521 3510/3630/3510
f 3521/3641/3521 3511/3631/3511 3522/3642/3522
f 3512/3632/3512 3522/3642/3522 3511/3631/3511
f 3522/3642/3522 3512/3632/3512 3523/3643/3523
f 3513/3633/3513 3523/3643/3523 3512/3632/3512
f 3523/3643/3523 3513/3633/3513 3524/3644/3524
f 3514/3634/3514 3524/3644/3524 3513/3633/3513
f 3524/3644/3524 3514/3634/3514 3525/3645/3525
f 3515/3635/3515 3525/3645/3525 3514/3634/3514
f 3525/3645/3525 3515/3635/3515 3526/3646/3526
f 3516/3636/3516 3526/3646/3526 3515/3635/3515
f 3526/3646/3526 3516/3636/3516 3527/3647/3527
f 3517/3637/3517 3527/3647/3527 3516/3636/3516
f 3527/3647/3527 3517/3637/3517 3528/3648/3528
f 3518/3638/3518 3528/3648/3528 3517/3637/3517
f 3528/3648/3528 3518/3638/3518 3529/3649/3529
f 3519/3639/3519 3529/3649/3529 3518/3638/3518
f 3529/3649/3529 3519/3639/3519 3530/3650/3530
f 3520/3640/3520 3530/3650/3530 3519/3639/3519
f 3530/3650/3530 3520/3640/3520 3531/3651/3531
f 3522/3642/3522 3534/3654/3534 3521/3641/3521
f 3534/3654/3534 3522/3642/3522 3535/3655/3535
f 3523/3643/3523 3535/3655/3535 3522/3642/3522
f 3535/3655/3535 3523/3643/3523 3536/3656/3536
f 3524/3644/3524 3536/3656/3536 3523/3643/3523
f 3536/3656/3536 3524/3644/3524 3537/3657/3537
f 3525/3645/3525 3537/3657/3537 3524/3644/3524
f 3537/3657/3537 3525/3645/3525 3538/3658/3538
f 3526/3646/3526 3538/3658/3538 3525/3645/3525
f 3538/3658/3538 3526/3646/3526 3539/3659/3539
f 3527/3647/3527 3539/3659/3539 3526/3646/3526
f 3539/3659/3539 3527/3647/3527 3540/3660/3540
f 3528/3648/3528 3540/3660/3540 3527/3647/3527
f 3540/3660/3540 3528/3648/3528 3541/3661/3541
f 3529/3649/3529 3541/3661/3541 3528/3648/3528
f 3541/3661/3541 3529/3649/3529 3542/3662/3542
f 3530/3650/3530 3542/3662/3542 3529/3649/3529
f 3542/3662/3542 3530/3650/3530 3543/3663/3543
f 3531/3651/3531 3543/3663/3543 3530/3650/3530
f 3543/3663/3543 3531/3651/3531 3544/3664/3544
f 3533/3653/3533 3545/3665/3545 3532/3652/3532
f 3545/3665/3545 3533/3653/3533 3546/3666/3546
f 3534/3654/3534 3546/3666/3546 3533/3653/3533
f 3546/3666/3546 3534/3654/3534 3547/3667/3547
f 3535/3655/3535 3547/3667/3547 3534/3654/3534
f 3547/3667/3547 3535/3655/3535 3548/3668/3548
f 3536/3656/3536 3548/3668/3548 3535/3655/3535
f 3548/3668/3548 3536/3656/3536 3549/3669/3549
f 3537/3657/3537 3549/3669/3549 3536/3656/3536
f 3549/3669/3549 3537/3657/3537 3550/3670/3550
f 3538/3658/3538 3550/3670/3550 3537/3657/3537
f 3550/3670/3550 3538/3658/3538 3551/3671/3551
f 3539/3659/3539 3551/3671/3551 3538/3658/3538
f 3551/3671/3551 3539/3659/3539 3552/3672/3552
f 3540/3660/3540 3552/3672/3552 3539/3659/3539
f 3552/3672/3552 3540/3660/3540 3553/3673/3553
f 3541/3661/3541 3553/3673/3553 3540/3660/3540
f 3553/3673/3553 3541/3661/3541 3554/3674/3554
f 3542/3662/3542 3554/3674/3554 3541/3661/3541
f 3554/3674/3554 3542/3662/3542 3555/3675/3555
f 3543/3663/3543 3555/3675/3555 3542/3662/3542
f 3555/3675/3555 3543/3663/3543 3556/3676/3556
f 3544/3664/3544 3556/3676/3556 3543/3663/3543
f 3556/3676/3556 3544/3664/3544 3557/3677/3557
f 3546/3666/3546 3558/3678/3558 3545/3665/3545
f 3558/3678/3558 3546/3666/3546 3559/3679/3559
f 3547/3667/3547 3559/3679/3559 3546/3666/3546
f 3559/3679/3559 3547/3667/3547 3560/3680/3560
f 3548/3668/3548 3560/3680/3560 3547/3667/3547
f 3560/3680/3560 3548/3668/3548 3561/3681/3561
f 3549/3669/3549 3561/3681/3561 3548/3668/3548
f 3561/3681/3561 3549/3669/3549 3562/3682/3562
f 3550/3670/3550 3562/3682/3562 3549/3669/3549
f 3562/3682/3562 3550/3670/3550 3563/3683/3563
f 3551/3671/3551 3563/3683/3563 3550/3670/3550
f 3563/3683/3563 3551/3671/3551 3564/3684/3564
f 3552/3672/3552 3564/3684/3564 3551/3671/3551
f 3564/3684/3564 3552/3672/3552 3565/3685/3565
f 3553/3673/3553 3565/3685/3565 3552/3672/3552
f 3565/3685/3565 3553/3673/3553 3566/3686/3566
f 3554/3674/3554 3566/3686/3566 3553/3673/3553
f 3566/3686/3566 3554/3674/3554 3567/3687/3567
f 3555/3675/3555 3567/3687/3567 3554/3674/3554
f 3567/3687/3567 3555/3675/3555 3568/3688/3568
f 3556/3676/3556 3568/3688/3568 3555/3675/3555
f 3568/3688/3568 3556/3676/3556 3569/3689/3569
f 3557/3677/3557 3569/3689/3569 3556/3676/3556
f 3569/3689/3569 3557/3677/3557 3570/3690/3570
f 3559/3679/3559 3571/3691/3571 3558/3678/3558
f 3571/3691/3571 3559/3679/3559 3572/3692/3572
f 3560/3680/3560 3572/3692/3572 3559/3679/3559
f 3572/3692/3572 3560/3680/3560 3573/3693/3573
f 3561/3681/3561 3573/3693/3573 3560/3680/3560
f 3573/3693/3573 3561/3681/3561 3574/3694/3574
f 3562/3682/3562 3574/3694/3574 3561/3681/3561
f 3574/3694/3574 3562/3682/3562 3575/3695/3575
f 3563/3683/3563 3575/3695/3575 3562/3682/3562
f 3575/3695/3575 3563/3683/3563 3576/3696/3576
f 3564/3684/3564 3576/3696/3576 3563/3683/3563
f 3576/3696/3576 3564/3684/3564 3577/3697/3577
f 3565/3685/3565 3577/3697/3577 3564/3684/3564
f 3577/3697/3577 3565/3685/3565 3578/3698/3578
f 3566/3686/3566 3578/3698/3578 3565/3685/3565
f 3578/3698/3578 3566/3686/3566 3579/3699/3579
f 3567/3687/3567 3579/3699/3579 3566/3686/3566
f 3579/3699/3579 3567/3687/3567 3580/3700/3580
f 3568/3688/3568 3580/3700/3580 3567/3687/3567
f 3580/3700/3580 3568/3688/3568 3581/3701/3581
f 3569/3689/3569 3581/3701/3581 3568/3688/3568
f 3581/3701/3581 3569/3689/3569 3582/3702/3582
f 3570/3690/3570 3582/3702/3582 3569/3689/3569
f 3582/3702/3582 3570/3690/3570 3583/3703/3583
f 3572/3692/3572 3584/3704/3584 3571/3691/3571
f 3584/3704/3584 3572/3692/3572 3585/3705/3585
f 3573/3693/3573 3585/3705/3585 3572/3692/3572
f 3585/3705/3585 3573/3693/3573 3586/3706/3586
f 3574/3694/3574 3586/3706/3586 3573/3693/3573
f 3586/3706/3586 3574/3694/3574 3587/3707/3587
f 3575/3695/3575 3587/3707/3587 3574/3694/3574
f 3587/3707/3587 3575/3695/3575 3588/3708/3588
f 3576/3696/3576 3588/3708/3588 3575/3695/3575
f 3588/3708/3588 3576/3696/3576 3589/3709/3589
f 3577/3697/3577 3589/3709/3589 3576/3696/3576
f 3589/3709/3589 3577/3697/3577 3590/3710/3590
f 3578/3698/3578 3590/3710/3590 3577/3697/3577
f 3590/3710/3590 3578/3698/3578 3591/3711/3591
f 3579/3699/3579 3591/3711/3591 3578/3698/3578
f 3591/3711/3591 3579/3699/3579 3592/3712/3592
f 3580/3700/3580 3592/3712/3592 3579/3699/3579
f 3592/3712/3592 3580/3700/3580 3593/3713/3593
f 3581/3701/3581 3593/3713/3593 3580/3700/3580
f 3593/3713/3593 3581/3701/3581 3594/3714/3594
f 3582/3702/3582 3594/3714/3594 3581/3701/3581
f 3594/3714/3594 3582/3702/3582 3595/3715/3595
f 3583/3703/3583 3595/3715/3595 3582/3702/3582
f 3595/3715/3595 3583/3703/3583 3596/3716/3596
f 3585/3705/3585 3597/3717/3597 3584/3704/3584
f 3597/3717/3597 3585/3705/3585 3598/3718/3598
f 3586/3706/3586 3598/3718/3598 3585/3705/3585
f 3598/3718/3598 3586/3706/3586 3599/3719/3599
f 3587/3707/3587 3599/3719/3599 3586/3706/3586
f 3599/3719/3599 3587/3707/3587 3600/3720/3600
f 3588/3708/3588 3600/3720/3600 3587/3707/3587
f 3600/3720/3600 3588/3708/3588 3601/3721/3601
f 3589/3709/3589 3601/3721/3601 3588/3708/3588
f 3601/3721/3601 3589/3709/3589 3602/3722/3602
f 3590/3710/3590 3602/3722/3602 3589/3709/3589
f 3602/3722/3602 3590/3710/3590 3603/3723/3603
f 3591/3711/3591 3603/3723/3603 3590/3710/3590
f 3603/3723/3603 3591/3711/3591 3604/3724/3604
f 3592/3712/3592 3604/3724/3604 3591/3711/3591
f 3604/3724/3604 3592/3712/3592 3605/3725/3605
f 3593/3713/3593 3605/3725/3605 3592/3712/3592
f 3605/3725/3605 3593/3713/3593 3606/3726/3606
f 3594/3714/3594 3606/3726/3606 3593/3713/3593
f 3606/3726/3606 3594/3714/3594 3607/3727/3607
f 3595/3715/3595 3607/3727/3607 3594/3714/3594
f 3607/3727/3607 3595/3715/3595 3608/3728/3608
f 3596/3716/3596 3608/3728/3608 3595/3715/3595
f 3608/3728/3608 3596/3716/3596 3609/3729/3609
f 3598/3718/3598 3610/3730/3610 3597/3717/3597
f 3610/3730/3610 3598/3718/3598 3611/3731/3611
f 3599/3719/3599 3611/3731/3611 3598/3718/3598
f 3611/3731/3611 3599/3719/3599 3612/3732/3612
f 3600/3720/3600 3612/3732/3612 3599/3719/3599
f 3612/3732/3612 3600/3720/3600 3613/3733/3613
f 3601/3721/3601 3613/3733/3613 3600/3720/3600
f 3613/3733/3613 3601/3721/3601 3614/3734/3614
f 3602/3722/3602 3614/3734/3614 3601/3721/3601
f 3614/3734/3614 3602/3722/3602 3615/3735/3615
f 3603/3723/3603 3615/3735/3615 3602/3722/3602
f 3615/3735/3615 3603/3723/3603 3616/3736/3616
f 3604/3724/3604 3616/3736/3616 3603/3723/3603
f 3616/3736/3616 3604/3724/3604 3617/3737/3617
f 3605/3725/3605 3617/3737/3617 3604/3724/3604
f 3617/3737/3617 3605/3725/3605 3618/3738/3618
f 3606/3726/3606 3618/3738/3618 3605/3725/3605
f 3618/3738/3618 3606/3726/3606 3619/3739/3619
f 3607/3727/3607 3619/3739/3619 3606/3726/3606
f 3619/3739/3619 3607/3727/3607 3620/3740/3620
f 3608/3728/3608 3620/3740/3620 3607/3727/3607
f 3620/3740/3620 3608/3728/3608 3621/3741/3621
f 3609/3729/3609 3621/3741/3621 3608/3728/3608
f 3621/3741/3621 3609/3729/3609 3622/3742/3622
f 3612/3732/3612 3623/3743/3623 3611/3731/3611
f 3623/3743/3623 3612/3732/3612 3624/3744/3624
f 3613/3733/3613 3624/3744/3624 3612/3732/3612
f 3624/3744/3624 3613/3733/3613 3625/3745/3625
f 3614/3734/3614 3625/3745/3625 3613/3733/3613
f 3625/3745/3625 3614/3734/3614 3626/3746/3626
f 3615/3735/3615 3626/3746/3626 3614/3734/3614
f 3626/3746/3626 3615/3735/3615 3627/3747/3627
f 3616/3736/3616 3627/3747/3627 3615/3735/3615
f 3627/3747/3627 3616/3736/3616 3628/3748/3628
f 3617/3737/3617 3628/3748/3628 3616/3736/3616
f 3628/3748/3628 3617/3737/3617 3629/3749/3629
f 3618/3738/3618 3629/3749/3629 3617/3737/3617
f 3629/3749/3629 3618/3738/3618 3630/3750/3630
f 3619/3739/3619 3630/3750/3630 3618/3738/3618
f 3630/3750/3630 3619/3739/3619 3631/3751/3631
f 3620/3740/3620 3631/3751/3631 3619/3739/3619
f 3631/3751/3631 3620/3740/3620 3632/3752/3632
f 3621/3741/3621 3632/3752/3632 3620/3740/3620
f 3632/3752/3632 3621/3741/3621 3633/3753/3633
f 3622/3742/3622 3633/3753/3633 3621/3741/3621
f 3633/3753/3633 3622/3742/3622 3634/3754/3634
f 3625/3745/3625 3635/3755/3635 3624/3744/3624
f 3635/3755/3635 3625/3745/3625 3636/3756/3636
f 3626/3746/3626 3636/3756/3636 3625/3745/3625
f 3636/3756/3636 3626/3746/3626 3637/3757/3637
f 3627/3747/3627 3637/3757/3637 3626/3746/3626
f 3637/3757/3637 3627/3747/3627 3638/3758/3638
f 3628/3748/3628 3638/3758/3638 3627/3747/3627
f 3638/3758/3638 3628/3748/3628 3639/3759/3639
f 3629/3749/3629 3639/3759/3639 3628/3748/3628
f 3639/3759/3639 3629/3749/3629 3640/3760/3640
f 3630/3750/3630 3640/3760/3640 3629/3749/3629
f 3640/3760/3640 3630/3750/3630 3641/3761/3641
f 3631/3751/3631 3641/3761/3641 3630/3750/3630
f 3641/3761/3641 3631/3751/3631 3642/3762/3642
f 3632/3752/3632 3642/3762/3642 3631/3751/3631
f 3642/3762/3642 3632/3752/3632 3643/3763/3643
f 3633/3753/3633 3643/3763/3643 3632/3752/3632
f 3643/3763/3643 3633/3753/3633 3644/3764/3644
f 3634/3754/3634 3644/3764/3644 3633/3753/3633
f 3644/3764/3644 3634/3754/3634 3645/3765/3645
f 179/3767/179 175/3766/175 3031/3138/3031
f 179/3767/179 3031/3138/3031 3032/3139/3032
f 183/3768/183 179/3767/179 3032/3139/3032
f 183/3768/183 3032/3139/3032 187/3769/187
f 191/3770/191 187/3769/187 3032/3139/3032
f 191/3770/191 3032/3139/3032 3033/3140/3033
f 191/3770/191 3033/3140/3033 3499/3619/3499
f 195/3771/195 191/3770/191 3499/3619/3499
f 199/3772/199 195/3771/195 3499/3619/3499
f 199/3772/199 3499/3619/3499 3510/3630/3510
f 203/3773/203 199/3772/199 3510/3630/3510
f 207/3774/207 203/3773/203 3510/3630/3510
f 211/3775/211 207/3774/207 3510/3630/3510
f 211/3775/211 3510/3630/3510 3521/3641/3521
f 215/3776/215 211/3775/211 3521/3641/3521
f 215/3776/215 3521/3641/3521 219/3777/219
f 223/3778/223 219/3777/219 3521/3641/3521
f 223/3778/223 3521/3641/3521 3534/3654/3534
f 223/3778/223 3534/3654/3534 3533/3653/3533
f 227/3779/227 223/3778/223 3533/3653/3533
f 231/3780/231 227/3779/227 3533/3653/3533
f 235/3781/235 231/3780/231 3533/3653/3533
f 235/3781/235 3533/3653/3533 239/3782/239
f 243/3783/243 239/3782/239 3533/3653/3533
f 243/3783/243 3533/3653/3533 3532/3652/3532
f 247/3784/247 243/3783/243 3532/3652/3532
f 628/3786/628 624/3785/624 3610/3730/3610
f 628/3786/628 3610/3730/3610 3611/3731/3611
f 632/3787/632 628/3786/628 3611/3731/3611
f 632/3787/632 3611/3731/3611 3623/3743/3623
f 636/3788/636 632/3787/632 3623/3743/3623
f 640/3789/640 636/3788/636 3623/3743/3623
f 640/3789/640 3623/3743/3623 644/3790/644
f 648/3791/648 644/3790/644 3623/3743/3623
f 648/3791/648 3623/3743/3623 3624/3744/3624
f 648/3791/648 3624/3744/3624 3635/3755/3635
f 652/3792/652 648/3791/648 3635/3755/3635
f 656/3793/656 652/3792/652 3635/3755/3635
f 3188/3295/3188 3509/3629/3509 3043/3150/3043
f 3509/3629/3509 3188/3295/3188 3646/3794/3646
f 3189/3296/3189 3646/3794/3646 3188/3295/3188
f 3646/3794/3646 3189/3296/3189 3647/3795/3647
f 3190/3297/3190 3647/3795/3647 3189/3296/3189
f 3647/3795/3647 3190/3297/3190 3648/3796/3648
f 3191/3298/3191 3648/3796/3648 3190/3297/3190
f 3648/3796/3648 3191/3298/3191 3649/3797/3649
f 3192/3299/3192 3649/3797/3649 3191/3298/3191
f 3649/3797/3649 3192/3299/3192 3650/3798/3650
f 3193/3300/3193 3650/3798/3650 3192/3299/3192
f 3650/3798/3650 3193/3300/3193 3651/3799/3651
f 3194/3301/3194 3651/3799/3651 3193/3300/3193
f 3651/3799/3651 3194/3301/3194 3652/3800/3652
f 3195/3302/3195 3652/3800/3652 3194/3301/3194
f 3652/3800/3652 3195/3302/3195 3653/3801/3653
f 3196/3303/3196 3653/3801/3653 3195/3302/3195
f 3653/3801/3653 3196/3303/3196 3654/3802/3654
f 3197/3304/3197 3654/3802/3654 3196/3303/3196
f 3654/3802/3654 3197/3304/3197 3655/3803/3655
f 3198/3305/3198 3655/3803/3655 3197/3304/3197
f 3655/3803/3655 3198/3305/3198 3656/3804/3656
f 3199/3306/3199 3656/3804/3656 3198/3305/3198
f 3656/3804/3656 3199/3306/3199 3657/3805/3657
f 3646/3794/3646 3520/3640/3520 3509/3629/3509
f 3520/3640/3520 3646/3794/3646 3658/3806/3658
f 3647/3795/3647 3658/3806/3658 3646/3794/3646
f 3658/3806/3658 3647/3795/3647 3659/3807/3659
f 3648/3796/3648 3659/3807/3659 3647/3795/3647
f 3659/3807/3659 3648/3796/3648 3660/3808/3660
f 3649/3797/3649 3660/3808/3660 3648/3796/3648
f 3660/3808/3660 3649/3797/3649 3661/3809/3661
f 3650/3798/3650 3661/3809/3661 3649/3797/3649
f 3661/3809/3661 3650/3798/3650 3662/3810/3662
f 3651/3799/3651 3662/3810/3662 3650/3798/3650
f 3662/3810/3662 3651/3799/3651 3663/3811/3663
f 3652/3800/3652 3663/3811/3663 3651/3799/3651
f 3663/3811/3663 3652/3800/3652 3664/3812/3664
f 3653/3801/3653 3664/3812/3664 3652/3800/3652
f 3664/3812/3664 3653/3801/3653 3665/3813/3665
f 3654/3802/3654 3665/3813/3665 3653/3801/3653
f 3665/3813/3665 3654/3802/3654 3666/3814/3666
f 3655/3803/3655 3666/3814/3666 3654/3802/3654
f 3666/3814/3666 3655/3803/3655 3667/3815/3667
f 3656/3804/3656 3667/3815/3667 3655/3803/3655
f 3667/3815/3667 3656/3804/3656 3668/3816/3668
f 3657/3805/3657 3668/3816/3668 3656/3804/3656
f 3668/3816/3668 3657/3805/3657 3669/3817/3669
f 3658/3806/3658 3531/3651/3531 3520/3640/3520
f 3531/3651/3531 3658/3806/3658 3670/3818/3670
f 3659/3807/3659 3670/3818/3670 3658/3806/3658
f 3670/3818/3670 3659/3807/3659 3671/3819/3671
f 3660/3808/3660 3671/3819/3671 3659/3807/3659
f 3671/3819/3671 3660/3808/3660 3672/3820/3672
f 3661/3809/3661 3672/3820/3672 3660/3808/3660
f 3672/3820/3672 3661/3809/3661 3673/3821/3673
f 3662/3810/3662 3673/3821/3673 3661/3809/3661
f 3673/3821/3673 3662/3810/3662 3674/3822/3674
f 3663/3811/3663 3674/3822/3674 3662/3810/3662
f 3674/3822/3674 3663/3811/3663 3675/3823/3675
f 3664/3812/3664 3675/3823/3675 3663/3811/3663
f 3675/3823/3675 3664/3812/3664 3676/3824/3676
f 3665/3813/3665 3676/3824/3676 3664/3812/3664
f 3676/3824/3676 3665/3813/3665 3677/3825/3677
f 3666/3814/3666 3677/3825/3677 3665/3813/3665
f 3677/3825/3677 3666/3814/3666 3678/3826/3678
f 3667/3815/3667 3678/3826/3678 3666/3814/3666
f 3678/3826/3678 3667/3815/3667 3679/3827/3679
f 3668/3816/3668 3679/3827/3679 3667/3815/3667
f 3679/3827/3679 3668/3816/3668 3680/3828/3680
f 3669/3817/3669 3680/3828/3680 3668/3816/3668
f 3680/3828/3680 3669/3817/3669 3681/3829/3681
f 3670/3818/3670 3544/3664/3544 3531/3651/3531
f 3544/3664/3544 3670/3818/3670 3682/3830/3682
f 3671/3819/3671 3682/3830/3682 3670/3818/3670
f 3682/3830/3682 3671/3819/3671 3683/3831/3683
f 3672/3820/3672 3683/3831/3683 3671/3819/3671
f 3683/3831/3683 3672/3820/3672 3684/3832/3684
f 3673/3821/3673 3684/3832/3684 3672/3820/3672
f 3684/3832/3684 3673/3821/3673 3685/3833/3685
f 3674/3822/3674 3685/3833/3685 3673/3821/3673
f 3685/3833/3685 3674/3822/3674 3686/3834/3686
f 3675/3823/3675 3686/3834/3686 3674/3822/3674
f 3686/3834/3686 3675/3823/3675 3687/3835/3687
f 3676/3824/3676 3687/3835/3687 3675/3823/3675
f 3687/3835/3687 3676/3824/3676 3688/3836/3688
f 3677/3825/3677 3688/3836/3688 3676/3824/3676
f 3688/3836/3688 3677/3825/3677 3689/3837/3689
f 3678/3826/3678 3689/3837/3689 3677/3825/3677
f 3689/3837/3689 3678/3826/3678 3690/3838/3690
f 3679/3827/3679 3690/3838/3690 3678/3826/3678
f 3690/3838/3690 3679/3827/3679 3691/3839/3691
f 3680/3828/3680 3691/3839/3691 3679/3827/3679
f 3691/3839/3691 3680/3828/3680 3692/3840/3692
f 3681/3829/3681 3692/3840/3692 3680/3828/3680
f 3692/3840/3692 3681/3829/3681 3693/3841/3693
f 3682/3830/3682 3557/3677/3557 3544/3664/3544
f 3557/3677/3557 3682/3830/3682 3694/3842/3694
f 3683/3831/3683 3694/3842/3694 3682/3830/3682
f 3694/3842/3694 3683/3831/3683 3695/3843/3695
f 3684/3832/3684 3695/3843/3695 3683/3831/3683
f 3695/3843/3695 3684/3832/3684 3696/3844/3696
f 3685/3833/3685 3696/3844/3696 3684/3832/3684
f 3696/3844/3696 3685/3833/3685 3697/3845/3697
f 3686/3834/3686 3697/3845/3697 3685/3833/3685
f 3697/3845/3697 3686/3834/3686 3698/3846/3698
f 3687/3835/3687 3698/3846/3698 3686/3834/3686
f 3698/3846/3698 3687/3835/3687 3699/3847/3699
f 3688/3836/3688 3699/3847/3699 3687/3835/3687
f 3699/3847/3699 3688/3836/3688 3700/3848/3700
f 3689/3837/3689 3700/3848/3700 3688/3836/3688
f 3700/3848/3700 3689/3837/3689 3701/3849/3701
f 3690/3838/3690 3701/3849/3701 3689/3837/3689
f 3701/3849/3701 3690/3838/3690 3702/3850/3702
f 3691/3839/3691 3702/3850/3702 3690/3838/3690
f 3702/3850/3702 3691/3839/3691 3703/3851/3703
f 3692/3840/3692 3703/3851/3703 3691/3839/3691
f 3703/3851/3703 3692/3840/3692 3704/3852/3704
f 3693/3841/3693 3704/3852/3704 3692/3840/3692
f 3704/3852/3704 3693/3841/3693 3705/3853/3705
f 3694/3842/3694 3570/3690/3570 3557/3677/3557
f 3570/3690/3570 3694/3842/3694 3706/3854/3706
f 3695/3843/3695 3706/3854/3706 3694/3842/3694
f 3706/3854/3706 3695/3843/3695 3707/3855/3707
f 3696/3844/3696 3707/3855/3707 3695/3843/3695
f 3707/3855/3707 3696/3844/3696 3708/3856/3708
f 3697/3845/3697 3708/3856/3708 3696/3844/3696
f 3708/3856/3708 3697/3845/3697 3709/3857/3709
f 3698/3846/3698 3709/3857/3709 3697/3845/3697
f 3709/3857/3709 3698/3846/3698 3710/3858/3710
f 3699/3847/3699 3710/3858/3710 3698/3846/3698
f 3710/3858/3710 3699/3847/3699 3711/3859/3711
f 3700/3848/3700 3711/3859/3711 3699/3847/3699
f 3711/3859/3711 3700/3848/3700 3712/3860/3712
f 3701/3849/3701 3712/3860/3712 3700/3848/3700
f 3712/3860/3712 3701/3849/3701 3713/3861/3713
f 3702/3850/3702 3713/3861/3713 3701/3849/3701
f 3713/3861/3713 3702/3850/3702 3714/3862/3714
f 3703/3851/3703 3714/3862/3714 3702/3850/3702
f 3714/3862/3714 3703/3851/3703 3715/3863/3715
f 3704/3852/3704 3715/3863/3715 3703/3851/3703
f 3715/3863/3715 3704/3852/3704 3716/3864/3716
f 3705/3853/3705 3716/3864/3716 3704/3852/3704
f 3716/3864/3716 3705/3853/3705 3717/3865/3717
f 3706/3854/3706 3583/3703/3583 3570/3690/3570
f 3583/3703/3583 3706/3854/3706 3718/3866/3718
f 3707/3855/3707 3718/3866/3718 3706/3854/3706
f 3718/3866/3718 3707/3855/3707 3719/3867/3719
f 3708/3856/3708 3719/3867/3719 3707/3855/3707
f 3719/3867/3719 3708/3856/3708 3720/3868/3720
f 3709/3857/3709 3720/3868/3720 3708/3856/3708
f 3720/3868/3720 3709/3857/3709 3721/3869/3721
f 3710/3858/3710 3721/3869/3721 3709/3857/3709
f 3721/3869/3721 3710/3858/3710 3722/3870/3722
f 3711/3859/3711 3722/3870/3722 3710/3858/3710
f 3722/3870/3722 3711/3859/3711 3723/3871/3723
f 3712/3860/3712 3723/3871/3723 3711/3859/3711
f 3723/3871/3723 3712/3860/3712 3724/3872/3724
f 3713/3861/3713 3724/3872/3724 3712/3860/3712
f 3724/3872/3724 3713/3861/3713 3725/3873/3725
f 3714/3862/3714 3725/3873/3725 3713/3861/3713
f 3725/3873/3725 3714/3862/3714 3726/3874/3726
f 3715/3863/3715 3726/3874/3726 3714/3862/3714
f 3726/3874/3726 3715/3863/3715 3727/3875/3727
f 3716/3864/3716 3727/3875/3727 3715/3863/3715
f 3727/3875/3727 3716/3864/3716 3728/3876/3728
f 3718/3866/3718 3596/3716/3596 3583/3703/3583
f 3596/3716/3596 3718/3866/3718 3729/3877/3729
f 3719/3867/3719 3729/3877/3729 3718/3866/3718
f 3729/3877/3729 3719/3867/3719 3730/3878/3730
f 3720/3868/3720 3730/3878/3730 3719/3867/3719
f 3730/3878/3730 3720/3868/3720 3731/3879/3731
f 3721/3869/3721 3731/3879/3731 3720/3868/3720
f 3731/3879/3731 3721/3869/3721 3732/3880/3732
f 3722/3870/3722 3732/3880/3732 3721/3869/3721
f 3732/3880/3732 3722/3870/3722 3733/3881/3733
f 3723/3871/3723 3733/3881/3733 3722/3870/3722
f 3733/3881/3733 3723/3871/3723 3734/3882/3734
f 3724/3872/3724 3734/3882/3734 3723/3871/3723
f 3734/3882/3734 3724/3872/3724 3735/3883/3735
f 3725/3873/3725 3735/3883/3735 3724/3872/3724
f 3735/3883/3735 3725/3873/3725 3736/3884/3736
f 3726/3874/3726 3736/3884/3736 3725/3873/3725
f 3736/3884/3736 3726/3874/3726 3737/3885/3737
f 3727/3875/3727 3737/3885/3737 3726/3874/3726
f 3737/3885/3737 3727/3875/3727 3738/3886/3738
f 3729/3877/3729 3609/3729/3609 3596/3716/3596
f 3609/3729/3609 3729/3877/3729 3739/3887/3739
f 3730/3878/3730 3739/3887/3739 3729/3877/3729
f 3739/3887/3739 3730/3878/3730 3740/3888/3740
f 3731/3879/3731 3740/3888/3740 3730/3878/3730
f 3740/3888/3740 3731/3879/3731 3741/3889/3741
f 3732/3880/3732 3741/3889/3741 3731/3879/3731
f 3741/3889/3741 3732/3880/3732 3742/3890/3742
f 3733/3881/3733 3742/3890/3742 3732/3880/3732
f 3742/3890/3742 3733/3881/3733 3743/3891/3743
f 3734/3882/3734 3743/3891/3743 3733/3881/3733
f 3743/3891/3743 3734/3882/3734 3744/3892/3744
f 3735/3883/3735 3744/3892/3744 3734/3882/3734
f 3744/3892/3744 3735/3883/3735 3745/3893/3745
f 3736/3884/3736 3745/3893/3745 3735/3883/3735
f 3745/3893/3745 3736/3884/3736 3746/3894/3746
f 3737/3885/3737 3746/3894/3746 3736/3884/3736
f 3746/3894/3746 3737/3885/3737 3747/3895/3747
f 3739/3887/3739 3622/3742/3622 3609/3729/3609
f 3622/3742/3622 3739/3887/3739 3748/3896/3748
f 3740/3888/3740 3748/3896/3748 3739/3887/3739
f 3748/3896/3748 3740/3888/3740 3749/3897/3749
f 3741/3889/3741 3749/3897/3749 3740/3888/3740
f 3749/3897/3749 3741/3889/3741 3750/3898/3750
f 3742/3890/3742 3750/3898/3750 3741/3889/3741
f 3750/3898/3750 3742/3890/3742 3751/3899/3751
f 3743/3891/3743 3751/3899/3751 3742/3890/3742
f 3751/3899/3751 3743/3891/3743 3752/3900/3752
f 3744/3892/3744 3752/3900/3752 3743/3891/3743
f 3752/3900/3752 3744/3892/3744 3753/3901/3753
f 3745/3893/3745 3753/3901/3753 3744/3892/3744
f 3753/3901/3753 3745/3893/3745 3754/3902/3754
f 3746/3894/3746 3754/3902/3754 3745/3893/3745
f 3754/3902/3754 3746/3894/3746 3755/3903/3755
f 3747/3895/3747 3755/3903/3755 3746/3894/3746
f 3755/3903/3755 3747/3895/3747 3756/3904/3756
f 3748/3896/3748 3634/3754/3634 3622/3742/3622
f 3634/3754/3634 3748/3896/3748 3757/3905/3757
f 3749/3897/3749 3757/3905/3757 3748/3896/3748
f 3757/3905/3757 3749/3897/3749 3758/3906/3758
f 3750/3898/3750 3758/3906/3758 3749/3897/3749
f 3758/3906/3758 3750/3898/3750 3759/3907/3759
f 3751/3899/3751 3759/3907/3759 3750/3898/3750
f 3759/3907/3759 3751/3899/3751 3760/3908/3760
f 3752/3900/3752 3760/3908/3760 3751/3899/3751
f 3760/3908/3760 3752/3900/3752 3761/3909/3761
f 3753/3901/3753 3761/3909/3761 3752/3900/3752
f 3761/3909/3761 3753/3901/3753 3762/3910/3762
f 3754/3902/3754 3762/3910/3762 3753/3901/3753
f 3762/3910/3762 3754/3902/3754 3763/3911/3763
f 3755/3903/3755 3763/3911/3763 3754/3902/3754
f 3763/3911/3763 3755/3903/3755 3764/3912/3764
f 3756/3904/3756 3764/3912/3764 3755/3903/3755
f 3764/3912/3764 3756/3904/3756 3765/3913/3765
f 3757/3905/3757 3645/3765/3645 3634/3754/3634
f 3645/3765/3645 3757/3905/3757 3766/3914/3766
f 3758/3906/3758 3766/3914/3766 3757/3905/3757
f 3766/3914/3766 3758/3906/3758 3767/3915/3767
f 3759/3907/3759 3767/3915/3767 3758/3906/3758
f 3767/3915/3767 3759/3907/3759 3768/3916/3768
f 3760/3908/3760 3768/3916/3768 3759/3907/3759
f 3768/3916/3768 3760/3908/3760 3769/3917/3769
f 3761/3909/3761 3769/3917/3769 3760/3908/3760
f 3769/3917/3769 3761/3909/3761 3770/3918/3770
f 3762/3910/3762 3770/3918/3770 3761/3909/3761
f 3770/3918/3770 3762/3910/3762 3771/3919/3771
f 3763/3911/3763 3771/3919/3771 3762/3910/3762
f 3771/3919/3771 3763/3911/3763 3772/3920/3772
f 3764/3912/3764 3772/3920/3772 3763/3911/3763
f 3772/3920/3772 3764/3912/3764 3773/3921/3773
f 3765/3913/3765 3773/3921/3773 3764/3912/3764
f 3773/3921/3773 3765/3913/3765 3774/3922/3774
f 1394/3924/1394 3717/3865/3717 1390/3923/1390
f 1394/3924/1394 3716/3864/3716 3717/3865/3717
f 1398/3925/1398 3716/3864/3716 1394/3924/1394
f 1398/3925/1398 3728/3876/3728 3716/3864/3716
f 1402/3926/1402 3728/3876/3728 1398/3925/1398
f 1406/3927/1406 3728/3876/3728 1402/3926/1402
f 1406/3927/1406 3727/3875/3727 3728/3876/3728
f 1410/3928/1410 3727/3875/3727 1406/3927/1406
f 1410/3928/1410 3738/3886/3738 3727/3875/3727
f 1414/3929/1414 3738/3886/3738 1410/3928/1410
f 1414/3929/1414 1418/3930/1418 3738/3886/3738
f 1418/3930/1418 1422/3931/1422 3738/3886/3738
f 1422/3931/1422 1426/3932/1426 3747/3895/3747
f 1422/3931/1422 3747/3895/3747 3737/3885/3737
f 1422/3931/1422 3737/3885/3737 3738/3886/3738
f 1430/3933/1430 3747/3895/3747 1426/3932/1426
f 1430/3933/1430 3756/3904/3756 3747/3895/3747
f 1434/3934/1434 3756/3904/3756 1430/3933/1430
f 1438/3935/1438 3756/3904/3756 1434/3934/1434
f 1438/3935/1438 3765/3913/3765 3756/3904/3756
f 1438/3935/1438 1442/3936/1442 3765/3913/3765
f 1446/3937/1446 3765/3913/3765 1442/3936/1442
f 1446/3937/1446 3774/3922/3774 3765/3913/3765
f 1446/3937/1446 1450/3938/1450 3774/3922/3774
f 3775/3939/3775 3345/3452/3345 3344/3451/3344
f 3345/3452/3345 3775/3939/3775 3776/3940/3776
f 3776/3940/3776 3346/3453/3346 3345/3452/3345
f 3346/3453/3346 3776/3940/3776 3777/3941/3777
f 3777/3941/3777 3347/3454/3347 3346/3453/3346
f 3347/3454/3347 3777/3941/3777 3778/3942/3778
f 3778/3942/3778 3348/3455/3348 3347/3454/3347
f 3348/3455/3348 3778/3942/3778 3779/3943/3779
f 3779/3943/3779 3349/3456/3349 3348/3455/3348
f 3349/3456/3349 3779/3943/3779 3780/3944/3780
f 3780/3944/3780 3350/3457/3350 3349/3456/3349
f 3350/3457/3350 3780/3944/3780 3781/3945/3781
f 3781/3945/3781 3351/3458/3351 3350/3457/3350
f 3351/3458/3351 3781/3945/3781 3782/3946/3782
f 3782/3946/3782 3352/3459/3352 3351/3458/3351
f 3352/3459/3352 3782/3946/3782 3783/3947/3783
f 3783/3947/3783 3353/3460/3353 3352/3459/3352
f 3353/3460/3353 3783/3947/3783 3784/3948/3784
f 3784/3948/3784 3354/3461/3354 3353/3460/3353
f 3354/3461/3354 3784/3948/3784 3785/3949/3785
f 3785/3949/3785 3355/3462/3355 3354/3461/3354
f 3355/3462/3355 3785/3949/3785 3786/3950/3786
f 3786/3950/3786 3199/3306/3199 3355/3462/3355
f 3199/3306/3199 3786/3950/3786 3657/3805/3657
f 3787/3951/3787 3776/3940/3776 3775/3939/3775
f 3776/3940/3776 3787/3951/3787 3788/3952/3788
f 3788/3952/3788 3777/3941/3777 3776/3940/3776
f 3777/3941/3777 3788/3952/3788 3789/3953/3789
f 3789/3953/3789 3778/3942/3778 3777/3941/3777
f 3778/3942/3778 3789/3953/3789 3790/3954/3790
f 3790/3954/3790 3779/3943/3779 3778/3942/3778
f 3779/3943/3779 3790/3954/3790 3791/3955/3791
f 3791/3955/3791 3780/3944/3780 3779/3943/3779
f 3780/3944/3780 3791/3955/3791 3792/3956/3792
f 3792/3956/3792 3781/3945/3781 3780/3944/3780
f 3781/3945/3781 3792/3956/3792 3793/3957/3793
f 3793/3957/3793 3782/3946/3782 3781/3945/3781
f 3782/3946/3782 3793/3957/3793 3794/3958/3794
f 3794/3958/3794 3783/3947/3783 3782/3946/3782
f 3783/3947/3783 3794/3958/3794 3795/3959/3795
f 3795/3959/3795 3784/3948/3784 3783/3947/3783
f 3784/3948/3784 3795/3959/3795 3796/3960/3796
f 3796/3960/3796 3785/3949/3785 3784/3948/3784
f 3785/3949/3785 3796/3960/3796 3797/3961/3797
f 3797/3961/3797 3786/3950/3786 3785/3949/3785
f 3786/3950/3786 3797/3961/3797 3798/3962/3798
f 3798/3962/3798 3657/3805/3657 3786/3950/3786
f 3657/3805/3657 3798/3962/3798 3669/3817/3669
f 3799/3963/3799 3788/3952/3788 3787/3951/3787
f 3788/3952/3788 3799/3963/3799 3800/3964/3800
f 3800/3964/3800 3789/3953/3789 3788/3952/3788
f 3789/3953/3789 3800/3964/3800 3801/3965/3801
f 3801/3965/3801 3790/3954/3790 3789/3953/3789
f 3790/3954/3790 3801/3965/3801 3802/3966/3802
f 3802/3966/3802 3791/3955/3791 3790/3954/3790
f 3791/3955/3791 3802/3966/3802 3803/3967/3803
f 3803/3967/3803 3792/3956/3792 3791/3955/3791
f 3792/3956/3792 3803/3967/3803 3804/3968/3804
f 3804/3968/3804 3793/3957/3793 3792/3956/3792
f 3793/3957/3793 3804/3968/3804 3805/3969/3805
f 3805/3969/3805 3794/3958/3794 3793/3957/3793
f 3794/3958/3794 3805/3969/3805 3806/3970/3806
f 3806/3970/3806 3795/3959/3795 3794/3958/3794
f 3795/3959/3795 3806/3970/3806 3807/3971/3807
f 3807/3971/3807 3796/3960/3796 3795/3959/3795
f 3796/3960/3796 3807/3971/3807 3808/3972/3808
f 3808/3972/3808 3797/3961/3797 3796/3960/3796
f 3797/3961/3797 3808/3972/3808 3809/3973/3809
f 3809/3973/3809 3798/3962/3798 3797/3961/3797
f 3798/3962/3798 3809/3973/3809 3810/3974/3810
f 3810/3974/3810 3669/3817/3669 3798/3962/3798
f 3669/3817/3669 3810/3974/3810 3681/3829/3681
f 3811/3975/3811 3800/3964/3800 3799/3963/3799
f 3800/3964/3800 3811/3975/3811 3812/3976/3812
f 3812/3976/3812 3801/3965/3801 3800/3964/3800
f 3801/3965/3801 3812/3976/3812 3813/3977/3813
f 3813/3977/3813 3802/3966/3802 3801/3965/3801
f 3802/3966/3802 3813/3977/3813 3814/3978/3814
f 3814/3978/3814 3803/3967/3803 3802/3966/3802
f 3803/3967/3803 3814/3978/3814 3815/3979/3815
f 3815/3979/3815 3804/3968/3804 3803/3967/3803
f 3804/3968/3804 3815/3979/3815 3816/3980/3816
f 3816/3980/3816 3805/3969/3805 3804/3968/3804
f 3805/3969/3805 3816/3980/3816 3817/3981/3817
f 3817/3981/3817 3806/3970/3806 3805/3969/3805
f 3806/3970/3806 3817/3981/3817 3818/3982/3818
f 3818/3982/3818 3807/3971/3807 3806/3970/3806
f 3807/3971/3807 3818/3982/3818 3819/3983/3819
f 3819/3983/3819 3808/3972/3808 3807/3971/3807
f 3808/3972/3808 3819/3983/3819 3820/3984/3820
f 3820/3984/3820 3809/3973/3809 3808/3972/3808
f 3809/3973/3809 3820/3984/3820 3821/3985/3821
f 3821/3985/3821 3810/3974/3810 3809/3973/3809
f 3810/3974/3810 3821/3985/3821 3822/3986/3822
f 3822/3986/3822 3681/3829/3681 3810/3974/3810
f 3681/3829/3681 3822/3986/3822 3693/3841/3693
f 3823/3987/3823 3812/3976/3812 3811/3975/3811
f 3812/3976/3812 3823/3987/3823 3824/3988/3824
f 3824/3988/3824 3813/3977/3813 3812/3976/3812
f 3813/3977/3813 3824/3988/3824 3825/3989/3825
f 3825/3989/3825 3814/3978/3814 3813/3977/3813
f 3814/3978/3814 3825/3989/3825 3826/3990/3826
f 3826/3990/3826 3815/3979/3815 3814/3978/3814
f 3815/3979/3815 3826/3990/3826 3827/3991/3827
f 3827/3991/3827 3816/3980/3816 3815/3979/3815
f 3816/3980/3816 3827/3991/3827 3828/3992/3828
f 3828/3992/3828 3817/3981/3817 3816/3980/3816
f 3817/3981/3817 3828/3992/3828 3829/3993/3829
f 3829/3993/3829 3818/3982/3818 3817/3981/3817
f 3818/3982/3818 3829/3993/3829 3830/3994/3830
f 3830/3994/3830 3819/3983/3819 3818/3982/3818
f 3819/3983/3819 3830/3994/3830 3831/3995/3831
f 3831/3995/3831 3820/3984/3820 3819/3983/3819
f 3820/3984/3820 3831/3995/3831 3832/3996/3832
f 3832/3996/3832 3821/3985/3821 3820/3984/3820
f 3821/3985/3821 3832/3996/3832 3833/3997/3833
f 3833/3997/3833 3822/3986/3822 3821/3985/3821
f 3822/3986/3822 3833/3997/3833 3834/3998/3834
f 3834/3998/3834 3693/3841/3693 3822/3986/3822
f 3693/3841/3693 3834/3998/3834 3705/3853/3705
f 3835/3999/3835 3824/3988/3824 3823/3987/3823
f 3824/3988/3824 3835/3999/3835 3836/4000/3836
f 3836/4000/3836 3825/3989/3825 3824/3988/3824
f 3825/3989/3825 3836/4000/3836 3837/4001/3837
f 3837/4001/3837 3826/3990/3826 3825/3989/3825
f 3826/3990/3826 3837/4001/3837 3838/4002/3838
f 3838/4002/3838 3827/3991/3827 3826/3990/3826
f 3827/3991/3827 3838/4002/3838 3839/4003/3839
f 3839/4003/3839 3828/3992/3828 3827/3991/3827
f 3828/3992/3828 3839/4003/3839 3840/4004/3840
f 3840/4004/3840 3829/3993/3829 3828/3992/3828
f 3829/3993/3829 3840/4004/3840 3841/4005/3841
f 3841/4005/3841 3830/3994/3830 3829/3993/3829
f 3830/3994/3830 3841/4005/3841 3842/4006/3842
f 3842/4006/3842 3831/3995/3831 3830/3994/3830
f 3831/3995/3831 3842/4006/3842 3843/4007/3843
f 3843/4007/3843 3832/3996/3832 3831/3995/3831
f 3832/3996/3832 3843/4007/3843 3844/4008/3844
f 3844/4008/3844 3833/3997/3833 3832/3996/3832
f 3833/3997/3833 3844/4008/3844 3845/4009/3845
f 3845/4009/3845 3834/3998/3834 3833/3997/3833
f 3834/3998/3834 3845/4009/3845 3846/4010/3846
f 3846/4010/3846 3705/3853/3705 3834/3998/3834
f 3705/3853/3705 3846/4010/3846 3717/3865/3717
f 3847/4011/3847 3836/4000/3836 3835/3999/3835
f 3836/4000/3836 3847/4011/3847 3848/4012/3848
f 3848/4012/3848 3837/4001/3837 3836/4000/3836
f 3837/4001/3837 3848/4012/3848 3849/4013/3849
f 3849/4013/3849 3838/4002/3838 3837/4001/3837
f 3838/4002/3838 3849/4013/3849 3850/4014/3850
f 3850/4014/3850 3839/4003/3839 3838/4002/3838
f 3839/4003/3839 3850/4014/3850 3851/4015/3851
f 3851/4015/3851 3840/4004/3840 3839/4003/3839
f 3840/4004/3840 3851/4015/3851 3852/4016/3852
f 3852/4016/3852 3841/4005/3841 3840/4004/3840
f 3841/4005/3841 3852/4016/3852 3853/4017/3853
f 3853/4017/3853 3842/4006/3842 3841/4005/3841
f 3842/4006/3842 3853/4017/3853 3854/4018/3854
f 3854/4018/3854 3843/4007/3843 3842/4006/3842
f 3843/4007/3843 3854/4018/3854 3855/4019/3855
f 3855/4019/3855 3844/4008/3844 3843/4007/3843
f 3844/4008/3844 3855/4019/3855 3856/4020/3856
f 3856/4020/3856 3845/4009/3845 3844/4008/3844
f 3845/4009/3845 3856/4020/3856 3857/4021/3857
f 3857/4021/3857 3846/4010/3846 3845/4009/3845
f 3846/4010/3846 3857/4021/3857 3858/4022/3858
f 3859/4023/3859 3848/4012/3848 3847/4011/3847
f 3848/4012/3848 3859/4023/3859 3860/4024/3860
f 3860/4024/3860 3849/4013/3849 3848/4012/3848
f 3849/4013/3849 3860/4024/3860 3861/4025/3861
f 3861/4025/3861 3850/4014/3850 3849/4013/3849
f 3850/4014/3850 3861/4025/3861 3862/4026/3862
f 3862/4026/3862 3851/4015/3851 3850/4014/3850
f 3851/4015/3851 3862/4026/3862 3863/4027/3863
f 3863/4027/3863 3852/4016/3852 3851/4015/3851
f 3852/4016/3852 3863/4027/3863 3864/4028/3864
f 3864/4028/3864 3853/4017/3853 3852/4016/3852
f 3853/4017/3853 3864/4028/3864 3865/4029/3865
f 3865/4029/3865 3854/4018/3854 3853/4017/3853
f 3854/4018/3854 3865/4029/3865 3866/4030/3866
f 3866/4030/3866 3855/4019/3855 3854/4018/3854
f 3855/4019/3855 3866/4030/3866 3867/4031/3867
f 3867/4031/3867 3856/4020/3856 3855/4019/3855
f 3856/4020/3856 3867/4031/3867 3868/4032/3868
f 3868/4032/3868 3857/4021/3857 3856/4020/3856
f 3857/4021/3857 3868/4032/3868 3869/4033/3869
f 3870/4034/3870 3860/4024/3860 3859/4023/3859
f 3860/4024/3860 3870/4034/3870 3871/4035/3871
f 3871/4035/3871 3861/4025/3861 3860/4024/3860
f 3861/4025/3861 3871/4035/3871 3872/4036/3872
f 3872/4036/3872 3862/4026/3862 3861/4025/3861
f 3862/4026/3862 3872/4036/3872 3873/4037/3873
f 3873/4037/3873 3863/4027/3863 3862/4026/3862
f 3863/4027/3863 3873/4037/3873 3874/4038/3874
f 3874/4038/3874 3864/4028/3864 3863/4027/3863
f 3864/4028/3864 3874/4038/3874 3875/4039/3875
f 3875/4039/3875 3865/4029/3865 3864/4028/3864
f 3865/4029/3865 3875/4039/3875 3876/4040/3876
f 3876/4040/3876 3866/4030/3866 3865/4029/3865
f 3866/4030/3866 3876/4040/3876 3877/4041/3877
f 3877/4041/3877 3867/4031/3867 3866/4030/3866
f 3867/4031/3867 3877/4041/3877 3878/4042/3878
f 3878/4042/3878 3868/4032/3868 3867/4031/3867
f 3868/4032/3868 3878/4042/3878 3879/4043/3879
f 3880/4044/3880 3871/4035/3871 3870/4034/3870
f 3871/4035/3871 3880/4044/3880 3881/4045/3881
f 3881/4045/3881 3872/4036/3872 3871/4035/3871
f 3872/4036/3872 3881/4045/3881 3882/4046/3882
f 3882/4046/3882 3873/4037/3873 3872/4036/3872
f 3873/4037/3873 3882/4046/3882 3883/4047/3883
f 3883/4047/3883 3874/4038/3874 3873/4037/3873
f 3874/4038/3874 3883/4047/3883 3884/4048/3884
f 3884/4048/3884 3875/4039/3875 3874/4038/3874
f 3875/4039/3875 3884/4048/3884 3885/4049/3885
f 3885/4049/3885 3876/4040/3876 3875/4039/3875
f 3876/4040/3876 3885/4049/3885 3886/4050/3886
f 3886/4050/3886 3877/4041/3877 3876/4040/3876
f 3877/4041/3877 3886/4050/3886 3887/4051/3887
f 3887/4051/3887 3878/4042/3878 3877/4041/3877
f 3878/4042/3878 3887/4051/3887 3888/4052/3888
f 3888/4052/3888 3879/4043/3879 3878/4042/3878
f 3879/4043/3879 3888/4052/3888 3889/4053/3889
f 3890/4054/3890 3881/4045/3881 3880/4044/3880
f 3881/4045/3881 3890/4054/3890 3891/4055/3891
f 3891/4055/3891 3882/4046/3882 3881/4045/3881
f 3882/4046/3882 3891/4055/3891 3892/4056/3892
f 3892/4056/3892 3883/4047/3883 3882/4046/3882
f 3883/4047/3883 3892/4056/3892 3893/4057/3893
f 3893/4057/3893 3884/4048/3884 3883/4047/3883
f 3884/4048/3884 3893/4057/3893 3894/4058/3894
f 3894/4058/3894 3885/4049/3885 3884/4048/3884
f 3885/4049/3885 3894/4058/3894 3895/4059/3895
f 3895/4059/3895 3886/4050/3886 3885/4049/3885
f 3886/4050/3886 3895/4059/3895 3896/4060/3896
f 3896/4060/3896 3887/4051/3887 3886/4050/3886
f 3887/4051/3887 3896/4060/3896 3897/4061/3897
f 3897/4061/3897 3888/4052/3888 3887/4051/3887
f 3888/4052/3888 3897/4061/3897 3898/4062/3898
f 3898/4062/3898 3889/4053/3889 3888/4052/3888
f 3889/4053/3889 3898/4062/3898 3899/4063/3899
f 3900/4064/3900 3891/4055/3891 3890/4054/3890
f 3891/4055/3891 3900/4064/3900 3901/4065/3901
f 3901/4065/3901 3892/4056/3892 3891/4055/3891
f 3892/4056/3892 3901/4065/3901 3902/4066/3902
f 3902/4066/3902 3893/4057/3893 3892/4056/3892
f 3893/4057/3893 3902/4066/3902 3903/4067/3903
f 3903/4067/3903 3894/4058/3894 3893/4057/3893
f 3894/4058/3894 3903/4067/3903 3904/4068/3904
f 3904/4068/3904 3895/4059/3895 3894/4058/3894
f 3895/4059/3895 3904/4068/3904 3905/4069/3905
f 3905/4069/3905 3896/4060/3896 3895/4059/3895
f 3896/4060/3896 3905/4069/3905 3906/4070/3906
f 3906/4070/3906 3897/4061/3897 3896/4060/3896
f 3897/4061/3897 3906/4070/3906 3907/4071/3907
f 3907/4071/3907 3898/4062/3898 3897/4061/3897
f 3898/4062/3898 3907/4071/3907 3908/4072/3908
f 3908/4072/3908 3899/4063/3899 3898/4062/3898
f 3899/4063/3899 3908/4072/3908 3909/4073/3909
f 1390/3923/1390 3717/3865/3717 1629/4074/1629
f 3717/3865/3717 3846/4010/3846 1629/4074/1629
f 1629/4074/1629 3846/4010/3846 1633/4075/1633
f 3846/4010/3846 3858/4022/3858 1633/4075/1633
f 1633/4075/1633 3858/4022/3858 1637/4076/1637
f 1637/4076/1637 3858/4022/3858 1641/4077/1641
f 3858/4022/3858 3857/4021/3857 1641/4077/1641
f 1641/4077/1641 3857/4021/3857 1645/4078/1645
f 3857/4021/3857 3869/4033/3869 1645/4078/1645
f 1645/4078/1645 3869/4033/3869 1649/4079/1649
f 3869/4033/3869 1653/4080/1653 1649/4079/1649
f 3869/4033/3869 1657/4081/1657 1653/4080/1653
f 3879/4043/3879 1661/4082/1661 1657/4081/1657
f 3868/4032/3868 3879/4043/3879 1657/4081/1657
f 3869/4033/3869 3868/4032/3868 1657/4081/1657
f 1661/4082/1661 3879/4043/3879 1665/4083/1665
f 3879/4043/3879 3889/4053/3889 1665/4083/1665
f 1665/4083/1665 3889/4053/3889 1669/4084/1669
f 1669/4084/1669 3889/4053/3889 1673/4085/1673
f 3889/4053/3889 3899/4063/3899 1673/4085/1673
f 3899/4063/3899 1677/4086/1677 1673/4085/1673
f 1677/4086/1677 3899/4063/3899 1681/4087/1681
f 3899/4063/3899 3909/4073/3909 1681/4087/1681
f 3909/4073/3909 1685/4088/1685 1681/4087/1681
f 3910/4089/3910 3490/3610/3490 3489/3609/3489
f 3490/3610/3490 3910/4089/3910 3911/4090/3911
f 3911/4090/3911 3491/3611/3491 3490/3610/3490
f 3491/3611/3491 3911/4090/3911 3912/4091/3912
f 3912/4091/3912 3492/3612/3492 3491/3611/3491
f 3492/3612/3492 3912/4091/3912 3913/4092/3913
f 3913/4092/3913 3493/3613/3493 3492/3612/3492
f 3493/3613/3493 3913/4092/3913 3914/4093/3914
f 3914/4093/3914 3494/3614/3494 3493/3613/3493
f 3494/3614/3494 3914/4093/3914 3915/4094/3915
f 3915/4094/3915 3495/3615/3495 3494/3614/3494
f 3495/3615/3495 3915/4094/3915 3916/4095/3916
f 3916/4095/3916 3496/3616/3496 3495/3615/3495
f 3496/3616/3496 3916/4095/3916 3917/4096/3917
f 3917/4096/3917 3497/3617/3497 3496/3616/3496
f 3497/3617/3497 3917/4096/3917 3918/4097/3918
f 3918/4097/3918 3498/3618/3498 3497/3617/3497
f 3498/3618/3498 3918/4097/3918 3919/4098/3919
f 3919/4098/3919 3344/3451/3344 3498/3618/3498
f 3344/3451/3344 3919/4098/3919 3775/3939/3775
f 3920/4099/3920 3911/4090/3911 3910/4089/3910
f 3911/4090/3911 3920/4099/3920 3921/4100/3921
f 3921/4100/3921 3912/4091/3912 3911/4090/3911
f 3912/4091/3912 3921/4100/3921 3922/4101/3922
f 3922/4101/3922 3913/4092/3913 3912/4091/3912
f 3913/4092/3913 3922/4101/3922 3923/4102/3923
f 3923/4102/3923 3914/4093/3914 3913/4092/3913
f 3914/4093/3914 3923/4102/3923 3924/4103/3924
f 3924/4103/3924 3915/4094/3915 3914/4093/3914
f 3915/4094/3915 3924/4103/3924 3925/4104/3925
f 3925/4104/3925 3916/4095/3916 3915/4094/3915
f 3916/4095/3916 3925/4104/3925 3926/4105/3926
f 3926/4105/3926 3917/4096/3917 3916/4095/3916
f 3917/4096/3917 3926/4105/3926 3927/4106/3927
f 3927/4106/3927 3918/4097/3918 3917/4096/3917
f 3918/4097/3918 3927/4106/3927 3928/4107/3928
f 3928/4107/3928 3919/4098/3919 3918/4097/3918
f 3919/4098/3919 3928/4107/3928 3929/4108/3929
f 3929/4108/3929 3775/3939/3775 3919/4098/3919
f 3775/3939/3775 3929/4108/3929 3787/3951/3787
f 3930/4109/3930 3921/4100/3921 3920/4099/3920
f 3921/4100/3921 3930/4109/3930 3931/4110/3931
f 3931/4110/3931 3922/4101/3922 3921/4100/3921
f 3922/4101/3922 3931/4110/3931 3932/4111/3932
f 3932/4111/3932 3923/4102/3923 3922/4101/3922
f 3923/4102/3923 3932/4111/3932 3933/4112/3933
f 3933/4112/3933 3924/4103/3924 3923/4102/3923
f 3924/4103/3924 3933/4112/3933 3934/4113/3934
f 3934/4113/3934 3925/4104/3925 3924/4103/3924
f 3925/4104/3925 3934/4113/3934 3935/4114/3935
f 3935/4114/3935 3926/4105/3926 3925/4104/3925
f 3926/4105/3926 3935/4114/3935 3936/4115/3936
f 3936/4115/3936 3927/4106/3927 3926/4105/3926
f 3927/4106/3927 3936/4115/3936 3937/4116/3937
f 3937/4116/3937 3928/4107/3928 3927/4106/3927
f 3928/4107/3928 3937/4116/3937 3938/4117/3938
f 3938/4117/3938 3929/4108/3929 3928/4107/3928
f 3929/4108/3929 3938/4117/3938 3939/4118/3939
f 3939/4118/3939 3787/3951/3787 3929/4108/3929
f 3787/3951/3787 3939/4118/3939 3799/3963/3799
f 3941/4121/3941 3931/4110/3931 3930/4109/3930
f 3931/4110/3931 3941/4121/3941 3942/4122/3942
f 3942/4122/3942 3932/4111/3932 3931/4110/3931
f 3932/4111/3932 3942/4122/3942 3943/4123/3943
f 3943/4123/3943 3933/4112/3933 3932/4111/3932
f 3933/4112/3933 3943/4123/3943 3944/4124/3944
f 3944/4124/3944 3934/4113/3934 3933/4112/3933
f 3934/4113/3934 3944/4124/3944 3945/4125/3945
f 3945/4125/3945 3935/4114/3935 3934/4113/3934
f 3935/4114/3935 3945/4125/3945 3946/4126/3946
f 3946/4126/3946 3936/4115/3936 3935/4114/3935
f 3936/4115/3936 3946/4126/3946 3947/4127/3947
f 3947/4127/3947 3937/4116/3937 3936/4115/3936
f 3937/4116/3937 3947/4127/3947 3948/4128/3948
f 3948/4128/3948 3938/4117/3938 3937/4116/3937
f 3938/4117/3938 3948/4128/3948 3949/4129/3949
f 3949/4129/3949 3939/4118/3939 3938/4117/3938
f 3939/4118/3939 3949/4129/3949 3950/4130/3950
f 3950/4130/3950 3799/3963/3799 3939/4118/3939
f 3799/3963/3799 3950/4130/3950 3811/3975/3811
f 3545/4131/3545 3940/4120/3940 3532/4119/3532
f 3940/4120/3940 3545/4131/3545 3951/4132/3951
f 3951/4132/3951 3941/4121/3941 3940/4120/3940
f 3941/4121/3941 3951/4132/3951 3952/4133/3952
f 3952/4133/3952 3942/4122/3942 3941/4121/3941
f 3942/4122/3942 3952/4133/3952 3953/4134/3953
f 3953/4134/3953 3943/4123/3943 3942/4122/3942
f 3943/4123/3943 3953/4134/3953 3954/4135/3954
f 3954/4135/3954 3944/4124/3944 3943/4123/3943
f 3944/4124/3944 3954/4135/3954 3955/4136/3955
f 3955/4136/3955 3945/4125/3945 3944/4124/3944
f 3945/4125/3945 3955/4136/3955 3956/4137/3956
f 3956/4137/3956 3946/4126/3946 3945/4125/3945
f 3946/4126/3946 3956/4137/3956 3957/4138/3957
f 3957/4138/3957 3947/4127/3947 3946/4126/3946
f 3947/4127/3947 3957/4138/3957 3958/4139/3958
f 3958/4139/3958 3948/4128/3948 3947/4127/3947
f 3948/4128/3948 3958/4139/3958 3959/4140/3959
f 3959/4140/3959 3949/4129/3949 3948/4128/3948
f 3949/4129/3949 3959/4140/3959 3960/4141/3960
f 3960/4141/3960 3950/4130/3950 3949/4129/3949
f 3950/4130/3950 3960/4141/3960 3961/4142/3961
f 3961/4142/3961 3811/3975/3811 3950/4130/3950
f 3811/3975/3811 3961/4142/3961 3823/3987/3823
f 3558/4143/3558 3951/4132/3951 3545/4131/3545
f 3951/4132/3951 3558/4143/3558 3962/4144/3962
f 3962/4144/3962 3952/4133/3952 3951/4132/3951
f 3952/4133/3952 3962/4144/3962 3963/4145/3963
f 3963/4145/3963 3953/4134/3953 3952/4133/3952
f 3953/4134/3953 3963/4145/3963 3964/4146/3964
f 3964/4146/3964 3954/4135/3954 3953/4134/3953
f 3954/4135/3954 3964/4146/3964 3965/4147/3965
f 3965/4147/3965 3955/4136/3955 3954/4135/3954
f 3955/4136/3955 3965/4147/3965 3966/4148/3966
f 3966/4148/3966 3956/4137/3956 3955/4136/3955
f 3956/4137/3956 3966/4148/3966 3967/4149/3967
f 3967/4149/3967 3957/4138/3957 3956/4137/3956
f 3957/4138/3957 3967/4149/3967 3968/4150/3968
f 3968/4150/3968 3958/4139/3958 3957/4138/3957
f 3958/4139/3958 3968/4150/3968 3969/4151/3969
f 3969/4151/3969 3959/4140/3959 3958/4139/3958
f 3959/4140/3959 3969/4151/3969 3970/4152/3970
f 3970/4152/3970 3960/4141/3960 3959/4140/3959
f 3960/4141/3960 3970/4152/3970 3971/4153/3971
f 3971/4153/3971 3961/4142/3961 3960/4141/3960
f 3961/4142/3961 3971/4153/3971 3972/4154/3972
f 3972/4154/3972 3823/3987/3823 3961/4142/3961
f 3823/3987/3823 3972/4154/3972 3835/3999/3835
f 3571/4155/3571 3962/4144/3962 3558/4143/3558
f 3962/4144/3962 3571/4155/3571 3973/4156/3973
f 3973/4156/3973 3963/4145/3963 3962/4144/3962
f 3963/4145/3963 3973/4156/3973 3974/4157/3974
f 3974/4157/3974 3964/4146/3964 3963/4145/3963
f 3964/4146/3964 3974/4157/3974 3975/4158/3975
f 3975/4158/3975 3965/4147/3965 3964/4146/3964
f 3965/4147/3965 3975/4158/3975 3976/4159/3976
f 3976/4159/3976 3966/4148/3966 3965/4147/3965
f 3966/4148/3966 3976/4159/3976 3977/4160/3977
f 3977/4160/3977 3967/4149/3967 3966/4148/3966
f 3967/4149/3967 3977/4160/3977 3978/4161/3978
f 3978/4161/3978 3968/4150/3968 3967/4149/3967
f 3968/4150/3968 3978/4161/3978 3979/4162/3979
f 3979/4162/3979 3969/4151/3969 3968/4150/3968
f 3969/4151/3969 3979/4162/3979 3980/4163/3980
f 3980/4163/3980 3970/4152/3970 3969/4151/3969
f 3970/4152/3970 3980/4163/3980 3981/4164/3981
f 3981/4164/3981 3971/4153/3971 3970/4152/3970
f 3971/4153/3971 3981/4164/3981 3982/4165/3982
f 3982/4165/3982 3972/4154/3972 3971/4153/3971
f 3972/4154/3972 3982/4165/3982 3983/4166/3983
f 3983/4166/3983 3835/3999/3835 3972/4154/3972
f 3835/3999/3835 3983/4166/3983 3847/4011/3847
f 3584/4167/3584 3973/4156/3973 3571/4155/3571
f 3973/4156/3973 3584/4167/3584 3984/4168/3984
f 3984/4168/3984 3974/4157/3974 3973/4156/3973
f 3974/4157/3974 3984/4168/3984 3985/4169/3985
f 3985/4169/3985 3975/4158/3975 3974/4157/3974
f 3975/4158/3975 3985/4169/3985 3986/4170/3986
f 3986/4170/3986 3976/4159/3976 3975/4158/3975
f 3976/4159/3976 3986/4170/3986 3987/4171/3987
f 3987/4171/3987 3977/4160/3977 3976/4159/3976
f 3977/4160/3977 3987/4171/3987 3988/4172/3988
f 3988/4172/3988 3978/4161/3978 3977/4160/3977
f 3978/4161/3978 3988/4172/3988 3989/4173/3989
f 3989/4173/3989 3979/4162/3979 3978/4161/3978
f 3979/4162/3979 3989/4173/3989 3990/4174/3990
f 3990/4174/3990 3980/4163/3980 3979/4162/3979
f 3980/4163/3980 3990/4174/3990 3991/4175/3991
f 3991/4175/3991 3981/4164/3981 3980/4163/3980
f 3981/4164/3981 3991/4175/3991 3992/4176/3992
f 3992/4176/3992 3982/4165/3982 3981/4164/3981
f 3982/4165/3982 3992/4176/3992 3993/4177/3993
f 3993/4177/3993 3983/4166/3983 3982/4165/3982
f 3983/4166/3983 3993/4177/3993 3994/4178/3994
f 3994/4178/3994 3847/4011/3847 3983/4166/3983
f 3847/4011/3847 3994/4178/3994 3859/4023/3859
f 3597/4179/3597 3984/4168/3984 3584/4167/3584
f 3984/4168/3984 3597/4179/3597 3995/4180/3995
f 3995/4180/3995 3985/4169/3985 3984/4168/3984
f 3985/4169/3985 3995/4180/3995 3996/4181/3996
f 3996/4181/3996 3986/4170/3986 3985/4169/3985
f 3986/4170/3986 3996/4181/3996 3997/4182/3997
f 3997/4182/3997 3987/4171/3987 3986/4170/3986
f 3987/4171/3987 3997/4182/3997 3998/4183/3998
f 3998/4183/3998 3988/4172/3988 3987/4171/3987
f 3988/4172/3988 3998/4183/3998 3999/4184/3999
f 3999/4184/3999 3989/4173/3989 3988/4172/3988
f 3989/4173/3989 3999/4184/3999 4000/4185/4000
f 4000/4185/4000 3990/4174/3990 3989/4173/3989
f 3990/4174/3990 4000/4185/4000 4001/4186/4001
f 4001/4186/4001 3991/4175/3991 3990/4174/3990
f 3991/4175/3991 4001/4186/4001 4002/4187/4002
f 4002/4187/4002 3992/4176/3992 3991/4175/3991
f 3992/4176/3992 4002/4187/4002 4003/4188/4003
f 4003/4188/4003 3993/4177/3993 3992/4176/3992
f 3993/4177/3993 4003/4188/4003 4004/4189/4004
f 4004/4189/4004 3994/4178/3994 3993/4177/3993
f 3994/4178/3994 4004/4189/4004 4005/4190/4005
f 4005/4190/4005 3859/4023/3859 3994/4178/3994
f 3859/4023/3859 4005/4190/4005 3870/4034/3870
f 3610/4191/3610 3995/4180/3995 3597/4179/3597
f 3995/4180/3995 3610/4191/3610 4006/4192/4006
f 4006/4192/4006 3996/4181/3996 3995/4180/3995
f 3996/4181/3996 4006/4192/4006 4007/4193/4007
f 4007/4193/4007 3997/4182/3997 3996/4181/3996
f 3997/4182/3997 4007/4193/4007 4008/4194/4008
f 4008/4194/4008 3998/4183/3998 3997/4182/3997
f 3998/4183/3998 4008/4194/4008 4009/4195/4009
f 4009/4195/4009 3999/4184/3999 3998/4183/3998
f 3999/4184/3999 4009/4195/4009 4010/4196/4010
f 4010/4196/4010 4000/4185/4000 3999/4184/3999
f 4000/4185/4000 4010/4196/4010 4011/4197/4011
f 4011/4197/4011 4001/4186/4001 4000/4185/4000
f 4001/4186/4001 4011/4197/4011 4012/4198/4012
f 4012/4198/4012 4002/4187/4002 4001/4186/4001
f 4002/4187/4002 4012/4198/4012 4013/4199/4013
f 4013/4199/4013 4003/4188/4003 4002/4187/4002
f 4003/4188/4003 4013/4199/4013 4014/4200/4014
f 4014/4200/4014 4004/4189/4004 4003/4188/4003
f 4004/4189/4004 4014/4200/4014 4015/4201/4015
f 4015/4201/4015 4005/4190/4005 4004/4189/4004
f 4005/4190/4005 4015/4201/4015 4016/4202/4016
f 4016/4202/4016 3870/4034/3870 4005/4190/4005
f 3870/4034/3870 4016/4202/4016 3880/4044/3880
f 4017/4203/4017 4007/4193/4007 4006/4192/4006
f 4007/4193/4007 4017/4203/4017 4018/4204/4018
f 4018/4204/4018 4008/4194/4008 4007/4193/4007
f 4008/4194/4008 4018/4204/4018 4019/4205/4019
f 4019/4205/4019 4009/4195/4009 4008/4194/4008
f 4009/4195/4009 4019/4205/4019 4020/4206/4020
f 4020/4206/4020 4010/4196/4010 4009/4195/4009
f 4010/4196/4010 4020/4206/4020 4021/4207/4021
f 4021/4207/4021 4011/4197/4011 4010/4196/4010
f 4011/4197/4011 4021/4207/4021 4022/4208/4022
f 4022/4208/4022 4012/4198/4012 4011/4197/4011
f 4012/4198/4012 4022/4208/4022 4023/4209/4023
f 4023/4209/4023 4013/4199/4013 4012/4198/4012
f 4013/4199/4013 4023/4209/4023 4024/4210/4024
f 4024/4210/4024 4014/4200/4014 4013/4199/4013
f 4014/4200/4014 4024/4210/4024 4025/4211/4025
f 4025/4211/4025 4015/4201/4015 4014/4200/4014
f 4015/4201/4015 4025/4211/4025 4026/4212/4026
f 4026/4212/4026 4016/4202/4016 4015/4201/4015
f 4016/4202/4016 4026/4212/4026 4027/4213/4027
f 4027/4213/4027 3880/4044/3880 4016/4202/4016
f 3880/4044/3880 4027/4213/4027 3890/4054/3890
f 4028/4214/4028 4019/4205/4019 4018/4204/4018
f 4019/4205/4019 4028/4214/4028 4029/4215/4029
f 4029/4215/4029 4020/4206/4020 4019/4205/4019
f 4020/4206/4020 4029/4215/4029 4030/4216/4030
f 4030/4216/4030 4021/4207/4021 4020/4206/4020
f 4021/4207/4021 4030/4216/4030 4031/4217/4031
f 4031/4217/4031 4022/4208/4022 4021/4207/4021
f 4022/4208/4022 4031/4217/4031 4032/4218/4032
f 4032/4218/4032 4023/4209/4023 4022/4208/4022
f 4023/4209/4023 4032/4218/4032 4033/4219/4033
f 4033/4219/4033 4024/4210/4024 4023/4209/4023
f 4024/4210/4024 4033/4219/4033 4034/4220/4034
f 4034/4220/4034 4025/4211/4025 4024/4210/4024
f 4025/4211/4025 4034/4220/4034 4035/4221/4035
f 4035/4221/4035 4026/4212/4026 4025/4211/4025
f 4026/4212/4026 4035/4221/4035 4036/4222/4036
f 4036/4222/4036 4027/4213/4027 4026/4212/4026
f 4027/4213/4027 4036/4222/4036 4037/4223/4037
f 4037/4223/4037 3890/4054/3890 4027/4213/4027
f 3890/4054/3890 4037/4223/4037 3900/4064/3900
f 3031/3607/3031 175/4224/175 397/4225/397
f 3488/3608/3488 3031/3607/3031 397/4225/397
f 3488/3608/3488 397/4225/397 401/4226/401
f 405/4227/405 3488/3608/3488 401/4226/401
f 3488/3608/3488 405/4227/405 409/4228/409
f 3489/3609/3489 3488/3608/3488 409/4228/409
f 3910/4089/3910 3489/3609/3489 409/4228/409
f 3910/4089/3910 409/4228/409 413/4229/413
f 3910/4089/3910 413/4229/413 417/4230/417
f 3920/4099/3920 3910/4089/3910 417/4230/417
f 3920/4099/3920 417/4230/417 421/4231/421
f 3920/4099/3920 421/4231/421 425/4232/425
f 3920/4099/3920 425/4232/425 429/4233/429
f 3930/4109/3930 3920/4099/3920 429/4233/429
f 3930/4109/3930 429/4233/429 433/4234/433
f 437/4235/437 3930/4109/3930 433/4234/433
f 3930/4109/3930 437/4235/437 441/4236/441
f 3941/4121/3941 3930/4109/3930 441/4236/441
f 3940/4120/3940 3941/4121/3941 441/4236/441
f 3940/4120/3940 441/4236/441 445/4237/445
f 3940/4120/3940 445/4237/445 449/4238/449
f 3940/4120/3940 449/4238/449 453/4239/453
f 457/4240/457 3940/4120/3940 453/4239/453
f 3940/4120/3940 457/4240/457 461/4241/461
f 3532/4119/3532 3940/4120/3940 461/4241/461
f 3532/4119/3532 461/4241/461 247/4242/247
f 3610/4191/3610 624/4243/624 844/4244/844
f 4006/4192/4006 3610/4191/3610 844/4244/844
f 4006/4192/4006 844/4244/844 848/4245/848
f 4017/4203/4017 4006/4192/4006 848/4245/848
f 4017/4203/4017 848/4245/848 852/4246/852
f 4017/4203/4017 852/4246/852 856/4247/856
f 860/4248/860 4017/4203/4017 856/4247/856
f 4017/4203/4017 860/4248/860 864/4249/864
f 4018/4204/4018 4017/4203/4017 864/4249/864
f 4028/4214/4028 4018/4204/4018 864/4249/864
f 4028/4214/4028 864/4249/864 868/4250/868
f 4028/4214/4028 868/4250/868 872/4251/872
f 3636/3756/3636 4038/4252/4038 3635/3755/3635
f 4038/4252/4038 3636/3756/3636 4039/4253/4039
f 3637/3757/3637 4039/4253/4039 3636/3756/3636
f 4039/4253/4039 3637/3757/3637 4040/4254/4040
f 3638/3758/3638 4040/4254/4040 3637/3757/3637
f 4040/4254/4040 3638/3758/3638 4041/4255/4041
f 3639/3759/3639 4041/4255/4041 3638/3758/3638
f 4041/4255/4041 3639/3759/3639 4042/4256/4042
f 3640/3760/3640 4042/4256/4042 3639/3759/3639
f 4042/4256/4042 3640/3760/3640 4043/4257/4043
f 3641/3761/3641 4043/4257/4043 3640/3760/3640
f 4043/4257/4043 3641/3761/3641 4044/4258/4044
f 3642/3762/3642 4044/4258/4044 3641/3761/3641
f 4044/4258/4044 3642/3762/3642 4045/4259/4045
f 3643/3763/3643 4045/4259/4045 3642/3762/3642
f 4045/4259/4045 3643/3763/3643 4046/4260/4046
f 3644/3764/3644 4046/4260/4046 3643/3763/3643
f 4046/4260/4046 3644/3764/3644 4047/4261/4047
f 3645/3765/3645 4047/4261/4047 3644/3764/3644
f 4047/4261/4047 3645/3765/3645 4048/4262/4048
f 4039/4253/4039 4049/4263/4049 4038/4252/4038
f 4049/4263/4049 4039/4253/4039 4050/4264/4050
f 4040/4254/4040 4050/4264/4050 4039/4253/4039
f 4050/4264/4050 4040/4254/4040 4051/4265/4051
f 4041/4255/4041 4051/4265/4051 4040/4254/4040
f 4051/4265/4051 4041/4255/4041 4052/4266/4052
f 4042/4256/4042 4052/4266/4052 4041/4255/4041
f 4052/4266/4052 4042/4256/4042 4053/4267/4053
f 4043/4257/4043 4053/4267/4053 4042/4256/4042
f 4053/4267/4053 4043/4257/4043 4054/4268/4054
f 4044/4258/4044 4054/4268/4054 4043/4257/4043
f 4054/4268/4054 4044/4258/4044 4055/4269/4055
f 4045/4259/4045 4055/4269/4055 4044/4258/4044
f 4055/4269/4055 4045/4259/4045 4056/4270/4056
f 4046/4260/4046 4056/4270/4056 4045/4259/4045
f 4056/4270/4056 4046/4260/4046 4057/4271/4057
f 4047/4261/4047 4057/4271/4057 4046/4260/4046
f 4057/4271/4057 4047/4261/4047 4058/4272/4058
f 4048/4262/4048 4058/4272/4058 4047/4261/4047
f 4058/4272/4058 4048/4262/4048 4059/4273/4059
f 4050/4264/4050 4061/4275/4061 4049/4263/4049
f 4061/4275/4061 4050/4264/4050 4062/4276/4062
f 4051/4265/4051 4062/4276/4062 4050/4264/4050
f 4062/4276/4062 4051/4265/4051 4063/4277/4063
f 4052/4266/4052 4063/4277/4063 4051/4265/4051
f 4063/4277/4063 4052/4266/4052 4064/4278/4064
f 4053/4267/4053 4064/4278/4064 4052/4266/4052
f 4064/4278/4064 4053/4267/4053 4065/4279/4065
f 4054/4268/4054 4065/4279/4065 4053/4267/4053
f 4065/4279/4065 4054/4268/4054 4066/4280/4066
f 4055/4269/4055 4066/4280/4066 4054/4268/4054
f 4066/4280/4066 4055/4269/4055 4067/4281/4067
f 4056/4270/4056 4067/4281/4067 4055/4269/4055
f 4067/4281/4067 4056/4270/4056 4068/4282/4068
f 4057/4271/4057 4068/4282/4068 4056/4270/4056
f 4068/4282/4068 4057/4271/4057 4069/4283/4069
f 4058/4272/4058 4069/4283/4069 4057/4271/4057
f 4069/4283/4069 4058/4272/4058 4070/4284/4070
f 4059/4273/4059 4070/4284/4070 4058/4272/4058
f 4070/4284/4070 4059/4273/4059 4071/4285/4071
f 4061/4275/4061 4073/4287/4073 4060/4274/4060
f 4073/4287/4073 4061/4275/4061 4074/4288/4074
f 4062/4276/4062 4074/4288/4074 4061/4275/4061
f 4074/4288/4074 4062/4276/4062 4075/4289/4075
f 4063/4277/4063 4075/4289/4075 4062/4276/4062
f 4075/4289/4075 4063/4277/4063 4076/4290/4076
f 4064/4278/4064 4076/4290/4076 4063/4277/4063
f 4076/4290/4076 4064/4278/4064 4077/4291/4077
f 4065/4279/4065 4077/4291/4077 4064/4278/4064
f 4077/4291/4077 4065/4279/4065 4078/4292/4078
f 4066/4280/4066 4078/4292/4078 4065/4279/4065
f 4078/4292/4078 4066/4280/4066 4079/4293/4079
f 4067/4281/4067 4079/4293/4079 4066/4280/4066
f 4079/4293/4079 4067/4281/4067 4080/4294/4080
f 4068/4282/4068 4080/4294/4080 4067/4281/4067
f 4080/4294/4080 4068/4282/4068 4081/4295/4081
f 4069/4283/4069 4081/4295/4081 4068/4282/4068
f 4081/4295/4081 4069/4283/4069 4082/4296/4082
f 4070/4284/4070 4082/4296/4082 4069/4283/4069
f 4082/4296/4082 4070/4284/4070 4083/4297/4083
f 4071/4285/4071 4083/4297/4083 4070/4284/4070
f 4083/4297/4083 4071/4285/4071 4084/4298/4084
f 4073/4287/4073 4085/4299/4085 4072/4286/4072
f 4085/4299/4085 4073/4287/4073 4086/4300/4086
f 4074/4288/4074 4086/4300/4086 4073/4287/4073
f 4086/4300/4086 4074/4288/4074 4087/4301/4087
f 4075/4289/4075 4087/4301/4087 4074/4288/4074
f 4087/4301/4087 4075/4289/4075 4088/4302/4088
f 4076/4290/4076 4088/4302/4088 4075/4289/4075
f 4088/4302/4088 4076/4290/4076 4089/4303/4089
f 4077/4291/4077 4089/4303/4089 4076/4290/4076
f 4089/4303/4089 4077/4291/4077 4090/4304/4090
f 4078/4292/4078 4090/4304/4090 4077/4291/4077
f 4090/4304/4090 4078/4292/4078 4091/4305/4091
f 4079/4293/4079 4091/4305/4091 4078/4292/4078
f 4091/4305/4091 4079/4293/4079 4092/4306/4092
f 4080/4294/4080 4092/4306/4092 4079/4293/4079
f 4092/4306/4092 4080/4294/4080 4093/4307/4093
f 4081/4295/4081 4093/4307/4093 4080/4294/4080
f 4093/4307/4093 4081/4295/4081 4094/4308/4094
f 4082/4296/4082 4094/4308/4094 4081/4295/4081
f 4094/4308/4094 4082/4296/4082 4095/4309/4095
f 4083/4297/4083 4095/4309/4095 4082/4296/4082
f 4095/4309/4095 4083/4297/4083 4096/4310/4096
f 4084/4298/4084 4096/4310/4096 4083/4297/4083
f 4096/4310/4096 4084/4298/4084 4097/4311/4097
f 4086/4300/4086 4098/4312/4098 4085/4299/4085
f 4098/4312/4098 4086/4300/4086 4099/4313/4099
f 4087/4301/4087 4099/4313/4099 4086/4300/4086
f 4099/4313/4099 4087/4301/4087 4100/4314/4100
f 4088/4302/4088 4100/4314/4100 4087/4301/4087
f 4100/4314/4100 4088/4302/4088 4101/4315/4101
f 4089/4303/4089 4101/4315/4101 4088/4302/4088
f 4101/4315/4101 4089/4303/4089 4102/4316/4102
f 4090/4304/4090 4102/4316/4102 4089/4303/4089
f 4102/4316/4102 4090/4304/4090 4103/4317/4103
f 4091/4305/4091 4103/4317/4103 4090/4304/4090
f 4103/4317/4103 4091/4305/4091 4104/4318/4104
f 4092/4306/4092 4104/4318/4104 4091/4305/4091
f 4104/4318/4104 4092/4306/4092 4105/4319/4105
f 4093/4307/4093 4105/4319/4105 4092/4306/4092
f 4105/4319/4105 4093/4307/4093 4106/4320/4106
f 4094/4308/4094 4106/4320/4106 4093/4307/4093
f 4106/4320/4106 4094/4308/4094 4107/4321/4107
f 4095/4309/4095 4107/4321/4107 4094/4308/4094
f 4107/4321/4107 4095/4309/4095 4108/4322/4108
f 4096/4310/4096 4108/4322/4108 4095/4309/4095
f 4108/4322/4108 4096/4310/4096 4109/4323/4109
f 4097/4311/4097 4109/4323/4109 4096/4310/4096
f 4109/4323/4109 4097/4311/4097 4110/4324/4110
f 4099/4313/4099 4111/4325/4111 4098/4312/4098
f 4111/4325/4111 4099/4313/4099 4112/4326/4112
f 4100/4314/4100 4112/4326/4112 4099/4313/4099
f 4112/4326/4112 4100/4314/4100 4113/4327/4113
f 4101/4315/4101 4113/4327/4113 4100/4314/4100
f 4113/4327/4113 4101/4315/4101 4114/4328/4114
f 4102/4316/4102 4114/4328/4114 4101/4315/4101
f 4114/4328/4114 4102/4316/4102 4115/4329/4115
f 4103/4317/4103 4115/4329/4115 4102/4316/4102
f 4115/4329/4115 4103/4317/4103 4116/4330/4116
f 4104/4318/4104 4116/4330/4116 4103/4317/4103
f 4116/4330/4116 4104/4318/4104 4117/4331/4117
f 4105/4319/4105 4117/4331/4117 4104/4318/4104
f 4117/4331/4117 4105/4319/4105 4118/4332/4118
f 4106/4320/4106 4118/4332/4118 4105/4319/4105
f 4118/4332/4118 4106/4320/4106 4119/4333/4119
f 4107/4321/4107 4119/4333/4119 4106/4320/4106
f 4119/4333/4119 4107/4321/4107 4120/4334/4120
f 4108/4322/4108 4120/4334/4120 4107/4321/4107
f 4120/4334/4120 4108/4322/4108 4121/4335/4121
f 4109/4323/4109 4121/4335/4121 4108/4322/4108
f 4121/4335/4121 4109/4323/4109 4122/4336/4122
f 4110/4324/4110 4122/4336/4122 4109/4323/4109
f 4122/4336/4122 4110/4324/4110 4123/4337/4123
f 4112/4326/4112 4124/4338/4124 4111/4325/4111
f 4124/4338/4124 4112/4326/4112 4125/4339/4125
f 4113/4327/4113 4125/4339/4125 4112/4326/4112
f 4125/4339/4125 4113/4327/4113 4126/4340/4126
f 4114/4328/4114 4126/4340/4126 4113/4327/4113
f 4126/4340/4126 4114/4328/4114 4127/4341/4127
f 4115/4329/4115 4127/4341/4127 4114/4328/4114
f 4127/4341/4127 4115/4329/4115 4128/4342/4128
f 4116/4330/4116 4128/4342/4128 4115/4329/4115
f 4128/4342/4128 4116/4330/4116 4129/4343/4129
f 4117/4331/4117 4129/4343/4129 4116/4330/4116
f 4129/4343/4129 4117/4331/4117 4130/4344/4130
f 4118/4332/4118 4130/4344/4130 4117/4331/4117
f 4130/4344/4130 4118/4332/4118 4131/4345/4131
f 4119/4333/4119 4131/4345/4131 4118/4332/4118
f 4131/4345/4131 4119/4333/4119 4132/4346/4132
f 4120/4334/4120 4132/4346/4132 4119/4333/4119
f 4132/4346/4132 4120/4334/4120 4133/4347/4133
f 4121/4335/4121 4133/4347/4133 4120/4334/4120
f 4133/4347/4133 4121/4335/4121 4134/4348/4134
f 4122/4336/4122 4134/4348/4134 4121/4335/4121
f 4134/4348/4134 4122/4336/4122 4135/4349/4135
f 4123/4337/4123 4135/4349/4135 4122/4336/4122
f 4135/4349/4135 4123/4337/4123 4136/4350/4136
f 4125/4339/4125 4137/4351/4137 4124/4338/4124
f 4137/4351/4137 4125/4339/4125 4138/4352/4138
f 4126/4340/4126 4138/4352/4138 4125/4339/4125
f 4138/4352/4138 4126/4340/4126 4139/4353/4139
f 4127/4341/4127 4139/4353/4139 4126/4340/4126
f 4139/4353/4139 4127/4341/4127 4140/4354/4140
f 4128/4342/4128 4140/4354/4140 4127/4341/4127
f 4140/4354/4140 4128/4342/4128 4141/4355/4141
f 4129/4343/4129 4141/4355/4141 4128/4342/4128
f 4141/4355/4141 4129/4343/4129 4142/4356/4142
f 4130/4344/4130 4142/4356/4142 4129/4343/4129
f 4142/4356/4142 4130/4344/4130 4143/4357/4143
f 4131/4345/4131 4143/4357/4143 4130/4344/4130
f 4143/4357/4143 4131/4345/4131 4144/4358/4144
f 4132/4346/4132 4144/4358/4144 4131/4345/4131
f 4144/4358/4144 4132/4346/4132 4145/4359/4145
f 4133/4347/4133 4145/4359/4145 4132/4346/4132
f 4145/4359/4145 4133/4347/4133 4146/4360/4146
f 4134/4348/4134 4146/4360/4146 4133/4347/4133
f 4146/4360/4146 4134/4348/4134 4147/4361/4147
f 4135/4349/4135 4147/4361/4147 4134/4348/4134
f 4147/4361/4147 4135/4349/4135 4148/4362/4148
f 4136/4350/4136 4148/4362/4148 4135/4349/4135
f 4148/4362/4148 4136/4350/4136 4149/4363/4149
f 4138/4352/4138 4150/4364/4150 4137/4351/4137
f 4150/4364/4150 4138/4352/4138 4151/4365/4151
f 4139/4353/4139 4151/4365/4151 4138/4352/4138
f 4151/4365/4151 4139/4353/4139 4152/4366/4152
f 4140/4354/4140 4152/4366/4152 4139/4353/4139
f 4152/4366/4152 4140/4354/4140 4153/4367/4153
f 4141/4355/4141 4153/4367/4153 4140/4354/4140
f 4153/4367/4153 4141/4355/4141 4154/4368/4154
f 4142/4356/4142 4154/4368/4154 4141/4355/4141
f 4154/4368/4154 4142/4356/4142 4155/4369/4155
f 4143/4357/4143 4155/4369/4155 4142/4356/4142
f 4155/4369/4155 4143/4357/4143 4156/4370/4156
f 4144/4358/4144 4156/4370/4156 4143/4357/4143
f 4156/4370/4156 4144/4358/4144 4157/4371/4157
f 4145/4359/4145 4157/4371/4157 4144/4358/4144
f 4157/4371/4157 4145/4359/4145 4158/4372/4158
f 4146/4360/4146 4158/4372/4158 4145/4359/4145
f 4158/4372/4158 4146/4360/4146 4159/4373/4159
f 4147/4361/4147 4159/4373/4159 4146/4360/4146
f 4159/4373/4159 4147/4361/4147 4160/4374/4160
f 4148/4362/4148 4160/4374/4160 4147/4361/4147
f 4160/4374/4160 4148/4362/4148 4161/4375/4161
f 4149/4363/4149 4161/4375/4161 4148/4362/4148
f 4161/4375/4161 4149/4363/4149 4162/4376/4162
f 4151/4365/4151 4163/4377/4163 4150/4364/4150
f 4163/4377/4163 4151/4365/4151 4164/4378/4164
f 4152/4366/4152 4164/4378/4164 4151/4365/4151
f 4164/4378/4164 4152/4366/4152 4165/4379/4165
f 4153/4367/4153 4165/4379/4165 4152/4366/4152
f 4165/4379/4165 4153/4367/4153 4166/4380/4166
f 4154/4368/4154 4166/4380/4166 4153/4367/4153
f 4166/4380/4166 4154/4368/4154 4167/4381/4167
f 4155/4369/4155 4167/4381/4167 4154/4368/4154
f 4167/4381/4167 4155/4369/4155 4168/4382/4168
f 4156/4370/4156 4168/4382/4168 4155/4369/4155
f 4168/4382/4168 4156/4370/4156 4169/4383/4169
f 4157/4371/4157 4169/4383/4169 4156/4370/4156
f 4169/4383/4169 4157/4371/4157 4170/4384/4170
f 4158/4372/4158 4170/4384/4170 4157/4371/4157
f 4170/4384/4170 4158/4372/4158 4171/4385/4171
f 4159/4373/4159 4171/4385/4171 4158/4372/4158
f 4171/4385/4171 4159/4373/4159 4172/4386/4172
f 4160/4374/4160 4172/4386/4172 4159/4373/4159
f 4172/4386/4172 4160/4374/4160 4173/4387/4173
f 4161/4375/4161 4173/4387/4173 4160/4374/4160
f 4173/4387/4173 4161/4375/4161 4174/4388/4174
f 4162/4376/4162 4174/4388/4174 4161/4375/4161
f 4174/4388/4174 4162/4376/4162 4175/4389/4175
f 4164/4378/4164 4176/4390/4176 4163/4377/4163
f 4176/4390/4176 4164/4378/4164 4177/4391/4177
f 4165/4379/4165 4177/4391/4177 4164/4378/4164
f 4177/4391/4177 4165/4379/4165 4178/4392/4178
f 4166/4380/4166 4178/4392/4178 4165/4379/4165
f 4178/4392/4178 4166/4380/4166 4179/4393/4179
f 4167/4381/4167 4179/4393/4179 4166/4380/4166
f 4179/4393/4179 4167/4381/4167 4180/4394/4180
f 4168/4382/4168 4180/4394/4180 4167/4381/4167
f 4180/4394/4180 4168/4382/4168 4181/4395/4181
f 4169/4383/4169 4181/4395/4181 4168/4382/4168
f 4181/4395/4181 4169/4383/4169 4182/4396/4182
f 4170/4384/4170 4182/4396/4182 4169/4383/4169
f 4182/4396/4182 4170/4384/4170 4183/4397/4183
f 4171/4385/4171 4183/4397/4183 4170/4384/4170
f 4183/4397/4183 4171/4385/4171 4184/4398/4184
f 4172/4386/4172 4184/4398/4184 4171/4385/4171
f 4184/4398/4184 4172/4386/4172 4185/4399/4185
f 4173/4387/4173 4185/4399/4185 4172/4386/4172
f 4185/4399/4185 4173/4387/4173 4186/4400/4186
f 4174/4388/4174 4186/4400/4186 4173/4387/4173
f 4186/4400/4186 4174/4388/4174 4187/4401/4187
f 4175/4389/4175 4187/4401/4187 4174/4388/4174
f 4187/4401/4187 4175/4389/4175 4188/4402/4188
f 660/4403/660 656/3793/656 3635/3755/3635
f 660/4403/660 3635/3755/3635 4038/4252/4038
f 664/4404/664 660/4403/660 4038/4252/4038
f 664/4404/664 4038/4252/4038 668/4405/668
f 672/4406/672 668/4405/668 4038/4252/4038
f 672/4406/672 4038/4252/4038 4049/4263/4049
f 672/4406/672 4049/4263/4049 676/4407/676
f 680/4408/680 676/4407/676 4049/4263/4049
f 680/4408/680 4049/4263/4049 4061/4275/4061
f 680/4408/680 4061/4275/4061 4060/4274/4060
f 684/4409/684 680/4408/680 4060/4274/4060
f 688/4410/688 684/4409/684 4060/4274/4060
f 688/4410/688 4060/4274/4060 692/4411/692
f 692/4411/692 4060/4274/4060 696/4412/696
f 696/4412/696 4072/4286/4072 700/4413/700
f 696/4412/696 4073/4287/4073 4072/4286/4072
f 696/4412/696 4060/4274/4060 4073/4287/4073
f 704/4414/704 700/4413/700 4072/4286/4072
f 3766/3914/3766 4048/4262/4048 3645/3765/3645
f 4048/4262/4048 3766/3914/3766 4189/4415/4189
f 3767/3915/3767 4189/4415/4189 3766/3914/3766
f 4189/4415/4189 3767/3915/3767 4190/4416/4190
f 3768/3916/3768 4190/4416/4190 3767/3915/3767
f 4190/4416/4190 3768/3916/3768 4191/4417/4191
f 3769/3917/3769 4191/4417/4191 3768/3916/3768
f 4191/4417/4191 3769/3917/3769 4192/4418/4192
f 3770/3918/3770 4192/4418/4192 3769/3917/3769
f 4192/4418/4192 3770/3918/3770 4193/4419/4193
f 3771/3919/3771 4193/4419/4193 3770/3918/3770
f 4193/4419/4193 3771/3919/3771 4194/4420/4194
f 3772/3920/3772 4194/4420/4194 3771/3919/3771
f 4194/4420/4194 3772/3920/3772 4195/4421/4195
f 3773/3921/3773 4195/4421/4195 3772/3920/3772
f 4195/4421/4195 3773/3921/3773 4196/4422/4196
f 3774/3922/3774 4196/4422/4196 3773/3921/3773
f 4196/4422/4196 3774/3922/3774 4197/4423/4197
f 4189/4415/4189 4059/4273/4059 4048/4262/4048
f 4059/4273/4059 4189/4415/4189 4199/4425/4199
f 4190/4416/4190 4199/4425/4199 4189/4415/4189
f 4199/4425/4199 4190/4416/4190 4200/4426/4200
f 4191/4417/4191 4200/4426/4200 4190/4416/4190
f 4200/4426/4200 4191/4417/4191 4201/4427/4201
f 4192/4418/4192 4201/4427/4201 4191/4417/4191
f 4201/4427/4201 4192/4418/4192 4202/4428/4202
f 4193/4419/4193 4202/4428/4202 4192/4418/4192
f 4202/4428/4202 4193/4419/4193 4203/4429/4203
f 4194/4420/4194 4203/4429/4203 4193/4419/4193
f 4203/4429/4203 4194/4420/4194 4204/4430/4204
f 4195/4421/4195 4204/4430/4204 4194/4420/4194
f 4204/4430/4204 4195/4421/4195 4205/4431/4205
f 4196/4422/4196 4205/4431/4205 4195/4421/4195
f 4205/4431/4205 4196/4422/4196 4206/4432/4206
f 4197/4423/4197 4206/4432/4206 4196/4422/4196
f 4206/4432/4206 4197/4423/4197 4207/4433/4207
f 4198/4424/4198 4207/4433/4207 4197/4423/4197
f 4207/4433/4207 4198/4424/4198 4208/4434/4208
f 4199/4425/4199 4071/4285/4071 4059/4273/4059
f 4071/4285/4071 4199/4425/4199 4209/4435/4209
f 4200/4426/4200 4209/4435/4209 4199/4425/4199
f 4209/4435/4209 4200/4426/4200 4210/4436/4210
f 4201/4427/4201 4210/4436/4210 4200/4426/4200
f 4210/4436/4210 4201/4427/4201 4211/4437/4211
f 4202/4428/4202 4211/4437/4211 4201/4427/4201
f 4211/4437/4211 4202/4428/4202 4212/4438/4212
f 4203/4429/4203 4212/4438/4212 4202/4428/4202
f 4212/4438/4212 4203/4429/4203 4213/4439/4213
f 4204/4430/4204 4213/4439/4213 4203/4429/4203
f 4213/4439/4213 4204/4430/4204 4214/4440/4214
f 4205/4431/4205 4214/4440/4214 4204/4430/4204
f 4214/4440/4214 4205/4431/4205 4215/4441/4215
f 4206/4432/4206 4215/4441/4215 4205/4431/4205
f 4215/4441/4215 4206/4432/4206 4216/4442/4216
f 4207/4433/4207 4216/4442/4216 4206/4432/4206
f 4216/4442/4216 4207/4433/4207 4217/4443/4217
f 4208/4434/4208 4217/4443/4217 4207/4433/4207
f 4217/4443/4217 4208/4434/4208 4218/4444/4218
f 4209/4435/4209 4084/4298/4084 4071/4285/4071
f 4084/4298/4084 4209/4435/4209 4221/4447/4221
f 4210/4436/4210 4221/4447/4221 4209/4435/4209
f 4221/4447/4221 4210/4436/4210 4222/4448/4222
f 4211/4437/4211 4222/4448/4222 4210/4436/4210
f 4222/4448/4222 4211/4437/4211 4223/4449/4223
f 4212/4438/4212 4223/4449/4223 4211/4437/4211
f 4223/4449/4223 4212/4438/4212 4224/4450/4224
f 4213/4439/4213 4224/4450/4224 4212/4438/4212
f 4224/4450/4224 4213/4439/4213 4225/4451/4225
f 4214/4440/4214 4225/4451/4225 4213/4439/4213
f 4225/4451/4225 4214/4440/4214 4226/4452/4226
f 4215/4441/4215 4226/4452/4226 4214/4440/4214
f 4226/4452/4226 4215/4441/4215 4227/4453/4227
f 4216/4442/4216 4227/4453/4227 4215/4441/4215
f 4227/4453/4227 4216/4442/4216 4228/4454/4228
f 4217/4443/4217 4228/4454/4228 4216/4442/4216
f 4228/4454/4228 4217/4443/4217 4229/4455/4229
f 4218/4444/4218 4229/4455/4229 4217/4443/4217
f 4229/4455/4229 4218/4444/4218 4230/4456/4230
f 4219/4445/4219 4230/4456/4230 4218/4444/4218
f 4230/4456/4230 4219/4445/4219 4231/4457/4231
f 4220/4446/4220 4231/4457/4231 4219/4445/4219
f 4231/4457/4231 4220/4446/4220 4232/4458/4232
f 4221/4447/4221 4097/4311/4097 4084/4298/4084
f 4097/4311/4097 4221/4447/4221 4233/4459/4233
f 4222/4448/4222 4233/4459/4233 4221/4447/4221
f 4233/4459/4233 4222/4448/4222 4234/4460/4234
f 4223/4449/4223 4234/4460/4234 4222/4448/4222
f 4234/4460/4234 4223/4449/4223 4235/4461/4235
f 4224/4450/4224 4235/4461/4235 4223/4449/4223
f 4235/4461/4235 4224/4450/4224 4236/4462/4236
f 4225/4451/4225 4236/4462/4236 4224/4450/4224
f 4236/4462/4236 4225/4451/4225 4237/4463/4237
f 4226/4452/4226 4237/4463/4237 4225/4451/4225
f 4237/4463/4237 4226/4452/4226 4238/4464/4238
f 4227/4453/4227 4238/4464/4238 4226/4452/4226
f 4238/4464/4238 4227/4453/4227 4239/4465/4239
f 4228/4454/4228 4239/4465/4239 4227/4453/4227
f 4239/4465/4239 4228/4454/4228 4240/4466/4240
f 4229/4455/4229 4240/4466/4240 4228/4454/4228
f 4240/4466/4240 4229/4455/4229 4241/4467/4241
f 4230/4456/4230 4241/4467/4241 4229/4455/4229
f 4241/4467/4241 4230/4456/4230 4242/4468/4242
f 4231/4457/4231 4242/4468/4242 4230/4456/4230
f 4242/4468/4242 4231/4457/4231 4243/4469/4243
f 4232/4458/4232 4243/4469/4243 4231/4457/4231
f 4243/4469/4243 4232/4458/4232 4244/4470/4244
f 4233/4459/4233 4110/4324/4110 4097/4311/4097
f 4110/4324/4110 4233/4459/4233 4245/4471/4245
f 4234/4460/4234 4245/4471/4245 4233/4459/4233
f 4245/4471/4245 4234/4460/4234 4246/4472/4246
f 4235/4461/4235 4246/4472/4246 4234/4460/4234
f 4246/4472/4246 4235/4461/4235 4247/4473/4247
f 4236/4462/4236 4247/4473/4247 4235/4461/4235
f 4247/4473/4247 4236/4462/4236 4248/4474/4248
f 4237/4463/4237 4248/4474/4248 4236/4462/4236
f 4248/4474/4248 4237/4463/4237 4249/4475/4249
f 4238/4464/4238 4249/4475/4249 4237/4463/4237
f 4249/4475/4249 4238/4464/4238 4250/4476/4250
f 4239/4465/4239 4250/4476/4250 4238/4464/4238
f 4250/4476/4250 4239/4465/4239 4251/4477/4251
f 4240/4466/4240 4251/4477/4251 4239/4465/4239
f 4251/4477/4251 4240/4466/4240 4252/4478/4252
f 4241/4467/4241 4252/4478/4252 4240/4466/4240
f 4252/4478/4252 4241/4467/4241 4253/4479/4253
f 4242/4468/4242 4253/4479/4253 4241/4467/4241
f 4253/4479/4253 4242/4468/4242 4254/4480/4254
f 4243/4469/4243 4254/4480/4254 4242/4468/4242
f 4254/4480/4254 4243/4469/4243 4255/4481/4255
f 4244/4470/4244 4255/4481/4255 4243/4469/4243
f 4255/4481/4255 4244/4470/4244 4256/4482/4256
f 4245/4471/4245 4123/4337/4123 4110/4324/4110
f 4123/4337/4123 4245/4471/4245 4257/4483/4257
f 4246/4472/4246 4257/4483/4257 4245/4471/4245
f 4257/4483/4257 4246/4472/4246 4258/4484/4258
f 4247/4473/4247 4258/4484/4258 4246/4472/4246
f 4258/4484/4258 4247/4473/4247 4259/4485/4259
f 4248/4474/4248 4259/4485/4259 4247/4473/4247
f 4259/4485/4259 4248/4474/4248 4260/4486/4260
f 4249/4475/4249 4260/4486/4260 4248/4474/4248
f 4260/4486/4260 4249/4475/4249 4261/4487/4261
f 4250/4476/4250 4261/4487/4261 4249/4475/4249
f 4261/4487/4261 4250/4476/4250 4262/4488/4262
f 4251/4477/4251 4262/4488/4262 4250/4476/4250
f 4262/4488/4262 4251/4477/4251 4263/4489/4263
f 4252/4478/4252 4263/4489/4263 4251/4477/4251
f 4263/4489/4263 4252/4478/4252 4264/4490/4264
f 4253/4479/4253 4264/4490/4264 4252/4478/4252
f 4264/4490/4264 4253/4479/4253 4265/4491/4265
f 4254/4480/4254 4265/4491/4265 4253/4479/4253
f 4265/4491/4265 4254/4480/4254 4266/4492/4266
f 4255/4481/4255 4266/4492/4266 4254/4480/4254
f 4266/4492/4266 4255/4481/4255 4267/4493/4267
f 4256/4482/4256 4267/4493/4267 4255/4481/4255
f 4267/4493/4267 4256/4482/4256 4268/4494/4268
f 4257/4483/4257 4136/4350/4136 4123/4337/4123
f 4136/4350/4136 4257/4483/4257 4269/4495/4269
f 4258/4484/4258 4269/4495/4269 4257/4483/4257
f 4269/4495/4269 4258/4484/4258 4270/4496/4270
f 4259/4485/4259 4270/4496/4270 4258/4484/4258
f 4270/4496/4270 4259/4485/4259 4271/4497/4271
f 4260/4486/4260 4271/4497/4271 4259/4485/4259
f 4271/4497/4271 4260/4486/4260 4272/4498/4272
f 4261/4487/4261 4272/4498/4272 4260/4486/4260
f 4272/4498/4272 4261/4487/4261 4273/4499/4273
f 4262/4488/4262 4273/4499/4273 4261/4487/4261
f 4273/4499/4273 4262/4488/4262 4274/4500/4274
f 4263/4489/4263 4274/4500/4274 4262/4488/4262
f 4274/4500/4274 4263/4489/4263 4275/4501/4275
f 4264/4490/4264 4275/4501/4275 4263/4489/4263
f 4275/4501/4275 4264/4490/4264 4276/4502/4276
f 4265/4491/4265 4276/4502/4276 4264/4490/4264
f 4276/4502/4276 4265/4491/4265 4277/4503/4277
f 4266/4492/4266 4277/4503/4277 4265/4491/4265
f 4277/4503/4277 4266/4492/4266 4278/4504/4278
f 4267/4493/4267 4278/4504/4278 4266/4492/4266
f 4278/4504/4278 4267/4493/4267 4279/4505/4279
f 4268/4494/4268 4279/4505/4279 4267/4493/4267
f 4279/4505/4279 4268/4494/4268 4280/4506/4280
f 4269/4495/4269 4149/4363/4149 4136/4350/4136
f 4149/4363/4149 4269/4495/4269 4281/4507/4281
f 4270/4496/4270 4281/4507/4281 4269/4495/4269
f 4281/4507/4281 4270/4496/4270 4282/4508/4282
f 4271/4497/4271 4282/4508/4282 4270/4496/4270
f 4282/4508/4282 4271/4497/4271 4283/4509/4283
f 4272/4498/4272 4283/4509/4283 4271/4497/4271
f 4283/4509/4283 4272/4498/4272 4284/4510/4284
f 4273/4499/4273 4284/4510/4284 4272/4498/4272
f 4284/4510/4284 4273/4499/4273 4285/4511/4285
f 4274/4500/4274 4285/4511/4285 4273/4499/4273
f 4285/4511/4285 4274/4500/4274 4286/4512/4286
f 4275/4501/4275 4286/4512/4286 4274/4500/4274
f 4286/4512/4286 4275/4501/4275 4287/4513/4287
f 4276/4502/4276 4287/4513/4287 4275/4501/4275
f 4287/4513/4287 4276/4502/4276 4288/4514/4288
f 4277/4503/4277 4288/4514/4288 4276/4502/4276
f 4288/4514/4288 4277/4503/4277 4289/4515/4289
f 4278/4504/4278 4289/4515/4289 4277/4503/4277
f 4289/4515/4289 4278/4504/4278 4290/4516/4290
f 4279/4505/4279 4290/4516/4290 4278/4504/4278
f 4290/4516/4290 4279/4505/4279 4291/4517/4291
f 4280/4506/4280 4291/4517/4291 4279/4505/4279
f 4291/4517/4291 4280/4506/4280 4292/4518/4292
f 4281/4507/4281 4162/4376/4162 4149/4363/4149
f 4162/4376/4162 4281/4507/4281 4293/4519/4293
f 4282/4508/4282 4293/4519/4293 4281/4507/4281
f 4293/4519/4293 4282/4508/4282 4294/4520/4294
f 4283/4509/4283 4294/4520/4294 4282/4508/4282
f 4294/4520/4294 4283/4509/4283 4295/4521/4295
f 4284/4510/4284 4295/4521/4295 4283/4509/4283
f 4295/4521/4295 4284/4510/4284 4296/4522/4296
f 4285/4511/4285 4296/4522/4296 4284/4510/4284
f 4296/4522/4296 4285/4511/4285 4297/4523/4297
f 4286/4512/4286 4297/4523/4297 4285/4511/4285
f 4297/4523/4297 4286/4512/4286 4298/4524/4298
f 4287/4513/4287 4298/4524/4298 4286/4512/4286
f 4298/4524/4298 4287/4513/4287 4299/4525/4299
f 4288/4514/4288 4299/4525/4299 4287/4513/4287
f 4299/4525/4299 4288/4514/4288 4300/4526/4300
f 4289/4515/4289 4300/4526/4300 4288/4514/4288
f 4300/4526/4300 4289/4515/4289 4301/4527/4301
f 4290/4516/4290 4301/4527/4301 4289/4515/4289
f 4301/4527/4301 4290/4516/4290 4302/4528/4302
f 4291/4517/4291 4302/4528/4302 4290/4516/4290
f 4302/4528/4302 4291/4517/4291 4303/4529/4303
f 4292/4518/4292 4303/4529/4303 4291/4517/4291
f 4303/4529/4303 4292/4518/4292 4304/4530/4304
f 4293/4519/4293 4175/4389/4175 4162/4376/4162
f 4175/4389/4175 4293/4519/4293 4305/4531/4305
f 4294/4520/4294 4305/4531/4305 4293/4519/4293
f 4305/4531/4305 4294/4520/4294 4306/4532/4306
f 4295/4521/4295 4306/4532/4306 4294/4520/4294
f 4306/4532/4306 4295/4521/4295 4307/4533/4307
f 4296/4522/4296 4307/4533/4307 4295/4521/4295
f 4307/4533/4307 4296/4522/4296 4308/4534/4308
f 4297/4523/4297 4308/4534/4308 4296/4522/4296
f 4308/4534/4308 4297/4523/4297 4309/4535/4309
f 4298/4524/4298 4309/4535/4309 4297/4523/4297
f 4309/4535/4309 4298/4524/4298 4310/4536/4310
f 4299/4525/4299 4310/4536/4310 4298/4524/4298
f 4310/4536/4310 4299/4525/4299 4311/4537/4311
f 4300/4526/4300 4311/4537/4311 4299/4525/4299
f 4311/4537/4311 4300/4526/4300 4312/4538/4312
f 4301/4527/4301 4312/4538/4312 4300/4526/4300
f 4312/4538/4312 4301/4527/4301 4313/4539/4313
f 4302/4528/4302 4313/4539/4313 4301/4527/4301
f 4313/4539/4313 4302/4528/4302 4314/4540/4314
f 4303/4529/4303 4314/4540/4314 4302/4528/4302
f 4314/4540/4314 4303/4529/4303 4315/4541/4315
f 4304/4530/4304 4315/4541/4315 4303/4529/4303
f 4315/4541/4315 4304/4530/4304 4316/4542/4316
f 4305/4531/4305 4188/4402/4188 4175/4389/4175
f 4188/4402/4188 4305/4531/4305 4317/4543/4317
f 4306/4532/4306 4317/4543/4317 4305/4531/4305
f 4317/4543/4317 4306/4532/4306 4318/4544/4318
f 4307/4533/4307 4318/4544/4318 4306/4532/4306
f 4318/4544/4318 4307/4533/4307 4319/4545/4319
f 4308/4534/4308 4319/4545/4319 4307/4533/4307
f 4319/4545/4319 4308/4534/4308 4320/4546/4320
f 4309/4535/4309 4320/4546/4320 4308/4534/4308
f 4320/4546/4320 4309/4535/4309 4321/4547/4321
f 4310/4536/4310 4321/4547/4321 4309/4535/4309
f 4321/4547/4321 4310/4536/4310 4322/4548/4322
f 4311/4537/4311 4322/4548/4322 4310/4536/4310
f 4322/4548/4322 4311/4537/4311 4323/4549/4323
f 4312/4538/4312 4323/4549/4323 4311/4537/4311
f 4323/4549/4323 4312/4538/4312 4324/4550/4324
f 4313/4539/4313 4324/4550/4324 4312/4538/4312
f 4324/4550/4324 4313/4539/4313 4325/4551/4325
f 4314/4540/4314 4325/4551/4325 4313/4539/4313
f 4325/4551/4325 4314/4540/4314 4326/4552/4326
f 4315/4541/4315 4326/4552/4326 4314/4540/4314
f 4326/4552/4326 4315/4541/4315 4327/4553/4327
f 4316/4542/4316 4327/4553/4327 4315/4541/4315
f 4327/4553/4327 4316/4542/4316 4328/4554/4328
f 1454/4555/1454 3774/3922/3774 1450/3938/1450
f 1454/4555/1454 4197/4423/4197 3774/3922/3774
f 1454/4555/1454 4198/4424/4198 4197/4423/4197
f 1458/4556/1458 4198/4424/4198 1454/4555/1454
f 1458/4556/1458 1462/4557/1462 4198/4424/4198
f 1462/4557/1462 1466/4558/1466 4208/4434/4208
f 1462/4557/1462 4208/4434/4208 4198/4424/4198
f 1466/4558/1466 1470/4559/1470 4208/4434/4208
f 1474/4560/1474 4208/4434/4208 1470/4559/1470
f 1474/4560/1474 4218/4444/4218 4208/4434/4208
f 1474/4560/1474 4219/4445/4219 4218/4444/4218
f 1478/4561/1478 4219/4445/4219 1474/4560/1474
f 1482/4562/1482 4219/4445/4219 1478/4561/1478
f 1482/4562/1482 1486/4563/1486 4219/4445/4219
f 1490/4564/1490 4219/4445/4219 1486/4563/1486
f 1490/4564/1490 4220/4446/4220 4219/4445/4219
f 4329/4565/4329 3901/4065/3901 3900/4064/3900
f 3901/4065/3901 4329/4565/4329 4330/4566/4330
f 4330/4566/4330 3902/4066/3902 3901/4065/3901
f 3902/4066/3902 4330/4566/4330 4331/4567/4331
f 4331/4567/4331 3903/4067/3903 3902/4066/3902
f 3903/4067/3903 4331/4567/4331 4332/4568/4332
f 4332/4568/4332 3904/4068/3904 3903/4067/3903
f 3904/4068/3904 4332/4568/4332 4333/4569/4333
f 4333/4569/4333 3905/4069/3905 3904/4068/3904
f 3905/4069/3905 4333/4569/4333 4334/4570/4334
f 4334/4570/4334 3906/4070/3906 3905/4069/3905
f 3906/4070/3906 4334/4570/4334 4335/4571/4335
f 4335/4571/4335 3907/4071/3907 3906/4070/3906
f 3907/4071/3907 4335/4571/4335 4336/4572/4336
f 4336/4572/4336 3908/4072/3908 3907/4071/3907
f 3908/4072/3908 4336/4572/4336 4337/4573/4337
f 4337/4573/4337 3909/4073/3909 3908/4072/3908
f 3909/4073/3909 4337/4573/4337 4338/4574/4338
f 4340/4576/4340 4330/4566/4330 4329/4565/4329
f 4330/4566/4330 4340/4576/4340 4341/4577/4341
f 4341/4577/4341 4331/4567/4331 4330/4566/4330
f 4331/4567/4331 4341/4577/4341 4342/4578/4342
f 4342/4578/4342 4332/4568/4332 4331/4567/4331
f 4332/4568/4332 4342/4578/4342 4343/4579/4343
f 4343/4579/4343 4333/4569/4333 4332/4568/4332
f 4333/4569/4333 4343/4579/4343 4344/4580/4344
f 4344/4580/4344 4334/4570/4334 4333/4569/4333
f 4334/4570/4334 4344/4580/4344 4345/4581/4345
f 4345/4581/4345 4335/4571/4335 4334/4570/4334
f 4335/4571/4335 4345/4581/4345 4346/4582/4346
f 4346/4582/4346 4336/4572/4336 4335/4571/4335
f 4336/4572/4336 4346/4582/4346 4347/4583/4347
f 4347/4583/4347 4337/4573/4337 4336/4572/4336
f 4337/4573/4337 4347/4583/4347 4348/4584/4348
f 4348/4584/4348 4338/4574/4338 4337/4573/4337
f 4338/4574/4338 4348/4584/4348 4349/4585/4349
f 4349/4585/4349 4339/4575/4339 4338/4574/4338
f 4339/4575/4339 4349/4585/4349 4350/4586/4350
f 4351/4587/4351 4341/4577/4341 4340/4576/4340
f 4341/4577/4341 4351/4587/4351 4352/4588/4352
f 4352/4588/4352 4342/4578/4342 4341/4577/4341
f 4342/4578/4342 4352/4588/4352 4353/4589/4353
f 4353/4589/4353 4343/4579/4343 4342/4578/4342
f 4343/4579/4343 4353/4589/4353 4354/4590/4354
f 4354/4590/4354 4344/4580/4344 4343/4579/4343
f 4344/4580/4344 4354/4590/4354 4355/4591/4355
f 4355/4591/4355 4345/4581/4345 4344/4580/4344
f 4345/4581/4345 4355/4591/4355 4356/4592/4356
f 4356/4592/4356 4346/4582/4346 4345/4581/4345
f 4346/4582/4346 4356/4592/4356 4357/4593/4357
f 4357/4593/4357 4347/4583/4347 4346/4582/4346
f 4347/4583/4347 4357/4593/4357 4358/4594/4358
f 4358/4594/4358 4348/4584/4348 4347/4583/4347
f 4348/4584/4348 4358/4594/4358 4359/4595/4359
f 4359/4595/4359 4349/4585/4349 4348/4584/4348
f 4349/4585/4349 4359/4595/4359 4360/4596/4360
f 4360/4596/4360 4350/4586/4350 4349/4585/4349
f 4350/4586/4350 4360/4596/4360 4361/4597/4361
f 4363/4599/4363 4352/4588/4352 4351/4587/4351
f 4352/4588/4352 4363/4599/4363 4364/4600/4364
f 4364/4600/4364 4353/4589/4353 4352/4588/4352
f 4353/4589/4353 4364/4600/4364 4365/4601/4365
f 4365/4601/4365 4354/4590/4354 4353/4589/4353
f 4354/4590/4354 4365/4601/4365 4366/4602/4366
f 4366/4602/4366 4355/4591/4355 4354/4590/4354
f 4355/4591/4355 4366/4602/4366 4367/4603/4367
f 4367/4603/4367 4356/4592/4356 4355/4591/4355
f 4356/4592/4356 4367/4603/4367 4368/4604/4368
f 4368/4604/4368 4357/4593/4357 4356/4592/4356
f 4357/4593/4357 4368/4604/4368 4369/4605/4369
f 4369/4605/4369 4358/4594/4358 4357/4593/4357
f 4358/4594/4358 4369/4605/4369 4370/4606/4370
f 4370/4606/4370 4359/4595/4359 4358/4594/4358
f 4359/4595/4359 4370/4606/4370 4371/4607/4371
f 4371/4607/4371 4360/4596/4360 4359/4595/4359
f 4360/4596/4360 4371/4607/4371 4372/4608/4372
f 4372/4608/4372 4361/4597/4361 4360/4596/4360
f 4361/4597/4361 4372/4608/4372 4373/4609/4373
f 4373/4609/4373 4362/4598/4362 4361/4597/4361
f 4362/4598/4362 4373/4609/4373 4374/4610/4374
f 4374/4610/4374 4220/4446/4220 4362/4598/4362
f 4220/4446/4220 4374/4610/4374 4232/4458/4232
f 4375/4611/4375 4364/4600/4364 4363/4599/4363
f 4364/4600/4364 4375/4611/4375 4376/4612/4376
f 4376/4612/4376 4365/4601/4365 4364/4600/4364
f 4365/4601/4365 4376/4612/4376 4377/4613/4377
f 4377/4613/4377 4366/4602/4366 4365/4601/4365
f 4366/4602/4366 4377/4613/4377 4378/4614/4378
f 4378/4614/4378 4367/4603/4367 4366/4602/4366
f 4367/4603/4367 4378/4614/4378 4379/4615/4379
f 4379/4615/4379 4368/4604/4368 4367/4603/4367
f 4368/4604/4368 4379/4615/4379 4380/4616/4380
f 4380/4616/4380 4369/4605/4369 4368/4604/4368
f 4369/4605/4369 4380/4616/4380 4381/4617/4381
f 4381/4617/4381 4370/4606/4370 4369/4605/4369
f 4370/4606/4370 4381/4617/4381 4382/4618/4382
f 4382/4618/4382 4371/4607/4371 4370/4606/4370
f 4371/4607/4371 4382/4618/4382 4383/4619/4383
f 4383/4619/4383 4372/4608/4372 4371/4607/4371
f 4372/4608/4372 4383/4619/4383 4384/4620/4384
f 4384/4620/4384 4373/4609/4373 4372/4608/4372
f 4373/4609/4373 4384/4620/4384 4385/4621/4385
f 4385/4621/4385 4374/4610/4374 4373/4609/4373
f 4374/4610/4374 4385/4621/4385 4386/4622/4386
f 4386/4622/4386 4232/4458/4232 4374/4610/4374
f 4232/4458/4232 4386/4622/4386 4244/4470/4244
f 4387/4623/4387 4376/4612/4376 4375/4611/4375
f 4376/4612/4376 4387/4623/4387 4388/4624/4388
f 4388/4624/4388 4377/4613/4377 4376/4612/4376
f 4377/4613/4377 4388/4624/4388 4389/4625/4389
f 4389/4625/4389 4378/4614/4378 4377/4613/4377
f 4378/4614/4378 4389/4625/4389 4390/4626/4390
f 4390/4626/4390 4379/4615/4379 4378/4614/4378
f 4379/4615/4379 4390/4626/4390 4391/4627/4391
f 4391/4627/4391 4380/4616/4380 4379/4615/4379
f 4380/4616/4380 4391/4627/4391 4392/4628/4392
f 4392/4628/4392 4381/4617/4381 4380/4616/4380
f 4381/4617/4381 4392/4628/4392 4393/4629/4393
f 4393/4629/4393 4382/4618/4382 4381/4617/4381
f 4382/4618/4382 4393/4629/4393 4394/4630/4394
f 4394/4630/4394 4383/4619/4383 4382/4618/4382
f 4383/4619/4383 4394/4630/4394 4395/4631/4395
f 4395/4631/4395 4384/4620/4384 4383/4619/4383
f 4384/4620/4384 4395/4631/4395 4396/4632/4396
f 4396/4632/4396 4385/4621/4385 4384/4620/4384
f 4385/4621/4385 4396/4632/4396 4397/4633/4397
f 4397/4633/4397 4386/4622/4386 4385/4621/4385
f 4386/4622/4386 4397/4633/4397 4398/4634/4398
f 4398/4634/4398 4244/4470/4244 4386/4622/4386
f 4244/4470/4244 4398/4634/4398 4256/4482/4256
f 4399/4635/4399 4388/4624/4388 4387/4623/4387
f 4388/4624/4388 4399/4635/4399 4400/4636/4400
f 4400/4636/4400 4389/4625/4389 4388/4624/4388
f 4389/4625/4389 4400/4636/4400 4401/4637/4401
f 4401/4637/4401 4390/4626/4390 4389/4625/4389
f 4390/4626/4390 4401/4637/4401 4402/4638/4402
f 4402/4638/4402 4391/4627/4391 4390/4626/4390
f 4391/4627/4391 4402/4638/4402 4403/4639/4403
f 4403/4639/4403 4392/4628/4392 4391/4627/4391
f 4392/4628/4392 4403/4639/4403 4404/4640/4404
f 4404/4640/4404 4393/4629/4393 4392/4628/4392
f 4393/4629/4393 4404/4640/4404 4405/4641/4405
f 4405/4641/4405 4394/4630/4394 4393/4629/4393
f 4394/4630/4394 4405/4641/4405 4406/4642/4406
f 4406/4642/4406 4395/4631/4395 4394/4630/4394
f 4395/4631/4395 4406/4642/4406 4407/4643/4407
f 4407/4643/4407 4396/4632/4396 4395/4631/4395
f 4396/4632/4396 4407/4643/4407 4408/4644/4408
f 4408/4644/4408 4397/4633/4397 4396/4632/4396
f 4397/4633/4397 4408/4644/4408 4409/4645/4409
f 4409/4645/4409 4398/4634/4398 4397/4633/4397
f 4398/4634/4398 4409/4645/4409 4410/4646/4410
f 4410/4646/4410 4256/4482/4256 4398/4634/4398
f 4256/4482/4256 4410/4646/4410 4268/4494/4268
f 4411/4647/4411 4400/4636/4400 4399/4635/4399
f 4400/4636/4400 4411/4647/4411 4412/4648/4412
f 4412/4648/4412 4401/4637/4401 4400/4636/4400
f 4401/4637/4401 4412/4648/4412 4413/4649/4413
f 4413/4649/4413 4402/4638/4402 4401/4637/4401
f 4402/4638/4402 4413/4649/4413 4414/4650/4414
f 4414/4650/4414 4403/4639/4403 4402/4638/4402
f 4403/4639/4403 4414/4650/4414 4415/4651/4415
f 4415/4651/4415 4404/4640/4404 4403/4639/4403
f 4404/4640/4404 4415/4651/4415 4416/4652/4416
f 4416/4652/4416 4405/4641/4405 4404/4640/4404
f 4405/4641/4405 4416/4652/4416 4417/4653/4417
f 4417/4653/4417 4406/4642/4406 4405/4641/4405
f 4406/4642/4406 4417/4653/4417 4418/4654/4418
f 4418/4654/4418 4407/4643/4407 4406/4642/4406
f 4407/4643/4407 4418/4654/4418 4419/4655/4419
f 4419/4655/4419 4408/4644/4408 4407/4643/4407
f 4408/4644/4408 4419/4655/4419 4420/4656/4420
f 4420/4656/4420 4409/4645/4409 4408/4644/4408
f 4409/4645/4409 4420/4656/4420 4421/4657/4421
f 4421/4657/4421 4410/4646/4410 4409/4645/4409
f 4410/4646/4410 4421/4657/4421 4422/4658/4422
f 4422/4658/4422 4268/4494/4268 4410/4646/4410
f 4268/4494/4268 4422/4658/4422 4280/4506/4280
f 4423/4659/4423 4412/4648/4412 4411/4647/4411
f 4412/4648/4412 4423/4659/4423 4424/4660/4424
f 4424/4660/4424 4413/4649/4413 4412/4648/4412
f 4413/4649/4413 4424/4660/4424 4425/4661/4425
f 4425/4661/4425 4414/4650/4414 4413/4649/4413
f 4414/4650/4414 4425/4661/4425 4426/4662/4426
f 4426/4662/4426 4415/4651/4415 4414/4650/4414
f 4415/4651/4415 4426/4662/4426 4427/4663/4427
f 4427/4663/4427 4416/4652/4416 4415/4651/4415
f 4416/4652/4416 4427/4663/4427 4428/4664/4428
f 4428/4664/4428 4417/4653/4417 4416/4652/4416
f 4417/4653/4417 4428/4664/4428 4429/4665/4429
f 4429/4665/4429 4418/4654/4418 4417/4653/4417
f 4418/4654/4418 4429/4665/4429 4430/4666/4430
f 4430/4666/4430 4419/4655/4419 4418/4654/4418
f 4419/4655/4419 4430/4666/4430 4431/4667/4431
f 4431/4667/4431 4420/4656/4420 4419/4655/4419
f 4420/4656/4420 4431/4667/4431 4432/4668/4432
f 4432/4668/4432 4421/4657/4421 4420/4656/4420
f 4421/4657/4421 4432/4668/4432 4433/4669/4433
f 4433/4669/4433 4422/4658/4422 4421/4657/4421
f 4422/4658/4422 4433/4669/4433 4434/4670/4434
f 4434/4670/4434 4280/4506/4280 4422/4658/4422
f 4280/4506/4280 4434/4670/4434 4292/4518/4292
f 4435/4671/4435 4424/4660/4424 4423/4659/4423
f 4424/4660/4424 4435/4671/4435 4436/4672/4436
f 4436/4672/4436 4425/4661/4425 4424/4660/4424
f 4425/4661/4425 4436/4672/4436 4437/4673/4437
f 4437/4673/4437 4426/4662/4426 4425/4661/4425
f 4426/4662/4426 4437/4673/4437 4438/4674/4438
f 4438/4674/4438 4427/4663/4427 4426/4662/4426
f 4427/4663/4427 4438/4674/4438 4439/4675/4439
f 4439/4675/4439 4428/4664/4428 4427/4663/4427
f 4428/4664/4428 4439/4675/4439 4440/4676/4440
f 4440/4676/4440 4429/4665/4429 4428/4664/4428
f 4429/4665/4429 4440/4676/4440 4441/4677/4441
f 4441/4677/4441 4430/4666/4430 4429/4665/4429
f 4430/4666/4430 4441/4677/4441 4442/4678/4442
f 4442/4678/4442 4431/4667/4431 4430/4666/4430
f 4431/4667/4431 4442/4678/4442 4443/4679/4443
f 4443/4679/4443 4432/4668/4432 4431/4667/4431
f 4432/4668/4432 4443/4679/4443 4444/4680/4444
f 4444/4680/4444 4433/4669/4433 4432/4668/4432
f 4433/4669/4433 4444/4680/4444 4445/4681/4445
f 4445/4681/4445 4434/4670/4434 4433/4669/4433
f 4434/4670/4434 4445/4681/4445 4446/4682/4446
f 4446/4682/4446 4292/4518/4292 4434/4670/4434
f 4292/4518/4292 4446/4682/4446 4304/4530/4304
f 4447/4683/4447 4436/4672/4436 4435/4671/4435
f 4436/4672/4436 4447/4683/4447 4448/4684/4448
f 4448/4684/4448 4437/4673/4437 4436/4672/4436
f 4437/4673/4437 4448/4684/4448 4449/4685/4449
f 4449/4685/4449 4438/4674/4438 4437/4673/4437
f 4438/4674/4438 4449/4685/4449 4450/4686/4450
f 4450/4686/4450 4439/4675/4439 4438/4674/4438
f 4439/4675/4439 4450/4686/4450 4451/4687/4451
f 4451/4687/4451 4440/4676/4440 4439/4675/4439
f 4440/4676/4440 4451/4687/4451 4452/4688/4452
f 4452/4688/4452 4441/4677/4441 4440/4676/4440
f 4441/4677/4441 4452/4688/4452 4453/4689/4453
f 4453/4689/4453 4442/4678/4442 4441/4677/4441
f 4442/4678/4442 4453/4689/4453 4454/4690/4454
f 4454/4690/4454 4443/4679/4443 4442/4678/4442
f 4443/4679/4443 4454/4690/4454 4455/4691/4455
f 4455/4691/4455 4444/4680/4444 4443/4679/4443
f 4444/4680/4444 4455/4691/4455 4456/4692/4456
f 4456/4692/4456 4445/4681/4445 4444/4680/4444
f 4445/4681/4445 4456/4692/4456 4457/4693/4457
f 4457/4693/4457 4446/4682/4446 4445/4681/4445
f 4446/4682/4446 4457/4693/4457 4458/4694/4458
f 4458/4694/4458 4304/4530/4304 4446/4682/4446
f 4304/4530/4304 4458/4694/4458 4316/4542/4316
f 4459/4695/4459 4448/4684/4448 4447/4683/4447
f 4448/4684/4448 4459/4695/4459 4460/4696/4460
f 4460/4696/4460 4449/4685/4449 4448/4684/4448
f 4449/4685/4449 4460/4696/4460 4461/4697/4461
f 4461/4697/4461 4450/4686/4450 4449/4685/4449
f 4450/4686/4450 4461/4697/4461 4462/4698/4462
f 4462/4698/4462 4451/4687/4451 4450/4686/4450
f 4451/4687/4451 4462/4698/4462 4463/4699/4463
f 4463/4699/4463 4452/4688/4452 4451/4687/4451
f 4452/4688/4452 4463/4699/4463 4464/4700/4464
f 4464/4700/4464 4453/4689/4453 4452/4688/4452
f 4453/4689/4453 4464/4700/4464 4465/4701/4465
f 4465/4701/4465 4454/4690/4454 4453/4689/4453
f 4454/4690/4454 4465/4701/4465 4466/4702/4466
f 4466/4702/4466 4455/4691/4455 4454/4690/4454
f 4455/4691/4455 4466/4702/4466 4467/4703/4467
f 4467/4703/4467 4456/4692/4456 4455/4691/4455
f 4456/4692/4456 4467/4703/4467 4468/4704/4468
f 4468/4704/4468 4457/4693/4457 4456/4692/4456
f 4457/4693/4457 4468/4704/4468 4469/4705/4469
f 4469/4705/4469 4458/4694/4458 4457/4693/4457
f 4458/4694/4458 4469/4705/4469 4470/4706/4470
f 4470/4706/4470 4316/4542/4316 4458/4694/4458
f 4316/4542/4316 4470/4706/4470 4328/4554/4328
f 1685/4088/1685 3909/4073/3909 1689/4707/1689
f 3909/4073/3909 4338/4574/4338 1689/4707/1689
f 4338/4574/4338 4339/4575/4339 1689/4707/1689
f 1689/4707/1689 4339/4575/4339 1693/4708/1693
f 4339/4575/4339 1697/4709/1697 1693/4708/1693
f 4350/4586/4350 1701/4710/1701 1697/4709/1697
f 4339/4575/4339 4350/4586/4350 1697/4709/1697
f 4350/4586/4350 1705/4711/1705 1701/4710/1701
f 1705/4711/1705 4350/4586/4350 1709/4712/1709
f 4350/4586/4350 4361/4597/4361 1709/4712/1709
f 4361/4597/4361 4362/4598/4362 1709/4712/1709
f 1709/4712/1709 4362/4598/4362 1713/4713/1713
f 1713/4713/1713 4362/4598/4362 1717/4714/1717
f 4362/4598/4362 1721/4715/1721 1717/4714/1717
f 1721/4715/1721 4362/4598/4362 1490/4564/1490
f 4362/4598/4362 4220/4446/4220 1490/4564/1490
f 4471/4716/4471 4029/4215/4029 4028/4214/4028
f 4029/4215/4029 4471/4716/4471 4472/4717/4472
f 4472/4717/4472 4030/4216/4030 4029/4215/4029
f 4030/4216/4030 4472/4717/4472 4473/4718/4473
f 4473/4718/4473 4031/4217/4031 4030/4216/4030
f 4031/4217/4031 4473/4718/4473 4474/4719/4474
f 4474/4719/4474 4032/4218/4032 4031/4217/4031
f 4032/4218/4032 4474/4719/4474 4475/4720/4475
f 4475/4720/4475 4033/4219/4033 4032/4218/4032
f 4033/4219/4033 4475/4720/4475 4476/4721/4476
f 4476/4721/4476 4034/4220/4034 4033/4219/4033
f 4034/4220/4034 4476/4721/4476 4477/4722/4477
f 4477/4722/4477 4035/4221/4035 4034/4220/4034
f 4035/4221/4035 4477/4722/4477 4478/4723/4478
f 4478/4723/4478 4036/4222/4036 4035/4221/4035
f 4036/4222/4036 4478/4723/4478 4479/4724/4479
f 4479/4724/4479 4037/4223/4037 4036/4222/4036
f 4037/4223/4037 4479/4724/4479 4480/4725/4480
f 4480/4725/4480 3900/4064/3900 4037/4223/4037
f 3900/4064/3900 4480/4725/4480 4329/4565/4329
f 4481/4726/4481 4472/4717/4472 4471/4716/4471
f 4472/4717/4472 4481/4726/4481 4482/4727/4482
f 4482/4727/4482 4473/4718/4473 4472/4717/4472
f 4473/4718/4473 4482/4727/4482 4483/4728/4483
f 4483/4728/4483 4474/4719/4474 4473/4718/4473
f 4474/4719/4474 4483/4728/4483 4484/4729/4484
f 4484/4729/4484 4475/4720/4475 4474/4719/4474
f 4475/4720/4475 4484/4729/4484 4485/4730/4485
f 4485/4730/4485 4476/4721/4476 4475/4720/4475
f 4476/4721/4476 4485/4730/4485 4486/4731/4486
f 4486/4731/4486 4477/4722/4477 4476/4721/4476
f 4477/4722/4477 4486/4731/4486 4487/4732/4487
f 4487/4732/4487 4478/4723/4478 4477/4722/4477
f 4478/4723/4478 4487/4732/4487 4488/4733/4488
f 4488/4733/4488 4479/4724/4479 4478/4723/4478
f 4479/4724/4479 4488/4733/4488 4489/4734/4489
f 4489/4734/4489 4480/4725/4480 4479/4724/4479
f 4480/4725/4480 4489/4734/4489 4490/4735/4490
f 4490/4735/4490 4329/4565/4329 4480/4725/4480
f 4329/4565/4329 4490/4735/4490 4340/4576/4340
f 4492/4737/4492 4482/4727/4482 4481/4726/4481
f 4482/4727/4482 4492/4737/4492 4493/4738/4493
f 4493/4738/4493 4483/4728/4483 4482/4727/4482
f 4483/4728/4483 4493/4738/4493 4494/4739/4494
f 4494/4739/4494 4484/4729/4484 4483/4728/4483
f 4484/4729/4484 4494/4739/4494 4495/4740/4495
f 4495/4740/4495 4485/4730/4485 4484/4729/4484
f 4485/4730/4485 4495/4740/4495 4496/4741/4496
f 4496/4741/4496 4486/4731/4486 4485/4730/4485
f 4486/4731/4486 4496/4741/4496 4497/4742/4497
f 4497/4742/4497 4487/4732/4487 4486/4731/4486
f 4487/4732/4487 4497/4742/4497 4498/4743/4498
f 4498/4743/4498 4488/4733/4488 4487/4732/4487
f 4488/4733/4488 4498/4743/4498 4499/4744/4499
f 4499/4744/4499 4489/4734/4489 4488/4733/4488
f 4489/4734/4489 4499/4744/4499 4500/4745/4500
f 4500/4745/4500 4490/4735/4490 4489/4734/4489
f 4490/4735/4490 4500/4745/4500 4501/4746/4501
f 4501/4746/4501 4340/4576/4340 4490/4735/4490
f 4340/4576/4340 4501/4746/4501 4351/4587/4351
f 4502/4748/4502 4492/4737/4492 4491/4736/4491
f 4492/4737/4492 4502/4748/4502 4503/4749/4503
f 4503/4749/4503 4493/4738/4493 4492/4737/4492
f 4493/4738/4493 4503/4749/4503 4504/4750/4504
f 4504/4750/4504 4494/4739/4494 4493/4738/4493
f 4494/4739/4494 4504/4750/4504 4505/4751/4505
f 4505/4751/4505 4495/4740/4495 4494/4739/4494
f 4495/4740/4495 4505/4751/4505 4506/4752/4506
f 4506/4752/4506 4496/4741/4496 4495/4740/4495
f 4496/4741/4496 4506/4752/4506 4507/4753/4507
f 4507/4753/4507 4497/4742/4497 4496/4741/4496
f 4497/4742/4497 4507/4753/4507 4508/4754/4508
f 4508/4754/4508 4498/4743/4498 4497/4742/4497
f 4498/4743/4498 4508/4754/4508 4509/4755/4509
f 4509/4755/4509 4499/4744/4499 4498/4743/4498
f 4499/4744/4499 4509/4755/4509 4510/4756/4510
f 4510/4756/4510 4500/4745/4500 4499/4744/4499
f 4500/4745/4500 4510/4756/4510 4511/4757/4511
f 4511/4757/4511 4501/4746/4501 4500/4745/4500
f 4501/4746/4501 4511/4757/4511 4512/4758/4512
f 4512/4758/4512 4351/4587/4351 4501/4746/4501
f 4351/4587/4351 4512/4758/4512 4363/4599/4363
f 4085/4759/4085 4502/4748/4502 4072/4747/4072
f 4502/4748/4502 4085/4759/4085 4513/4760/4513
f 4513/4760/4513 4503/4749/4503 4502/4748/4502
f 4503/4749/4503 4513/4760/4513 4514/4761/4514
f 4514/4761/4514 4504/4750/4504 4503/4749/4503
f 4504/4750/4504 4514/4761/4514 4515/4762/4515
f 4515/4762/4515 4505/4751/4505 4504/4750/4504
f 4505/4751/4505 4515/4762/4515 4516/4763/4516
f 4516/4763/4516 4506/4752/4506 4505/4751/4505
f 4506/4752/4506 4516/4763/4516 4517/4764/4517
f 4517/4764/4517 4507/4753/4507 4506/4752/4506
f 4507/4753/4507 4517/4764/4517 4518/4765/4518
f 4518/4765/4518 4508/4754/4508 4507/4753/4507
f 4508/4754/4508 4518/4765/4518 4519/4766/4519
f 4519/4766/4519 4509/4755/4509 4508/4754/4508
f 4509/4755/4509 4519/4766/4519 4520/4767/4520
f 4520/4767/4520 4510/4756/4510 4509/4755/4509
f 4510/4756/4510 4520/4767/4520 4521/4768/4521
f 4521/4768/4521 4511/4757/4511 4510/4756/4510
f 4511/4757/4511 4521/4768/4521 4522/4769/4522
f 4522/4769/4522 4512/4758/4512 4511/4757/4511
f 4512/4758/4512 4522/4769/4522 4523/4770/4523
f 4523/4770/4523 4363/4599/4363 4512/4758/4512
f 4363/4599/4363 4523/4770/4523 4375/4611/4375
f 4098/4771/4098 4513/4760/4513 4085/4759/4085
f 4513/4760/4513 4098/4771/4098 4524/4772/4524
f 4524/4772/4524 4514/4761/4514 4513/4760/4513
f 4514/4761/4514 4524/4772/4524 4525/4773/4525
f 4525/4773/4525 4515/4762/4515 4514/4761/4514
f 4515/4762/4515 4525/4773/4525 4526/4774/4526
f 4526/4774/4526 4516/4763/4516 4515/4762/4515
f 4516/4763/4516 4526/4774/4526 4527/4775/4527
f 4527/4775/4527 4517/4764/4517 4516/4763/4516
f 4517/4764/4517 4527/4775/4527 4528/4776/4528
f 4528/4776/4528 4518/4765/4518 4517/4764/4517
f 4518/4765/4518 4528/4776/4528 4529/4777/4529
f 4529/4777/4529 4519/4766/4519 4518/4765/4518
f 4519/4766/4519 4529/4777/4529 4530/4778/4530
f 4530/4778/4530 4520/4767/4520 4519/4766/4519
f 4520/4767/4520 4530/4778/4530 4531/4779/4531
f 4531/4779/4531 4521/4768/4521 4520/4767/4520
f 4521/4768/4521 4531/4779/4531 4532/4780/4532
f 4532/4780/4532 4522/4769/4522 4521/4768/4521
f 4522/4769/4522 4532/4780/4532 4533/4781/4533
f 4533/4781/4533 4523/4770/4523 4522/4769/4522
f 4523/4770/4523 4533/4781/4533 4534/4782/4534
f 4534/4782/4534 4375/4611/4375 4523/4770/4523
f 4375/4611/4375 4534/4782/4534 4387/4623/4387
f 4111/4783/4111 4524/4772/4524 4098/4771/4098
f 4524/4772/4524 4111/4783/4111 4535/4784/4535
f 4535/4784/4535 4525/4773/4525 4524/4772/4524
f 4525/4773/4525 4535/4784/4535 4536/4785/4536
f 4536/4785/4536 4526/4774/4526 4525/4773/4525
f 4526/4774/4526 4536/4785/4536 4537/4786/4537
f 4537/4786/4537 4527/4775/4527 4526/4774/4526
f 4527/4775/4527 4537/4786/4537 4538/4787/4538
f 4538/4787/4538 4528/4776/4528 4527/4775/4527
f 4528/4776/4528 4538/4787/4538 4539/4788/4539
f 4539/4788/4539 4529/4777/4529 4528/4776/4528
f 4529/4777/4529 4539/4788/4539 4540/4789/4540
f 4540/4789/4540 4530/4778/4530 4529/4777/4529
f 4530/4778/4530 4540/4789/4540 4541/4790/4541
f 4541/4790/4541 4531/4779/4531 4530/4778/4530
f 4531/4779/4531 4541/4790/4541 4542/4791/4542
f 4542/4791/4542 4532/4780/4532 4531/4779/4531
f 4532/4780/4532 4542/4791/4542 4543/4792/4543
f 4543/4792/4543 4533/4781/4533 4532/4780/4532
f 4533/4781/4533 4543/4792/4543 4544/4793/4544
f 4544/4793/4544 4534/4782/4534 4533/4781/4533
f 4534/4782/4534 4544/4793/4544 4545/4794/4545
f 4545/4794/4545 4387/4623/4387 4534/4782/4534
f 4387/4623/4387 4545/4794/4545 4399/4635/4399
f 4124/4795/4124 4535/4784/4535 4111/4783/4111
f 4535/4784/4535 4124/4795/4124 4546/4796/4546
f 4546/4796/4546 4536/4785/4536 4535/4784/4535
f 4536/4785/4536 4546/4796/4546 4547/4797/4547
f 4547/4797/4547 4537/4786/4537 4536/4785/4536
f 4537/4786/4537 4547/4797/4547 4548/4798/4548
f 4548/4798/4548 4538/4787/4538 4537/4786/4537
f 4538/4787/4538 4548/4798/4548 4549/4799/4549
f 4549/4799/4549 4539/4788/4539 4538/4787/4538
f 4539/4788/4539 4549/4799/4549 4550/4800/4550
f 4550/4800/4550 4540/4789/4540 4539/4788/4539
f 4540/4789/4540 4550/4800/4550 4551/4801/4551
f 4551/4801/4551 4541/4790/4541 4540/4789/4540
f 4541/4790/4541 4551/4801/4551 4552/4802/4552
f 4552/4802/4552 4542/4791/4542 4541/4790/4541
f 4542/4791/4542 4552/4802/4552 4553/4803/4553
f 4553/4803/4553 4543/4792/4543 4542/4791/4542
f 4543/4792/4543 4553/4803/4553 4554/4804/4554
f 4554/4804/4554 4544/4793/4544 4543/4792/4543
f 4544/4793/4544 4554/4804/4554 4555/4805/4555
f 4555/4805/4555 4545/4794/4545 4544/4793/4544
f 4545/4794/4545 4555/4805/4555 4556/4806/4556
f 4556/4806/4556 4399/4635/4399 4545/4794/4545
f 4399/4635/4399 4556/4806/4556 4411/4647/4411
f 4137/4807/4137 4546/4796/4546 4124/4795/4124
f 4546/4796/4546 4137/4807/4137 4557/4808/4557
f 4557/4808/4557 4547/4797/4547 4546/4796/4546
f 4547/4797/4547 4557/4808/4557 4558/4809/4558
f 4558/4809/4558 4548/4798/4548 4547/4797/4547
f 4548/4798/4548 4558/4809/4558 4559/4810/4559
f 4559/4810/4559 4549/4799/4549 4548/4798/4548
f 4549/4799/4549 4559/4810/4559 4560/4811/4560
f 4560/4811/4560 4550/4800/4550 4549/4799/4549
f 4550/4800/4550 4560/4811/4560 4561/4812/4561
f 4561/4812/4561 4551/4801/4551 4550/4800/4550
f 4551/4801/4551 4561/4812/4561 4562/4813/4562
f 4562/4813/4562 4552/4802/4552 4551/4801/4551
f 4552/4802/4552 4562/4813/4562 4563/4814/4563
f 4563/4814/4563 4553/4803/4553 4552/4802/4552
f 4553/4803/4553 4563/4814/4563 4564/4815/4564
f 4564/4815/4564 4554/4804/4554 4553/4803/4553
f 4554/4804/4554 4564/4815/4564 4565/4816/4565
f 4565/4816/4565 4555/4805/4555 4554/4804/4554
f 4555/4805/4555 4565/4816/4565 4566/4817/4566
f 4566/4817/4566 4556/4806/4556 4555/4805/4555
f 4556/4806/4556 4566/4817/4566 4567/4818/4567
f 4567/4818/4567 4411/4647/4411 4556/4806/4556
f 4411/4647/4411 4567/4818/4567 4423/4659/4423
f 4150/4819/4150 4557/4808/4557 4137/4807/4137
f 4557/4808/4557 4150/4819/4150 4568/4820/4568
f 4568/4820/4568 4558/4809/4558 4557/4808/4557
f 4558/4809/4558 4568/4820/4568 4569/4821/4569
f 4569/4821/4569 4559/4810/4559 4558/4809/4558
f 4559/4810/4559 4569/4821/4569 4570/4822/4570
f 4570/4822/4570 4560/4811/4560 4559/4810/4559
f 4560/4811/4560 4570/4822/4570 4571/4823/4571
f 4571/4823/4571 4561/4812/4561 4560/4811/4560
f 4561/4812/4561 4571/4823/4571 4572/4824/4572
f 4572/4824/4572 4562/4813/4562 4561/4812/4561
f 4562/4813/4562 4572/4824/4572 4573/4825/4573
f 4573/4825/4573 4563/4814/4563 4562/4813/4562
f 4563/4814/4563 4573/4825/4573 4574/4826/4574
f 4574/4826/4574 4564/4815/4564 4563/4814/4563
f 4564/4815/4564 4574/4826/4574 4575/4827/4575
f 4575/4827/4575 4565/4816/4565 4564/4815/4564
f 4565/4816/4565 4575/4827/4575 4576/4828/4576
f 4576/4828/4576 4566/4817/4566 4565/4816/4565
f 4566/4817/4566 4576/4828/4576 4577/4829/4577
f 4577/4829/4577 4567/4818/4567 4566/4817/4566
f 4567/4818/4567 4577/4829/4577 4578/4830/4578
f 4578/4830/4578 4423/4659/4423 4567/4818/4567
f 4423/4659/4423 4578/4830/4578 4435/4671/4435
f 4163/4831/4163 4568/4820/4568 4150/4819/4150
f 4568/4820/4568 4163/4831/4163 4579/4832/4579
f 4579/4832/4579 4569/4821/4569 4568/4820/4568
f 4569/4821/4569 4579/4832/4579 4580/4833/4580
f 4580/4833/4580 4570/4822/4570 4569/4821/4569
f 4570/4822/4570 4580/4833/4580 4581/4834/4581
f 4581/4834/4581 4571/4823/4571 4570/4822/4570
f 4571/4823/4571 4581/4834/4581 4582/4835/4582
f 4582/4835/4582 4572/4824/4572 4571/4823/4571
f 4572/4824/4572 4582/4835/4582 4583/4836/4583
f 4583/4836/4583 4573/4825/4573 4572/4824/4572
f 4573/4825/4573 4583/4836/4583 4584/4837/4584
f 4584/4837/4584 4574/4826/4574 4573/4825/4573
f 4574/4826/4574 4584/4837/4584 4585/4838/4585
f 4585/4838/4585 4575/4827/4575 4574/4826/4574
f 4575/4827/4575 4585/4838/4585 4586/4839/4586
f 4586/4839/4586 4576/4828/4576 4575/4827/4575
f 4576/4828/4576 4586/4839/4586 4587/4840/4587
f 4587/4840/4587 4577/4829/4577 4576/4828/4576
f 4577/4829/4577 4587/4840/4587 4588/4841/4588
f 4588/4841/4588 4578/4830/4578 4577/4829/4577
f 4578/4830/4578 4588/4841/4588 4589/4842/4589
f 4589/4842/4589 4435/4671/4435 4578/4830/4578
f 4435/4671/4435 4589/4842/4589 4447/4683/4447
f 4176/4843/4176 4579/4832/4579 4163/4831/4163
f 4579/4832/4579 4176/4843/4176 4590/4844/4590
f 4590/4844/4590 4580/4833/4580 4579/4832/4579
f 4580/4833/4580 4590/4844/4590 4591/4845/4591
f 4591/4845/4591 4581/4834/4581 4580/4833/4580
f 4581/4834/4581 4591/4845/4591 4592/4846/4592
f 4592/4846/4592 4582/4835/4582 4581/4834/4581
f 4582/4835/4582 4592/4846/4592 4593/4847/4593
f 4593/4847/4593 4583/4836/4583 4582/4835/4582
f 4583/4836/4583 4593/4847/4593 4594/4848/4594
f 4594/4848/4594 4584/4837/4584 4583/4836/4583
f 4584/4837/4584 4594/4848/4594 4595/4849/4595
f 4595/4849/4595 4585/4838/4585 4584/4837/4584
f 4585/4838/4585 4595/4849/4595 4596/4850/4596
f 4596/4850/4596 4586/4839/4586 4585/4838/4585
f 4586/4839/4586 4596/4850/4596 4597/4851/4597
f 4597/4851/4597 4587/4840/4587 4586/4839/4586
f 4587/4840/4587 4597/4851/4597 4598/4852/4598
f 4598/4852/4598 4588/4841/4588 4587/4840/4587
f 4588/4841/4588 4598/4852/4598 4599/4853/4599
f 4599/4853/4599 4589/4842/4589 4588/4841/4588
f 4589/4842/4589 4599/4853/4599 4600/4854/4600
f 4600/4854/4600 4447/4683/4447 4589/4842/4589
f 4447/4683/4447 4600/4854/4600 4459/4695/4459
f 4028/4214/4028 872/4251/872 876/4855/876
f 4471/4716/4471 4028/4214/4028 876/4855/876
f 4471/4716/4471 876/4855/876 880/4856/880
f 884/4857/884 4471/4716/4471 880/4856/880
f 4471/4716/4471 884/4857/884 888/4858/888
f 4481/4726/4481 4471/4716/4471 888/4858/888
f 892/4859/892 4481/4726/4481 888/4858/888
f 4481/4726/4481 892/4859/892 896/4860/896
f 4492/4737/4492 4481/4726/4481 896/4860/896
f 4491/4736/4491 4492/4737/4492 896/4860/896
f 4491/4736/4491 896/4860/896 900/4861/900
f 4491/4736/4491 900/4861/900 904/4862/904
f 908/4863/908 4491/4736/4491 904/4862/904
f 912/4864/912 4491/4736/4491 908/4863/908
f 916/4865/916 4072/4747/4072 912/4864/912
f 4072/4747/4072 4502/4748/4502 912/4864/912
f 4502/4748/4502 4491/4736/4491 912/4864/912
f 4072/4747/4072 916/4865/916 704/4866/704
f 4177/4391/4177 4601/4867/4601 4176/4390/4176
f 4601/4867/4601 4177/4391/4177 4602/4868/4602
f 4178/4392/4178 4602/4868/4602 4177/4391/4177
f 4602/4868/4602 4178/4392/4178 4603/4869/4603
f 4179/4393/4179 4603/4869/4603 4178/4392/4178
f 4603/4869/4603 4179/4393/4179 4604/4870/4604
f 4180/4394/4180 4604/4870/4604 4179/4393/4179
f 4604/4870/4604 4180/4394/4180 4605/4871/4605
f 4181/4395/4181 4605/4871/4605 4180/4394/4180
f 4605/4871/4605 4181/4395/4181 4606/4872/4606
f 4182/4396/4182 4606/4872/4606 4181/4395/4181
f 4606/4872/4606 4182/4396/4182 4607/4873/4607
f 4183/4397/4183 4607/4873/4607 4182/4396/4182
f 4607/4873/4607 4183/4397/4183 4608/4874/4608
f 4184/4398/4184 4608/4874/4608 4183/4397/4183
f 4608/4874/4608 4184/4398/4184 4609/4875/4609
f 4185/4399/4185 4609/4875/4609 4184/4398/4184
f 4609/4875/4609 4185/4399/4185 4610/4876/4610
f 4186/4400/4186 4610/4876/4610 4185/4399/4185
f 4610/4876/4610 4186/4400/4186 4611/4877/4611
f 4187/4401/4187 4611/4877/4611 4186/4400/4186
f 4611/4877/4611 4187/4401/4187 4612/4878/4612
f 4188/4402/4188 4612/4878/4612 4187/4401/4187
f 4612/4878/4612 4188/4402/4188 4613/4879/4613
f 4602/4868/4602 4614/4880/4614 4601/4867/4601
f 4614/4880/4614 4602/4868/4602 4615/4881/4615
f 4603/4869/4603 4615/4881/4615 4602/4868/4602
f 4615/4881/4615 4603/4869/4603 4616/4882/4616
f 4604/4870/4604 4616/4882/4616 4603/4869/4603
f 4616/4882/4616 4604/4870/4604 4617/4883/4617
f 4605/4871/4605 4617/4883/4617 4604/4870/4604
f 4617/4883/4617 4605/4871/4605 4618/4884/4618
f 4606/4872/4606 4618/4884/4618 4605/4871/4605
f 4618/4884/4618 4606/4872/4606 4619/4885/4619
f 4607/4873/4607 4619/4885/4619 4606/4872/4606
f 4619/4885/4619 4607/4873/4607 4620/4886/4620
f 4608/4874/4608 4620/4886/4620 4607/4873/4607
f 4620/4886/4620 4608/4874/4608 4621/4887/4621
f 4609/4875/4609 4621/4887/4621 4608/4874/4608
f 4621/4887/4621 4609/4875/4609 4622/4888/4622
f 4610/4876/4610 4622/4888/4622 4609/4875/4609
f 4622/4888/4622 4610/4876/4610 4623/4889/4623
f 4611/4877/4611 4623/4889/4623 4610/4876/4610
f 4623/4889/4623 4611/4877/4611 4624/4890/4624
f 4612/4878/4612 4624/4890/4624 4611/4877/4611
f 4624/4890/4624 4612/4878/4612 4625/4891/4625
f 4613/4879/4613 4625/4891/4625 4612/4878/4612
f 4625/4891/4625 4613/4879/4613 4626/4892/4626
f 4615/4881/4615 4627/4893/4627 4614/4880/4614
f 4627/4893/4627 4615/4881/4615 4628/4894/4628
f 4616/4882/4616 4628/4894/4628 4615/4881/4615
f 4628/4894/4628 4616/4882/4616 4629/4895/4629
f 4617/4883/4617 4629/4895/4629 4616/4882/4616
f 4629/4895/4629 4617/4883/4617 4630/4896/4630
f 4618/4884/4618 4630/4896/4630 4617/4883/4617
f 4630/4896/4630 4618/4884/4618 4631/4897/4631
f 4619/4885/4619 4631/4897/4631 4618/4884/4618
f 4631/4897/4631 4619/4885/4619 4632/4898/4632
f 4620/4886/4620 4632/4898/4632 4619/4885/4619
f 4632/4898/4632 4620/4886/4620 4633/4899/4633
f 4621/4887/4621 4633/4899/4633 4620/4886/4620
f 4633/4899/4633 4621/4887/4621 4634/4900/4634
f 4622/4888/4622 4634/4900/4634 4621/4887/4621
f 4634/4900/4634 4622/4888/4622 4635/4901/4635
f 4623/4889/4623 4635/4901/4635 4622/4888/4622
f 4635/4901/4635 4623/4889/4623 4636/4902/4636
f 4624/4890/4624 4636/4902/4636 4623/4889/4623
f 4636/4902/4636 4624/4890/4624 4637/4903/4637
f 4625/4891/4625 4637/4903/4637 4624/4890/4624
f 4637/4903/4637 4625/4891/4625 4638/4904/4638
f 4626/4892/4626 4638/4904/4638 4625/4891/4625
f 4638/4904/4638 4626/4892/4626 4639/4905/4639
f 4628/4894/4628 4640/4906/4640 4627/4893/4627
f 4640/4906/4640 4628/4894/4628 4641/4907/4641
f 4629/4895/4629 4641/4907/4641 4628/4894/4628
f 4641/4907/4641 4629/4895/4629 4642/4908/4642
f 4630/4896/4630 4642/4908/4642 4629/4895/4629
f 4642/4908/4642 4630/4896/4630 4643/4909/4643
f 4631/4897/4631 4643/4909/4643 4630/4896/4630
f 4643/4909/4643 4631/4897/4631 4644/4910/4644
f 4632/4898/4632 4644/4910/4644 4631/4897/4631
f 4644/4910/4644 4632/4898/4632 4645/4911/4645
f 4633/4899/4633 4645/4911/4645 4632/4898/4632
f 4645/4911/4645 4633/4899/4633 4646/4912/4646
f 4634/4900/4634 4646/4912/4646 4633/4899/4633
f 4646/4912/4646 4634/4900/4634 4647/4913/4647
f 4635/4901/4635 4647/4913/4647 4634/4900/4634
f 4647/4913/4647 4635/4901/4635 4648/4914/4648
f 4636/4902/4636 4648/4914/4648 4635/4901/4635
f 4648/4914/4648 4636/4902/4636 4649/4915/4649
f 4637/4903/4637 4649/4915/4649 4636/4902/4636
f 4649/4915/4649 4637/4903/4637 4650/4916/4650
f 4638/4904/4638 4650/4916/4650 4637/4903/4637
f 4650/4916/4650 4638/4904/4638 4651/4917/4651
f 4639/4905/4639 4651/4917/4651 4638/4904/4638
f 4651/4917/4651 4639/4905/4639 4652/4918/4652
f 4641/4907/4641 4653/4919/4653 4640/4906/4640
f 4653/4919/4653 4641/4907/4641 4654/4920/4654
f 4642/4908/4642 4654/4920/4654 4641/4907/4641
f 4654/4920/4654 4642/4908/4642 4655/4921/4655
f 4643/4909/4643 4655/4921/4655 4642/4908/4642
f 4655/4921/4655 4643/4909/4643 4656/4922/4656
f 4644/4910/4644 4656/4922/4656 4643/4909/4643
f 4656/4922/4656 4644/4910/4644 4657/4923/4657
f 4645/4911/4645 4657/4923/4657 4644/4910/4644
f 4657/4923/4657 4645/4911/4645 4658/4924/4658
f 4646/4912/4646 4658/4924/4658 4645/4911/4645
f 4658/4924/4658 4646/4912/4646 4659/4925/4659
f 4647/4913/4647 4659/4925/4659 4646/4912/4646
f 4659/4925/4659 4647/4913/4647 4660/4926/4660
f 4648/4914/4648 4660/4926/4660 4647/4913/4647
f 4660/4926/4660 4648/4914/4648 4661/4927/4661
f 4649/4915/4649 4661/4927/4661 4648/4914/4648
f 4661/4927/4661 4649/4915/4649 4662/4928/4662
f 4650/4916/4650 4662/4928/4662 4649/4915/4649
f 4662/4928/4662 4650/4916/4650 4663/4929/4663
f 4651/4917/4651 4663/4929/4663 4650/4916/4650
f 4663/4929/4663 4651/4917/4651 4664/4930/4664
f 4652/4918/4652 4664/4930/4664 4651/4917/4651
f 4664/4930/4664 4652/4918/4652 4665/4931/4665
f 4654/4920/4654 4666/4932/4666 4653/4919/4653
f 4666/4932/4666 4654/4920/4654 4667/4933/4667
f 4655/4921/4655 4667/4933/4667 4654/4920/4654
f 4667/4933/4667 4655/4921/4655 4668/4934/4668
f 4656/4922/4656 4668/4934/4668 4655/4921/4655
f 4668/4934/4668 4656/4922/4656 4669/4935/4669
f 4657/4923/4657 4669/4935/4669 4656/4922/4656
f 4669/4935/4669 4657/4923/4657 4670/4936/4670
f 4658/4924/4658 4670/4936/4670 4657/4923/4657
f 4670/4936/4670 4658/4924/4658 4671/4937/4671
f 4659/4925/4659 4671/4937/4671 4658/4924/4658
f 4671/4937/4671 4659/4925/4659 4672/4938/4672
f 4660/4926/4660 4672/4938/4672 4659/4925/4659
f 4672/4938/4672 4660/4926/4660 4673/4939/4673
f 4661/4927/4661 4673/4939/4673 4660/4926/4660
f 4673/4939/4673 4661/4927/4661 4674/4940/4674
f 4662/4928/4662 4674/4940/4674 4661/4927/4661
f 4674/4940/4674 4662/4928/4662 4675/4941/4675
f 4663/4929/4663 4675/4941/4675 4662/4928/4662
f 4675/4941/4675 4663/4929/4663 4676/4942/4676
f 4664/4930/4664 4676/4942/4676 4663/4929/4663
f 4676/4942/4676 4664/4930/4664 4677/4943/4677
f 4665/4931/4665 4677/4943/4677 4664/4930/4664
f 4677/4943/4677 4665/4931/4665 4678/4944/4678
f 4667/4933/4667 4679/4945/4679 4666/4932/4666
f 4679/4945/4679 4667/4933/4667 4680/4946/4680
f 4668/4934/4668 4680/4946/4680 4667/4933/4667
f 4680/4946/4680 4668/4934/4668 4681/4947/4681
f 4669/4935/4669 4681/4947/4681 4668/4934/4668
f 4681/4947/4681 4669/4935/4669 4682/4948/4682
f 4670/4936/4670 4682/4948/4682 4669/4935/4669
f 4682/4948/4682 4670/4936/4670 4683/4949/4683
f 4671/4937/4671 4683/4949/4683 4670/4936/4670
f 4683/4949/4683 4671/4937/4671 4684/4950/4684
f 4672/4938/4672 4684/4950/4684 4671/4937/4671
f 4684/4950/4684 4672/4938/4672 4685/4951/4685
f 4673/4939/4673 4685/4951/4685 4672/4938/4672
f 4685/4951/4685 4673/4939/4673 4686/4952/4686
f 4674/4940/4674 4686/4952/4686 4673/4939/4673
f 4686/4952/4686 4674/4940/4674 4687/4953/4687
f 4675/4941/4675 4687/4953/4687 4674/4940/4674
f 4687/4953/4687 4675/4941/4675 4688/4954/4688
f 4676/4942/4676 4688/4954/4688 4675/4941/4675
f 4688/4954/4688 4676/4942/4676 4689/4955/4689
f 4677/4943/4677 4689/4955/4689 4676/4942/4676
f 4689/4955/4689 4677/4943/4677 4690/4956/4690
f 4678/4944/4678 4690/4956/4690 4677/4943/4677
f 4690/4956/4690 4678/4944/4678 4691/4957/4691
f 4680/4946/4680 4692/4958/4692 4679/4945/4679
f 4692/4958/4692 4680/4946/4680 4693/4959/4693
f 4681/4947/4681 4693/4959/4693 4680/4946/4680
f 4693/4959/4693 4681/4947/4681 4694/4960/4694
f 4682/4948/4682 4694/4960/4694 4681/4947/4681
f 4694/4960/4694 4682/4948/4682 4695/4961/4695
f 4683/4949/4683 4695/4961/4695 4682/4948/4682
f 4695/4961/4695 4683/4949/4683 4696/4962/4696
f 4684/4950/4684 4696/4962/4696 4683/4949/4683
f 4696/4962/4696 4684/4950/4684 4697/4963/4697
f 4685/4951/4685 4697/4963/4697 4684/4950/4684
f 4697/4963/4697 4685/4951/4685 4698/4964/4698
f 4686/4952/4686 4698/4964/4698 4685/4951/4685
f 4698/4964/4698 4686/4952/4686 4699/4965/4699
f 4687/4953/4687 4699/4965/4699 4686/4952/4686
f 4699/4965/4699 4687/4953/4687 4700/4966/4700
f 4688/4954/4688 4700/4966/4700 4687/4953/4687
f 4700/4966/4700 4688/4954/4688 4701/4967/4701
f 4689/4955/4689 4701/4967/4701 4688/4954/4688
f 4701/4967/4701 4689/4955/4689 4702/4968/4702
f 4690/4956/4690 4702/4968/4702 4689/4955/4689
f 4702/4968/4702 4690/4956/4690 4703/4969/4703
f 4691/4957/4691 4703/4969/4703 4690/4956/4690
f 4703/4969/4703 4691/4957/4691 4704/4970/4704
f 4693/4959/4693 4705/4971/4705 4692/4958/4692
f 4705/4971/4705 4693/4959/4693 4706/4972/4706
f 4694/4960/4694 4706/4972/4706 4693/4959/4693
f 4706/4972/4706 4694/4960/4694 4707/4973/4707
f 4695/4961/4695 4707/4973/4707 4694/4960/4694
f 4707/4973/4707 4695/4961/4695 4708/4974/4708
f 4696/4962/4696 4708/4974/4708 4695/4961/4695
f 4708/4974/4708 4696/4962/4696 4709/4975/4709
f 4697/4963/4697 4709/4975/4709 4696/4962/4696
f 4709/4975/4709 4697/4963/4697 4710/4976/4710
f 4698/4964/4698 4710/4976/4710 4697/4963/4697
f 4710/4976/4710 4698/4964/4698 4711/4977/4711
f 4699/4965/4699 4711/4977/4711 4698/4964/4698
f 4711/4977/4711 4699/4965/4699 4712/4978/4712
f 4700/4966/4700 4712/4978/4712 4699/4965/4699
f 4712/4978/4712 4700/4966/4700 4713/4979/4713
f 4701/4967/4701 4713/4979/4713 4700/4966/4700
f 4713/4979/4713 4701/4967/4701 4714/4980/4714
f 4702/4968/4702 4714/4980/4714 4701/4967/4701
f 4714/4980/4714 4702/4968/4702 4715/4981/4715
f 4703/4969/4703 4715/4981/4715 4702/4968/4702
f 4715/4981/4715 4703/4969/4703 4716/4982/4716
f 4704/4970/4704 4716/4982/4716 4703/4969/4703
f 4716/4982/4716 4704/4970/4704 4717/4983/4717
f 4706/4972/4706 4718/4984/4718 4705/4971/4705
f 4718/4984/4718 4706/4972/4706 4719/4985/4719
f 4707/4973/4707 4719/4985/4719 4706/4972/4706
f 4719/4985/4719 4707/4973/4707 4720/4986/4720
f 4708/4974/4708 4720/4986/4720 4707/4973/4707
f 4720/4986/4720 4708/4974/4708 4721/4987/4721
f 4709/4975/4709 4721/4987/4721 4708/4974/4708
f 4721/4987/4721 4709/4975/4709 4722/4988/4722
f 4710/4976/4710 4722/4988/4722 4709/4975/4709
f 4722/4988/4722 4710/4976/4710 4723/4989/4723
f 4711/4977/4711 4723/4989/4723 4710/4976/4710
f 4723/4989/4723 4711/4977/4711 4724/4990/4724
f 4712/4978/4712 4724/4990/4724 4711/4977/4711
f 4724/4990/4724 4712/4978/4712 4725/4991/4725
f 4713/4979/4713 4725/4991/4725 4712/4978/4712
f 4725/4991/4725 4713/4979/4713 4726/4992/4726
f 4714/4980/4714 4726/4992/4726 4713/4979/4713
f 4726/4992/4726 4714/4980/4714 4727/4993/4727
f 4715/4981/4715 4727/4993/4727 4714/4980/4714
f 4727/4993/4727 4715/4981/4715 4728/4994/4728
f 4716/4982/4716 4728/4994/4728 4715/4981/4715
f 4728/4994/4728 4716/4982/4716 4729/4995/4729
f 4717/4983/4717 4729/4995/4729 4716/4982/4716
f 4729/4995/4729 4717/4983/4717 4730/4996/4730
f 4719/4985/4719 4731/4997/4731 4718/4984/4718
f 4731/4997/4731 4719/4985/4719 4732/4998/4732
f 4720/4986/4720 4732/4998/4732 4719/4985/4719
f 4732/4998/4732 4720/4986/4720 4733/4999/4733
f 4721/4987/4721 4733/4999/4733 4720/4986/4720
f 4733/4999/4733 4721/4987/4721 4734/5000/4734
f 4722/4988/4722 4734/5000/4734 4721/4987/4721
f 4734/5000/4734 4722/4988/4722 4735/5001/4735
f 4723/4989/4723 4735/5001/4735 4722/4988/4722
f 4735/5001/4735 4723/4989/4723 4736/5002/4736
f 4724/4990/4724 4736/5002/4736 4723/4989/4723
f 4736/5002/4736 4724/4990/4724 4737/5003/4737
f 4725/4991/4725 4737/5003/4737 4724/4990/4724
f 4737/5003/4737 4725/4991/4725 4738/5004/4738
f 4726/4992/4726 4738/5004/4738 4725/4991/4725
f 4738/5004/4738 4726/4992/4726 4739/5005/4739
f 4727/4993/4727 4739/5005/4739 4726/4992/4726
f 4739/5005/4739 4727/4993/4727 4740/5006/4740
f 4728/4994/4728 4740/5006/4740 4727/4993/4727
f 4740/5006/4740 4728/4994/4728 4741/5007/4741
f 4729/4995/4729 4741/5007/4741 4728/4994/4728
f 4741/5007/4741 4729/4995/4729 4742/5008/4742
f 4730/4996/4730 4742/5008/4742 4729/4995/4729
f 4742/5008/4742 4730/4996/4730 4743/5009/4743
f 4732/4998/4732 4744/5010/4744 4731/4997/4731
f 4733/4999/4733 4744/5011/4744 4732/4998/4732
f 4734/5000/4734 4744/5012/4744 4733/4999/4733
f 4735/5001/4735 4744/5013/4744 4734/5000/4734
f 4736/5002/4736 4744/5014/4744 4735/5001/4735
f 4737/5003/4737 4744/5015/4744 4736/5002/4736
f 4738/5004/4738 4744/5016/4744 4737/5003/4737
f 4739/5005/4739 4744/5017/4744 4738/5004/4738
f 4740/5006/4740 4744/5018/4744 4739/5005/4739
f 4741/5007/4741 4744/5019/4744 4740/5006/4740
f 4742/5008/4742 4744/5020/4744 4741/5007/4741
f 4743/5009/4743 4744/5021/4744 4742/5008/4742
f 4317/4543/4317 4613/4879/4613 4188/4402/4188
f 4613/4879/4613 4317/4543/4317 4745/5022/4745
f 4318/4544/4318 4745/5022/4745 4317/4543/4317
f 4745/5022/4745 4318/4544/4318 4746/5023/4746
f 4319/4545/4319 4746/5023/4746 4318/4544/4318
f 4746/5023/4746 4319/4545/4319 4747/5024/4747
f 4320/4546/4320 4747/5024/4747 4319/4545/4319
f 4747/5024/4747 4320/4546/4320 4748/5025/4748
f 4321/4547/4321 4748/5025/4748 4320/4546/4320
f 4748/5025/4748 4321/4547/4321 4749/5026/4749
f 4322/4548/4322 4749/5026/4749 4321/4547/4321
f 4749/5026/4749 4322/4548/4322 4750/5027/4750
f 4323/4549/4323 4750/5027/4750 4322/4548/4322
f 4750/5027/4750 4323/4549/4323 4751/5028/4751
f 4324/4550/4324 4751/5028/4751 4323/4549/4323
f 4751/5028/4751 4324/4550/4324 4752/5029/4752
f 4325/4551/4325 4752/5029/4752 4324/4550/4324
f 4752/5029/4752 4325/4551/4325 4753/5030/4753
f 4326/4552/4326 4753/5030/4753 4325/4551/4325
f 4753/5030/4753 4326/4552/4326 4754/5031/4754
f 4327/4553/4327 4754/5031/4754 4326/4552/4326
f 4754/5031/4754 4327/4553/4327 4755/5032/4755
f 4328/4554/4328 4755/5032/4755 4327/4553/4327
f 4755/5032/4755 4328/4554/4328 4756/5033/4756
f 4745/5022/4745 4626/4892/4626 4613/4879/4613
f 4626/4892/4626 4745/5022/4745 4757/5034/4757
f 4746/5023/4746 4757/5034/4757 4745/5022/4745
f 4757/5034/4757 4746/5023/4746 4758/5035/4758
f 4747/5024/4747 4758/5035/4758 4746/5023/4746
f 4758/5035/4758 4747/5024/4747 4759/5036/4759
f 4748/5025/4748 4759/5036/4759 4747/5024/4747
f 4759/5036/4759 4748/5025/4748 4760/5037/4760
f 4749/5026/4749 4760/5037/4760 4748/5025/4748
f 4760/5037/4760 4749/5026/4749 4761/5038/4761
f 4750/5027/4750 4761/5038/4761 4749/5026/4749
f 4761/5038/4761 4750/5027/4750 4762/5039/4762
f 4751/5028/4751 4762/5039/4762 4750/5027/4750
f 4762/5039/4762 4751/5028/4751 4763/5040/4763
f 4752/5029/4752 4763/5040/4763 4751/5028/4751
f 4763/5040/4763 4752/5029/4752 4764/5041/4764
f 4753/5030/4753 4764/5041/4764 4752/5029/4752
f 4764/5041/4764 4753/5030/4753 4765/5042/4765
f 4754/5031/4754 4765/5042/4765 4753/5030/4753
f 4765/5042/4765 4754/5031/4754 4766/5043/4766
f 4755/5032/4755 4766/5043/4766 4754/5031/4754
f 4766/5043/4766 4755/5032/4755 4767/5044/4767
f 4756/5033/4756 4767/5044/4767 4755/5032/4755
f 4767/5044/4767 4756/5033/4756 4768/5045/4768
f 4757/5034/4757 4639/4905/4639 4626/4892/4626
f 4639/4905/4639 4757/5034/4757 4769/5046/4769
f 4758/5035/4758 4769/5046/4769 4757/5034/4757
f 4769/5046/4769 4758/5035/4758 4770/5047/4770
f 4759/5036/4759 4770/5047/4770 4758/5035/4758
f 4770/5047/4770 4759/5036/4759 4771/5048/4771
f 4760/5037/4760 4771/5048/4771 4759/5036/4759
f 4771/5048/4771 4760/5037/4760 4772/5049/4772
f 4761/5038/4761 4772/5049/4772 4760/5037/4760
f 4772/5049/4772 4761/5038/4761 4773/5050/4773
f 4762/5039/4762 4773/5050/4773 4761/5038/4761
f 4773/5050/4773 4762/5039/4762 4774/5051/4774
f 4763/5040/4763 4774/5051/4774 4762/5039/4762
f 4774/5051/4774 4763/5040/4763 4775/5052/4775
f 4764/5041/4764 4775/5052/4775 4763/5040/4763
f 4775/5052/4775 4764/5041/4764 4776/5053/4776
f 4765/5042/4765 4776/5053/4776 4764/5041/4764
f 4776/5053/4776 4765/5042/4765 4777/5054/4777
f 4766/5043/4766 4777/5054/4777 4765/5042/4765
f 4777/5054/4777 4766/5043/4766 4778/5055/4778
f 4767/5044/4767 4778/5055/4778 4766/5043/4766
f 4778/5055/4778 4767/5044/4767 4779/5056/4779
f 4768/5045/4768 4779/5056/4779 4767/5044/4767
f 4779/5056/4779 4768/5045/4768 4780/5057/4780
f 4769/5046/4769 4652/4918/4652 4639/4905/4639
f 4652/4918/4652 4769/5046/4769 4781/5058/4781
f 4770/5047/4770 4781/5058/4781 4769/5046/4769
f 4781/5058/4781 4770/5047/4770 4782/5059/4782
f 4771/5048/4771 4782/5059/4782 4770/5047/4770
f 4782/5059/4782 4771/5048/4771 4783/5060/4783
f 4772/5049/4772 4783/5060/4783 4771/5048/4771
f 4783/5060/4783 4772/5049/4772 4784/5061/4784
f 4773/5050/4773 4784/5061/4784 4772/5049/4772
f 4784/5061/4784 4773/5050/4773 4785/5062/4785
f 4774/5051/4774 4785/5062/4785 4773/5050/4773
f 4785/5062/4785 4774/5051/4774 4786/5063/4786
f 4775/5052/4775 4786/5063/4786 4774/5051/4774
f 4786/5063/4786 4775/5052/4775 4787/5064/4787
f 4776/5053/4776 4787/5064/4787 4775/5052/4775
f 4787/5064/4787 4776/5053/4776 4788/5065/4788
f 4777/5054/4777 4788/5065/4788 4776/5053/4776
f 4788/5065/4788 4777/5054/4777 4789/5066/4789
f 4778/5055/4778 4789/5066/4789 4777/5054/4777
f 4789/5066/4789 4778/5055/4778 4790/5067/4790
f 4779/5056/4779 4790/5067/4790 4778/5055/4778
f 4790/5067/4790 4779/5056/4779 4791/5068/4791
f 4780/5057/4780 4791/5068/4791 4779/5056/4779
f 4791/5068/4791 4780/5057/4780 4792/5069/4792
f 4781/5058/4781 4665/4931/4665 4652/4918/4652
f 4665/4931/4665 4781/5058/4781 4793/5070/4793
f 4782/5059/4782 4793/5070/4793 4781/5058/4781
f 4793/5070/4793 4782/5059/4782 4794/5071/4794
f 4783/5060/4783 4794/5071/4794 4782/5059/4782
f 4794/5071/4794 4783/5060/4783 4795/5072/4795
f 4784/5061/4784 4795/5072/4795 4783/5060/4783
f 4795/5072/4795 4784/5061/4784 4796/5073/4796
f 4785/5062/4785 4796/5073/4796 4784/5061/4784
f 4796/5073/4796 4785/5062/4785 4797/5074/4797
f 4786/5063/4786 4797/5074/4797 4785/5062/4785
f 4797/5074/4797 4786/5063/4786 4798/5075/4798
f 4787/5064/4787 4798/5075/4798 4786/5063/4786
f 4798/5075/4798 4787/5064/4787 4799/5076/4799
f 4788/5065/4788 4799/5076/4799 4787/5064/4787
f 4799/5076/4799 4788/5065/4788 4800/5077/4800
f 4789/5066/4789 4800/5077/4800 4788/5065/4788
f 4800/5077/4800 4789/5066/4789 4801/5078/4801
f 4790/5067/4790 4801/5078/4801 4789/5066/4789
f 4801/5078/4801 4790/5067/4790 4802/5079/4802
f 4791/5068/4791 4802/5079/4802 4790/5067/4790
f 4802/5079/4802 4791/5068/4791 4803/5080/4803
f 4792/5069/4792 4803/5080/4803 4791/5068/4791
f 4803/5080/4803 4792/5069/4792 4804/5081/4804
f 4793/5070/4793 4678/4944/4678 4665/4931/4665
f 4678/4944/4678 4793/5070/4793 4805/5082/4805
f 4794/5071/4794 4805/5082/4805 4793/5070/4793
f 4805/5082/4805 4794/5071/4794 4806/5083/4806
f 4795/5072/4795 4806/5083/4806 4794/5071/4794
f 4806/5083/4806 4795/5072/4795 4807/5084/4807
f 4796/5073/4796 4807/5084/4807 4795/5072/4795
f 4807/5084/4807 4796/5073/4796 4808/5085/4808
f 4797/5074/4797 4808/5085/4808 4796/5073/4796
f 4808/5085/4808 4797/5074/4797 4809/5086/4809
f 4798/5075/4798 4809/5086/4809 4797/5074/4797
f 4809/5086/4809 4798/5075/4798 4810/5087/4810
f 4799/5076/4799 4810/5087/4810 4798/5075/4798
f 4810/5087/4810 4799/5076/4799 4811/5088/4811
f 4800/5077/4800 4811/5088/4811 4799/5076/4799
f 4811/5088/4811 4800/5077/4800 4812/5089/4812
f 4801/5078/4801 4812/5089/4812 4800/5077/4800
f 4812/5089/4812 4801/5078/4801 4813/5090/4813
f 4802/5079/4802 4813/5090/4813 4801/5078/4801
f 4813/5090/4813 4802/5079/4802 4814/5091/4814
f 4803/5080/4803 4814/5091/4814 4802/5079/4802
f 4814/5091/4814 4803/5080/4803 4815/5092/4815
f 4804/5081/4804 4815/5092/4815 4803/5080/4803
f 4815/5092/4815 4804/5081/4804 4816/5093/4816
f 4805/5082/4805 4691/4957/4691 4678/4944/4678
f 4691/4957/4691 4805/5082/4805 4817/5094/4817
f 4806/5083/4806 4817/5094/4817 4805/5082/4805
f 4817/5094/4817 4806/5083/4806 4818/5095/4818
f 4807/5084/4807 4818/5095/4818 4806/5083/4806
f 4818/5095/4818 4807/5084/4807 4819/5096/4819
f 4808/5085/4808 4819/5096/4819 4807/5084/4807
f 4819/5096/4819 4808/5085/4808 4820/5097/4820
f 4809/5086/4809 4820/5097/4820 4808/5085/4808
f 4820/5097/4820 4809/5086/4809 4821/5098/4821
f 4810/5087/4810 4821/5098/4821 4809/5086/4809
f 4821/5098/4821 4810/5087/4810 4822/5099/4822
f 4811/5088/4811 4822/5099/4822 4810/5087/4810
f 4822/5099/4822 4811/5088/4811 4823/5100/4823
f 4812/5089/4812 4823/5100/4823 4811/5088/4811
f 4823/5100/4823 4812/5089/4812 4824/5101/4824
f 4813/5090/4813 4824/5101/4824 4812/5089/4812
f 4824/5101/4824 4813/5090/4813 4825/5102/4825
f 4814/5091/4814 4825/5102/4825 4813/5090/4813
f 4825/5102/4825 4814/5091/4814 4826/5103/4826
f 4815/5092/4815 4826/5103/4826 4814/5091/4814
f 4826/5103/4826 4815/5092/4815 4827/5104/4827
f 4816/5093/4816 4827/5104/4827 4815/5092/4815
f 4827/5104/4827 4816/5093/4816 4828/5105/4828
f 4817/5094/4817 4704/4970/4704 4691/4957/4691
f 4704/4970/4704 4817/5094/4817 4829/5106/4829
f 4818/5095/4818 4829/5106/4829 4817/5094/4817
f 4829/5106/4829 4818/5095/4818 4830/5107/4830
f 4819/5096/4819 4830/5107/4830 4818/5095/4818
f 4830/5107/4830 4819/5096/4819 4831/5108/4831
f 4820/5097/4820 4831/5108/4831 4819/5096/4819
f 4831/5108/4831 4820/5097/4820 4832/5109/4832
f 4821/5098/4821 4832/5109/4832 4820/5097/4820
f 4832/5109/4832 4821/5098/4821 4833/5110/4833
f 4822/5099/4822 4833/5110/4833 4821/5098/4821
f 4833/5110/4833 4822/5099/4822 4834/5111/4834
f 4823/5100/4823 4834/5111/4834 4822/5099/4822
f 4834/5111/4834 4823/5100/4823 4835/5112/4835
f 4824/5101/4824 4835/5112/4835 4823/5100/4823
f 4835/5112/4835 4824/5101/4824 4836/5113/4836
f 4825/5102/4825 4836/5113/4836 4824/5101/4824
f 4836/5113/4836 4825/5102/4825 4837/5114/4837
f 4826/5103/4826 4837/5114/4837 4825/5102/4825
f 4837/5114/4837 4826/5103/4826 4838/5115/4838
f 4827/5104/4827 4838/5115/4838 4826/5103/4826
f 4838/5115/4838 4827/5104/4827 4839/5116/4839
f 4828/5105/4828 4839/5116/4839 4827/5104/4827
f 4839/5116/4839 4828/5105/4828 4840/5117/4840
f 4829/5106/4829 4717/4983/4717 4704/4970/4704
f 4717/4983/4717 4829/5106/4829 4841/5118/4841
f 4830/5107/4830 4841/5118/4841 4829/5106/4829
f 4841/5118/4841 4830/5107/4830 4842/5119/4842
f 4831/5108/4831 4842/5119/4842 4830/5107/4830
f 4842/5119/4842 4831/5108/4831 4843/5120/4843
f 4832/5109/4832 4843/5120/4843 4831/5108/4831
f 4843/5120/4843 4832/5109/4832 4844/5121/4844
f 4833/5110/4833 4844/5121/4844 4832/5109/4832
f 4844/5121/4844 4833/5110/4833 4845/5122/4845
f 4834/5111/4834 4845/5122/4845 4833/5110/4833
f 4845/5122/4845 4834/5111/4834 4846/5123/4846
f 4835/5112/4835 4846/5123/4846 4834/5111/4834
f 4846/5123/4846 4835/5112/4835 4847/5124/4847
f 4836/5113/4836 4847/5124/4847 4835/5112/4835
f 4847/5124/4847 4836/5113/4836 4848/5125/4848
f 4837/5114/4837 4848/5125/4848 4836/5113/4836
f 4848/5125/4848 4837/5114/4837 4849/5126/4849
f 4838/5115/4838 4849/5126/4849 4837/5114/4837
f 4849/5126/4849 4838/5115/4838 4850/5127/4850
f 4839/5116/4839 4850/5127/4850 4838/5115/4838
f 4850/5127/4850 4839/5116/4839 4851/5128/4851
f 4840/5117/4840 4851/5128/4851 4839/5116/4839
f 4851/5128/4851 4840/5117/4840 4852/5129/4852
f 4841/5118/4841 4730/4996/4730 4717/4983/4717
f 4730/4996/4730 4841/5118/4841 4853/5130/4853
f 4842/5119/4842 4853/5130/4853 4841/5118/4841
f 4853/5130/4853 4842/5119/4842 4854/5131/4854
f 4843/5120/4843 4854/5131/4854 4842/5119/4842
f 4854/5131/4854 4843/5120/4843 4855/5132/4855
f 4844/5121/4844 4855/5132/4855 4843/5120/4843
f 4855/5132/4855 4844/5121/4844 4856/5133/4856
f 4845/5122/4845 4856/5133/4856 4844/5121/4844
f 4856/5133/4856 4845/5122/4845 4857/5134/4857
f 4846/5123/4846 4857/5134/4857 4845/5122/4845
f 4857/5134/4857 4846/5123/4846 4858/5135/4858
f 4847/5124/4847 4858/5135/4858 4846/5123/4846
f 4858/5135/4858 4847/5124/4847 4859/5136/4859
f 4848/5125/4848 4859/5136/4859 4847/5124/4847
f 4859/5136/4859 4848/5125/4848 4860/5137/4860
f 4849/5126/4849 4860/5137/4860 4848/5125/4848
f 4860/5137/4860 4849/5126/4849 4861/5138/4861
f 4850/5127/4850 4861/5138/4861 4849/5126/4849
f 4861/5138/4861 4850/5127/4850 4862/5139/4862
f 4851/5128/4851 4862/5139/4862 4850/5127/4850
f 4862/5139/4862 4851/5128/4851 4863/5140/4863
f 4852/5129/4852 4863/5140/4863 4851/5128/4851
f 4863/5140/4863 4852/5129/4852 4864/5141/4864
f 4853/5130/4853 4743/5009/4743 4730/4996/4730
f 4743/5009/4743 4853/5130/4853 4865/5142/4865
f 4854/5131/4854 4865/5142/4865 4853/5130/4853
f 4865/5142/4865 4854/5131/4854 4866/5143/4866
f 4855/5132/4855 4866/5143/4866 4854/5131/4854
f 4866/5143/4866 4855/5132/4855 4867/5144/4867
f 4856/5133/4856 4867/5144/4867 4855/5132/4855
f 4867/5144/4867 4856/5133/4856 4868/5145/4868
f 4857/5134/4857 4868/5145/4868 4856/5133/4856
f 4868/5145/4868 4857/5134/4857 4869/5146/4869
f 4858/5135/4858 4869/5146/4869 4857/5134/4857
f 4869/5146/4869 4858/5135/4858 4870/5147/4870
f 4859/5136/4859 4870/5147/4870 4858/5135/4858
f 4870/5147/4870 4859/5136/4859 4871/5148/4871
f 4860/5137/4860 4871/5148/4871 4859/5136/4859
f 4871/5148/4871 4860/5137/4860 4872/5149/4872
f 4861/5138/4861 4872/5149/4872 4860/5137/4860
f 4872/5149/4872 4861/5138/4861 4873/5150/4873
f 4862/5139/4862 4873/5150/4873 4861/5138/4861
f 4873/5150/4873 4862/5139/4862 4874/5151/4874
f 4863/5140/4863 4874/5151/4874 4862/5139/4862
f 4874/5151/4874 4863/5140/4863 4875/5152/4875
f 4864/5141/4864 4875/5152/4875 4863/5140/4863
f 4875/5152/4875 4864/5141/4864 4876/5153/4876
f 4865/5142/4865 4744/5154/4744 4743/5009/4743
f 4866/5143/4866 4744/5155/4744 4865/5142/4865
f 4867/5144/4867 4744/5156/4744 4866/5143/4866
f 4868/5145/4868 4744/5157/4744 4867/5144/4867
f 4869/5146/4869 4744/5158/4744 4868/5145/4868
f 4870/5147/4870 4744/5159/4744 4869/5146/4869
f 4871/5148/4871 4744/5160/4744 4870/5147/4870
f 4872/5149/4872 4744/5161/4744 4871/5148/4871
f 4873/5150/4873 4744/5162/4744 4872/5149/4872
f 4874/5151/4874 4744/5163/4744 4873/5150/4873
f 4875/5152/4875 4744/5164/4744 4874/5151/4874
f 4876/5153/4876 4744/5165/4744 4875/5152/4875
f 4877/5166/4877 4460/4696/4460 4459/4695/4459
f 4460/4696/4460 4877/5166/4877 4878/5167/4878
f 4878/5167/4878 4461/4697/4461 4460/4696/4460
f 4461/4697/4461 4878/5167/4878 4879/5168/4879
f 4879/5168/4879 4462/4698/4462 4461/4697/4461
f 4462/4698/4462 4879/5168/4879 4880/5169/4880
f 4880/5169/4880 4463/4699/4463 4462/4698/4462
f 4463/4699/4463 4880/5169/4880 4881/5170/4881
f 4881/5170/4881 4464/4700/4464 4463/4699/4463
f 4464/4700/4464 4881/5170/4881 4882/5171/4882
f 4882/5171/4882 4465/4701/4465 4464/4700/4464
f 4465/4701/4465 4882/5171/4882 4883/5172/4883
f 4883/5172/4883 4466/4702/4466 4465/4701/4465
f 4466/4702/4466 4883/5172/4883 4884/5173/4884
f 4884/5173/4884 4467/4703/4467 4466/4702/4466
f 4467/4703/4467 4884/5173/4884 4885/5174/4885
f 4885/5174/4885 4468/4704/4468 4467/4703/4467
f 4468/4704/4468 4885/5174/4885 4886/5175/4886
f 4886/5175/4886 4469/4705/4469 4468/4704/4468
f 4469/4705/4469 4886/5175/4886 4887/5176/4887
f 4887/5176/4887 4470/4706/4470 4469/4705/4469
f 4470/4706/4470 4887/5176/4887 4888/5177/4888
f 4888/5177/4888 4328/4554/4328 4470/4706/4470
f 4328/4554/4328 4888/5177/4888 4756/5033/4756
f 4889/5178/4889 4878/5167/4878 4877/5166/4877
f 4878/5167/4878 4889/5178/4889 4890/5179/4890
f 4890/5179/4890 4879/5168/4879 4878/5167/4878
f 4879/5168/4879 4890/5179/4890 4891/5180/4891
f 4891/5180/4891 4880/5169/4880 4879/5168/4879
f 4880/5169/4880 4891/5180/4891 4892/5181/4892
f 4892/5181/4892 4881/5170/4881 4880/5169/4880
f 4881/5170/4881 4892/5181/4892 4893/5182/4893
f 4893/5182/4893 4882/5171/4882 4881/5170/4881
f 4882/5171/4882 4893/5182/4893 4894/5183/4894
f 4894/5183/4894 4883/5172/4883 4882/5171/4882
f 4883/5172/4883 4894/5183/4894 4895/5184/4895
f 4895/5184/4895 4884/5173/4884 4883/5172/4883
f 4884/5173/4884 4895/5184/4895 4896/5185/4896
f 4896/5185/4896 4885/5174/4885 4884/5173/4884
f 4885/5174/4885 4896/5185/4896 4897/5186/4897
f 4897/5186/4897 4886/5175/4886 4885/5174/4885
f 4886/5175/4886 4897/5186/4897 4898/5187/4898
f 4898/5187/4898 4887/5176/4887 4886/5175/4886
f 4887/5176/4887 4898/5187/4898 4899/5188/4899
f 4899/5188/4899 4888/5177/4888 4887/5176/4887
f 4888/5177/4888 4899/5188/4899 4900/5189/4900
f 4900/5189/4900 4756/5033/4756 4888/5177/4888
f 4756/5033/4756 4900/5189/4900 4768/5045/4768
f 4901/5190/4901 4890/5179/4890 4889/5178/4889
f 4890/5179/4890 4901/5190/4901 4902/5191/4902
f 4902/5191/4902 4891/5180/4891 4890/5179/4890
f 4891/5180/4891 4902/5191/4902 4903/5192/4903
f 4903/5192/4903 4892/5181/4892 4891/5180/4891
f 4892/5181/4892 4903/5192/4903 4904/5193/4904
f 4904/5193/4904 4893/5182/4893 4892/5181/4892
f 4893/5182/4893 4904/5193/4904 4905/5194/4905
f 4905/5194/4905 4894/5183/4894 4893/5182/4893
f 4894/5183/4894 4905/5194/4905 4906/5195/4906
f 4906/5195/4906 4895/5184/4895 4894/5183/4894
f 4895/5184/4895 4906/5195/4906 4907/5196/4907
f 4907/5196/4907 4896/5185/4896 4895/5184/4895
f 4896/5185/4896 4907/5196/4907 4908/5197/4908
f 4908/5197/4908 4897/5186/4897 4896/5185/4896
f 4897/5186/4897 4908/5197/4908 4909/5198/4909
f 4909/5198/4909 4898/5187/4898 4897/5186/4897
f 4898/5187/4898 4909/5198/4909 4910/5199/4910
f 4910/5199/4910 4899/5188/4899 4898/5187/4898
f 4899/5188/4899 4910/5199/4910 4911/5200/4911
f 4911/5200/4911 4900/5189/4900 4899/5188/4899
f 4900/5189/4900 4911/5200/4911 4912/5201/4912
f 4912/5201/4912 4768/5045/4768 4900/5189/4900
f 4768/5045/4768 4912/5201/4912 4780/5057/4780
f 4913/5202/4913 4902/5191/4902 4901/5190/4901
f 4902/5191/4902 4913/5202/4913 4914/5203/4914
f 4914/5203/4914 4903/5192/4903 4902/5191/4902
f 4903/5192/4903 4914/5203/4914 4915/5204/4915
f 4915/5204/4915 4904/5193/4904 4903/5192/4903
f 4904/5193/4904 4915/5204/4915 4916/5205/4916
f 4916/5205/4916 4905/5194/4905 4904/5193/4904
f 4905/5194/4905 4916/5205/4916 4917/5206/4917
f 4917/5206/4917 4906/5195/4906 4905/5194/4905
f 4906/5195/4906 4917/5206/4917 4918/5207/4918
f 4918/5207/4918 4907/5196/4907 4906/5195/4906
f 4907/5196/4907 4918/5207/4918 4919/5208/4919
f 4919/5208/4919 4908/5197/4908 4907/5196/4907
f 4908/5197/4908 4919/5208/4919 4920/5209/4920
f 4920/5209/4920 4909/5198/4909 4908/5197/4908
f 4909/5198/4909 4920/5209/4920 4921/5210/4921
f 4921/5210/4921 4910/5199/4910 4909/5198/4909
f 4910/5199/4910 4921/5210/4921 4922/5211/4922
f 4922/5211/4922 4911/5200/4911 4910/5199/4910
f 4911/5200/4911 4922/5211/4922 4923/5212/4923
f 4923/5212/4923 4912/5201/4912 4911/5200/4911
f 4912/5201/4912 4923/5212/4923 4924/5213/4924
f 4924/5213/4924 4780/5057/4780 4912/5201/4912
f 4780/5057/4780 4924/5213/4924 4792/5069/4792
f 4925/5214/4925 4914/5203/4914 4913/5202/4913
f 4914/5203/4914 4925/5214/4925 4926/5215/4926
f 4926/5215/4926 4915/5204/4915 4914/5203/4914
f 4915/5204/4915 4926/5215/4926 4927/5216/4927
f 4927/5216/4927 4916/5205/4916 4915/5204/4915
f 4916/5205/4916 4927/5216/4927 4928/5217/4928
f 4928/5217/4928 4917/5206/4917 4916/5205/4916
f 4917/5206/4917 4928/5217/4928 4929/5218/4929
f 4929/5218/4929 4918/5207/4918 4917/5206/4917
f 4918/5207/4918 4929/5218/4929 4930/5219/4930
f 4930/5219/4930 4919/5208/4919 4918/5207/4918
f 4919/5208/4919 4930/5219/4930 4931/5220/4931
f 4931/5220/4931 4920/5209/4920 4919/5208/4919
f 4920/5209/4920 4931/5220/4931 4932/5221/4932
f 4932/5221/4932 4921/5210/4921 4920/5209/4920
f 4921/5210/4921 4932/5221/4932 4933/5222/4933
f 4933/5222/4933 4922/5211/4922 4921/5210/4921
f 4922/5211/4922 4933/5222/4933 4934/5223/4934
f 4934/5223/4934 4923/5212/4923 4922/5211/4922
f 4923/5212/4923 4934/5223/4934 4935/5224/4935
f 4935/5224/4935 4924/5213/4924 4923/5212/4923
f 4924/5213/4924 4935/5224/4935 4936/5225/4936
f 4936/5225/4936 4792/5069/4792 4924/5213/4924
f 4792/5069/4792 4936/5225/4936 4804/5081/4804
f 4937/5226/4937 4926/5215/4926 4925/5214/4925
f 4926/5215/4926 4937/5226/4937 4938/5227/4938
f 4938/5227/4938 4927/5216/4927 4926/5215/4926
f 4927/5216/4927 4938/5227/4938 4939/5228/4939
f 4939/5228/4939 4928/5217/4928 4927/5216/4927
f 4928/5217/4928 4939/5228/4939 4940/5229/4940
f 4940/5229/4940 4929/5218/4929 4928/5217/4928
f 4929/5218/4929 4940/5229/4940 4941/5230/4941
f 4941/5230/4941 4930/5219/4930 4929/5218/4929
f 4930/5219/4930 4941/5230/4941 4942/5231/4942
f 4942/5231/4942 4931/5220/4931 4930/5219/4930
f 4931/5220/4931 4942/5231/4942 4943/5232/4943
f 4943/5232/4943 4932/5221/4932 4931/5220/4931
f 4932/5221/4932 4943/5232/4943 4944/5233/4944
f 4944/5233/4944 4933/5222/4933 4932/5221/4932
f 4933/5222/4933 4944/5233/4944 4945/5234/4945
f 4945/5234/4945 4934/5223/4934 4933/5222/4933
f 4934/5223/4934 4945/5234/4945 4946/5235/4946
f 4946/5235/4946 4935/5224/4935 4934/5223/4934
f 4935/5224/4935 4946/5235/4946 4947/5236/4947
f 4947/5236/4947 4936/5225/4936 4935/5224/4935
f 4936/5225/4936 4947/5236/4947 4948/5237/4948
f 4948/5237/4948 4804/5081/4804 4936/5225/4936
f 4804/5081/4804 4948/5237/4948 4816/5093/4816
f 4949/5238/4949 4938/5227/4938 4937/5226/4937
f 4938/5227/4938 4949/5238/4949 4950/5239/4950
f 4950/5239/4950 4939/5228/4939 4938/5227/4938
f 4939/5228/4939 4950/5239/4950 4951/5240/4951
f 4951/5240/4951 4940/5229/4940 4939/5228/4939
f 4940/5229/4940 4951/5240/4951 4952/5241/4952
f 4952/5241/4952 4941/5230/4941 4940/5229/4940
f 4941/5230/4941 4952/5241/4952 4953/5242/4953
f 4953/5242/4953 4942/5231/4942 4941/5230/4941
f 4942/5231/4942 4953/5242/4953 4954/5243/4954
f 4954/5243/4954 4943/5232/4943 4942/5231/4942
f 4943/5232/4943 4954/5243/4954 4955/5244/4955
f 4955/5244/4955 4944/5233/4944 4943/5232/4943
f 4944/5233/4944 4955/5244/4955 4956/5245/4956
f 4956/5245/4956 4945/5234/4945 4944/5233/4944
f 4945/5234/4945 4956/5245/4956 4957/5246/4957
f 4957/5246/4957 4946/5235/4946 4945/5234/4945
f 4946/5235/4946 4957/5246/4957 4958/5247/4958
f 4958/5247/4958 4947/5236/4947 4946/5235/4946
f 4947/5236/4947 4958/5247/4958 4959/5248/4959
f 4959/5248/4959 4948/5237/4948 4947/5236/4947
f 4948/5237/4948 4959/5248/4959 4960/5249/4960
f 4960/5249/4960 4816/5093/4816 4948/5237/4948
f 4816/5093/4816 4960/5249/4960 4828/5105/4828
f 4961/5250/4961 4950/5239/4950 4949/5238/4949
f 4950/5239/4950 4961/5250/4961 4962/5251/4962
f 4962/5251/4962 4951/5240/4951 4950/5239/4950
f 4951/5240/4951 4962/5251/4962 4963/5252/4963
f 4963/5252/4963 4952/5241/4952 4951/5240/4951
f 4952/5241/4952 4963/5252/4963 4964/5253/4964
f 4964/5253/4964 4953/5242/4953 4952/5241/4952
f 4953/5242/4953 4964/5253/4964 4965/5254/4965
f 4965/5254/4965 4954/5243/4954 4953/5242/4953
f 4954/5243/4954 4965/5254/4965 4966/5255/4966
f 4966/5255/4966 4955/5244/4955 4954/5243/4954
f 4955/5244/4955 4966/5255/4966 4967/5256/4967
f 4967/5256/4967 4956/5245/4956 4955/5244/4955
f 4956/5245/4956 4967/5256/4967 4968/5257/4968
f 4968/5257/4968 4957/5246/4957 4956/5245/4956
f 4957/5246/4957 4968/5257/4968 4969/5258/4969
f 4969/5258/4969 4958/5247/4958 4957/5246/4957
f 4958/5247/4958 4969/5258/4969 4970/5259/4970
f 4970/5259/4970 4959/5248/4959 4958/5247/4958
f 4959/5248/4959 4970/5259/4970 4971/5260/4971
f 4971/5260/4971 4960/5249/4960 4959/5248/4959
f 4960/5249/4960 4971/5260/4971 4972/5261/4972
f 4972/5261/4972 4828/5105/4828 4960/5249/4960
f 4828/5105/4828 4972/5261/4972 4840/5117/4840
f 4973/5262/4973 4962/5251/4962 4961/5250/4961
f 4962/5251/4962 4973/5262/4973 4974/5263/4974
f 4974/5263/4974 4963/5252/4963 4962/5251/4962
f 4963/5252/4963 4974/5263/4974 4975/5264/4975
f 4975/5264/4975 4964/5253/4964 4963/5252/4963
f 4964/5253/4964 4975/5264/4975 4976/5265/4976
f 4976/5265/4976 4965/5254/4965 4964/5253/4964
f 4965/5254/4965 4976/5265/4976 4977/5266/4977
f 4977/5266/4977 4966/5255/4966 4965/5254/4965
f 4966/5255/4966 4977/5266/4977 4978/5267/4978
f 4978/5267/4978 4967/5256/4967 4966/5255/4966
f 4967/5256/4967 4978/5267/4978 4979/5268/4979
f 4979/5268/4979 4968/5257/4968 4967/5256/4967
f 4968/5257/4968 4979/5268/4979 4980/5269/4980
f 4980/5269/4980 4969/5258/4969 4968/5257/4968
f 4969/5258/4969 4980/5269/4980 4981/5270/4981
f 4981/5270/4981 4970/5259/4970 4969/5258/4969
f 4970/5259/4970 4981/5270/4981 4982/5271/4982
f 4982/5271/4982 4971/5260/4971 4970/5259/4970
f 4971/5260/4971 4982/5271/4982 4983/5272/4983
f 4983/5272/4983 4972/5261/4972 4971/5260/4971
f 4972/5261/4972 4983/5272/4983 4984/5273/4984
f 4984/5273/4984 4840/5117/4840 4972/5261/4972
f 4840/5117/4840 4984/5273/4984 4852/5129/4852
f 4985/5274/4985 4974/5263/4974 4973/5262/4973
f 4974/5263/4974 4985/5274/4985 4986/5275/4986
f 4986/5275/4986 4975/5264/4975 4974/5263/4974
f 4975/5264/4975 4986/5275/4986 4987/5276/4987
f 4987/5276/4987 4976/5265/4976 4975/5264/4975
f 4976/5265/4976 4987/5276/4987 4988/5277/4988
f 4988/5277/4988 4977/5266/4977 4976/5265/4976
f 4977/5266/4977 4988/5277/4988 4989/5278/4989
f 4989/5278/4989 4978/5267/4978 4977/5266/4977
f 4978/5267/4978 4989/5278/4989 4990/5279/4990
f 4990/5279/4990 4979/5268/4979 4978/5267/4978
f 4979/5268/4979 4990/5279/4990 4991/5280/4991
f 4991/5280/4991 4980/5269/4980 4979/5268/4979
f 4980/5269/4980 4991/5280/4991 4992/5281/4992
f 4992/5281/4992 4981/5270/4981 4980/5269/4980
f 4981/5270/4981 4992/5281/4992 4993/5282/4993
f 4993/5282/4993 4982/5271/4982 4981/5270/4981
f 4982/5271/4982 4993/5282/4993 4994/5283/4994
f 4994/5283/4994 4983/5272/4983 4982/5271/4982
f 4983/5272/4983 4994/5283/4994 4995/5284/4995
f 4995/5284/4995 4984/5273/4984 4983/5272/4983
f 4984/5273/4984 4995/5284/4995 4996/5285/4996
f 4996/5285/4996 4852/5129/4852 4984/5273/4984
f 4852/5129/4852 4996/5285/4996 4864/5141/4864
f 4997/5286/4997 4986/5275/4986 4985/5274/4985
f 4986/5275/4986 4997/5286/4997 4998/5287/4998
f 4998/5287/4998 4987/5276/4987 4986/5275/4986
f 4987/5276/4987 4998/5287/4998 4999/5288/4999
f 4999/5288/4999 4988/5277/4988 4987/5276/4987
f 4988/5277/4988 4999/5288/4999 5000/5289/5000
f 5000/5289/5000 4989/5278/4989 4988/5277/4988
f 4989/5278/4989 5000/5289/5000 5001/5290/5001
f 5001/5290/5001 4990/5279/4990 4989/5278/4989
f 4990/5279/4990 5001/5290/5001 5002/5291/5002
f 5002/5291/5002 4991/5280/4991 4990/5279/4990
f 4991/5280/4991 5002/5291/5002 5003/5292/5003
f 5003/5292/5003 4992/5281/4992 4991/5280/4991
f 4992/5281/4992 5003/5292/5003 5004/5293/5004
f 5004/5293/5004 4993/5282/4993 4992/5281/4992
f 4993/5282/4993 5004/5293/5004 5005/5294/5005
f 5005/5294/5005 4994/5283/4994 4993/5282/4993
f 4994/5283/4994 5005/5294/5005 5006/5295/5006
f 5006/5295/5006 4995/5284/4995 4994/5283/4994
f 4995/5284/4995 5006/5295/5006 5007/5296/5007
f 5007/5296/5007 4996/5285/4996 4995/5284/4995
f 4996/5285/4996 5007/5296/5007 5008/5297/5008
f 5008/5297/5008 4864/5141/4864 4996/5285/4996
f 4864/5141/4864 5008/5297/5008 4876/5153/4876
f 4997/5286/4997 4744/5298/4744 4998/5287/4998
f 4998/5287/4998 4744/5299/4744 4999/5288/4999
f 4999/5288/4999 4744/5300/4744 5000/5289/5000
f 5000/5289/5000 4744/5301/4744 5001/5290/5001
f 5001/5290/5001 4744/5302/4744 5002/5291/5002
f 5002/5291/5002 4744/5303/4744 5003/5292/5003
f 5003/5292/5003 4744/5304/4744 5004/5293/5004
f 5004/5293/5004 4744/5305/4744 5005/5294/5005
f 5005/5294/5005 4744/5306/4744 5006/5295/5006
f 5006/5295/5006 4744/5307/4744 5007/5296/5007
f 5007/5296/5007 4744/5308/4744 5008/5297/5008
f 5008/5297/5008 4744/5309/4744 4876/5153/4876
f 4601/5310/4601 4590/4844/4590 4176/4843/4176
f 4590/4844/4590 4601/5310/4601 5009/5311/5009
f 5009/5311/5009 4591/4845/4591 4590/4844/4590
f 4591/4845/4591 5009/5311/5009 5010/5312/5010
f 5010/5312/5010 4592/4846/4592 4591/4845/4591
f 4592/4846/4592 5010/5312/5010 5011/5313/5011
f 5011/5313/5011 4593/4847/4593 4592/4846/4592
f 4593/4847/4593 5011/5313/5011 5012/5314/5012
f 5012/5314/5012 4594/4848/4594 4593/4847/4593
f 4594/4848/4594 5012/5314/5012 5013/5315/5013
f 5013/5315/5013 4595/4849/4595 4594/4848/4594
f 4595/4849/4595 5013/5315/5013 5014/5316/5014
f 5014/5316/5014 4596/4850/4596 4595/4849/4595
f 4596/4850/4596 5014/5316/5014 5015/5317/5015
f 5015/5317/5015 4597/4851/4597 4596/4850/4596
f 4597/4851/4597 5015/5317/5015 5016/5318/5016
f 5016/5318/5016 4598/4852/4598 4597/4851/4597
f 4598/4852/4598 5016/5318/5016 5017/5319/5017
f 5017/5319/5017 4599/4853/4599 4598/4852/4598
f 4599/4853/4599 5017/5319/5017 5018/5320/5018
f 5018/5320/5018 4600/4854/4600 4599/4853/4599
f 4600/4854/4600 5018/5320/5018 5019/5321/5019
f 5019/5321/5019 4459/4695/4459 4600/4854/4600
f 4459/4695/4459 5019/5321/5019 4877/5166/4877
f 4614/5322/4614 5009/5311/5009 4601/5310/4601
f 5009/5311/5009 4614/5322/4614 5020/5323/5020
f 5020/5323/5020 5010/5312/5010 5009/5311/5009
f 5010/5312/5010 5020/5323/5020 5021/5324/5021
f 5021/5324/5021 5011/5313/5011 5010/5312/5010
f 5011/5313/5011 5021/5324/5021 5022/5325/5022
f 5022/5325/5022 5012/5314/5012 5011/5313/5011
f 5012/5314/5012 5022/5325/5022 5023/5326/5023
f 5023/5326/5023 5013/5315/5013 5012/5314/5012
f 5013/5315/5013 5023/5326/5023 5024/5327/5024
f 5024/5327/5024 5014/5316/5014 5013/5315/5013
f 5014/5316/5014 5024/5327/5024 5025/5328/5025
f 5025/5328/5025 5015/5317/5015 5014/5316/5014
f 5015/5317/5015 5025/5328/5025 5026/5329/5026
f 5026/5329/5026 5016/5318/5016 5015/5317/5015
f 5016/5318/5016 5026/5329/5026 5027/5330/5027
f 5027/5330/5027 5017/5319/5017 5016/5318/5016
f 5017/5319/5017 5027/5330/5027 5028/5331/5028
f 5028/5331/5028 5018/5320/5018 5017/5319/5017
f 5018/5320/5018 5028/5331/5028 5029/5332/5029
f 5029/5332/5029 5019/5321/5019 5018/5320/5018
f 5019/5321/5019 5029/5332/5029 5030/5333/5030
f 5030/5333/5030 4877/5166/4877 5019/5321/5019
f 4877/5166/4877 5030/5333/5030 4889/5178/4889
f 4627/5334/4627 5020/5323/5020 4614/5322/4614
f 5020/5323/5020 4627/5334/4627 5031/5335/5031
f 5031/5335/5031 5021/5324/5021 5020/5323/5020
f 5021/5324/5021 5031/5335/5031 5032/5336/5032
f 5032/5336/5032 5022/5325/5022 5021/5324/5021
f 5022/5325/5022 5032/5336/5032 5033/5337/5033
f 5033/5337/5033 5023/5326/5023 5022/5325/5022
f 5023/5326/5023 5033/5337/5033 5034/5338/5034
f 5034/5338/5034 5024/5327/5024 5023/5326/5023
f 5024/5327/5024 5034/5338/5034 5035/5339/5035
f 5035/5339/5035 5025/5328/5025 5024/5327/5024
f 5025/5328/5025 5035/5339/5035 5036/5340/5036
f 5036/5340/5036 5026/5329/5026 5025/5328/5025
f 5026/5329/5026 5036/5340/5036 5037/5341/5037
f 5037/5341/5037 5027/5330/5027 5026/5329/5026
f 5027/5330/5027 5037/5341/5037 5038/5342/5038
f 5038/5342/5038 5028/5331/5028 5027/5330/5027
f 5028/5331/5028 5038/5342/5038 5039/5343/5039
f 5039/5343/5039 5029/5332/5029 5028/5331/5028
f 5029/5332/5029 5039/5343/5039 5040/5344/5040
f 5040/5344/5040 5030/5333/5030 5029/5332/5029
f 5030/5333/5030 5040/5344/5040 5041/5345/5041
f 5041/5345/5041 4889/5178/4889 5030/5333/5030
f 4889/5178/4889 5041/5345/5041 4901/5190/4901
f 4640/5346/4640 5031/5335/5031 4627/5334/4627
f 5031/5335/5031 4640/5346/4640 5042/5347/5042
f 5042/5347/5042 5032/5336/5032 5031/5335/5031
f 5032/5336/5032 5042/5347/5042 5043/5348/5043
f 5043/5348/5043 5033/5337/5033 5032/5336/5032
f 5033/5337/5033 5043/5348/5043 5044/5349/5044
f 5044/5349/5044 5034/5338/5034 5033/5337/5033
f 5034/5338/5034 5044/5349/5044 5045/5350/5045
f 5045/5350/5045 5035/5339/5035 5034/5338/5034
f 5035/5339/5035 5045/5350/5045 5046/5351/5046
f 5046/5351/5046 5036/5340/5036 5035/5339/5035
f 5036/5340/5036 5046/5351/5046 5047/5352/5047
f 5047/5352/5047 5037/5341/5037 5036/5340/5036
f 5037/5341/5037 5047/5352/5047 5048/5353/5048
f 5048/5353/5048 5038/5342/5038 5037/5341/5037
f 5038/5342/5038 5048/5353/5048 5049/5354/5049
f 5049/5354/5049 5039/5343/5039 5038/5342/5038
f 5039/5343/5039 5049/5354/5049 5050/5355/5050
f 5050/5355/5050 5040/5344/5040 5039/5343/5039
f 5040/5344/5040 5050/5355/5050 5051/5356/5051
f 5051/5356/5051 5041/5345/5041 5040/5344/5040
f 5041/5345/5041 5051/5356/5051 5052/5357/5052
f 5052/5357/5052 4901/5190/4901 5041/5345/5041
f 4901/5190/4901 5052/5357/5052 4913/5202/4913
f 4653/5358/4653 5042/5347/5042 4640/5346/4640
f 5042/5347/5042 4653/5358/4653 5053/5359/5053
f 5053/5359/5053 5043/5348/5043 5042/5347/5042
f 5043/5348/5043 5053/5359/5053 5054/5360/5054
f 5054/5360/5054 5044/5349/5044 5043/5348/5043
f 5044/5349/5044 5054/5360/5054 5055/5361/5055
f 5055/5361/5055 5045/5350/5045 5044/5349/5044
f 5045/5350/5045 5055/5361/5055 5056/5362/5056
f 5056/5362/5056 5046/5351/5046 5045/5350/5045
f 5046/5351/5046 5056/5362/5056 5057/5363/5057
f 5057/5363/5057 5047/5352/5047 5046/5351/5046
f 5047/5352/5047 5057/5363/5057 5058/5364/5058
f 5058/5364/5058 5048/5353/5048 5047/5352/5047
f 5048/5353/5048 5058/5364/5058 5059/5365/5059
f 5059/5365/5059 5049/5354/5049 5048/5353/5048
f 5049/5354/5049 5059/5365/5059 5060/5366/5060
f 5060/5366/5060 5050/5355/5050 5049/5354/5049
f 5050/5355/5050 5060/5366/5060 5061/5367/5061
f 5061/5367/5061 5051/5356/5051 5050/5355/5050
f 5051/5356/5051 5061/5367/5061 5062/5368/5062
f 5062/5368/5062 5052/5357/5052 5051/5356/5051
f 5052/5357/5052 5062/5368/5062 5063/5369/5063
f 5063/5369/5063 4913/5202/4913 5052/5357/5052
f 4913/5202/4913 5063/5369/5063 4925/5214/4925
f 4666/5370/4666 5053/5359/5053 4653/5358/4653
f 5053/5359/5053 4666/5370/4666 5064/5371/5064
f 5064/5371/5064 5054/5360/5054 5053/5359/5053
f 5054/5360/5054 5064/5371/5064 5065/5372/5065
f 5065/5372/5065 5055/5361/5055 5054/5360/5054
f 5055/5361/5055 5065/5372/5065 5066/5373/5066
f 5066/5373/5066 5056/5362/5056 5055/5361/5055
f 5056/5362/5056 5066/5373/5066 5067/5374/5067
f 5067/5374/5067 5057/5363/5057 5056/5362/5056
f 5057/5363/5057 5067/5374/5067 5068/5375/5068
f 5068/5375/5068 5058/5364/5058 5057/5363/5057
f 5058/5364/5058 5068/5375/5068 5069/5376/5069
f 5069/5376/5069 5059/5365/5059 5058/5364/5058
f 5059/5365/5059 5069/5376/5069 5070/5377/5070
f 5070/5377/5070 5060/5366/5060 5059/5365/5059
f 5060/5366/5060 5070/5377/5070 5071/5378/5071
f 5071/5378/5071 5061/5367/5061 5060/5366/5060
f 5061/5367/5061 5071/5378/5071 5072/5379/5072
f 5072/5379/5072 5062/5368/5062 5061/5367/5061
f 5062/5368/5062 5072/5379/5072 5073/5380/5073
f 5073/5380/5073 5063/5369/5063 5062/5368/5062
f 5063/5369/5063 5073/5380/5073 5074/5381/5074
f 5074/5381/5074 4925/5214/4925 5063/5369/5063
f 4925/5214/4925 5074/5381/5074 4937/5226/4937
f 4679/5382/4679 5064/5371/5064 4666/5370/4666
f 5064/5371/5064 4679/5382/4679 5075/5383/5075
f 5075/5383/5075 5065/5372/5065 5064/5371/5064
f 5065/5372/5065 5075/5383/5075 5076/5384/5076
f 5076/5384/5076 5066/5373/5066 5065/5372/5065
f 5066/5373/5066 5076/5384/5076 5077/5385/5077
f 5077/5385/5077 5067/5374/5067 5066/5373/5066
f 5067/5374/5067 5077/5385/5077 5078/5386/5078
f 5078/5386/5078 5068/5375/5068 5067/5374/5067
f 5068/5375/5068 5078/5386/5078 5079/5387/5079
f 5079/5387/5079 5069/5376/5069 5068/5375/5068
f 5069/5376/5069 5079/5387/5079 5080/5388/5080
f 5080/5388/5080 5070/5377/5070 5069/5376/5069
f 5070/5377/5070 5080/5388/5080 5081/5389/5081
f 5081/5389/5081 5071/5378/5071 5070/5377/5070
f 5071/5378/5071 5081/5389/5081 5082/5390/5082
f 5082/5390/5082 5072/5379/5072 5071/5378/5071
f 5072/5379/5072 5082/5390/5082 5083/5391/5083
f 5083/5391/5083 5073/5380/5073 5072/5379/5072
f 5073/5380/5073 5083/5391/5083 5084/5392/5084
f 5084/5392/5084 5074/5381/5074 5073/5380/5073
f 5074/5381/5074 5084/5392/5084 5085/5393/5085
f 5085/5393/5085 4937/5226/4937 5074/5381/5074
f 4937/5226/4937 5085/5393/5085 4949/5238/4949
f 4692/5394/4692 5075/5383/5075 4679/5382/4679
f 5075/5383/5075 4692/5394/4692 5086/5395/5086
f 5086/5395/5086 5076/5384/5076 5075/5383/5075
f 5076/5384/5076 5086/5395/5086 5087/5396/5087
f 5087/5396/5087 5077/5385/5077 5076/5384/5076
f 5077/5385/5077 5087/5396/5087 5088/5397/5088
f 5088/5397/5088 5078/5386/5078 5077/5385/5077
f 5078/5386/5078 5088/5397/5088 5089/5398/5089
f 5089/5398/5089 5079/5387/5079 5078/5386/5078
f 5079/5387/5079 5089/5398/5089 5090/5399/5090
f 5090/5399/5090 5080/5388/5080 5079/5387/5079
f 5080/5388/5080 5090/5399/5090 5091/5400/5091
f 5091/5400/5091 5081/5389/5081 5080/5388/5080
f 5081/5389/5081 5091/5400/5091 5092/5401/5092
f 5092/5401/5092 5082/5390/5082 5081/5389/5081
f 5082/5390/5082 5092/5401/5092 5093/5402/5093
f 5093/5402/5093 5083/5391/5083 5082/5390/5082
f 5083/5391/5083 5093/5402/5093 5094/5403/5094
f 5094/5403/5094 5084/5392/5084 5083/5391/5083
f 5084/5392/5084 5094/5403/5094 5095/5404/5095
f 5095/5404/5095 5085/5393/5085 5084/5392/5084
f 5085/5393/5085 5095/5404/5095 5096/5405/5096
f 5096/5405/5096 4949/5238/4949 5085/5393/5085
f 4949/5238/4949 5096/5405/5096 4961/5250/4961
f 4705/5406/4705 5086/5395/5086 4692/5394/4692
f 5086/5395/5086 4705/5406/4705 5097/5407/5097
f 5097/5407/5097 5087/5396/5087 5086/5395/5086
f 5087/5396/5087 5097/5407/5097 5098/5408/5098
f 5098/5408/5098 5088/5397/5088 5087/5396/5087
f 5088/5397/5088 5098/5408/5098 5099/5409/5099
f 5099/5409/5099 5089/5398/5089 5088/5397/5088
f 5089/5398/5089 5099/5409/5099 5100/5410/5100
f 5100/5410/5100 5090/5399/5090 5089/5398/5089
f 5090/5399/5090 5100/5410/5100 5101/5411/5101
f 5101/5411/5101 5091/5400/5091 5090/5399/5090
f 5091/5400/5091 5101/5411/5101 5102/5412/5102
f 5102/5412/5102 5092/5401/5092 5091/5400/5091
f 5092/5401/5092 5102/5412/5102 5103/5413/5103
f 5103/5413/5103 5093/5402/5093 5092/5401/5092
f 5093/5402/5093 5103/5413/5103 5104/5414/5104
f 5104/5414/5104 5094/5403/5094 5093/5402/5093
f 5094/5403/5094 5104/5414/5104 5105/5415/5105
f 5105/5415/5105 5095/5404/5095 5094/5403/5094
f 5095/5404/5095 5105/5415/5105 5106/5416/5106
f 5106/5416/5106 5096/5405/5096 5095/5404/5095
f 5096/5405/5096 5106/5416/5106 5107/5417/5107
f 5107/5417/5107 4961/5250/4961 5096/5405/5096
f 4961/5250/4961 5107/5417/5107 4973/5262/4973
f 4718/5418/4718 5097/5407/5097 4705/5406/4705
f 5097/5407/5097 4718/5418/4718 5108/5419/5108
f 5108/5419/5108 5098/5408/5098 5097/5407/5097
f 5098/5408/5098 5108/5419/5108 5109/5420/5109
f 5109/5420/5109 5099/5409/5099 5098/5408/5098
f 5099/5409/5099 5109/5420/5109 5110/5421/5110
f 5110/5421/5110 5100/5410/5100 5099/5409/5099
f 5100/5410/5100 5110/5421/5110 5111/5422/5111
f 5111/5422/5111 5101/5411/5101 5100/5410/5100
f 5101/5411/5101 5111/5422/5111 5112/5423/5112
f 5112/5423/5112 5102/5412/5102 5101/5411/5101
f 5102/5412/5102 5112/5423/5112 5113/5424/5113
f 5113/5424/5113 5103/5413/5103 5102/5412/5102
f 5103/5413/5103 5113/5424/5113 5114/5425/5114
f 5114/5425/5114 5104/5414/5104 5103/5413/5103
f 5104/5414/5104 5114/5425/5114 5115/5426/5115
f 5115/5426/5115 5105/5415/5105 5104/5414/5104
f 5105/5415/5105 5115/5426/5115 5116/5427/5116
f 5116/5427/5116 5106/5416/5106 5105/5415/5105
f 5106/5416/5106 5116/5427/5116 5117/5428/5117
f 5117/5428/5117 5107/5417/5107 5106/5416/5106
f 5107/5417/5107 5117/5428/5117 5118/5429/5118
f 5118/5429/5118 4973/5262/4973 5107/5417/5107
f 4973/5262/4973 5118/5429/5118 4985/5274/4985
f 4731/5430/4731 5108/5419/5108 4718/5418/4718
f 5108/5419/5108 4731/5430/4731 5119/5431/5119
f 5119/5431/5119 5109/5420/5109 5108/5419/5108
f 5109/5420/5109 5119/5431/5119 5120/5432/5120
f 5120/5432/5120 5110/5421/5110 5109/5420/5109
f 5110/5421/5110 5120/5432/5120 5121/5433/5121
f 5121/5433/5121 5111/5422/5111 5110/5421/5110
f 5111/5422/5111 5121/5433/5121 5122/5434/5122
f 5122/5434/5122 5112/5423/5112 5111/5422/5111
f 5112/5423/5112 5122/5434/5122 5123/5435/5123
f 5123/5435/5123 5113/5424/5113 5112/5423/5112
f 5113/5424/5113 5123/5435/5123 5124/5436/5124
f 5124/5436/5124 5114/5425/5114 5113/5424/5113
f 5114/5425/5114 5124/5436/5124 5125/5437/5125
f 5125/5437/5125 5115/5426/5115 5114/5425/5114
f 5115/5426/5115 5125/5437/5125 5126/5438/5126
f 5126/5438/5126 5116/5427/5116 5115/5426/5115
f 5116/5427/5116 5126/5438/5126 5127/5439/5127
f 5127/5439/5127 5117/5428/5117 5116/5427/5116
f 5117/5428/5117 5127/5439/5127 5128/5440/5128
f 5128/5440/5128 5118/5429/5118 5117/5428/5117
f 5118/5429/5118 5128/5440/5128 5129/5441/5129
f 5129/5441/5129 4985/5274/4985 5118/5429/5118
f 4985/5274/4985 5129/5441/5129 4997/5286/4997
f 4731/5430/4731 4744/5442/4744 5119/5431/5119
f 5119/5431/5119 4744/5443/4744 5120/5432/5120
f 5120/5432/5120 4744/5444/4744 5121/5433/5121
f 5121/5433/5121 4744/5445/4744 5122/5434/5122
f 5122/5434/5122 4744/5446/4744 5123/5435/5123
f 5123/5435/5123 4744/5447/4744 5124/5436/5124
f 5124/5436/5124 4744/5448/4744 5125/5437/5125
f 5125/5437/5125 4744/5449/4744 5126/5438/5126
f 5126/5438/5126 4744/5450/4744 5127/5439/5127
f 5127/5439/5127 4744/5451/4744 5128/5440/5128
f 5128/5440/5128 4744/5452/4744 5129/5441/5129
f 5129/5441/5129 4744/5453/4744 4997/5286/4997
